# timestamp[secs] tx ty tz qx qy qz qw
1541975545.305596 0.579357 1.448253 0.982087 0.119545 -0.313178 0.926296 -0.172059
1541975545.310606 0.579814 1.448214 0.982043 0.119757 -0.313408 0.925993 -0.173119
1541975545.315608 0.580311 1.448118 0.98194 0.119398 -0.312882 0.926112 -0.173683
1541975545.320608 0.580774 1.448082 0.981896 0.119674 -0.313517 0.925775 -0.174146
1541975545.325608 0.581198 1.447948 0.981832 0.12016 -0.312919 0.925781 -0.174851
1541975545.330597 0.581687 1.44786 0.981785 0.119948 -0.31216 0.925766 -0.176427
1541975545.335581 0.582203 1.447825 0.981764 0.119878 -0.311688 0.925752 -0.177376
1541975545.340567 0.582621 1.447692 0.981683 0.119906 -0.311726 0.925588 -0.178147
1541975545.34555 0.583064 1.447633 0.981697 0.120443 -0.311338 0.925614 -0.178327
1541975545.35053 0.583462 1.447629 0.98173 0.121149 -0.312157 0.925092 -0.179124
1541975545.355519 0.583871 1.447589 0.981748 0.121514 -0.312247 0.924887 -0.179779
1541975545.360518 0.58428 1.447552 0.981737 0.121465 -0.312921 0.924479 -0.180736
1541975545.365519 0.58464 1.447447 0.981746 0.121744 -0.312523 0.9245 -0.18113
1541975545.370517 0.585033 1.447357 0.981771 0.122052 -0.311909 0.924544 -0.181754
1541975545.375523 0.585366 1.447282 0.981783 0.122526 -0.311287 0.924656 -0.181932
1541975545.380531 0.585647 1.447267 0.98185 0.1231 -0.311797 0.924315 -0.182404
1541975545.385544 0.585948 1.447227 0.981889 0.12307 -0.311516 0.924357 -0.182692
1541975545.390556 0.586231 1.447181 0.981899 0.123218 -0.311373 0.92434 -0.182918
1541975545.395575 0.586505 1.44708 0.981889 0.122956 -0.310655 0.924621 -0.182898
1541975545.400591 0.58676 1.447064 0.981912 0.123034 -0.310809 0.924454 -0.183425
1541975545.405604 0.586969 1.446955 0.981899 0.123056 -0.309761 0.924812 -0.183382
1541975545.41062 0.587124 1.446812 0.981853 0.123368 -0.308921 0.925064 -0.183319
1541975545.415631 0.587299 1.446788 0.981856 0.123426 -0.309057 0.925022 -0.183262
1541975545.420639 0.587415 1.446691 0.981839 0.123663 -0.308025 0.925421 -0.182821
1541975545.425651 0.587538 1.446675 0.981818 0.123855 -0.308543 0.92524 -0.182734
1541975545.430656 0.587702 1.446677 0.981774 0.123697 -0.308575 0.925204 -0.182969
1541975545.435652 0.587795 1.446591 0.981716 0.123668 -0.308055 0.925412 -0.182816
1541975545.440638 0.587924 1.446599 0.98166 0.12383 -0.30843 0.925222 -0.183031
1541975545.445621 0.588024 1.446529 0.98158 0.123809 -0.308192 0.925298 -0.183064
1541975545.450602 0.588094 1.446486 0.981507 0.123902 -0.308267 0.925285 -0.182944
1541975545.455583 0.588162 1.446465 0.981436 0.124339 -0.308489 0.925162 -0.182894
1541975545.46057 0.588219 1.446434 0.981357 0.12445 -0.308872 0.925049 -0.182743
1541975545.465562 0.58825 1.446363 0.981271 0.124647 -0.308671 0.925118 -0.182598
1541975545.470554 0.588266 1.4463 0.981182 0.125081 -0.308686 0.925107 -0.18233
1541975545.475548 0.588309 1.446287 0.981072 0.125149 -0.309003 0.925017 -0.182206
1541975545.480545 0.58833 1.446261 0.980954 0.125322 -0.309006 0.925083 -0.181744
1541975545.485544 0.588333 1.446239 0.980815 0.125481 -0.309412 0.924977 -0.181483
1541975545.490551 0.588336 1.446154 0.980631 0.125483 -0.309344 0.924977 -0.1816
1541975545.495557 0.588326 1.445997 0.980429 0.125216 -0.308819 0.92517 -0.18169
1541975545.500562 0.588293 1.445944 0.980256 0.12541 -0.309287 0.924985 -0.181703
1541975545.505571 0.588241 1.44582 0.980054 0.125345 -0.308823 0.925206 -0.181411
1541975545.510587 0.588178 1.445726 0.979817 0.125352 -0.308906 0.925218 -0.181207
1541975545.515598 0.587972 1.445386 0.979553 0.125705 -0.307219 0.92606 -0.179519
1541975545.520615 0.587865 1.445282 0.979332 0.125822 -0.307507 0.926064 -0.178922
1541975545.525623 0.587737 1.445116 0.979012 0.125683 -0.30763 0.926174 -0.178237
1541975545.530625 0.587597 1.444881 0.978666 0.125554 -0.307103 0.926418 -0.177971
1541975545.535621 0.587455 1.444668 0.978276 0.125393 -0.307146 0.92652 -0.177478
1541975545.540615 0.587291 1.444416 0.977871 0.125242 -0.307367 0.926576 -0.176912
1541975545.545604 0.587082 1.444173 0.977448 0.125364 -0.308131 0.926449 -0.176159
1541975545.550589 0.586944 1.443898 0.976984 0.124867 -0.308141 0.92662 -0.175594
1541975545.555575 0.586769 1.443559 0.976488 0.124801 -0.308373 0.926588 -0.175402
1541975545.560569 0.586599 1.443204 0.975927 0.124477 -0.308604 0.926654 -0.174875
1541975545.56556 0.58642 1.442802 0.975308 0.123916 -0.309233 0.926598 -0.17446
1541975545.570551 0.586205 1.442336 0.974707 0.12369 -0.308769 0.926891 -0.173883
1541975545.575543 0.586004 1.441898 0.974052 0.123191 -0.309833 0.926674 -0.173499
1541975545.58054 0.585791 1.441368 0.973343 0.122439 -0.309635 0.926944 -0.172943
1541975545.585543 0.585542 1.440821 0.972639 0.121761 -0.310472 0.926843 -0.172461
1541975545.590546 0.585298 1.440171 0.97187 0.120885 -0.310346 0.927071 -0.172081
1541975545.595552 0.585041 1.439565 0.971159 0.120789 -0.311383 0.926894 -0.171227
1541975545.600564 0.584782 1.438831 0.970334 0.119455 -0.311539 0.92701 -0.171249
1541975545.605577 0.584485 1.438146 0.969559 0.118773 -0.312983 0.926738 -0.170561
1541975545.610586 0.584246 1.437326 0.968735 0.117654 -0.312096 0.927297 -0.169922
1541975545.615594 0.583897 1.436619 0.967893 0.117146 -0.314968 0.926508 -0.169277
1541975545.620602 0.583576 1.43566 0.967064 0.116091 -0.313071 0.927387 -0.168712
1541975545.625609 0.583266 1.434837 0.966152 0.114974 -0.315109 0.926961 -0.16802
1541975545.630612 0.582872 1.433925 0.96532 0.113821 -0.316051 0.926879 -0.167489
1541975545.635609 0.582571 1.432887 0.964444 0.112589 -0.315102 0.927388 -0.167293
1541975545.640603 0.582129 1.431953 0.963553 0.112203 -0.317022 0.927057 -0.165749
1541975545.645593 0.581843 1.430938 0.962699 0.110749 -0.316352 0.927454 -0.165787
1541975545.650583 0.581392 1.429841 0.961807 0.110061 -0.317058 0.927456 -0.164885
1541975545.655574 0.58104 1.428782 0.960975 0.108756 -0.3176 0.927473 -0.164608
1541975545.660567 0.580621 1.427717 0.960211 0.108169 -0.31814 0.927558 -0.163468
1541975545.665565 0.580172 1.426609 0.95939 0.107348 -0.319156 0.927474 -0.162507
1541975545.670562 0.579797 1.425477 0.958677 0.106397 -0.318728 0.927825 -0.161966
1541975545.675562 0.579305 1.424356 0.957937 0.105872 -0.319558 0.927816 -0.16072
1541975545.680565 0.578869 1.423218 0.957261 0.105319 -0.319012 0.928125 -0.160386
1541975545.68557 0.57838 1.422101 0.956603 0.104698 -0.319987 0.928073 -0.159145
1541975545.690576 0.577884 1.420976 0.955984 0.104301 -0.3195 0.928506 -0.157852
1541975545.695582 0.577306 1.419808 0.955398 0.103859 -0.319896 0.928636 -0.15657
1541975545.700597 0.576823 1.418663 0.954829 0.103138 -0.31934 0.929043 -0.155771
1541975545.705607 0.576179 1.417586 0.954374 0.103182 -0.319903 0.929068 -0.154428
1541975545.710622 0.575671 1.416445 0.953817 0.102298 -0.319939 0.929296 -0.153568
1541975545.715632 0.575017 1.415377 0.953402 0.102285 -0.320241 0.929425 -0.152156
1541975545.720633 0.574489 1.414422 0.95301 0.101911 -0.32123 0.929354 -0.150753
1541975545.72563 0.573864 1.413385 0.95268 0.101916 -0.321402 0.929503 -0.14946
1541975545.730626 0.573271 1.412312 0.952354 0.101903 -0.320057 0.930093 -0.14868
1541975545.735619 0.572698 1.411408 0.95204 0.101208 -0.321868 0.929657 -0.147971
1541975545.74061 0.572146 1.410537 0.951831 0.100996 -0.322643 0.929477 -0.147558
1541975545.7456 0.571506 1.409591 0.951653 0.100931 -0.322503 0.929718 -0.146388
1541975545.750588 0.570958 1.408743 0.95156 0.10076 -0.321791 0.930114 -0.14555
1541975545.75558 0.570332 1.407905 0.951511 0.100666 -0.321884 0.930197 -0.144879
1541975545.760574 0.569716 1.407094 0.951527 0.100521 -0.321678 0.930424 -0.143979
1541975545.765571 0.569111 1.406327 0.951567 0.100654 -0.321624 0.930531 -0.143313
1541975545.77057 0.568474 1.405607 0.95166 0.10065 -0.322072 0.930495 -0.14254
1541975545.775571 0.567847 1.404893 0.95183 0.100995 -0.321479 0.930794 -0.141685
1541975545.780574 0.567202 1.404197 0.951994 0.100999 -0.321372 0.930956 -0.140857
1541975545.785574 0.566575 1.4036 0.95226 0.101635 -0.320753 0.931165 -0.140427
1541975545.790574 0.565921 1.402992 0.952564 0.10187 -0.31998 0.931551 -0.139454
1541975545.795574 0.565245 1.402427 0.952892 0.102207 -0.319905 0.931672 -0.138573
1541975545.800584 0.56461 1.401927 0.953262 0.102744 -0.319444 0.931976 -0.137184
1541975545.805593 0.563939 1.401446 0.953607 0.10303 -0.319413 0.931915 -0.137456
1541975545.810612 0.563249 1.400982 0.954043 0.103761 -0.318774 0.932227 -0.136271
1541975545.81563 0.562646 1.400468 0.954476 0.103806 -0.316947 0.93291 -0.135826
1541975545.820653 0.562007 1.400139 0.954911 0.104413 -0.316862 0.932899 -0.13563
1541975545.825668 0.561343 1.399817 0.955422 0.104923 -0.317054 0.932933 -0.134555
1541975545.83068 0.56069 1.399454 0.955951 0.105232 -0.315631 0.933513 -0.13363
1541975545.835679 0.560057 1.399177 0.956498 0.106077 -0.31458 0.933885 -0.132839
1541975545.840679 0.559426 1.398949 0.95699 0.106739 -0.314252 0.933949 -0.132636
1541975545.845669 0.558793 1.398701 0.9575 0.107708 -0.313061 0.9344 -0.131485
1541975545.850652 0.558188 1.398515 0.95795 0.108606 -0.312325 0.934564 -0.131332
1541975545.855629 0.557553 1.398406 0.958473 0.109365 -0.311886 0.93467 -0.130989
1541975545.860613 0.556903 1.398287 0.958948 0.110519 -0.311611 0.934703 -0.130437
1541975545.865593 0.556316 1.398168 0.959392 0.11105 -0.311762 0.934743 -0.12934
1541975545.870571 0.555701 1.398086 0.959823 0.111649 -0.310943 0.934997 -0.128952
1541975545.875557 0.555095 1.398078 0.960255 0.112282 -0.310935 0.934947 -0.12879
1541975545.880541 0.55452 1.398043 0.960639 0.112862 -0.310433 0.93512 -0.128236
1541975545.885528 0.553933 1.398039 0.96104 0.113655 -0.309923 0.935322 -0.127289
1541975545.890517 0.553355 1.398146 0.961407 0.114479 -0.310798 0.934996 -0.126815
1541975545.895521 0.55278 1.398193 0.96175 0.114971 -0.310637 0.935048 -0.12638
1541975545.900528 0.552219 1.398249 0.962074 0.115466 -0.310189 0.935176 -0.126077
1541975545.905537 0.551721 1.398386 0.962386 0.11614 -0.310894 0.93498 -0.12518
1541975545.910549 0.551203 1.398485 0.96268 0.117239 -0.310527 0.93504 -0.124612
1541975545.915558 0.550678 1.39863 0.962975 0.117775 -0.310778 0.934979 -0.123935
1541975545.920563 0.550171 1.398761 0.963261 0.118354 -0.310133 0.935115 -0.123971
1541975545.925571 0.549711 1.398987 0.963499 0.119304 -0.311043 0.934736 -0.123639
1541975545.930579 0.549263 1.399248 0.963709 0.119959 -0.312154 0.934291 -0.123571
1541975545.935584 0.548812 1.399439 0.963923 0.120961 -0.312499 0.934042 -0.123604
1541975545.940586 0.548369 1.399676 0.964121 0.121783 -0.312172 0.934104 -0.123154
1541975545.945588 0.547944 1.39988 0.964282 0.12223 -0.312177 0.93411 -0.122653
1541975545.950589 0.547513 1.400191 0.964466 0.122755 -0.31311 0.933772 -0.122327
1541975545.955594 0.547125 1.40049 0.964637 0.123297 -0.313647 0.933531 -0.12224
1541975545.960594 0.546749 1.400757 0.964803 0.123416 -0.313358 0.93367 -0.121805
1541975545.965592 0.546362 1.40106 0.964975 0.124432 -0.3132 0.933693 -0.120995
1541975545.97059 0.545952 1.401492 0.965172 0.124993 -0.315054 0.933035 -0.120678
1541975545.975585 0.545577 1.401862 0.965372 0.125357 -0.315744 0.932771 -0.120537
1541975545.980578 0.545266 1.402203 0.965518 0.125431 -0.315934 0.932795 -0.119774
1541975545.985573 0.544983 1.402498 0.965627 0.125569 -0.315721 0.93282 -0.12
1541975545.990565 0.544704 1.402868 0.965753 0.125468 -0.315954 0.932804 -0.119612
1541975545.995556 0.544381 1.403162 0.965926 0.126049 -0.315551 0.932888 -0.11941
1541975546.000552 0.544148 1.403544 0.966069 0.126687 -0.315903 0.932722 -0.119102
1541975546.005553 0.543879 1.403934 0.966259 0.127463 -0.316207 0.932545 -0.118854
1541975546.010562 0.543668 1.404338 0.96643 0.127763 -0.316802 0.932398 -0.118098
1541975546.015569 0.543508 1.404686 0.966622 0.128198 -0.316001 0.932663 -0.117681
1541975546.020575 0.543401 1.405111 0.9668 0.128399 -0.31682 0.932383 -0.117478
1541975546.025583 0.543248 1.405497 0.967041 0.129014 -0.31687 0.93229 -0.117403
1541975546.030593 0.543161 1.405927 0.967195 0.129319 -0.31764 0.931976 -0.117478
1541975546.035598 0.543076 1.406399 0.967376 0.129859 -0.318677 0.931514 -0.117741
1541975546.040596 0.543042 1.406756 0.967659 0.130435 -0.31731 0.931973 -0.117161
1541975546.04559 0.543023 1.407252 0.967916 0.130882 -0.317729 0.931847 -0.116535
1541975546.050594 0.543008 1.407694 0.968155 0.13148 -0.317886 0.931677 -0.116785
1541975546.055593 0.543055 1.40815 0.968431 0.132097 -0.317681 0.931693 -0.116523
1541975546.060588 0.543093 1.408685 0.96866 0.132647 -0.318902 0.931089 -0.117382
1541975546.065584 0.543181 1.409121 0.968892 0.132711 -0.319231 0.930965 -0.117404
1541975546.070578 0.543287 1.409534 0.969139 0.132872 -0.318637 0.931162 -0.117274
1541975546.075573 0.543435 1.410048 0.969391 0.133546 -0.318582 0.930984 -0.11807
1541975546.08057 0.543579 1.410492 0.969636 0.133894 -0.318312 0.931031 -0.118033
1541975546.085569 0.543727 1.411001 0.969871 0.134765 -0.319133 0.930682 -0.117576
1541975546.090569 0.543943 1.411445 0.970099 0.135306 -0.318607 0.930752 -0.117828
1541975546.095569 0.544146 1.411916 0.970314 0.135261 -0.319448 0.930514 -0.117478
1541975546.100571 0.544376 1.412322 0.970537 0.136051 -0.318196 0.930717 -0.118354
1541975546.105571 0.544676 1.412855 0.970778 0.136229 -0.31833 0.930683 -0.118054
1541975546.110569 0.544965 1.413317 0.97099 0.136977 -0.318671 0.930307 -0.119221
1541975546.115569 0.545329 1.413759 0.971176 0.136866 -0.31811 0.93049 -0.119423
1541975546.120589 0.545697 1.414317 0.971404 0.137153 -0.318983 0.93012 -0.119646
1541975546.125607 0.546112 1.414752 0.97164 0.137802 -0.317552 0.930557 -0.119313
1541975546.130618 0.546523 1.415291 0.971856 0.138063 -0.318635 0.930021 -0.120299
1541975546.135621 0.54704 1.415707 0.971993 0.137789 -0.317687 0.930225 -0.121532
1541975546.140621 0.547495 1.416145 0.972229 0.138171 -0.316591 0.930556 -0.121427
1541975546.14562 0.547992 1.416701 0.972399 0.138243 -0.317649 0.930043 -0.122506
1541975546.150616 0.548491 1.417222 0.972605 0.138941 -0.318098 0.929766 -0.122652
1541975546.155609 0.548989 1.417433 0.972759 0.138826 -0.31503 0.930839 -0.122563
1541975546.160605 0.549624 1.417967 0.972869 0.138858 -0.315516 0.930471 -0.124062
1541975546.165601 0.550201 1.418461 0.973071 0.139527 -0.315152 0.930475 -0.124205
1541975546.170596 0.55082 1.419015 0.973231 0.139519 -0.316311 0.929965 -0.125088
1541975546.175588 0.551444 1.419538 0.973452 0.1404 -0.315852 0.929912 -0.125651
1541975546.180577 0.55207 1.420014 0.973586 0.140537 -0.315585 0.929881 -0.126398
1541975546.185567 0.552782 1.420456 0.973694 0.140757 -0.315178 0.92983 -0.127542
1541975546.190556 0.553463 1.420999 0.973862 0.140593 -0.314761 0.930011 -0.127433
1541975546.195548 0.554153 1.421578 0.974064 0.141109 -0.314951 0.929759 -0.12823
1541975546.20054 0.554834 1.422127 0.974172 0.141743 -0.315627 0.929238 -0.129632
1541975546.20553 0.555604 1.422664 0.974284 0.141447 -0.316046 0.928982 -0.130766
1541975546.210529 0.556353 1.42316 0.974483 0.141405 -0.314585 0.92953 -0.130445
1541975546.215534 0.557081 1.423764 0.974637 0.141638 -0.315298 0.929136 -0.131273
1541975546.220553 0.557883 1.42426 0.974774 0.141999 -0.314765 0.929137 -0.132148
1541975546.225572 0.558676 1.424856 0.974855 0.141754 -0.315349 0.928778 -0.133538
1541975546.230599 0.559501 1.425324 0.974982 0.141638 -0.314114 0.92907 -0.134535
1541975546.235623 0.560303 1.42598 0.975086 0.142187 -0.315951 0.928345 -0.134657
1541975546.240638 0.561193 1.426467 0.975206 0.142015 -0.314447 0.928615 -0.136487
1541975546.24564 0.562093 1.427024 0.975288 0.141192 -0.314774 0.928487 -0.137457
1541975546.250638 0.562904 1.427484 0.97542 0.14203 -0.313997 0.928598 -0.13762
1541975546.255627 0.56379 1.427947 0.975546 0.141301 -0.313068 0.928919 -0.13832
1541975546.260617 0.564702 1.428352 0.975656 0.141154 -0.310744 0.929637 -0.138883
1541975546.265597 0.565625 1.429085 0.975704 0.141636 -0.313402 0.928428 -0.140496
1541975546.270572 0.566577 1.42954 0.975847 0.141653 -0.311315 0.928999 -0.141346
1541975546.275548 0.567569 1.430153 0.975958 0.141669 -0.311663 0.928731 -0.14232
1541975546.280527 0.568502 1.430828 0.976039 0.141779 -0.313962 0.927704 -0.143847
1541975546.285508 0.569501 1.431283 0.976157 0.142191 -0.311198 0.928476 -0.144461
1541975546.290496 0.570502 1.431918 0.976234 0.142243 -0.31208 0.927994 -0.145601
1541975546.295489 0.571502 1.432619 0.976344 0.142917 -0.313468 0.927167 -0.14722
1541975546.300489 0.572551 1.433044 0.976401 0.142176 -0.311209 0.927958 -0.147745
1541975546.305497 0.573592 1.433735 0.97646 0.14292 -0.312416 0.927086 -0.149941
1541975546.310515 0.57465 1.434321 0.9766 0.14284 -0.311811 0.927131 -0.150992
1541975546.315533 0.575708 1.434835 0.976667 0.142399 -0.309993 0.927752 -0.15134
1541975546.320548 0.576807 1.435499 0.976741 0.142314 -0.311658 0.926933 -0.153006
1541975546.325562 0.577826 1.436172 0.97688 0.142589 -0.311039 0.927022 -0.153473
1541975546.330573 0.578976 1.436722 0.976935 0.141996 -0.309997 0.927133 -0.155446
1541975546.335581 0.580117 1.437374 0.977018 0.141656 -0.309839 0.926929 -0.157276
1541975546.340583 0.581278 1.438097 0.977119 0.140982 -0.310722 0.926458 -0.158908
1541975546.345578 0.582408 1.43866 0.977221 0.141136 -0.309436 0.926698 -0.159876
1541975546.350568 0.583532 1.43938 0.977365 0.140588 -0.309553 0.926416 -0.161757
1541975546.355559 0.584754 1.439952 0.977444 0.139815 -0.307891 0.926999 -0.162258
1541975546.36055 0.585954 1.440488 0.977563 0.138677 -0.305636 0.927961 -0.162002
1541975546.365539 0.587116 1.44116 0.977664 0.138043 -0.305153 0.927896 -0.163812
1541975546.370526 0.588341 1.441855 0.977716 0.137904 -0.305143 0.927644 -0.165369
1541975546.375517 0.589524 1.442544 0.977847 0.137623 -0.304476 0.927595 -0.167098
1541975546.380513 0.590746 1.443201 0.977933 0.136897 -0.303906 0.927565 -0.16889
1541975546.385512 0.591919 1.443968 0.978057 0.136951 -0.304548 0.926997 -0.170797
1541975546.390516 0.593131 1.444718 0.97815 0.136757 -0.303956 0.926872 -0.172675
1541975546.395533 0.594414 1.44548 0.978226 0.136475 -0.303988 0.926543 -0.174594
1541975546.400545 0.595631 1.446224 0.97831 0.136763 -0.303572 0.926393 -0.175886
1541975546.405558 0.596864 1.447033 0.978422 0.13679 -0.304036 0.92589 -0.1777
1541975546.410569 0.598154 1.447872 0.978575 0.136162 -0.304281 0.925388 -0.180361
1541975546.415578 0.599371 1.44862 0.97868 0.136655 -0.303579 0.925203 -0.182111
1541975546.420589 0.600636 1.449431 0.978825 0.136596 -0.303212 0.924744 -0.185072
1541975546.425599 0.601826 1.450319 0.978998 0.136419 -0.303388 0.924276 -0.187242
1541975546.430609 0.603033 1.451156 0.979101 0.136325 -0.303618 0.923708 -0.189722
1541975546.435612 0.60421 1.452008 0.979266 0.136355 -0.303136 0.923448 -0.191726
1541975546.440609 0.605301 1.452882 0.979493 0.136799 -0.303125 0.923052 -0.193332
1541975546.445605 0.606471 1.453796 0.979605 0.136215 -0.304204 0.922323 -0.195514
1541975546.450592 0.607622 1.454592 0.979785 0.135686 -0.30228 0.922608 -0.19751
1541975546.455578 0.608709 1.455457 0.97997 0.136241 -0.30251 0.922074 -0.199261
1541975546.460561 0.609704 1.456373 0.980173 0.136113 -0.303112 0.921529 -0.200947
1541975546.465545 0.610788 1.457198 0.980355 0.135903 -0.302301 0.921378 -0.202994
1541975546.470532 0.611775 1.458081 0.980561 0.136365 -0.302358 0.920932 -0.204619
1541975546.475522 0.612734 1.458966 0.980786 0.136289 -0.302566 0.920565 -0.206009
1541975546.480516 0.613703 1.459866 0.981029 0.136392 -0.302681 0.920099 -0.207844
1541975546.485514 0.614646 1.460661 0.981281 0.13681 -0.300586 0.920427 -0.209154
1541975546.490517 0.615507 1.461605 0.98154 0.137032 -0.302025 0.919628 -0.210448
1541975546.495528 0.616449 1.462586 0.98179 0.136946 -0.302561 0.918961 -0.212634
1541975546.500544 0.617265 1.463361 0.982023 0.137555 -0.30123 0.919153 -0.213301
1541975546.505559 0.618054 1.464367 0.982309 0.138292 -0.303247 0.918123 -0.214401
1541975546.510573 0.618952 1.465117 0.982515 0.138141 -0.301062 0.91834 -0.216632
1541975546.515588 0.619632 1.465838 0.982703 0.138725 -0.30003 0.918573 -0.216705
1541975546.520598 0.620381 1.466792 0.983031 0.139457 -0.30059 0.918032 -0.217748
1541975546.525599 0.621079 1.467683 0.983305 0.140669 -0.301283 0.917361 -0.218836
1541975546.5306 0.621862 1.468473 0.983494 0.140734 -0.29984 0.91747 -0.220316
1541975546.535598 0.622545 1.46932 0.983677 0.141099 -0.300185 0.917083 -0.22122
1541975546.540592 0.623266 1.470225 0.983896 0.14127 -0.300493 0.916731 -0.22215
1541975546.545583 0.623929 1.471062 0.984075 0.141319 -0.300643 0.91629 -0.223729
1541975546.550578 0.624553 1.471889 0.984306 0.142445 -0.300243 0.916204 -0.223907
1541975546.555571 0.625122 1.472725 0.984505 0.142488 -0.30054 0.91587 -0.224847
1541975546.560563 0.625741 1.473584 0.984716 0.143053 -0.300255 0.915541 -0.226203
1541975546.565552 0.626261 1.474394 0.984891 0.143275 -0.301123 0.915016 -0.227031
1541975546.570535 0.626868 1.475182 0.98508 0.143404 -0.300619 0.914761 -0.228639
1541975546.57553 0.627349 1.476155 0.985381 0.144564 -0.302567 0.913782 -0.229255
1541975546.58053 0.62792 1.476886 0.98553 0.14428 -0.301967 0.913482 -0.231408
1541975546.58553 0.628415 1.477675 0.985722 0.144612 -0.302195 0.9132 -0.232015
1541975546.590529 0.628862 1.478509 0.985939 0.145065 -0.302854 0.912665 -0.232977
1541975546.595532 0.629305 1.479327 0.986191 0.145684 -0.303245 0.91218 -0.23398
1541975546.600543 0.629757 1.479988 0.98639 0.146164 -0.301868 0.912486 -0.234268
1541975546.605551 0.630165 1.480813 0.986569 0.146375 -0.303422 0.911548 -0.235773
1541975546.610564 0.630501 1.481474 0.98679 0.147081 -0.302639 0.911693 -0.235781
1541975546.615575 0.630872 1.482166 0.987 0.147255 -0.301922 0.911662 -0.236709
1541975546.620582 0.63126 1.482913 0.987181 0.147512 -0.301856 0.911451 -0.237445
1541975546.625592 0.631512 1.483602 0.9874 0.148213 -0.30218 0.911237 -0.237417
1541975546.630606 0.631826 1.48441 0.987632 0.148639 -0.302727 0.91079 -0.238169
1541975546.635612 0.632123 1.485062 0.987767 0.148136 -0.302273 0.910876 -0.238728
1541975546.640615 0.632414 1.485793 0.987964 0.148126 -0.302344 0.910765 -0.239068
1541975546.645611 0.63259 1.486405 0.988141 0.149107 -0.301878 0.910704 -0.239281
1541975546.650606 0.632807 1.487138 0.988339 0.149309 -0.30221 0.910481 -0.239583
1541975546.655595 0.632994 1.487797 0.988514 0.149404 -0.302206 0.910294 -0.240237
1541975546.660589 0.633127 1.488472 0.98862 0.149689 -0.302591 0.910138 -0.240167
1541975546.66558 0.63329 1.489087 0.988762 0.149914 -0.302402 0.90993 -0.24105
1541975546.670569 0.633366 1.489651 0.988902 0.150568 -0.301749 0.910141 -0.240667
1541975546.675556 0.633578 1.49039 0.989074 0.150498 -0.302293 0.909605 -0.24205
1541975546.680545 0.633571 1.490906 0.989192 0.151133 -0.302047 0.909606 -0.241958
1541975546.685536 0.633692 1.491606 0.989288 0.150708 -0.302525 0.909556 -0.241814
1541975546.690532 0.633775 1.492189 0.989371 0.150684 -0.302237 0.909431 -0.242659
1541975546.695525 0.63379 1.492787 0.989458 0.150921 -0.302504 0.909278 -0.24275
1541975546.700518 0.633827 1.493515 0.9896 0.151139 -0.303754 0.908904 -0.242456
1541975546.705516 0.633867 1.494095 0.989718 0.151477 -0.302947 0.90898 -0.242969
1541975546.710519 0.633807 1.494601 0.989819 0.151971 -0.302794 0.908876 -0.24324
1541975546.715524 0.63376 1.495129 0.989906 0.152238 -0.302296 0.909017 -0.243165
1541975546.720529 0.633727 1.495716 0.98997 0.152569 -0.302714 0.908798 -0.243256
1541975546.725546 0.633678 1.496294 0.990074 0.152992 -0.302727 0.908759 -0.24312
1541975546.730577 0.63361 1.496774 0.990178 0.153444 -0.302032 0.908773 -0.243645
1541975546.735599 0.633442 1.497323 0.990266 0.154157 -0.302755 0.908552 -0.24312
1541975546.740617 0.633355 1.497965 0.990325 0.154153 -0.303807 0.908169 -0.243244
1541975546.745627 0.633247 1.498403 0.990342 0.154196 -0.303335 0.908178 -0.243773
1541975546.750633 0.633128 1.498888 0.99035 0.154414 -0.303017 0.908196 -0.243959
1541975546.755634 0.632971 1.499382 0.990335 0.154531 -0.303091 0.90833 -0.243296
1541975546.760636 0.632846 1.499855 0.990354 0.154941 -0.302917 0.908272 -0.243467
1541975546.765638 0.632702 1.500406 0.990382 0.155191 -0.303522 0.907931 -0.243828
1541975546.770638 0.632537 1.500941 0.990429 0.15555 -0.304353 0.907619 -0.243724
1541975546.77564 0.632349 1.50143 0.990439 0.155779 -0.304611 0.907597 -0.243335
1541975546.78064 0.632174 1.501827 0.990476 0.156199 -0.304131 0.907664 -0.243418
1541975546.78564 0.631965 1.502241 0.990459 0.156557 -0.304344 0.907466 -0.243659
1541975546.790638 0.631834 1.502752 0.990455 0.156619 -0.304921 0.907223 -0.243804
1541975546.795623 0.631663 1.503194 0.990426 0.156513 -0.304632 0.907299 -0.243952
1541975546.800604 0.631473 1.503598 0.990411 0.156761 -0.304472 0.907241 -0.244207
1541975546.805581 0.631269 1.504039 0.990384 0.156976 -0.30494 0.907004 -0.244364
1541975546.810561 0.631024 1.504429 0.99041 0.1575 -0.305145 0.906941 -0.244006
1541975546.81554 0.630805 1.504898 0.990426 0.157627 -0.305796 0.906748 -0.243826
1541975546.820528 0.63059 1.50532 0.990404 0.157596 -0.30668 0.906403 -0.244017
1541975546.825522 0.63032 1.505626 0.990389 0.158213 -0.30678 0.906091 -0.24465
1541975546.830522 0.630104 1.505966 0.990373 0.158364 -0.30609 0.906316 -0.244583
1541975546.835524 0.62984 1.506287 0.990339 0.158473 -0.305538 0.906469 -0.244636
1541975546.840524 0.629531 1.506573 0.990293 0.158947 -0.305475 0.906474 -0.244387
1541975546.845533 0.629253 1.506918 0.990264 0.159144 -0.305902 0.906239 -0.244597
1541975546.850554 0.629006 1.507235 0.990221 0.159096 -0.305691 0.906348 -0.244488
1541975546.855571 0.628699 1.507565 0.990217 0.159229 -0.306168 0.906084 -0.244785
1541975546.860582 0.62843 1.507897 0.990201 0.159073 -0.306 0.90597 -0.245518
1541975546.865596 0.628047 1.508143 0.990156 0.160011 -0.306139 0.906218 -0.243811
1541975546.870607 0.627743 1.50842 0.990073 0.159743 -0.306904 0.906043 -0.243677
1541975546.875608 0.62738 1.508754 0.990003 0.160105 -0.308218 0.905399 -0.244172
1541975546.880601 0.627063 1.509003 0.989947 0.159921 -0.308265 0.905381 -0.244304
1541975546.885584 0.626777 1.509195 0.989842 0.159788 -0.307746 0.905805 -0.24347
1541975546.890563 0.626427 1.509381 0.98977 0.160149 -0.307683 0.9058 -0.243331
1541975546.89554 0.626083 1.509576 0.989692 0.160358 -0.307931 0.905636 -0.243488
1541975546.900521 0.625761 1.509805 0.989577 0.16014 -0.308738 0.905371 -0.243596
1541975546.905511 0.625389 1.509937 0.98942 0.159934 -0.308873 0.905522 -0.242998
1541975546.910509 0.625063 1.510162 0.989344 0.159467 -0.309102 0.905244 -0.244049
1541975546.915518 0.624674 1.510208 0.989243 0.16025 -0.308623 0.905494 -0.243214
1541975546.920533 0.624353 1.510321 0.989147 0.160102 -0.308608 0.905656 -0.242728
1541975546.925552 0.623995 1.510477 0.989046 0.160575 -0.309006 0.905417 -0.2428
1541975546.930571 0.623704 1.510671 0.988941 0.160162 -0.30986 0.905047 -0.24336
1541975546.935595 0.623367 1.510809 0.988823 0.15992 -0.310482 0.90492 -0.243199
1541975546.940616 0.622962 1.510877 0.988705 0.160247 -0.3107 0.904904 -0.242764
1541975546.945641 0.622556 1.510858 0.988613 0.160803 -0.310558 0.905056 -0.242011
1541975546.950654 0.62222 1.510897 0.988499 0.160387 -0.310184 0.905199 -0.242234
1541975546.955654 0.621843 1.510969 0.988363 0.160271 -0.31089 0.905177 -0.241486
1541975546.960641 0.621464 1.510996 0.988211 0.160262 -0.31112 0.905092 -0.241514
1541975546.965619 0.621025 1.511011 0.988101 0.160282 -0.311853 0.904872 -0.241379
1541975546.970587 0.620585 1.510958 0.987969 0.160704 -0.311417 0.905175 -0.240523
1541975546.975552 0.620188 1.510882 0.987806 0.160851 -0.311005 0.905481 -0.239805
1541975546.98052 0.619762 1.510886 0.987652 0.160476 -0.31232 0.905178 -0.23949
1541975546.985494 0.619349 1.510827 0.987489 0.160284 -0.312478 0.905414 -0.238519
1541975546.990478 0.618937 1.51064 0.987305 0.160124 -0.310932 0.906102 -0.238036
1541975546.995474 0.618539 1.510529 0.987139 0.16012 -0.311078 0.906108 -0.237823
1541975547.000477 0.618162 1.510444 0.986952 0.159838 -0.31174 0.906006 -0.237537
1541975547.005487 0.617773 1.510382 0.98674 0.159267 -0.312787 0.905775 -0.237425
1541975547.010502 0.617328 1.510228 0.986567 0.15978 -0.313663 0.905592 -0.236621
1541975547.015521 0.616988 1.510079 0.986406 0.159633 -0.313432 0.905829 -0.236117
1541975547.020544 0.616618 1.509907 0.986223 0.159604 -0.313356 0.905968 -0.235706
1541975547.02557 0.616256 1.509713 0.98602 0.159329 -0.313259 0.906153 -0.235309
1541975547.0306 0.615906 1.509538 0.985846 0.159096 -0.3139 0.905852 -0.235769
1541975547.035625 0.615553 1.509357 0.985675 0.159344 -0.314358 0.905796 -0.235204
1541975547.04064 0.615235 1.509156 0.985511 0.159539 -0.314287 0.905985 -0.23444
1541975547.045644 0.61483 1.508954 0.985337 0.159679 -0.315235 0.905793 -0.233811
1541975547.050639 0.614511 1.508693 0.985133 0.1594 -0.315367 0.905786 -0.233851
1541975547.055631 0.614215 1.508387 0.984906 0.15906 -0.314857 0.906006 -0.233921
1541975547.060617 0.613952 1.508087 0.984709 0.158973 -0.31448 0.906265 -0.233483
1541975547.065597 0.613661 1.507868 0.984544 0.159107 -0.315382 0.906113 -0.232763
1541975547.070582 0.613389 1.507627 0.98439 0.158356 -0.314951 0.906377 -0.23283
1541975547.075568 0.613034 1.507368 0.984191 0.158614 -0.316061 0.906216 -0.231776
1541975547.080553 0.612768 1.507094 0.984024 0.158418 -0.316266 0.906122 -0.231997
1541975547.085542 0.612453 1.506719 0.983862 0.158549 -0.315474 0.906435 -0.231762
1541975547.09054 0.612149 1.506391 0.983666 0.158282 -0.315437 0.906801 -0.230559
1541975547.095543 0.611952 1.506088 0.983482 0.157512 -0.315535 0.906798 -0.230966
1541975547.100549 0.611573 1.505747 0.983396 0.158101 -0.316182 0.906618 -0.230385
1541975547.10556 0.611261 1.505463 0.983236 0.15819 -0.316928 0.906468 -0.229887
1541975547.110568 0.611049 1.505125 0.983036 0.157433 -0.316941 0.906569 -0.229993
1541975547.115573 0.610811 1.50472 0.982882 0.157435 -0.316119 0.906843 -0.23004
1541975547.120581 0.610554 1.504361 0.98275 0.157315 -0.316319 0.906893 -0.229653
1541975547.125593 0.610291 1.503953 0.982582 0.15697 -0.316102 0.907239 -0.228819
1541975547.1306 0.61004 1.503623 0.982477 0.157042 -0.316761 0.907024 -0.228708
1541975547.135601 0.609842 1.503155 0.982329 0.156781 -0.315371 0.907554 -0.228704
1541975547.140603 0.609611 1.502842 0.982224 0.156673 -0.316114 0.907461 -0.22812
1541975547.1456 0.609338 1.502415 0.982112 0.156836 -0.316199 0.907448 -0.227944
1541975547.1506 0.609068 1.502071 0.982045 0.157077 -0.316432 0.907393 -0.227676
1541975547.155607 0.60886 1.501715 0.981942 0.156978 -0.316823 0.907304 -0.227552
1541975547.160621 0.608673 1.501217 0.981825 0.156586 -0.31571 0.907828 -0.22728
1541975547.165637 0.608443 1.500813 0.981716 0.156589 -0.315594 0.908007 -0.226724
1541975547.170647 0.608214 1.500485 0.981679 0.156497 -0.316128 0.907924 -0.226376
1541975547.175648 0.608001 1.500113 0.981567 0.156222 -0.316925 0.907739 -0.226193
1541975547.18064 0.607677 1.499633 0.981511 0.156496 -0.316818 0.907747 -0.226123
1541975547.18563 0.607507 1.499297 0.981461 0.156296 -0.316295 0.907972 -0.226087
1541975547.190624 0.607258 1.498833 0.981385 0.156411 -0.315928 0.908163 -0.225754
1541975547.195616 0.606965 1.498318 0.981301 0.156687 -0.315684 0.908204 -0.225739
1541975547.200608 0.606781 1.497936 0.981225 0.156053 -0.315669 0.90839 -0.225451
1541975547.2056 0.606512 1.497487 0.981183 0.155883 -0.315647 0.908549 -0.22496
1541975547.210591 0.606178 1.497006 0.981146 0.156295 -0.315865 0.908585 -0.22422
1541975547.215584 0.606015 1.496601 0.981069 0.155652 -0.315648 0.908779 -0.224185
1541975547.220572 0.605688 1.496046 0.981007 0.156071 -0.315019 0.909064 -0.223625
1541975547.225567 0.605364 1.495619 0.980985 0.156095 -0.315474 0.908992 -0.223257
1541975547.230566 0.605069 1.495157 0.980915 0.156029 -0.315736 0.909193 -0.222111
1541975547.235572 0.604756 1.494629 0.980851 0.156463 -0.316109 0.909056 -0.221837
1541975547.240574 0.604477 1.494057 0.980766 0.156382 -0.315318 0.90953 -0.221076
1541975547.245578 0.604088 1.493423 0.980685 0.156544 -0.315115 0.909909 -0.219685
1541975547.250583 0.603829 1.492918 0.980601 0.156319 -0.315413 0.909837 -0.219719
1541975547.255597 0.603587 1.492362 0.980502 0.155881 -0.31563 0.909729 -0.220164
1541975547.260618 0.603324 1.491743 0.98042 0.156136 -0.315306 0.910145 -0.218722
1541975547.265634 0.603076 1.491013 0.980242 0.155569 -0.314574 0.910722 -0.217777
1541975547.270642 0.602799 1.490366 0.980134 0.155384 -0.314709 0.911021 -0.21646
1541975547.275643 0.602563 1.489763 0.97996 0.15527 -0.315506 0.910744 -0.216547
1541975547.280638 0.602378 1.489093 0.979801 0.154849 -0.315943 0.910436 -0.217503
1541975547.285628 0.602213 1.488326 0.979607 0.154484 -0.315147 0.911001 -0.216554
1541975547.290623 0.602094 1.487507 0.979347 0.153403 -0.314361 0.911773 -0.215207
1541975547.295612 0.601861 1.486845 0.979238 0.153512 -0.31572 0.91125 -0.215356
1541975547.3006 0.601763 1.486053 0.979065 0.153099 -0.315035 0.911513 -0.21554
1541975547.305594 0.60168 1.485117 0.978814 0.152031 -0.313413 0.912295 -0.21535
1541975547.310581 0.601533 1.484338 0.978622 0.151782 -0.314777 0.911815 -0.215573
1541975547.31558 0.601335 1.483442 0.97849 0.151771 -0.314618 0.912077 -0.214699
1541975547.320577 0.601239 1.482521 0.978304 0.151132 -0.313177 0.912796 -0.214202
1541975547.325572 0.601149 1.481678 0.978084 0.150516 -0.313967 0.9123 -0.215589
1541975547.33057 0.600976 1.480703 0.977855 0.150139 -0.313725 0.912644 -0.214746
1541975547.335567 0.600724 1.479794 0.977717 0.150186 -0.314534 0.912483 -0.214212
1541975547.340561 0.60063 1.478717 0.97747 0.149368 -0.312471 0.913446 -0.213699
1541975547.345554 0.600433 1.477648 0.977244 0.148958 -0.311893 0.913971 -0.212582
1541975547.350546 0.600109 1.476801 0.977091 0.149172 -0.314416 0.912894 -0.213341
1541975547.355538 0.599829 1.475677 0.976905 0.148403 -0.313124 0.913833 -0.21175
1541975547.360532 0.599748 1.474291 0.976552 0.14674 -0.307823 0.916701 -0.208258
1541975547.365529 0.599369 1.473192 0.976382 0.146294 -0.308034 0.916873 -0.207501
1541975547.370528 0.598981 1.472155 0.976216 0.146271 -0.308521 0.917047 -0.206019
1541975547.375532 0.598706 1.471065 0.975914 0.145324 -0.308134 0.917307 -0.206112
1541975547.380536 0.598249 1.470007 0.975731 0.145221 -0.308573 0.917489 -0.204715
1541975547.385534 0.59785 1.468841 0.975502 0.144316 -0.308309 0.917898 -0.203915
1541975547.390543 0.597353 1.467597 0.975234 0.143735 -0.30689 0.918937 -0.201775
1541975547.395554 0.596876 1.466578 0.975059 0.143837 -0.307539 0.919113 -0.199906
1541975547.400564 0.596453 1.465549 0.974831 0.143222 -0.308922 0.918817 -0.199572
1541975547.405571 0.595949 1.46445 0.974615 0.142916 -0.309427 0.919024 -0.198052
1541975547.410573 0.595458 1.463373 0.974469 0.142897 -0.309182 0.919401 -0.196693
1541975547.415582 0.594994 1.462334 0.974244 0.142468 -0.310055 0.919412 -0.195576
1541975547.420587 0.594533 1.461248 0.974102 0.141934 -0.310099 0.919697 -0.194552
1541975547.42559 0.594021 1.460246 0.974015 0.141353 -0.310603 0.919875 -0.193328
1541975547.430584 0.593506 1.459179 0.97392 0.141256 -0.310068 0.920299 -0.192234
1541975547.435575 0.593047 1.458136 0.973827 0.140929 -0.30959 0.920623 -0.191694
1541975547.440568 0.592563 1.457118 0.973782 0.140055 -0.309085 0.921101 -0.190848
1541975547.44556 0.592085 1.456129 0.973738 0.139682 -0.30948 0.921282 -0.189605
1541975547.450554 0.591589 1.455202 0.973813 0.139106 -0.3096 0.921592 -0.188322
1541975547.45555 0.591088 1.454271 0.973796 0.138806 -0.309747 0.921717 -0.187691
1541975547.460541 0.590578 1.453281 0.973798 0.139017 -0.308537 0.922255 -0.186883
1541975547.465532 0.590026 1.452388 0.973867 0.138252 -0.308494 0.922626 -0.185687
1541975547.470524 0.589461 1.4515 0.973959 0.137518 -0.307337 0.923228 -0.185154
1541975547.47552 0.588818 1.450701 0.974057 0.137329 -0.30736 0.923462 -0.184086
1541975547.480516 0.588204 1.449843 0.974115 0.137088 -0.306948 0.923936 -0.182572
1541975547.48551 0.587594 1.448992 0.974162 0.135681 -0.306734 0.924454 -0.181354
1541975547.490516 0.58693 1.448154 0.974259 0.134851 -0.305358 0.925438 -0.179264
1541975547.495586 0.586293 1.44739 0.97433 0.133634 -0.304558 0.926185 -0.177676
1541975547.50065 0.585523 1.446631 0.974453 0.133476 -0.303669 0.92704 -0.174833
1541975547.505695 0.584804 1.445903 0.974562 0.132525 -0.303112 0.927757 -0.172707
1541975547.510718 0.583991 1.44522 0.974655 0.132608 -0.303912 0.927944 -0.170212
1541975547.515713 0.58324 1.444577 0.974697 0.132541 -0.304491 0.928074 -0.168516
1541975547.520681 0.582467 1.443964 0.974801 0.132695 -0.304517 0.928613 -0.165343
1541975547.525629 0.581643 1.443394 0.974856 0.132142 -0.305547 0.928668 -0.163568
1541975547.530561 0.580822 1.442805 0.974883 0.132646 -0.305477 0.929149 -0.160535
1541975547.535489 0.580066 1.442278 0.974919 0.132786 -0.305531 0.929538 -0.158045
1541975547.540442 0.579281 1.44178 0.974953 0.132904 -0.30613 0.929654 -0.156092
1541975547.545434 0.578554 1.441356 0.97496 0.133028 -0.307419 0.92961 -0.153698
1541975547.550431 0.577791 1.440889 0.974926 0.133423 -0.307957 0.929692 -0.151768
1541975547.555432 0.577075 1.440462 0.97492 0.133984 -0.30838 0.929851 -0.149424
1541975547.560464 0.576364 1.44014 0.974917 0.134112 -0.31026 0.929562 -0.147196
1541975547.565514 0.575772 1.439657 0.974871 0.133634 -0.30862 0.930467 -0.14535
1541975547.570572 0.575165 1.439362 0.974844 0.133669 -0.309728 0.930202 -0.144655
1541975547.575615 0.574609 1.439044 0.974801 0.13318 -0.310097 0.930337 -0.143444
1541975547.580638 0.574096 1.438703 0.974788 0.13256 -0.309715 0.930755 -0.142123
1541975547.585641 0.573591 1.438554 0.97474 0.132377 -0.311785 0.930117 -0.141948
1541975547.590666 0.573151 1.438243 0.97467 0.131485 -0.311181 0.930567 -0.141151
1541975547.595685 0.57273 1.438012 0.97459 0.130759 -0.311431 0.930597 -0.141071
1541975547.60069 0.572337 1.437789 0.974477 0.130375 -0.311677 0.930619 -0.140741
1541975547.605672 0.571933 1.437617 0.974394 0.130009 -0.31217 0.930596 -0.140137
1541975547.61063 0.571532 1.43749 0.97432 0.129727 -0.313052 0.930348 -0.140078
1541975547.615608 0.571245 1.437316 0.974218 0.129092 -0.312848 0.930623 -0.139291
1541975547.620572 0.570967 1.437086 0.974067 0.128844 -0.31231 0.930854 -0.139186
1541975547.625529 0.570657 1.436897 0.973918 0.128241 -0.311787 0.931153 -0.138915
1541975547.630494 0.57035 1.436778 0.973729 0.128121 -0.312359 0.931079 -0.138235
1541975547.635465 0.570094 1.436647 0.973479 0.127796 -0.31296 0.930909 -0.138319
1541975547.640458 0.569805 1.43657 0.973262 0.127621 -0.3137 0.930771 -0.137734
1541975547.645451 0.569554 1.436485 0.97298 0.127627 -0.313938 0.930746 -0.137358
1541975547.650457 0.569282 1.436388 0.972702 0.127265 -0.313484 0.931013 -0.136915
1541975547.655503 0.569006 1.436378 0.972383 0.127292 -0.31465 0.930638 -0.136769
1541975547.660567 0.568735 1.436398 0.972037 0.127692 -0.315504 0.930277 -0.13688
1541975547.665619 0.568517 1.436377 0.971684 0.127427 -0.316618 0.930067 -0.135982
1541975547.670654 0.56828 1.436337 0.971326 0.126771 -0.3169 0.930044 -0.136095
1541975547.675668 0.568054 1.436355 0.970985 0.12629 -0.317222 0.930176 -0.134882
1541975547.680656 0.567818 1.436387 0.970587 0.126664 -0.317612 0.929991 -0.134892
1541975547.685625 0.567586 1.436478 0.970146 0.126439 -0.319994 0.929259 -0.134516
1541975547.690585 0.567421 1.436508 0.969675 0.125754 -0.320178 0.929322 -0.134289
1541975547.695559 0.567229 1.43653 0.969238 0.125697 -0.319735 0.929533 -0.133934
1541975547.700591 0.567069 1.436618 0.968807 0.125461 -0.32079 0.929183 -0.134065
1541975547.70561 0.566951 1.436705 0.968343 0.12455 -0.321324 0.929094 -0.134246
1541975547.710614 0.566831 1.436783 0.967876 0.124755 -0.32164 0.928919 -0.134511
1541975547.715609 0.566768 1.436907 0.967436 0.124182 -0.322366 0.928784 -0.134234
1541975547.720591 0.566666 1.437071 0.966959 0.124335 -0.323263 0.928404 -0.134565
1541975547.725571 0.566574 1.437187 0.966527 0.124277 -0.323537 0.928324 -0.134515
1541975547.73054 0.5665 1.437365 0.966026 0.124564 -0.325164 0.92762 -0.135181
1541975547.735548 0.566437 1.437516 0.965522 0.124353 -0.325943 0.927324 -0.135531
1541975547.74058 0.566391 1.437662 0.965027 0.124423 -0.326577 0.927045 -0.135845
1541975547.745623 0.566337 1.43787 0.964579 0.124543 -0.327386 0.926814 -0.135364
1541975547.750644 0.566241 1.438065 0.964046 0.124946 -0.329024 0.926075 -0.136076
1541975547.755644 0.566218 1.438192 0.963522 0.124316 -0.328817 0.926155 -0.136606
1541975547.760656 0.566096 1.438281 0.962976 0.124554 -0.32967 0.925899 -0.136068
1541975547.765646 0.566089 1.438448 0.962496 0.124942 -0.329811 0.925781 -0.136179
1541975547.770613 0.56605 1.438575 0.961977 0.124622 -0.329563 0.925832 -0.136725
1541975547.775567 0.566 1.438778 0.961456 0.124587 -0.329907 0.925673 -0.137001
1541975547.780513 0.565962 1.438996 0.960958 0.124813 -0.331246 0.925116 -0.137323
1541975547.785502 0.565924 1.439189 0.96045 0.124679 -0.331823 0.924925 -0.137344
1541975547.790484 0.565866 1.439402 0.959975 0.125068 -0.332288 0.924648 -0.137724
1541975547.795494 0.565796 1.439585 0.959474 0.124718 -0.332106 0.924803 -0.137444
1541975547.800498 0.565774 1.439792 0.958928 0.124549 -0.332858 0.924467 -0.138033
1541975547.805495 0.565688 1.440112 0.958468 0.124768 -0.335234 0.923558 -0.138175
1541975547.810494 0.565625 1.440298 0.957982 0.124785 -0.334913 0.923763 -0.137562
1541975547.815514 0.565524 1.440511 0.95756 0.12486 -0.33501 0.923792 -0.137065
1541975547.820551 0.565438 1.440751 0.957071 0.124602 -0.336073 0.923392 -0.13739
1541975547.82558 0.565348 1.441044 0.956635 0.124888 -0.33756 0.922759 -0.137738
1541975547.830604 0.565336 1.441276 0.956167 0.124741 -0.338195 0.922503 -0.138027
1541975547.835648 0.565266 1.441493 0.955718 0.124798 -0.338103 0.922535 -0.137989
1541975547.840691 0.565212 1.441759 0.955306 0.124847 -0.338408 0.92244 -0.137834
1541975547.845708 0.565135 1.442058 0.954881 0.125223 -0.339567 0.921905 -0.138219
1541975547.850719 0.56504 1.442321 0.9545 0.125442 -0.340246 0.921678 -0.137864
1541975547.855737 0.564986 1.442594 0.954115 0.125447 -0.340973 0.921288 -0.138669
1541975547.860725 0.564929 1.442839 0.953719 0.125374 -0.341386 0.92112 -0.138835
1541975547.865711 0.564888 1.443072 0.953348 0.125625 -0.341123 0.921125 -0.139218
1541975547.870688 0.564839 1.443325 0.953017 0.125717 -0.341475 0.921048 -0.138786
1541975547.875643 0.564751 1.443613 0.952716 0.125763 -0.342213 0.920736 -0.138997
1541975547.880613 0.564685 1.443937 0.95246 0.12593 -0.342758 0.920558 -0.138676
1541975547.885579 0.564587 1.444226 0.952185 0.126112 -0.343335 0.920316 -0.138687
1541975547.890553 0.564483 1.444604 0.951931 0.126328 -0.344423 0.919894 -0.138593
1541975547.895562 0.564374 1.444842 0.951679 0.126278 -0.344361 0.919895 -0.138792
1541975547.900558 0.564274 1.445118 0.951421 0.126297 -0.343892 0.919995 -0.139275
1541975547.905569 0.564118 1.445468 0.951199 0.126558 -0.344665 0.919667 -0.139291
1541975547.910567 0.563964 1.445794 0.950998 0.126557 -0.345105 0.919514 -0.13921
1541975547.915576 0.563814 1.446193 0.950751 0.126401 -0.34691 0.918801 -0.139573
1541975547.920569 0.563654 1.446488 0.950564 0.126338 -0.346182 0.919091 -0.139531
1541975547.925581 0.563451 1.446872 0.950402 0.126388 -0.347389 0.918706 -0.139022
1541975547.930575 0.563263 1.447218 0.950226 0.126258 -0.347911 0.918534 -0.13897
1541975547.935624 0.563042 1.447529 0.950063 0.126605 -0.347179 0.918858 -0.138342
1541975547.940645 0.562865 1.447891 0.949911 0.126339 -0.347192 0.919 -0.137605
1541975547.945641 0.562626 1.448238 0.949756 0.126411 -0.347265 0.918932 -0.137806
1541975547.950673 0.562391 1.448669 0.949593 0.126435 -0.348183 0.918709 -0.136952
1541975547.955672 0.562092 1.449096 0.949466 0.126767 -0.349108 0.918337 -0.136787
1541975547.960643 0.561814 1.449438 0.94935 0.126642 -0.348711 0.918622 -0.136003
1541975547.965591 0.561515 1.449854 0.949185 0.126363 -0.349708 0.918267 -0.136097
1541975547.970529 0.561219 1.450203 0.94908 0.125787 -0.349009 0.918716 -0.13539
1541975547.975475 0.560835 1.450658 0.949024 0.126016 -0.350226 0.918282 -0.134983
1541975547.980431 0.560417 1.451065 0.948964 0.126113 -0.350624 0.918291 -0.133793
1541975547.9854 0.56009 1.451438 0.948854 0.125722 -0.35041 0.918462 -0.133545
1541975547.990384 0.559655 1.451949 0.948852 0.125819 -0.351688 0.918087 -0.132673
1541975547.995385 0.559301 1.452312 0.948812 0.125131 -0.351349 0.918554 -0.130976
1541975548.0004 0.558872 1.452712 0.948729 0.125661 -0.351901 0.918258 -0.131064
1541975548.005421 0.558447 1.453065 0.948693 0.12515 -0.351453 0.918687 -0.129738
1541975548.010449 0.558007 1.45343 0.948662 0.124774 -0.351061 0.918982 -0.129074
1541975548.015481 0.55755 1.45386 0.948616 0.124443 -0.352231 0.918747 -0.127871
1541975548.020514 0.557101 1.454197 0.948604 0.124682 -0.351489 0.919208 -0.126357
1541975548.025543 0.556645 1.454562 0.948607 0.124596 -0.351297 0.919389 -0.125656
1541975548.030566 0.556201 1.454936 0.948567 0.124353 -0.351185 0.919609 -0.124599
1541975548.035584 0.555692 1.455309 0.948532 0.124158 -0.352313 0.919331 -0.123651
1541975548.040593 0.555155 1.455568 0.948521 0.123719 -0.351397 0.919945 -0.122122
1541975548.045593 0.554684 1.455892 0.948482 0.123435 -0.35151 0.920085 -0.121031
1541975548.050586 0.554174 1.45633 0.948446 0.123934 -0.353044 0.919495 -0.120537
1541975548.055575 0.553643 1.456578 0.948404 0.12346 -0.353122 0.919783 -0.118579
1541975548.06056 0.55309 1.456831 0.948366 0.123556 -0.352968 0.919942 -0.1177
1541975548.065543 0.552568 1.457017 0.948309 0.122964 -0.352079 0.920604 -0.115794
1541975548.070527 0.552025 1.457266 0.948254 0.122983 -0.352442 0.920655 -0.114254
1541975548.075514 0.55151 1.457405 0.948183 0.12251 -0.351129 0.921423 -0.112604
1541975548.080503 0.550912 1.45769 0.948106 0.122806 -0.353003 0.920884 -0.11082
1541975548.085496 0.550342 1.457926 0.94801 0.123073 -0.353782 0.920598 -0.11041
1541975548.09049 0.549832 1.458009 0.947906 0.12249 -0.353531 0.92091 -0.109257
1541975548.095492 0.549281 1.458036 0.947808 0.122195 -0.352794 0.921458 -0.107333
1541975548.100498 0.548719 1.458222 0.947662 0.122054 -0.353909 0.921131 -0.106627
1541975548.105505 0.548174 1.458285 0.947543 0.121961 -0.354169 0.921135 -0.105832
1541975548.110513 0.547623 1.458284 0.947386 0.121598 -0.353474 0.921619 -0.104343
1541975548.115522 0.547122 1.458285 0.947237 0.120818 -0.354188 0.921647 -0.102574
1541975548.120533 0.546609 1.458245 0.947092 0.121028 -0.35402 0.921703 -0.102399
1541975548.12554 0.54608 1.458234 0.946913 0.120807 -0.354553 0.921687 -0.100949
1541975548.130547 0.545531 1.458206 0.946768 0.120787 -0.354693 0.921799 -0.099454
1541975548.135556 0.545027 1.458082 0.946549 0.1206 -0.354863 0.921834 -0.098746
1541975548.140561 0.544566 1.457965 0.946291 0.11986 -0.355135 0.921947 -0.097607
1541975548.145565 0.544047 1.457843 0.946037 0.119638 -0.35581 0.921784 -0.096956
1541975548.150565 0.543534 1.457545 0.9458 0.118817 -0.354939 0.922358 -0.095691
1541975548.155557 0.543047 1.45739 0.9456 0.118699 -0.356023 0.922068 -0.0946
1541975548.160548 0.542581 1.457166 0.945289 0.118337 -0.356386 0.922002 -0.094332
1541975548.165539 0.542059 1.456886 0.94505 0.118094 -0.356976 0.921864 -0.093749
1541975548.17053 0.541624 1.456535 0.944794 0.117325 -0.356514 0.922247 -0.092705
1541975548.175522 0.541137 1.456244 0.944547 0.116838 -0.357672 0.921941 -0.091891
1541975548.180524 0.540579 1.455849 0.944391 0.116741 -0.357286 0.922248 -0.090424
1541975548.185535 0.540122 1.455525 0.944186 0.116877 -0.357594 0.922214 -0.089379
1541975548.190546 0.539666 1.455193 0.943907 0.116408 -0.36013 0.921284 -0.089399
1541975548.195555 0.539197 1.454664 0.943677 0.115501 -0.359 0.921896 -0.088809
1541975548.200573 0.538686 1.454198 0.943489 0.115374 -0.359301 0.921863 -0.08809
1541975548.205587 0.538158 1.453726 0.943341 0.115024 -0.359353 0.921959 -0.087334
1541975548.210606 0.53762 1.453181 0.943182 0.114787 -0.358477 0.922462 -0.085922
1541975548.21562 0.537113 1.452638 0.943028 0.114425 -0.358331 0.922707 -0.084368
1541975548.220628 0.536612 1.451913 0.942795 0.113091 -0.356814 0.923511 -0.083802
1541975548.225632 0.536126 1.451329 0.942634 0.112569 -0.356428 0.9238 -0.082951
1541975548.230628 0.535587 1.45064 0.942483 0.111548 -0.356534 0.924073 -0.080804
1541975548.23562 0.535088 1.449947 0.942301 0.110794 -0.355765 0.924447 -0.08095
1541975548.240606 0.534599 1.44925 0.942109 0.110064 -0.355127 0.924877 -0.07983
1541975548.245594 0.534087 1.44853 0.941969 0.109252 -0.354162 0.925416 -0.078984
1541975548.25058 0.533635 1.447745 0.941782 0.108464 -0.352736 0.92621 -0.077123
1541975548.255569 0.533156 1.44698 0.941576 0.107197 -0.352536 0.926488 -0.076463
1541975548.260562 0.532754 1.446105 0.941309 0.105569 -0.35071 0.927373 -0.076405
1541975548.265559 0.532336 1.445287 0.941098 0.104795 -0.351325 0.9273 -0.075522
1541975548.270556 0.531922 1.444504 0.940832 0.103713 -0.351193 0.927489 -0.075308
1541975548.275562 0.53153 1.443604 0.940534 0.102625 -0.350268 0.927984 -0.07501
1541975548.280569 0.531184 1.442728 0.940228 0.101303 -0.351293 0.927728 -0.075178
1541975548.285576 0.530783 1.441821 0.939949 0.100465 -0.351063 0.927948 -0.074663
1541975548.290584 0.530469 1.440812 0.93963 0.099741 -0.349136 0.928756 -0.074621
1541975548.295588 0.530198 1.439902 0.939366 0.098506 -0.350144 0.928553 -0.074055
1541975548.300596 0.529779 1.438856 0.939027 0.098073 -0.350084 0.928621 -0.074062
1541975548.305614 0.52949 1.437768 0.938734 0.096847 -0.348561 0.929345 -0.073784
1541975548.310627 0.52922 1.436737 0.938459 0.095673 -0.348892 0.929333 -0.073896
1541975548.315634 0.528836 1.435644 0.938163 0.095355 -0.348527 0.929543 -0.073395
1541975548.320635 0.528542 1.43461 0.937886 0.094646 -0.348546 0.929543 -0.074209
1541975548.325631 0.52825 1.433419 0.93763 0.093748 -0.347296 0.930168 -0.073375
1541975548.330623 0.527924 1.432175 0.93738 0.092838 -0.345129 0.931076 -0.073237
1541975548.335611 0.527599 1.431143 0.937166 0.092327 -0.346126 0.930777 -0.072985
1541975548.340598 0.527325 1.429956 0.936929 0.091199 -0.345185 0.931207 -0.073368
1541975548.345587 0.526957 1.428743 0.936682 0.090786 -0.344807 0.931367 -0.073633
1541975548.350573 0.526684 1.427612 0.936476 0.089361 -0.344172 0.931755 -0.073438
1541975548.35556 0.526375 1.426346 0.936248 0.088649 -0.34261 0.932402 -0.073386
1541975548.360551 0.525989 1.425186 0.936077 0.088119 -0.342746 0.932448 -0.072811
1541975548.365544 0.525732 1.423966 0.935861 0.087412 -0.3412 0.933044 -0.07328
1541975548.370541 0.525408 1.422743 0.935625 0.086629 -0.340845 0.933256 -0.073162
1541975548.375551 0.525034 1.421489 0.935483 0.085744 -0.3396 0.933789 -0.073193
1541975548.380562 0.52476 1.420193 0.935268 0.084577 -0.338303 0.934381 -0.073012
1541975548.385571 0.524426 1.41899 0.935064 0.083605 -0.33778 0.934627 -0.073391
1541975548.39058 0.524042 1.417805 0.934946 0.083457 -0.336666 0.935042 -0.073398
1541975548.395584 0.523775 1.416531 0.934721 0.082173 -0.335943 0.9354 -0.073596
1541975548.400588 0.523379 1.415404 0.934563 0.081253 -0.336247 0.935361 -0.073724
1541975548.405602 0.523064 1.414161 0.934376 0.080966 -0.335015 0.935799 -0.074093
1541975548.410615 0.522709 1.412939 0.934166 0.080311 -0.333096 0.936496 -0.074641
1541975548.415629 0.522422 1.411837 0.933994 0.078953 -0.334824 0.935994 -0.074667
1541975548.420636 0.521987 1.410645 0.933848 0.079358 -0.333292 0.93652 -0.074491
1541975548.42563 0.521568 1.409524 0.933678 0.078876 -0.332935 0.936672 -0.074691
1541975548.430617 0.52121 1.408527 0.933516 0.078622 -0.334456 0.936138 -0.07486
1541975548.435601 0.520692 1.407454 0.93339 0.079342 -0.334008 0.936217 -0.075103
1541975548.440589 0.520235 1.4063 0.933257 0.079426 -0.332348 0.936827 -0.074775
1541975548.445578 0.519835 1.405369 0.933166 0.079233 -0.334039 0.936167 -0.075713
1541975548.45057 0.519302 1.404497 0.933077 0.078691 -0.335865 0.935548 -0.075848
1541975548.455564 0.51878 1.403435 0.933033 0.079287 -0.334171 0.936165 -0.075089
1541975548.46056 0.518274 1.402496 0.932982 0.079429 -0.334275 0.936117 -0.07507
1541975548.465564 0.517753 1.401637 0.93298 0.078985 -0.334282 0.936175 -0.074788
1541975548.470568 0.517231 1.400734 0.933005 0.078939 -0.33376 0.936414 -0.074167
1541975548.475573 0.516683 1.399966 0.933062 0.078655 -0.334933 0.936011 -0.07428
1541975548.480576 0.516147 1.399114 0.933177 0.07874 -0.334174 0.936321 -0.07369
1541975548.485579 0.515635 1.398257 0.933313 0.078137 -0.332749 0.936915 -0.073228
1541975548.490578 0.515018 1.397461 0.933503 0.078234 -0.331549 0.937404 -0.072309
1541975548.495577 0.514465 1.396786 0.933746 0.078281 -0.331175 0.937537 -0.07225
1541975548.500571 0.513922 1.396033 0.933927 0.077133 -0.330263 0.937996 -0.071691
1541975548.505573 0.513344 1.395407 0.934194 0.077158 -0.330476 0.937938 -0.071453
1541975548.510569 0.512764 1.39479 0.934493 0.076886 -0.329763 0.938335 -0.06981
1541975548.515562 0.512162 1.394107 0.934825 0.076855 -0.327981 0.938933 -0.070193
1541975548.520556 0.511612 1.393603 0.935182 0.077284 -0.327573 0.939062 -0.069894
1541975548.525553 0.511077 1.393075 0.935577 0.077193 -0.326636 0.939489 -0.068625
1541975548.530553 0.510503 1.392496 0.935985 0.076897 -0.325248 0.940103 -0.067127
1541975548.535554 0.509957 1.39211 0.93635 0.077575 -0.32544 0.939994 -0.066952
1541975548.540557 0.509424 1.391724 0.936776 0.078014 -0.325771 0.939902 -0.066122
1541975548.545567 0.508881 1.391274 0.937207 0.078203 -0.324638 0.940332 -0.065351
1541975548.550576 0.508403 1.390901 0.9376 0.078755 -0.32378 0.940634 -0.064592
1541975548.555586 0.507947 1.390596 0.938012 0.079294 -0.323549 0.940746 -0.063453
1541975548.560594 0.507474 1.390212 0.938473 0.079815 -0.322374 0.941206 -0.061936
1541975548.5656 0.507071 1.390077 0.938874 0.080294 -0.323748 0.940671 -0.062269
1541975548.570604 0.506704 1.389738 0.939259 0.080519 -0.322328 0.941245 -0.060663
1541975548.575607 0.506384 1.389535 0.939661 0.080579 -0.322312 0.941305 -0.059719
1541975548.580607 0.506134 1.3894 0.940083 0.080807 -0.322382 0.941292 -0.059248
1541975548.585604 0.505895 1.389229 0.940466 0.08101 -0.321934 0.941475 -0.058488
1541975548.590595 0.505738 1.389115 0.940857 0.08132 -0.322141 0.941378 -0.058487
1541975548.595586 0.505659 1.388938 0.941287 0.080197 -0.321372 0.941805 -0.057378
1541975548.600578 0.505591 1.388811 0.941698 0.080344 -0.320762 0.942055 -0.056473
1541975548.605576 0.505583 1.388755 0.942051 0.081464 -0.320753 0.941942 -0.056803
1541975548.610576 0.50566 1.388713 0.942425 0.081166 -0.320595 0.942036 -0.05656
1541975548.615579 0.50574 1.388632 0.942809 0.081234 -0.319989 0.942269 -0.056006
1541975548.620578 0.505929 1.388605 0.94316 0.081232 -0.319189 0.942562 -0.055653
1541975548.625578 0.506205 1.388562 0.943453 0.081137 -0.318946 0.942624 -0.056131
1541975548.630579 0.506522 1.388536 0.943778 0.081144 -0.318535 0.942781 -0.055811
1541975548.635589 0.506869 1.388563 0.944098 0.081248 -0.318222 0.942896 -0.055501
1541975548.6406 0.507328 1.388534 0.94439 0.081059 -0.317268 0.943263 -0.055013
1541975548.64561 0.507859 1.388611 0.944645 0.080749 -0.31789 0.943104 -0.054598
1541975548.650613 0.50839 1.38868 0.944883 0.081159 -0.318023 0.943013 -0.054788
1541975548.65561 0.509038 1.388694 0.945091 0.08095 -0.316862 0.943464 -0.054048
1541975548.660606 0.509833 1.388802 0.945248 0.079556 -0.317299 0.943439 -0.053995
1541975548.665599 0.510476 1.388818 0.945395 0.080427 -0.316311 0.943716 -0.053656
1541975548.670587 0.511305 1.388921 0.945524 0.080224 -0.31616 0.9438 -0.053366
1541975548.675578 0.51219 1.388966 0.945598 0.079398 -0.316174 0.943876 -0.053182
1541975548.680568 0.513132 1.389044 0.945628 0.079683 -0.316249 0.943779 -0.054027
1541975548.685561 0.514215 1.389109 0.945608 0.07904 -0.316528 0.943743 -0.053956
1541975548.690557 0.515262 1.389157 0.945622 0.07888 -0.31551 0.944106 -0.053813
1541975548.695554 0.516532 1.389196 0.945545 0.077952 -0.31552 0.944171 -0.053964
1541975548.700555 0.517837 1.389291 0.945467 0.077454 -0.315761 0.944086 -0.054759
1541975548.705569 0.519165 1.389345 0.945325 0.076742 -0.315624 0.944147 -0.05548
1541975548.710586 0.520719 1.38926 0.945155 0.075369 -0.313691 0.944917 -0.055231
1541975548.715601 0.522161 1.389366 0.944969 0.075361 -0.314533 0.944596 -0.055929
1541975548.720612 0.523798 1.389432 0.944703 0.074717 -0.31555 0.944218 -0.057432
1541975548.725619 0.525545 1.389465 0.944475 0.072859 -0.315394 0.944359 -0.05834
1541975548.730627 0.527237 1.389445 0.944203 0.072473 -0.314809 0.944517 -0.059416
1541975548.735641 0.529004 1.38948 0.943876 0.072318 -0.315545 0.944207 -0.060621
1541975548.740654 0.530876 1.389463 0.943588 0.071462 -0.314612 0.944557 -0.061031
1541975548.745658 0.532801 1.389475 0.943264 0.07051 -0.314875 0.944394 -0.063257
1541975548.750653 0.534819 1.389527 0.942914 0.069605 -0.315386 0.944234 -0.0641
1541975548.755642 0.53687 1.389458 0.942588 0.06875 -0.314141 0.944692 -0.064391
1541975548.760625 0.539041 1.389552 0.942193 0.067447 -0.315082 0.944282 -0.067123
1541975548.765611 0.54118 1.389464 0.941887 0.066641 -0.313936 0.944647 -0.06816
1541975548.770598 0.543386 1.389563 0.941515 0.066068 -0.314618 0.944351 -0.069645
1541975548.775585 0.545666 1.389604 0.941155 0.065211 -0.315417 0.943934 -0.072446
1541975548.780573 0.547961 1.389637 0.940842 0.06466 -0.315112 0.943974 -0.073728
1541975548.785565 0.550321 1.389784 0.94054 0.064094 -0.315454 0.943783 -0.07519
1541975548.790558 0.552723 1.389746 0.940197 0.063008 -0.314668 0.943963 -0.077118
1541975548.795557 0.55515 1.389855 0.93989 0.062496 -0.314824 0.943782 -0.079093
1541975548.800564 0.557591 1.39001 0.939599 0.061755 -0.316206 0.943194 -0.081146
1541975548.805581 0.560123 1.390047 0.93924 0.060612 -0.315931 0.943167 -0.083364
1541975548.810597 0.562647 1.390124 0.938939 0.059741 -0.315712 0.943156 -0.084928
1541975548.815609 0.565153 1.390214 0.938653 0.058711 -0.315631 0.943031 -0.08731
1541975548.820622 0.567732 1.390328 0.938345 0.057422 -0.316477 0.942611 -0.089608
1541975548.82563 0.570359 1.390445 0.938088 0.056985 -0.315573 0.942704 -0.092068
1541975548.830629 0.573008 1.390609 0.937834 0.056449 -0.315725 0.942374 -0.095193
1541975548.835633 0.575695 1.390767 0.937557 0.054928 -0.315883 0.942144 -0.097804
1541975548.840635 0.578351 1.39097 0.937332 0.054479 -0.316393 0.941734 -0.10032
1541975548.845631 0.580975 1.391173 0.937125 0.05416 -0.316914 0.941322 -0.102686
1541975548.850628 0.583653 1.391285 0.936895 0.053079 -0.315602 0.941451 -0.106059
1541975548.855621 0.586404 1.391448 0.936733 0.052091 -0.314526 0.941545 -0.108869
1541975548.860612 0.589119 1.391768 0.936529 0.051235 -0.316134 0.940741 -0.111537
1541975548.865607 0.591916 1.392086 0.936378 0.050193 -0.316894 0.940185 -0.114509
1541975548.870604 0.594633 1.392308 0.936222 0.049249 -0.316346 0.940083 -0.117237
1541975548.875597 0.597358 1.392624 0.936076 0.048262 -0.316938 0.939553 -0.120259
1541975548.880588 0.600089 1.3929 0.935993 0.047495 -0.316686 0.939255 -0.123509
1541975548.885579 0.60275 1.393279 0.935974 0.047367 -0.316487 0.938921 -0.126567
1541975548.890566 0.605486 1.393623 0.935903 0.04689 -0.316442 0.938478 -0.130094
1541975548.895556 0.608232 1.393991 0.935901 0.046374 -0.316024 0.93829 -0.132628
1541975548.900551 0.610937 1.394413 0.935903 0.045935 -0.315552 0.938043 -0.135614
1541975548.905559 0.613602 1.394881 0.935886 0.045747 -0.31568 0.937536 -0.13885
1541975548.910567 0.616251 1.395359 0.935954 0.04546 -0.315257 0.937256 -0.141766
1541975548.915575 0.618861 1.395852 0.936027 0.045623 -0.315162 0.936798 -0.144914
1541975548.920585 0.621511 1.396403 0.936142 0.044981 -0.31434 0.93668 -0.147639
1541975548.92559 0.624119 1.39701 0.936237 0.044988 -0.315194 0.935916 -0.150629
1541975548.930587 0.626653 1.397589 0.936392 0.044649 -0.315071 0.935513 -0.153466
1541975548.935581 0.629262 1.398248 0.936541 0.044515 -0.31509 0.934965 -0.156774
1541975548.940572 0.631796 1.398944 0.936741 0.044656 -0.315096 0.934456 -0.159726
1541975548.94556 0.634331 1.399656 0.936925 0.044302 -0.314842 0.93412 -0.162272
1541975548.950543 0.636814 1.400325 0.937191 0.044094 -0.314532 0.933763 -0.164961
1541975548.955528 0.639344 1.401063 0.937423 0.043926 -0.31339 0.933549 -0.168356
1541975548.960519 0.641826 1.401885 0.937666 0.043873 -0.313835 0.932892 -0.171156
1541975548.965513 0.644232 1.402645 0.93795 0.044316 -0.312613 0.932743 -0.174065
1541975548.970508 0.646631 1.403498 0.938219 0.044635 -0.31206 0.9324 -0.176793
1541975548.975513 0.649013 1.404416 0.93855 0.044273 -0.311805 0.932016 -0.17934
1541975548.98052 0.651349 1.405295 0.938819 0.044636 -0.312071 0.931277 -0.182599
1541975548.98553 0.653629 1.406197 0.939153 0.04508 -0.311518 0.930775 -0.185962
1541975548.99054 0.655967 1.40717 0.939464 0.044975 -0.311576 0.93016 -0.188942
1541975548.99555 0.658314 1.408126 0.939759 0.045206 -0.310171 0.929923 -0.192335
1541975549.000557 0.660531 1.409088 0.94002 0.045308 -0.3104 0.929185 -0.195484
1541975549.005562 0.662763 1.410122 0.940294 0.045469 -0.311318 0.928203 -0.198629
1541975549.010566 0.664893 1.411146 0.940607 0.045996 -0.310821 0.927757 -0.201349
1541975549.015568 0.667029 1.412196 0.940896 0.046466 -0.310489 0.927203 -0.204284
1541975549.020568 0.669196 1.413188 0.94114 0.046403 -0.309701 0.926868 -0.206997
1541975549.025564 0.671283 1.414246 0.941399 0.047396 -0.31025 0.925927 -0.210139
1541975549.030567 0.673281 1.415339 0.94171 0.048726 -0.310269 0.925355 -0.212313
1541975549.035582 0.675327 1.416368 0.94194 0.049481 -0.30971 0.924739 -0.215614
1541975549.040599 0.677369 1.417489 0.942182 0.049927 -0.310225 0.923836 -0.218621
1541975549.04562 0.679306 1.418643 0.942416 0.05112 -0.310921 0.922754 -0.221901
1541975549.050631 0.681237 1.419662 0.942628 0.05209 -0.30979 0.922466 -0.224438
1541975549.055636 0.683191 1.420795 0.942873 0.053264 -0.309492 0.921818 -0.227222
1541975549.060635 0.685026 1.421957 0.943099 0.054351 -0.309762 0.921066 -0.229632
1541975549.065627 0.686819 1.423132 0.943309 0.055335 -0.3108 0.919991 -0.23229
1541975549.070612 0.688607 1.424262 0.943542 0.0562 -0.310266 0.91936 -0.235273
1541975549.075598 0.690329 1.425389 0.943738 0.057029 -0.310575 0.918502 -0.238001
1541975549.080579 0.692009 1.426483 0.943884 0.057362 -0.310758 0.91762 -0.241064
1541975549.085562 0.693553 1.427692 0.944179 0.059026 -0.312025 0.916483 -0.243343
1541975549.090549 0.69508 1.428799 0.944356 0.059784 -0.31227 0.915544 -0.246358
1541975549.095542 0.696575 1.430017 0.944585 0.060037 -0.313338 0.914475 -0.248898
1541975549.100535 0.697955 1.431051 0.944837 0.06097 -0.312185 0.914217 -0.251058
1541975549.105544 0.69926 1.432227 0.945054 0.062048 -0.314147 0.912737 -0.253719
1541975549.110554 0.700445 1.433273 0.945297 0.063027 -0.313978 0.912111 -0.255928
1541975549.115564 0.70161 1.434259 0.945468 0.063499 -0.313795 0.911353 -0.258721
1541975549.120571 0.702654 1.435292 0.94571 0.064755 -0.313454 0.910768 -0.260874
1541975549.125577 0.703521 1.436426 0.945919 0.065838 -0.315191 0.909665 -0.262354
1541975549.130583 0.704375 1.437408 0.946144 0.066579 -0.315023 0.909021 -0.264591
1541975549.135597 0.705088 1.438347 0.946362 0.067753 -0.314704 0.908703 -0.265763
1541975549.140608 0.705732 1.439322 0.946502 0.067735 -0.314956 0.908124 -0.267442
1541975549.145611 0.706202 1.440295 0.946677 0.069006 -0.315806 0.907377 -0.268647
1541975549.15061 0.706552 1.441146 0.946842 0.070169 -0.315973 0.907012 -0.26938
1541975549.155609 0.706833 1.44203 0.947002 0.070853 -0.315772 0.906924 -0.269737
1541975549.160602 0.706964 1.442943 0.947171 0.072179 -0.316719 0.906269 -0.270472
1541975549.165591 0.707021 1.443871 0.947349 0.073212 -0.318007 0.905724 -0.270511
1541975549.170582 0.707 1.444707 0.947509 0.074452 -0.317985 0.905456 -0.271093
1541975549.175574 0.706861 1.44558 0.947638 0.075259 -0.318816 0.90523 -0.270649
1541975549.180563 0.706683 1.446384 0.947766 0.075938 -0.318379 0.90525 -0.270907
1541975549.185555 0.706365 1.447234 0.947901 0.077051 -0.319887 0.904498 -0.271329
1541975549.190549 0.705919 1.448095 0.948065 0.07854 -0.320726 0.904402 -0.27023
1541975549.195553 0.705446 1.448853 0.94823 0.079508 -0.320634 0.904562 -0.269518
1541975549.20056 0.704901 1.449677 0.948377 0.080178 -0.321023 0.904449 -0.269234
1541975549.205571 0.704269 1.450617 0.948583 0.081016 -0.322763 0.904086 -0.268122
1541975549.210578 0.703581 1.451305 0.948655 0.081927 -0.322679 0.904139 -0.267765
1541975549.215583 0.702787 1.452191 0.948813 0.08309 -0.324099 0.903942 -0.266356
1541975549.220588 0.702019 1.452976 0.949003 0.083714 -0.323042 0.904465 -0.265667
1541975549.225591 0.701135 1.45377 0.949167 0.084856 -0.323437 0.904493 -0.264727
1541975549.230591 0.700223 1.454653 0.949283 0.085341 -0.325038 0.904249 -0.263441
1541975549.2356 0.699301 1.455428 0.949483 0.086098 -0.324187 0.904613 -0.262994
1541975549.240607 0.69824 1.456263 0.949637 0.087396 -0.325531 0.904412 -0.261592
1541975549.245607 0.697211 1.45711 0.949731 0.087603 -0.326199 0.904439 -0.260594
1541975549.250605 0.696142 1.457938 0.949962 0.088686 -0.325595 0.905011 -0.258995
1541975549.255602 0.694962 1.458838 0.950069 0.089357 -0.327413 0.904516 -0.258199
1541975549.260602 0.693858 1.459636 0.950225 0.089976 -0.326558 0.905223 -0.256584
1541975549.2656 0.692598 1.460574 0.950349 0.090613 -0.328704 0.904788 -0.255149
1541975549.270595 0.691427 1.461483 0.950465 0.090345 -0.329641 0.904628 -0.254603
1541975549.275591 0.690043 1.462342 0.950651 0.092342 -0.329516 0.905111 -0.25232
1541975549.280587 0.688766 1.463138 0.950724 0.092577 -0.328761 0.905905 -0.250363
1541975549.285583 0.687337 1.464147 0.950815 0.093641 -0.331512 0.905329 -0.248416
1541975549.29058 0.685992 1.465003 0.950891 0.094109 -0.330665 0.906062 -0.246689
1541975549.295581 0.684547 1.46592 0.950913 0.094167 -0.331801 0.906145 -0.24483
1541975549.300576 0.683091 1.466819 0.950977 0.094994 -0.332702 0.906188 -0.243123
1541975549.305568 0.681613 1.467749 0.95097 0.09553 -0.333522 0.906342 -0.241206
1541975549.310559 0.680063 1.4687 0.951012 0.096645 -0.334814 0.906401 -0.238739
1541975549.315557 0.678592 1.469589 0.950974 0.096315 -0.334262 0.907104 -0.236968
1541975549.320556 0.67706 1.470521 0.950952 0.097469 -0.334564 0.90745 -0.234737
1541975549.325554 0.675478 1.471474 0.950879 0.097679 -0.335261 0.907769 -0.23241
1541975549.330559 0.673959 1.472463 0.95084 0.097771 -0.33579 0.907995 -0.230719
1541975549.335576 0.672314 1.473403 0.950766 0.098882 -0.336754 0.908279 -0.227702
1541975549.340592 0.670708 1.474332 0.950591 0.098688 -0.336907 0.908602 -0.226268
1541975549.345605 0.669038 1.475226 0.950404 0.098618 -0.336412 0.909325 -0.224119
1541975549.350604 0.667464 1.476282 0.950273 0.09892 -0.337636 0.909537 -0.221267
1541975549.355598 0.665927 1.477267 0.950053 0.098088 -0.337825 0.90998 -0.219522
1541975549.36059 0.664285 1.478409 0.949844 0.097952 -0.341453 0.909036 -0.217872
1541975549.365584 0.662672 1.479321 0.949647 0.098628 -0.340919 0.909751 -0.215405
1541975549.37057 0.661123 1.480298 0.949363 0.098043 -0.341256 0.910058 -0.213836
1541975549.375557 0.65946 1.48135 0.949133 0.098386 -0.343408 0.909859 -0.211063
1541975549.380549 0.657879 1.482417 0.94888 0.097951 -0.34502 0.9097 -0.209315
1541975549.385543 0.656273 1.483422 0.948576 0.098103 -0.346211 0.909591 -0.207746
1541975549.390531 0.654782 1.484395 0.948307 0.0975 -0.345438 0.910374 -0.205877
1541975549.395533 0.653119 1.485479 0.948055 0.098782 -0.347921 0.909929 -0.203032
1541975549.400535 0.651615 1.486463 0.947711 0.09833 -0.347412 0.910503 -0.201545
1541975549.405535 0.650053 1.487584 0.947354 0.098102 -0.350917 0.909526 -0.199986
1541975549.410539 0.64851 1.488682 0.947085 0.098241 -0.352205 0.909399 -0.198224
1541975549.415548 0.647002 1.489701 0.946695 0.097899 -0.352711 0.909619 -0.196478
1541975549.420559 0.645519 1.490743 0.946351 0.097739 -0.353451 0.909694 -0.194875
1541975549.425568 0.643956 1.49183 0.946041 0.098689 -0.355666 0.909202 -0.192648
1541975549.430572 0.642489 1.492839 0.945636 0.098375 -0.355511 0.909599 -0.191217
1541975549.435581 0.641058 1.494011 0.945355 0.098621 -0.35672 0.909531 -0.189149
1541975549.44059 0.639643 1.495 0.944911 0.097921 -0.356936 0.90965 -0.188535
1541975549.445598 0.638238 1.496181 0.944594 0.09858 -0.358844 0.909201 -0.186727
1541975549.450599 0.636833 1.49731 0.944246 0.098689 -0.361465 0.908451 -0.18526
1541975549.455597 0.635469 1.498369 0.943887 0.098703 -0.361877 0.908561 -0.1839
1541975549.460594 0.634106 1.499479 0.943547 0.098976 -0.363032 0.908377 -0.182379
1541975549.465591 0.632852 1.500632 0.94319 0.098402 -0.363742 0.908329 -0.181513
1541975549.470584 0.631592 1.501763 0.942843 0.098837 -0.363914 0.908581 -0.179663
1541975549.475583 0.63035 1.502972 0.942476 0.098823 -0.366809 0.907462 -0.179439
1541975549.48058 0.629118 1.50409 0.942112 0.098897 -0.367631 0.907451 -0.177765
1541975549.485577 0.627886 1.505335 0.941741 0.098963 -0.370131 0.906661 -0.176565
1541975549.490574 0.626704 1.506268 0.941374 0.099191 -0.368101 0.907811 -0.174763
1541975549.495574 0.625562 1.507441 0.941007 0.099237 -0.369962 0.907233 -0.173808
1541975549.500574 0.624455 1.508616 0.940627 0.099063 -0.37176 0.906615 -0.173292
1541975549.505574 0.623333 1.509758 0.940324 0.099659 -0.372075 0.906563 -0.172542
1541975549.510574 0.62226 1.510965 0.939928 0.099041 -0.374274 0.905983 -0.171183
1541975549.515574 0.621341 1.512108 0.939572 0.099075 -0.374799 0.905755 -0.171226
1541975549.52057 0.620301 1.513296 0.939272 0.099339 -0.376628 0.905151 -0.17025
1541975549.525567 0.619412 1.51444 0.938911 0.099652 -0.377764 0.904818 -0.169319
1541975549.530563 0.61854 1.515523 0.938614 0.099574 -0.378558 0.904446 -0.169578
1541975549.535562 0.617786 1.516786 0.938314 0.10133 -0.379123 0.904262 -0.168252
1541975549.540565 0.61701 1.517956 0.937965 0.102231 -0.38112 0.903038 -0.169759
1541975549.545575 0.616273 1.519191 0.937678 0.103191 -0.382476 0.902324 -0.169929
1541975549.550581 0.615549 1.52023 0.937395 0.104507 -0.383008 0.901847 -0.170455
1541975549.555587 0.614794 1.521335 0.937218 0.105174 -0.383643 0.901444 -0.170751
1541975549.560589 0.614164 1.522456 0.936951 0.106119 -0.38463 0.90101 -0.170234
1541975549.565589 0.613613 1.523567 0.936719 0.105366 -0.384983 0.900923 -0.170366
1541975549.570589 0.613127 1.524763 0.936424 0.10617 -0.38664 0.900049 -0.170735
1541975549.575582 0.612659 1.525899 0.936189 0.105783 -0.387946 0.899437 -0.171236
1541975549.580573 0.612146 1.526931 0.93591 0.106565 -0.387506 0.899366 -0.172114
1541975549.585563 0.611718 1.528074 0.935665 0.107387 -0.389762 0.898127 -0.172979
1541975549.590555 0.611326 1.529084 0.935414 0.107445 -0.389103 0.898263 -0.173721
1541975549.595547 0.611009 1.530242 0.93518 0.108568 -0.390354 0.897512 -0.174093
1541975549.600545 0.610752 1.531317 0.934968 0.108579 -0.390847 0.897216 -0.174508
1541975549.605544 0.610594 1.532571 0.934709 0.107783 -0.393382 0.896162 -0.174718
1541975549.610545 0.61043 1.533661 0.934513 0.108292 -0.393196 0.895995 -0.175676
1541975549.615548 0.610213 1.53479 0.934298 0.10836 -0.396323 0.894515 -0.176154
1541975549.620553 0.610008 1.535786 0.934133 0.109093 -0.395947 0.894443 -0.176908
1541975549.625556 0.609879 1.536812 0.933967 0.109149 -0.396762 0.893885 -0.177866
1541975549.630557 0.60983 1.537847 0.933796 0.109692 -0.397077 0.893542 -0.178552
1541975549.635564 0.609665 1.538807 0.933657 0.110378 -0.398184 0.892679 -0.179974
1541975549.640586 0.609623 1.53989 0.933486 0.111623 -0.399726 0.891653 -0.180872
1541975549.645612 0.60959 1.540746 0.933337 0.111962 -0.398497 0.892118 -0.181081
1541975549.650633 0.609586 1.541699 0.933174 0.112179 -0.399814 0.891246 -0.182332
1541975549.65565 0.609597 1.542656 0.93308 0.112844 -0.399523 0.890966 -0.183922
1541975549.660657 0.609632 1.543518 0.932955 0.112569 -0.399871 0.890572 -0.185239
1541975549.665656 0.609703 1.544554 0.932817 0.112189 -0.402206 0.889191 -0.187035
1541975549.670647 0.609742 1.545375 0.932729 0.11261 -0.401278 0.889279 -0.188355
1541975549.675633 0.609784 1.54633 0.932654 0.112773 -0.403158 0.888318 -0.18878
1541975549.680615 0.609824 1.547125 0.932598 0.113349 -0.40248 0.888231 -0.190283
1541975549.685596 0.609911 1.547997 0.932574 0.113605 -0.403226 0.887641 -0.191302
1541975549.690577 0.609906 1.548816 0.932515 0.113834 -0.403894 0.887105 -0.192239
1541975549.695565 0.609994 1.549641 0.932516 0.11342 -0.404453 0.886645 -0.193425
1541975549.700554 0.610068 1.55038 0.932476 0.112723 -0.404295 0.886505 -0.194802
1541975549.70554 0.610132 1.551245 0.932501 0.112354 -0.40605 0.885569 -0.195618
1541975549.710528 0.610142 1.551901 0.932519 0.111922 -0.406197 0.885198 -0.197235
1541975549.715527 0.610187 1.552659 0.932533 0.112108 -0.406643 0.885046 -0.196893
1541975549.72053 0.610157 1.553312 0.932554 0.112287 -0.407019 0.88458 -0.198105
1541975549.725538 0.610153 1.553842 0.93257 0.112228 -0.406746 0.884466 -0.199204
1541975549.730547 0.610134 1.554511 0.932621 0.112698 -0.407617 0.884106 -0.198755
1541975549.73556 0.610153 1.555079 0.932631 0.112323 -0.406489 0.884484 -0.199593
1541975549.740574 0.610106 1.555562 0.932658 0.112416 -0.406817 0.884113 -0.200518
1541975549.745597 0.610113 1.556078 0.932711 0.112552 -0.406731 0.884027 -0.200994
1541975549.750615 0.610122 1.556645 0.932773 0.112712 -0.407643 0.883458 -0.201557
1541975549.755628 0.610075 1.557123 0.932843 0.112574 -0.408738 0.882937 -0.2017
1541975549.760633 0.610077 1.557597 0.932907 0.112997 -0.409156 0.882653 -0.201858
1541975549.765629 0.610031 1.557916 0.932933 0.113391 -0.408572 0.882817 -0.202102
1541975549.770617 0.610013 1.558375 0.932961 0.113102 -0.410638 0.881959 -0.201823
1541975549.775609 0.609971 1.558616 0.932978 0.112773 -0.410034 0.882225 -0.202072
1541975549.780601 0.609901 1.559023 0.93302 0.112934 -0.411275 0.881755 -0.20151
1541975549.785594 0.609871 1.559319 0.933059 0.112576 -0.411463 0.881624 -0.2019
1541975549.790583 0.609781 1.559524 0.933077 0.112588 -0.41087 0.881938 -0.201731
1541975549.795575 0.609681 1.55967 0.933085 0.112734 -0.410435 0.88213 -0.201692
1541975549.800568 0.609586 1.559848 0.933094 0.112919 -0.410858 0.881926 -0.201622
1541975549.805557 0.60949 1.559978 0.933086 0.112729 -0.411008 0.882 -0.201098
1541975549.810551 0.60939 1.560032 0.933087 0.112768 -0.410999 0.882105 -0.200637
1541975549.815548 0.6093 1.560091 0.933066 0.112899 -0.411323 0.882034 -0.200209
1541975549.820545 0.609195 1.560105 0.933068 0.112777 -0.411516 0.882029 -0.199902
1541975549.825546 0.609096 1.56008 0.933073 0.112803 -0.411687 0.882034 -0.199511
1541975549.830546 0.609036 1.560047 0.933069 0.112636 -0.41177 0.882046 -0.199382
1541975549.835548 0.608944 1.559922 0.93306 0.112452 -0.411422 0.882369 -0.198774
1541975549.840551 0.608863 1.55976 0.933078 0.112332 -0.411154 0.882672 -0.198049
1541975549.84557 0.608797 1.559619 0.933081 0.112146 -0.411317 0.882727 -0.197572
1541975549.850586 0.608765 1.559447 0.933096 0.111917 -0.411159 0.882879 -0.197353
1541975549.855605 0.60873 1.559191 0.933125 0.111173 -0.410864 0.88321 -0.196905
1541975549.860617 0.608697 1.558913 0.933138 0.110945 -0.41034 0.883507 -0.196793
1541975549.865622 0.608711 1.558605 0.933151 0.110635 -0.409693 0.883927 -0.19643
1541975549.870617 0.608755 1.558282 0.933186 0.110409 -0.408885 0.884478 -0.19576
1541975549.875606 0.608802 1.558049 0.933243 0.110269 -0.409556 0.884261 -0.195414
1541975549.880589 0.608847 1.557665 0.93327 0.110091 -0.409302 0.884453 -0.195177
1541975549.885569 0.608952 1.557318 0.933297 0.109802 -0.408949 0.884591 -0.195458
1541975549.890547 0.609071 1.556886 0.933334 0.109574 -0.408255 0.884888 -0.195691
1541975549.895534 0.609201 1.5564 0.933418 0.109359 -0.407336 0.8854 -0.195407
1541975549.900527 0.609336 1.556068 0.933514 0.109187 -0.408205 0.885123 -0.194948
1541975549.90552 0.609502 1.555575 0.933566 0.109084 -0.407066 0.885523 -0.195569
1541975549.910516 0.609688 1.555001 0.933642 0.108359 -0.405384 0.886347 -0.195732
1541975549.915518 0.609867 1.554518 0.933793 0.10816 -0.405352 0.886455 -0.19542
1541975549.920539 0.610064 1.554103 0.933939 0.107746 -0.405905 0.886182 -0.195736
1541975549.925561 0.610298 1.553582 0.93401 0.107941 -0.405988 0.88599 -0.196327
1541975549.930581 0.610567 1.552971 0.934118 0.107916 -0.404026 0.886871 -0.196409
1541975549.935594 0.610783 1.552443 0.934304 0.107585 -0.403962 0.887067 -0.195836
1541975549.940599 0.611054 1.551907 0.934471 0.107507 -0.404389 0.886742 -0.19647
1541975549.945598 0.611312 1.551267 0.934568 0.107765 -0.402947 0.887241 -0.197038
1541975549.95059 0.611557 1.550582 0.934705 0.108117 -0.401691 0.888067 -0.195684
1541975549.955584 0.611859 1.549916 0.934838 0.10707 -0.400679 0.888343 -0.197077
1541975549.960572 0.612137 1.54933 0.935006 0.106939 -0.400394 0.888496 -0.197035
1541975549.965558 0.612426 1.548696 0.935142 0.106606 -0.399757 0.888942 -0.196497
1541975549.970545 0.612738 1.548001 0.935214 0.106514 -0.398994 0.889001 -0.197826
1541975549.975544 0.612979 1.54726 0.935394 0.106197 -0.39759 0.889793 -0.197262
1541975549.980545 0.613243 1.546607 0.935567 0.105575 -0.398278 0.889544 -0.197333
1541975549.985551 0.613509 1.545842 0.935687 0.105347 -0.396851 0.889999 -0.198277
1541975549.990557 0.613751 1.545198 0.935855 0.105623 -0.397364 0.889884 -0.197615
1541975549.995562 0.613959 1.544397 0.935983 0.105517 -0.397107 0.889841 -0.198382
1541975550.000566 0.614181 1.543577 0.936134 0.105447 -0.396171 0.890321 -0.198138
1541975550.005563 0.61439 1.542725 0.936232 0.105126 -0.395405 0.890724 -0.198028
1541975550.010558 0.614619 1.541906 0.936296 0.105638 -0.394888 0.890836 -0.198282
1541975550.015556 0.614833 1.54101 0.936392 0.104686 -0.394036 0.891443 -0.197752
1541975550.020558 0.615086 1.54008 0.936484 0.104334 -0.392129 0.892179 -0.19841
1541975550.025563 0.615256 1.539219 0.936489 0.104119 -0.392362 0.892074 -0.198535
1541975550.030567 0.615458 1.538331 0.936547 0.104254 -0.391876 0.89243 -0.19782
1541975550.035569 0.615617 1.537408 0.936601 0.103958 -0.391902 0.892472 -0.197735
1541975550.040568 0.615823 1.53637 0.936639 0.103678 -0.390429 0.893327 -0.196936
1541975550.045564 0.615993 1.535301 0.936583 0.102807 -0.388764 0.894046 -0.19742
1541975550.050558 0.616191 1.534244 0.936587 0.102241 -0.387697 0.89461 -0.197258
1541975550.055551 0.616332 1.533287 0.936618 0.1024 -0.387746 0.894601 -0.197118
1541975550.060544 0.616426 1.532127 0.936596 0.102221 -0.386155 0.895348 -0.196946
1541975550.065539 0.616647 1.530995 0.936531 0.100947 -0.385792 0.895617 -0.197089
1541975550.070535 0.616848 1.52987 0.936507 0.100008 -0.384694 0.89605 -0.197747
1541975550.075532 0.61687 1.528757 0.936451 0.100085 -0.385212 0.895776 -0.19794
1541975550.080532 0.617007 1.527464 0.936414 0.099574 -0.383061 0.896835 -0.197576
1541975550.085534 0.617184 1.52625 0.936353 0.0988 -0.382525 0.897298 -0.196899
1541975550.090536 0.617308 1.52507 0.936315 0.09881 -0.382697 0.897156 -0.197206
1541975550.095542 0.617393 1.523815 0.936218 0.098894 -0.382452 0.897335 -0.196826
1541975550.100548 0.617539 1.522445 0.936092 0.097713 -0.381372 0.897849 -0.197166
1541975550.105555 0.6176 1.521037 0.936009 0.097798 -0.379404 0.898545 -0.197752
1541975550.110559 0.617635 1.519696 0.935877 0.097446 -0.379166 0.898877 -0.196869
1541975550.115565 0.61765 1.518321 0.935807 0.09768 -0.378471 0.899165 -0.196778
1541975550.120564 0.617712 1.516888 0.93573 0.097383 -0.376954 0.899826 -0.196811
1541975550.125561 0.617691 1.515434 0.935647 0.097544 -0.37654 0.900205 -0.195789
1541975550.130558 0.617776 1.514018 0.935459 0.096868 -0.375498 0.900498 -0.196777
1541975550.135554 0.617793 1.512489 0.935305 0.09688 -0.374702 0.900963 -0.19616
1541975550.140546 0.617759 1.510993 0.935197 0.096358 -0.374447 0.90113 -0.196136
1541975550.145539 0.617812 1.509476 0.935028 0.095837 -0.372754 0.901819 -0.196447
1541975550.150532 0.617819 1.507995 0.934938 0.096469 -0.372648 0.902032 -0.195361
1541975550.155526 0.617904 1.506419 0.934741 0.094937 -0.373121 0.902004 -0.195338
1541975550.160521 0.617894 1.50477 0.934566 0.095354 -0.3708 0.903019 -0.194862
1541975550.165518 0.617837 1.503146 0.934413 0.09529 -0.370313 0.903181 -0.195069
1541975550.170515 0.617917 1.501488 0.934205 0.094785 -0.369664 0.903475 -0.195186
1541975550.175518 0.617828 1.499955 0.934103 0.095828 -0.369045 0.903705 -0.194782
1541975550.180523 0.617881 1.498207 0.933843 0.094374 -0.367139 0.904509 -0.195359
1541975550.185528 0.617756 1.496536 0.933747 0.094924 -0.367686 0.904476 -0.194213
1541975550.190534 0.617775 1.49478 0.933594 0.093903 -0.366642 0.905222 -0.193206
1541975550.195549 0.61765 1.492951 0.933398 0.093908 -0.364421 0.906094 -0.193319
1541975550.200574 0.617602 1.491269 0.933279 0.093409 -0.36467 0.906024 -0.193419
1541975550.205597 0.617549 1.48956 0.933115 0.093095 -0.364471 0.906061 -0.193774
1541975550.21061 0.617371 1.487754 0.933007 0.093371 -0.362961 0.906877 -0.192656
1541975550.215615 0.617316 1.485958 0.932789 0.092223 -0.362228 0.907229 -0.192928
1541975550.220621 0.617136 1.484198 0.932712 0.092534 -0.361302 0.907619 -0.192679
1541975550.225624 0.617015 1.482407 0.932536 0.092058 -0.360963 0.907832 -0.192538
1541975550.230622 0.616827 1.480545 0.932354 0.091854 -0.359792 0.908444 -0.191944
1541975550.235619 0.61669 1.478724 0.932264 0.092477 -0.35856 0.908946 -0.191573
1541975550.240613 0.61651 1.476885 0.932045 0.091423 -0.358432 0.908971 -0.1922
1541975550.245605 0.616289 1.475027 0.931916 0.091995 -0.357575 0.909412 -0.191433
1541975550.250594 0.616124 1.473154 0.931722 0.091885 -0.356669 0.909731 -0.19166
1541975550.255584 0.615943 1.471236 0.931622 0.091209 -0.354846 0.910671 -0.190902
1541975550.260575 0.61568 1.469381 0.931507 0.091135 -0.354388 0.910855 -0.190911
1541975550.265565 0.615396 1.467481 0.931343 0.09188 -0.353767 0.911209 -0.190013
1541975550.270555 0.615176 1.465564 0.931177 0.091582 -0.352036 0.911923 -0.189948
1541975550.275552 0.614856 1.463669 0.931042 0.091258 -0.35174 0.912149 -0.189564
1541975550.280556 0.61464 1.4618 0.930876 0.090803 -0.35113 0.912479 -0.189325
1541975550.285562 0.614224 1.459869 0.93069 0.091915 -0.349323 0.913283 -0.188252
1541975550.290571 0.613945 1.457957 0.930548 0.091326 -0.348479 0.913591 -0.18861
1541975550.295579 0.613557 1.456102 0.930371 0.090947 -0.349331 0.91341 -0.188094
1541975550.300586 0.613252 1.454102 0.930127 0.090515 -0.347384 0.914442 -0.186886
1541975550.305592 0.612916 1.452088 0.929965 0.090282 -0.344833 0.915451 -0.186787
1541975550.310592 0.612577 1.450117 0.929681 0.090063 -0.343988 0.915867 -0.18641
1541975550.315591 0.61221 1.448291 0.929448 0.090552 -0.345043 0.915589 -0.185584
1541975550.320585 0.611876 1.446357 0.929161 0.090466 -0.343842 0.916139 -0.185145
1541975550.325579 0.611549 1.444459 0.928914 0.090586 -0.34374 0.91624 -0.184772
1541975550.330572 0.611255 1.442368 0.928536 0.090233 -0.339973 0.91763 -0.185015
1541975550.335565 0.610893 1.440474 0.928259 0.089695 -0.339629 0.918001 -0.184069
1541975550.340564 0.610547 1.438664 0.927864 0.089577 -0.340705 0.917658 -0.183848
1541975550.345564 0.610202 1.436727 0.927559 0.089534 -0.339267 0.918311 -0.183269
1541975550.350562 0.609882 1.434972 0.927169 0.089322 -0.34051 0.917863 -0.183308
1541975550.355564 0.609575 1.432916 0.926714 0.088436 -0.337495 0.919134 -0.182943
1541975550.360567 0.609182 1.431149 0.926329 0.08914 -0.338315 0.918914 -0.182195
1541975550.36557 0.608891 1.429328 0.925852 0.088829 -0.338954 0.918662 -0.182426
1541975550.370568 0.608458 1.427562 0.92546 0.089812 -0.338663 0.918806 -0.18176
1541975550.375568 0.608128 1.425773 0.924956 0.089393 -0.33976 0.918195 -0.183002
1541975550.380564 0.607751 1.423936 0.924517 0.089972 -0.338119 0.918858 -0.182432
1541975550.385567 0.607327 1.42216 0.924091 0.090318 -0.339456 0.918599 -0.181075
1541975550.390575 0.607012 1.420253 0.923554 0.090177 -0.337146 0.919369 -0.18155
1541975550.395581 0.606576 1.418505 0.923137 0.090627 -0.337849 0.919219 -0.180781
1541975550.400582 0.606146 1.41676 0.922642 0.090504 -0.338464 0.918952 -0.181047
1541975550.405585 0.605743 1.414995 0.92218 0.091044 -0.338241 0.91926 -0.179627
1541975550.410583 0.605204 1.413136 0.921733 0.091106 -0.336909 0.91974 -0.179641
1541975550.415576 0.604812 1.411454 0.921242 0.091323 -0.337451 0.919713 -0.178647
1541975550.420571 0.604223 1.409634 0.920729 0.091411 -0.335647 0.920571 -0.17758
1541975550.425564 0.603748 1.407971 0.920237 0.091739 -0.336156 0.920482 -0.176905
1541975550.430557 0.603055 1.406291 0.919685 0.092902 -0.335173 0.920563 -0.177741
1541975550.435562 0.602534 1.404753 0.919145 0.093291 -0.337036 0.919951 -0.177183
1541975550.440566 0.601939 1.403067 0.918619 0.093376 -0.336243 0.92033 -0.176673
1541975550.44557 0.601389 1.401518 0.918023 0.093327 -0.337033 0.920139 -0.17619
1541975550.450576 0.600807 1.399973 0.917463 0.094407 -0.337731 0.919858 -0.175746
1541975550.455581 0.60017 1.398349 0.916819 0.093991 -0.337389 0.919981 -0.17598
1541975550.460581 0.599645 1.396912 0.916273 0.09427 -0.338659 0.919692 -0.174899
1541975550.465586 0.599042 1.395336 0.915657 0.094407 -0.337853 0.919976 -0.174889
1541975550.470586 0.598526 1.393899 0.915025 0.094399 -0.338699 0.919873 -0.1738
1541975550.475583 0.597941 1.392409 0.914452 0.094387 -0.338397 0.919942 -0.174026
1541975550.480579 0.597406 1.391071 0.913842 0.093736 -0.339902 0.91958 -0.173356
1541975550.485576 0.596831 1.389626 0.913216 0.093941 -0.340133 0.9195 -0.173217
1541975550.490573 0.596171 1.388267 0.912659 0.093634 -0.340422 0.91951 -0.172761
1541975550.495573 0.595663 1.38688 0.912001 0.093395 -0.340756 0.919489 -0.172345
1541975550.500573 0.594952 1.385545 0.911449 0.093035 -0.341043 0.919533 -0.171734
1541975550.50557 0.594353 1.384271 0.91083 0.093049 -0.342257 0.919118 -0.171535
1541975550.510564 0.593611 1.382959 0.910247 0.092737 -0.34247 0.919313 -0.170226
1541975550.51556 0.592889 1.381698 0.9097 0.092348 -0.343724 0.919137 -0.168859
1541975550.520553 0.59217 1.380423 0.909068 0.091796 -0.344186 0.919124 -0.168286
1541975550.525549 0.591321 1.379149 0.908556 0.091995 -0.343382 0.919649 -0.166947
1541975550.530551 0.590489 1.377956 0.90801 0.092127 -0.34506 0.91929 -0.165383
1541975550.535555 0.58966 1.376637 0.907431 0.092556 -0.343794 0.919979 -0.163946
1541975550.540559 0.588712 1.375447 0.906937 0.092838 -0.344302 0.920119 -0.161923
1541975550.545564 0.587819 1.3743 0.906387 0.092383 -0.346377 0.919687 -0.160202
1541975550.550566 0.586974 1.373087 0.90583 0.092531 -0.34529 0.920272 -0.159097
1541975550.555567 0.586068 1.371926 0.905284 0.092925 -0.347099 0.919892 -0.157119
1541975550.560573 0.585171 1.370738 0.904762 0.092635 -0.346228 0.920556 -0.155309
1541975550.565582 0.584298 1.369618 0.90424 0.092452 -0.346752 0.920503 -0.154565
1541975550.57059 0.583445 1.368477 0.903718 0.092546 -0.346925 0.920752 -0.152627
1541975550.575603 0.582584 1.367424 0.903137 0.091701 -0.348645 0.920282 -0.152051
1541975550.580612 0.581672 1.366326 0.902634 0.091542 -0.348356 0.920808 -0.149599
1541975550.585616 0.580802 1.365248 0.902114 0.091062 -0.347811 0.921334 -0.147914
1541975550.590611 0.579943 1.36424 0.901573 0.090314 -0.34973 0.920883 -0.146653
1541975550.595604 0.579075 1.363144 0.900998 0.089647 -0.349231 0.921247 -0.145961
1541975550.60059 0.578164 1.362202 0.900556 0.088963 -0.350448 0.921255 -0.143392
1541975550.605576 0.577298 1.361105 0.89998 0.087706 -0.350412 0.921556 -0.142317
1541975550.610567 0.576426 1.360095 0.899522 0.087473 -0.350844 0.921506 -0.141717
1541975550.615558 0.575523 1.359021 0.899031 0.087821 -0.351722 0.921518 -0.139229
1541975550.620549 0.574641 1.357978 0.898536 0.086708 -0.352039 0.921624 -0.138418
1541975550.625547 0.573775 1.356894 0.89813 0.087042 -0.35221 0.921841 -0.136313
1541975550.630546 0.572883 1.355861 0.897676 0.086795 -0.353453 0.921556 -0.135173
1541975550.63555 0.572061 1.35477 0.897236 0.086328 -0.353357 0.921877 -0.133527
1541975550.64056 0.571174 1.353663 0.896858 0.08688 -0.352813 0.922347 -0.131342
1541975550.64557 0.570331 1.352564 0.896436 0.086639 -0.35379 0.922174 -0.130083
1541975550.650578 0.569551 1.351531 0.896057 0.085854 -0.354235 0.922357 -0.128084
1541975550.655585 0.568749 1.350238 0.895618 0.085775 -0.352376 0.923177 -0.127348
1541975550.660593 0.567978 1.349146 0.895245 0.085118 -0.353906 0.922841 -0.125976
1541975550.665597 0.567215 1.34795 0.894867 0.084833 -0.352777 0.923457 -0.124817
1541975550.670595 0.566466 1.346672 0.894418 0.084241 -0.35144 0.924112 -0.124137
1541975550.675591 0.565808 1.345555 0.894086 0.083724 -0.352489 0.924051 -0.121944
1541975550.680591 0.565124 1.344292 0.893683 0.083116 -0.35092 0.924849 -0.120833
1541975550.68559 0.56454 1.343053 0.893265 0.081957 -0.351059 0.924947 -0.120469
1541975550.690592 0.563934 1.34179 0.892814 0.081853 -0.350186 0.925361 -0.119902
1541975550.695594 0.563364 1.340506 0.892376 0.08119 -0.349766 0.925545 -0.120163
1541975550.700597 0.562821 1.339281 0.891976 0.080492 -0.349567 0.925764 -0.119517
1541975550.705602 0.562343 1.337944 0.891493 0.079895 -0.348682 0.926202 -0.119112
1541975550.7106 0.56183 1.33679 0.891024 0.079165 -0.35015 0.925784 -0.11854
1541975550.715597 0.56141 1.335432 0.890593 0.078668 -0.349007 0.926273 -0.118421
1541975550.720592 0.560997 1.334117 0.890029 0.078059 -0.34852 0.926516 -0.118355
1541975550.725585 0.560609 1.332787 0.88955 0.077341 -0.348064 0.926763 -0.118235
1541975550.730577 0.560207 1.331414 0.889039 0.076194 -0.347105 0.927201 -0.118367
1541975550.735571 0.559866 1.330143 0.888567 0.075444 -0.347101 0.92737 -0.117534
1541975550.740566 0.559493 1.328829 0.888009 0.074624 -0.347816 0.927076 -0.118263
1541975550.745562 0.559213 1.3275 0.887446 0.073361 -0.347214 0.927349 -0.118674
1541975550.750556 0.558863 1.3262 0.886964 0.072562 -0.347571 0.927323 -0.118325
1541975550.755556 0.558641 1.32475 0.886337 0.070899 -0.346415 0.92779 -0.11906
1541975550.760554 0.558349 1.32349 0.885888 0.070429 -0.347907 0.92727 -0.119042
1541975550.765553 0.558102 1.322082 0.885331 0.069736 -0.346823 0.927597 -0.120062
1541975550.770553 0.55788 1.320722 0.884784 0.068775 -0.347231 0.927565 -0.119682
1541975550.775554 0.557682 1.319301 0.884251 0.06778 -0.34699 0.927554 -0.12103
1541975550.780553 0.557491 1.317883 0.883698 0.067091 -0.346417 0.92773 -0.121699
1541975550.785552 0.557282 1.316537 0.883244 0.06695 -0.346385 0.927688 -0.122187
1541975550.790554 0.55713 1.315116 0.882719 0.066278 -0.346279 0.927697 -0.122789
1541975550.795559 0.556921 1.313794 0.882253 0.066372 -0.346884 0.927374 -0.123467
1541975550.800565 0.556814 1.31239 0.881795 0.065905 -0.346099 0.927727 -0.123264
1541975550.805576 0.556736 1.310934 0.881304 0.064802 -0.3458 0.92773 -0.124664
1541975550.810582 0.556547 1.309547 0.880906 0.064913 -0.345512 0.927787 -0.124974
1541975550.815586 0.556461 1.308181 0.880469 0.064771 -0.345601 0.927653 -0.125796
1541975550.82059 0.556376 1.306836 0.880079 0.063963 -0.346226 0.927515 -0.12551
1541975550.82559 0.556308 1.305342 0.87963 0.063234 -0.34434 0.928068 -0.126974
1541975550.830585 0.556159 1.304007 0.879284 0.063464 -0.345292 0.92763 -0.127471
1541975550.835581 0.556148 1.302539 0.878929 0.06223 -0.343341 0.928281 -0.128605
1541975550.840584 0.556038 1.30118 0.878548 0.061954 -0.343166 0.928235 -0.129536
1541975550.845585 0.555984 1.29985 0.878187 0.061501 -0.343249 0.928192 -0.129834
1541975550.850585 0.555911 1.298496 0.877866 0.060746 -0.342639 0.928426 -0.130133
1541975550.855584 0.555893 1.297086 0.877464 0.059932 -0.341639 0.928532 -0.132358
1541975550.860583 0.555808 1.295765 0.877142 0.05936 -0.341506 0.928561 -0.132755
1541975550.865582 0.555729 1.294362 0.876801 0.058592 -0.340542 0.928872 -0.133401
1541975550.870573 0.555704 1.293053 0.876513 0.058159 -0.340428 0.928861 -0.133955
1541975550.875568 0.555672 1.29175 0.876152 0.057535 -0.340558 0.928756 -0.134622
1541975550.880563 0.555555 1.290513 0.875903 0.058067 -0.341314 0.92839 -0.135003
1541975550.88556 0.55549 1.289115 0.875516 0.057408 -0.339612 0.928908 -0.136007
1541975550.890559 0.555437 1.287812 0.875206 0.057127 -0.338648 0.929124 -0.137049
1541975550.895555 0.55537 1.28659 0.874908 0.056905 -0.3396 0.928709 -0.137599
1541975550.900549 0.555262 1.285311 0.874611 0.056773 -0.339484 0.928667 -0.138219
1541975550.905546 0.555162 1.284122 0.874383 0.057733 -0.339818 0.928451 -0.138452
1541975550.910542 0.555145 1.282806 0.874029 0.056855 -0.337803 0.929109 -0.139332
1541975550.915539 0.555073 1.281627 0.873793 0.057353 -0.338339 0.928831 -0.139679
1541975550.920536 0.555045 1.280459 0.873473 0.057557 -0.339093 0.928345 -0.140992
1541975550.925534 0.555042 1.279225 0.873157 0.056743 -0.338361 0.928632 -0.141189
1541975550.930539 0.554944 1.278135 0.872934 0.05813 -0.338647 0.928308 -0.14207
1541975550.935541 0.554946 1.276944 0.87265 0.057257 -0.337784 0.928657 -0.142196
1541975550.940546 0.554892 1.275856 0.872392 0.057795 -0.338948 0.928105 -0.142814
1541975550.945558 0.554877 1.274683 0.872079 0.057337 -0.337827 0.928351 -0.144046
1541975550.950569 0.554858 1.273576 0.871785 0.057 -0.337463 0.928433 -0.144506
1541975550.955579 0.554781 1.272511 0.871554 0.057364 -0.33701 0.928492 -0.145038
1541975550.960593 0.554742 1.271441 0.871242 0.056726 -0.337687 0.928111 -0.146148
1541975550.965601 0.554653 1.270391 0.871014 0.056896 -0.337134 0.928263 -0.146398
1541975550.970605 0.554593 1.269346 0.870758 0.056442 -0.336757 0.928303 -0.147185
1541975550.975606 0.55449 1.268275 0.870455 0.056003 -0.33617 0.928558 -0.14708
1541975550.980603 0.554377 1.267274 0.870246 0.056049 -0.335724 0.928699 -0.147193
1541975550.985597 0.554252 1.266323 0.869997 0.055869 -0.336623 0.928336 -0.147499
1541975550.990589 0.554138 1.265295 0.86969 0.055693 -0.336912 0.92813 -0.148198
1541975550.99558 0.554 1.264284 0.869463 0.055816 -0.33562 0.928597 -0.148163
1541975551.000568 0.553852 1.263378 0.869221 0.056404 -0.335991 0.928494 -0.14774
1541975551.005557 0.553689 1.26242 0.868917 0.056189 -0.336779 0.928042 -0.148862
1541975551.010551 0.553554 1.261493 0.868663 0.056641 -0.335158 0.928794 -0.147655
1541975551.015546 0.553444 1.260555 0.868335 0.056185 -0.335763 0.928393 -0.148974
1541975551.020541 0.553276 1.259636 0.868004 0.056596 -0.334966 0.928696 -0.148723
1541975551.025538 0.553119 1.258792 0.867703 0.056599 -0.335873 0.928343 -0.148882
1541975551.030541 0.552997 1.257947 0.867341 0.056169 -0.335404 0.928524 -0.148969
1541975551.035549 0.552856 1.257086 0.866974 0.055551 -0.335322 0.928602 -0.148904
1541975551.040563 0.552728 1.256295 0.866676 0.055696 -0.335612 0.928444 -0.149176
1541975551.045573 0.552584 1.255508 0.866319 0.055512 -0.335739 0.928338 -0.149621
1541975551.050578 0.552487 1.254742 0.865972 0.054331 -0.335203 0.928686 -0.149098
1541975551.055587 0.552371 1.254023 0.865635 0.053904 -0.336316 0.928192 -0.149819
1541975551.060597 0.55231 1.253324 0.865227 0.052573 -0.336202 0.928258 -0.150138
1541975551.065601 0.552183 1.252647 0.864916 0.052183 -0.335707 0.928512 -0.149809
1541975551.070601 0.552099 1.251971 0.864551 0.051389 -0.33569 0.928432 -0.150613
1541975551.075599 0.55202 1.251329 0.864172 0.050862 -0.33658 0.927982 -0.151583
1541975551.080593 0.551913 1.250735 0.863841 0.050394 -0.336842 0.927888 -0.151727
1541975551.085584 0.551854 1.250074 0.863488 0.049897 -0.335883 0.92829 -0.151557
1541975551.090578 0.551797 1.24953 0.863146 0.049745 -0.336509 0.927985 -0.15209
1541975551.095573 0.551669 1.24902 0.862833 0.049639 -0.337446 0.927583 -0.152501
1541975551.100568 0.551558 1.248496 0.862554 0.04956 -0.337562 0.927539 -0.152535
1541975551.105559 0.551458 1.247957 0.862202 0.049471 -0.337765 0.927361 -0.153194
1541975551.110546 0.551351 1.247478 0.861906 0.049291 -0.337932 0.927283 -0.153361
1541975551.115538 0.551204 1.247078 0.861626 0.04906 -0.338472 0.927011 -0.153883
1541975551.120525 0.551043 1.246688 0.861386 0.048902 -0.339462 0.926691 -0.153683
1541975551.125527 0.550823 1.246309 0.861163 0.049129 -0.339643 0.926765 -0.15276
1541975551.13053 0.550645 1.245909 0.860929 0.048754 -0.339365 0.926991 -0.152123
1541975551.135538 0.550453 1.245577 0.860667 0.048482 -0.339888 0.926739 -0.15258
1541975551.14055 0.550211 1.245227 0.860465 0.048022 -0.339859 0.926711 -0.152959
1541975551.145564 0.549972 1.244955 0.860286 0.04779 -0.339991 0.92681 -0.152134
1541975551.150582 0.549725 1.244702 0.860112 0.047445 -0.340448 0.926706 -0.151853
1541975551.155604 0.549492 1.244473 0.859932 0.047163 -0.340855 0.926623 -0.151534
1541975551.160623 0.549216 1.244283 0.859785 0.047469 -0.340754 0.926863 -0.150197
1541975551.165631 0.548976 1.244135 0.859643 0.047022 -0.341356 0.926693 -0.150016
1541975551.170631 0.548714 1.243977 0.859524 0.046632 -0.34064 0.926995 -0.149899
1541975551.175622 0.548456 1.2439 0.859381 0.046205 -0.341145 0.926932 -0.14927
1541975551.180605 0.548172 1.24388 0.859303 0.046096 -0.341789 0.926869 -0.14822
1541975551.185587 0.5479 1.243909 0.859254 0.045823 -0.341901 0.926956 -0.147499
1541975551.190568 0.547607 1.243941 0.859215 0.045831 -0.342049 0.92698 -0.147003
1541975551.195554 0.547365 1.24395 0.859181 0.045702 -0.341697 0.927177 -0.146621
1541975551.200541 0.547074 1.244046 0.859188 0.045431 -0.341854 0.927296 -0.145578
1541975551.20553 0.546842 1.244184 0.859188 0.04542 -0.342132 0.927276 -0.145061
1541975551.210527 0.546609 1.244303 0.859181 0.045207 -0.342503 0.927179 -0.144874
1541975551.21553 0.546355 1.244499 0.859227 0.045136 -0.343072 0.927027 -0.144517
1541975551.220543 0.546093 1.244724 0.859309 0.045446 -0.343417 0.927047 -0.143466
1541975551.225555 0.545858 1.24496 0.859379 0.045611 -0.343806 0.926984 -0.142894
1541975551.230562 0.545559 1.245272 0.859502 0.046237 -0.344526 0.926852 -0.141808
1541975551.235571 0.545298 1.245523 0.859616 0.046705 -0.343541 0.927302 -0.141102
1541975551.24058 0.545019 1.245839 0.859707 0.046827 -0.344138 0.927164 -0.14051
1541975551.245584 0.544712 1.246191 0.859842 0.047389 -0.34477 0.927012 -0.139774
1541975551.250588 0.544394 1.246568 0.859998 0.047608 -0.344609 0.927239 -0.138586
1541975551.255589 0.544083 1.24695 0.860165 0.04803 -0.344468 0.927358 -0.137991
1541975551.260589 0.543779 1.247411 0.860332 0.048503 -0.344841 0.927434 -0.136377
1541975551.265588 0.543486 1.247859 0.860475 0.048198 -0.344821 0.927511 -0.136012
1541975551.270581 0.54314 1.248406 0.860682 0.04813 -0.345333 0.927509 -0.134745
1541975551.275572 0.542827 1.248908 0.860877 0.048285 -0.344865 0.927893 -0.133233
1541975551.280558 0.542484 1.249442 0.861072 0.048857 -0.345151 0.927931 -0.132011
1541975551.285547 0.542133 1.250049 0.861269 0.04869 -0.345115 0.928081 -0.131109
1541975551.290537 0.541809 1.250669 0.861496 0.048506 -0.345962 0.927964 -0.129773
1541975551.295532 0.541497 1.251253 0.861676 0.047989 -0.345396 0.928358 -0.128649
1541975551.300529 0.541197 1.251927 0.861908 0.047876 -0.345342 0.928609 -0.127012
1541975551.30553 0.540851 1.25261 0.86213 0.047663 -0.345912 0.928566 -0.125853
1541975551.310534 0.54057 1.253254 0.862339 0.047396 -0.344903 0.929106 -0.124728
1541975551.315541 0.540284 1.254065 0.862562 0.047265 -0.346012 0.928994 -0.122519
1541975551.320547 0.54 1.254802 0.862791 0.047009 -0.345676 0.929299 -0.121249
1541975551.325554 0.539764 1.255586 0.863019 0.0468 -0.345677 0.929413 -0.120454
1541975551.330569 0.539553 1.256451 0.863282 0.047351 -0.345233 0.929777 -0.118688
1541975551.33558 0.539325 1.257325 0.863488 0.047142 -0.346967 0.92923 -0.117997
1541975551.340586 0.539188 1.258214 0.863777 0.047423 -0.34718 0.929319 -0.116551
1541975551.34559 0.539023 1.259186 0.864114 0.04837 -0.347479 0.929379 -0.114771
1541975551.35059 0.538913 1.260048 0.864347 0.0483 -0.347614 0.929332 -0.114775
1541975551.355595 0.538836 1.260989 0.864663 0.048799 -0.34709 0.929667 -0.11343
1541975551.360594 0.538809 1.261948 0.864925 0.048713 -0.347521 0.92951 -0.113436
1541975551.365592 0.538743 1.262994 0.865244 0.04909 -0.349467 0.928904 -0.112253
1541975551.370587 0.538741 1.26408 0.865579 0.049997 -0.350512 0.92851 -0.111852
1541975551.375582 0.538735 1.265068 0.865929 0.050261 -0.34972 0.928873 -0.1112
1541975551.380573 0.538745 1.26614 0.866209 0.050491 -0.350403 0.928647 -0.110828
1541975551.385571 0.538782 1.267216 0.866577 0.050564 -0.350682 0.928604 -0.110275
1541975551.390565 0.538835 1.268354 0.86691 0.050888 -0.350816 0.928597 -0.109756
1541975551.395554 0.538864 1.269507 0.86731 0.051164 -0.35152 0.928462 -0.108509
1541975551.400556 0.538942 1.270681 0.86766 0.050867 -0.3517 0.928462 -0.108063
1541975551.405561 0.539014 1.271877 0.868041 0.051185 -0.351055 0.928823 -0.106903
1541975551.41057 0.539097 1.273066 0.86845 0.051093 -0.351455 0.928658 -0.107064
1541975551.415579 0.539135 1.274405 0.868873 0.051785 -0.353288 0.928018 -0.106249
1541975551.420583 0.539228 1.27563 0.869268 0.051725 -0.352462 0.92838 -0.105859
1541975551.425587 0.539348 1.276925 0.869653 0.051303 -0.352863 0.928292 -0.105499
1541975551.430589 0.539451 1.278326 0.870072 0.051688 -0.35423 0.927844 -0.104664
1541975551.435588 0.539567 1.279625 0.870514 0.051735 -0.353523 0.92821 -0.103779
1541975551.440586 0.53969 1.280997 0.870958 0.051805 -0.353446 0.928318 -0.103043
1541975551.44558 0.539838 1.282473 0.871402 0.052268 -0.355262 0.927672 -0.10238
1541975551.450573 0.539992 1.283826 0.87181 0.052562 -0.354998 0.927804 -0.101945
1541975551.455568 0.54019 1.285348 0.872307 0.052621 -0.356427 0.927355 -0.101017
1541975551.460563 0.54039 1.28677 0.872714 0.053047 -0.357202 0.926953 -0.101741
1541975551.465558 0.540644 1.288214 0.873222 0.052618 -0.356447 0.927416 -0.100387
1541975551.470554 0.540824 1.289664 0.873646 0.053621 -0.356581 0.9273 -0.100446
1541975551.475552 0.54101 1.291207 0.874153 0.054398 -0.356995 0.927155 -0.09989
1541975551.480551 0.541297 1.292673 0.874571 0.054244 -0.357027 0.927105 -0.100329
1541975551.485552 0.541565 1.294288 0.875061 0.05454 -0.35842 0.926652 -0.099379
1541975551.490562 0.541828 1.295858 0.875551 0.054607 -0.358396 0.926614 -0.099783
1541975551.495572 0.542127 1.297395 0.876045 0.05448 -0.358881 0.926399 -0.10011
1541975551.500582 0.542478 1.299104 0.876627 0.054077 -0.360062 0.92599 -0.099865
1541975551.505594 0.542639 1.300715 0.877098 0.055554 -0.361072 0.925435 -0.100556
1541975551.510599 0.542946 1.302369 0.877684 0.056086 -0.360937 0.925504 -0.100104
1541975551.5156 0.543268 1.304026 0.878206 0.056379 -0.362018 0.924981 -0.100867
1541975551.520596 0.543554 1.305757 0.878778 0.056681 -0.363514 0.924393 -0.100707
1541975551.525593 0.543887 1.307456 0.87937 0.056637 -0.364086 0.924151 -0.100886
1541975551.530583 0.544243 1.309215 0.880012 0.056121 -0.365069 0.923831 -0.100555
1541975551.53557 0.54449 1.310879 0.88059 0.057645 -0.364416 0.924031 -0.100226
1541975551.540558 0.544775 1.312635 0.881225 0.057704 -0.364978 0.923843 -0.099879
1541975551.545549 0.54507 1.31441 0.881883 0.058508 -0.365466 0.923624 -0.099647
1541975551.550541 0.545372 1.316169 0.882549 0.058583 -0.366673 0.923162 -0.099451
1541975551.555547 0.545701 1.318026 0.883273 0.059728 -0.368483 0.92232 -0.099896
1541975551.560555 0.546083 1.319786 0.884036 0.0591 -0.368866 0.922244 -0.099549
1541975551.565561 0.546268 1.32157 0.884765 0.060574 -0.3693 0.921953 -0.099751
1541975551.57057 0.54659 1.323337 0.88555 0.061407 -0.36878 0.922172 -0.099149
1541975551.575583 0.546922 1.325123 0.886382 0.062455 -0.369044 0.921978 -0.099313
1541975551.580595 0.547233 1.326971 0.887233 0.063203 -0.369743 0.921677 -0.099034
1541975551.58561 0.547558 1.328844 0.888087 0.063108 -0.371555 0.92094 -0.099161
1541975551.59062 0.547877 1.330678 0.889085 0.065084 -0.369781 0.921611 -0.098283
1541975551.595623 0.548155 1.33247 0.890004 0.066068 -0.370046 0.921385 -0.098742
1541975551.600618 0.548409 1.33441 0.890973 0.067177 -0.371985 0.920502 -0.098952
1541975551.605609 0.548753 1.336179 0.891938 0.067418 -0.37093 0.920922 -0.098838
1541975551.610594 0.549103 1.338038 0.892891 0.068031 -0.371292 0.920808 -0.098113
1541975551.615583 0.549399 1.339829 0.893854 0.068677 -0.370304 0.921123 -0.098436
1541975551.620583 0.549661 1.341673 0.894892 0.069864 -0.370502 0.921012 -0.0979
1541975551.625582 0.5499 1.34348 0.895914 0.070871 -0.370221 0.920996 -0.098391
1541975551.630579 0.550146 1.34536 0.896977 0.072504 -0.370243 0.920874 -0.098254
1541975551.635579 0.550505 1.347219 0.898008 0.072363 -0.369877 0.921077 -0.097839
1541975551.640578 0.550796 1.349022 0.899022 0.07273 -0.369967 0.920981 -0.098124
1541975551.645577 0.551093 1.350893 0.900054 0.073299 -0.370698 0.920688 -0.097697
1541975551.650576 0.551415 1.352741 0.901115 0.074095 -0.369931 0.920956 -0.097472
1541975551.655574 0.551761 1.354581 0.90219 0.074323 -0.37024 0.92081 -0.0975
1541975551.660569 0.552063 1.356347 0.903274 0.075325 -0.369123 0.921175 -0.097528
1541975551.665566 0.552446 1.358236 0.904351 0.076127 -0.369145 0.921186 -0.096714
1541975551.670561 0.5528 1.360085 0.905427 0.077026 -0.369299 0.92101 -0.097085
1541975551.675567 0.553131 1.361937 0.906546 0.077594 -0.369732 0.920848 -0.096523
1541975551.680571 0.553481 1.36374 0.907569 0.07865 -0.368849 0.921082 -0.096807
1541975551.685574 0.553889 1.365662 0.908643 0.079493 -0.37013 0.92044 -0.097337
1541975551.690577 0.554273 1.367561 0.909717 0.080355 -0.371289 0.919825 -0.09803
1541975551.69558 0.554718 1.369407 0.91077 0.081807 -0.370283 0.92009 -0.098149
1541975551.700583 0.555168 1.371321 0.911883 0.083219 -0.370963 0.919629 -0.09871
1541975551.705584 0.555541 1.373178 0.912949 0.084232 -0.370636 0.919576 -0.099573
1541975551.71059 0.55596 1.375011 0.914038 0.085745 -0.370379 0.919533 -0.09963
1541975551.715591 0.556321 1.3769 0.915057 0.086795 -0.3718 0.918836 -0.099856
1541975551.720589 0.556744 1.378786 0.916066 0.08823 -0.37249 0.918368 -0.100331
1541975551.725586 0.557172 1.380589 0.917057 0.088869 -0.371927 0.91849 -0.100743
1541975551.730582 0.557576 1.382416 0.918057 0.089945 -0.372681 0.917963 -0.101797
1541975551.735574 0.55802 1.384225 0.919121 0.090704 -0.372957 0.917818 -0.10142
1541975551.740568 0.558376 1.386077 0.920119 0.091776 -0.374881 0.916853 -0.10209
1541975551.745566 0.558802 1.387972 0.92116 0.093513 -0.375217 0.916471 -0.102705
1541975551.750563 0.559218 1.389746 0.92214 0.094657 -0.375993 0.916033 -0.102728
1541975551.755564 0.559652 1.391506 0.923155 0.095602 -0.3766 0.915684 -0.10274
1541975551.760567 0.560139 1.393185 0.924198 0.096377 -0.375835 0.915929 -0.102627
1541975551.765576 0.560612 1.394924 0.925165 0.097279 -0.376531 0.915476 -0.103275
1541975551.770584 0.561105 1.396547 0.926215 0.098736 -0.375322 0.915795 -0.103462
1541975551.775589 0.561714 1.398275 0.927134 0.098798 -0.376674 0.915085 -0.10476
1541975551.780593 0.56227 1.399959 0.928094 0.100476 -0.376302 0.914843 -0.106598
1541975551.785594 0.562838 1.401605 0.929123 0.101474 -0.375888 0.914835 -0.10718
1541975551.790591 0.563451 1.403186 0.930109 0.102135 -0.374432 0.9153 -0.107679
1541975551.795593 0.564018 1.404889 0.931087 0.103191 -0.375475 0.914606 -0.10893
1541975551.800592 0.564699 1.406432 0.93202 0.103938 -0.374176 0.914855 -0.110589
1541975551.805586 0.565345 1.408017 0.932947 0.104147 -0.373559 0.914904 -0.112065
1541975551.81058 0.565968 1.409784 0.933935 0.10525 -0.37517 0.914005 -0.112976
1541975551.815573 0.566591 1.411321 0.934827 0.105131 -0.374062 0.91431 -0.114293
1541975551.820567 0.567207 1.41295 0.935709 0.105732 -0.374845 0.91372 -0.115876
1541975551.825566 0.567868 1.414621 0.936575 0.106256 -0.375128 0.913392 -0.117063
1541975551.830562 0.568464 1.416187 0.937418 0.106625 -0.374298 0.913552 -0.118129
1541975551.83556 0.569048 1.417727 0.938226 0.106743 -0.374416 0.913377 -0.119001
1541975551.840551 0.569623 1.419413 0.939116 0.108153 -0.37497 0.912915 -0.119529
1541975551.84554 0.57018 1.420884 0.939897 0.108566 -0.373977 0.913118 -0.120705
1541975551.850533 0.57072 1.422449 0.940674 0.109201 -0.375192 0.912398 -0.121804
1541975551.855529 0.571321 1.424011 0.94152 0.110017 -0.375194 0.912228 -0.122333
1541975551.86053 0.57188 1.425506 0.942336 0.111107 -0.375258 0.912068 -0.122346
1541975551.865533 0.572495 1.426893 0.943032 0.111785 -0.37372 0.912441 -0.123653
1541975551.870537 0.573095 1.428432 0.943855 0.112957 -0.375469 0.911584 -0.123609
1541975551.875547 0.57365 1.429917 0.944615 0.113702 -0.375233 0.911379 -0.125143
1541975551.880549 0.574316 1.431307 0.945337 0.115007 -0.37502 0.911133 -0.126373
1541975551.885557 0.574946 1.432731 0.946101 0.115842 -0.37528 0.910855 -0.12684
1541975551.890566 0.575609 1.434134 0.946856 0.116609 -0.375595 0.910389 -0.128536
1541975551.895577 0.576284 1.435478 0.947624 0.117354 -0.374096 0.910798 -0.129337
1541975551.900582 0.576989 1.436794 0.948292 0.117611 -0.37477 0.910202 -0.131327
1541975551.905586 0.577693 1.438158 0.949087 0.118003 -0.374306 0.910237 -0.132058
1541975551.910591 0.578423 1.439442 0.949741 0.117724 -0.374213 0.910019 -0.134059
1541975551.915591 0.579112 1.440739 0.95047 0.117935 -0.374293 0.909752 -0.135449
1541975551.920588 0.57981 1.442021 0.951183 0.117847 -0.373491 0.909869 -0.136949
1541975551.92558 0.580545 1.443198 0.951866 0.117721 -0.372144 0.910236 -0.138279
1541975551.930572 0.581205 1.444306 0.952593 0.116126 -0.370465 0.911127 -0.138269
1541975551.935568 0.581976 1.445498 0.953216 0.115724 -0.369232 0.911482 -0.139556
1541975551.940562 0.582569 1.44671 0.953875 0.115581 -0.368819 0.911457 -0.140923
1541975551.945554 0.583225 1.447924 0.954504 0.115943 -0.368647 0.91124 -0.142476
1541975551.950546 0.583813 1.449054 0.955128 0.115533 -0.368088 0.911292 -0.143911
1541975551.955541 0.584412 1.450265 0.955766 0.116572 -0.369067 0.910556 -0.145216
1541975551.960534 0.584997 1.451332 0.956356 0.116231 -0.367551 0.911075 -0.146075
1541975551.96553 0.585529 1.452526 0.95701 0.117365 -0.368479 0.910348 -0.147364
1541975551.970533 0.586043 1.45362 0.957546 0.118016 -0.368675 0.910041 -0.148245
1541975551.975542 0.586483 1.45468 0.958175 0.119024 -0.368127 0.910036 -0.148829
1541975551.98055 0.586968 1.455798 0.958676 0.119523 -0.369312 0.909306 -0.149954
1541975551.98556 0.587428 1.456893 0.959257 0.120846 -0.369003 0.909256 -0.149958
1541975551.990567 0.58788 1.45792 0.959753 0.120778 -0.36933 0.908906 -0.151319
1541975551.995566 0.588252 1.458933 0.960303 0.121965 -0.369446 0.908602 -0.151913
1541975552.000576 0.588695 1.459904 0.960803 0.122788 -0.36889 0.908718 -0.151905
1541975552.005586 0.58906 1.460944 0.96134 0.122997 -0.369464 0.908422 -0.152107
1541975552.010593 0.589464 1.461889 0.961843 0.123963 -0.369037 0.90829 -0.15315
1541975552.015596 0.589788 1.462881 0.962343 0.12446 -0.369846 0.90781 -0.153639
1541975552.020597 0.590194 1.463865 0.962846 0.125381 -0.36996 0.907508 -0.1544
1541975552.025602 0.590531 1.464838 0.963324 0.1267 -0.370294 0.906987 -0.155579
1541975552.0306 0.590814 1.465789 0.963848 0.126713 -0.370563 0.906653 -0.15687
1541975552.035596 0.591156 1.46679 0.964344 0.127882 -0.371865 0.905816 -0.157671
1541975552.040579 0.591437 1.467663 0.964848 0.128091 -0.370916 0.906099 -0.158109
1541975552.045556 0.591664 1.468463 0.965359 0.127213 -0.370435 0.906422 -0.158095
1541975552.050537 0.591889 1.46948 0.96589 0.128027 -0.372457 0.905398 -0.158553
1541975552.055524 0.592144 1.470227 0.966365 0.127137 -0.370638 0.90619 -0.159011
1541975552.060517 0.592287 1.471118 0.966879 0.127466 -0.371353 0.905797 -0.159312
1541975552.065518 0.592439 1.472027 0.967384 0.12779 -0.37209 0.905486 -0.159105
1541975552.070523 0.592598 1.472746 0.967886 0.126523 -0.370565 0.906342 -0.158804
1541975552.075531 0.592727 1.473653 0.968401 0.127058 -0.371931 0.9056 -0.159409
1541975552.080543 0.592761 1.474296 0.968897 0.126522 -0.369881 0.906583 -0.159019
1541975552.085557 0.592829 1.475144 0.969384 0.126522 -0.370497 0.90637 -0.158799
1541975552.090569 0.592834 1.475909 0.969919 0.125961 -0.371025 0.906215 -0.158901
1541975552.095578 0.592823 1.476669 0.970406 0.126258 -0.3708 0.906435 -0.157928
1541975552.100586 0.592746 1.477467 0.97096 0.126351 -0.371546 0.906289 -0.156938
1541975552.105589 0.59271 1.4781 0.971368 0.126138 -0.370127 0.906849 -0.157228
1541975552.110598 0.59261 1.478923 0.971883 0.127129 -0.371449 0.906295 -0.156504
1541975552.115608 0.592504 1.4796 0.972297 0.127159 -0.371402 0.906419 -0.15587
1541975552.120612 0.592366 1.480253 0.972796 0.127066 -0.370275 0.907132 -0.154472
1541975552.125611 0.592204 1.481015 0.973268 0.127427 -0.371716 0.90666 -0.153481
1541975552.130607 0.592018 1.481671 0.973715 0.127266 -0.371199 0.9071 -0.152262
1541975552.135598 0.591809 1.482347 0.974153 0.127659 -0.37123 0.907198 -0.151271
1541975552.140581 0.591602 1.48307 0.974587 0.127099 -0.372839 0.906793 -0.150213
1541975552.145563 0.59135 1.483701 0.975066 0.126753 -0.371983 0.90743 -0.148772
1541975552.150543 0.59114 1.484395 0.975467 0.126737 -0.372467 0.907304 -0.148344
1541975552.155534 0.590861 1.485056 0.975897 0.12677 -0.373393 0.907123 -0.14709
1541975552.160525 0.590583 1.485642 0.97633 0.126439 -0.372218 0.907985 -0.145017
1541975552.165518 0.590341 1.486301 0.976757 0.126093 -0.373074 0.907812 -0.144198
1541975552.170511 0.590079 1.486927 0.977174 0.125942 -0.37297 0.907994 -0.143451
1541975552.175506 0.589785 1.487599 0.977625 0.125831 -0.373969 0.907811 -0.142105
1541975552.180503 0.589511 1.48813 0.978038 0.125559 -0.373472 0.908238 -0.140916
1541975552.185504 0.58922 1.488809 0.978454 0.125582 -0.374439 0.907999 -0.139867
1541975552.190509 0.588949 1.489407 0.97883 0.125037 -0.375117 0.907967 -0.138739
1541975552.19552 0.588676 1.490001 0.979246 0.124698 -0.375563 0.907951 -0.137943
1541975552.200535 0.588403 1.490566 0.97965 0.124168 -0.375165 0.908451 -0.136198
1541975552.205543 0.588102 1.491094 0.980036 0.124333 -0.375272 0.908564 -0.134994
1541975552.21055 0.587793 1.49165 0.980405 0.124139 -0.375781 0.908462 -0.134446
1541975552.215553 0.587467 1.492257 0.980803 0.12385 -0.377327 0.908096 -0.13284
1541975552.220552 0.587208 1.492883 0.981195 0.123833 -0.377957 0.90798 -0.131855
1541975552.225557 0.586919 1.493345 0.981526 0.123374 -0.376934 0.908719 -0.130116
1541975552.230554 0.586635 1.493788 0.981872 0.122592 -0.377035 0.908953 -0.128919
1541975552.235549 0.586379 1.494368 0.982277 0.122663 -0.377404 0.909024 -0.127259
1541975552.240545 0.586065 1.494833 0.98266 0.12215 -0.377073 0.909442 -0.125742
1541975552.245543 0.585797 1.495357 0.983013 0.121873 -0.377674 0.909377 -0.12467
1541975552.250541 0.58557 1.49588 0.983387 0.12111 -0.378162 0.909461 -0.123317
1541975552.255537 0.585275 1.496116 0.983729 0.120043 -0.37499 0.911206 -0.121145
1541975552.260536 0.584982 1.496616 0.984098 0.119623 -0.375941 0.910943 -0.120587
1541975552.265533 0.584729 1.497178 0.984505 0.11947 -0.377016 0.910792 -0.118506
1541975552.27053 0.584569 1.497624 0.984829 0.118551 -0.376762 0.911057 -0.118206
1541975552.275531 0.584346 1.498043 0.985195 0.117736 -0.376248 0.911478 -0.117405
1541975552.280532 0.584116 1.498532 0.985572 0.117245 -0.37732 0.911266 -0.116093
1541975552.285534 0.583942 1.498941 0.98588 0.116562 -0.376542 0.911726 -0.115694
1541975552.290537 0.583767 1.499275 0.986172 0.115837 -0.37552 0.912288 -0.115313
1541975552.295537 0.583579 1.499709 0.986501 0.115055 -0.375922 0.912315 -0.114569
1541975552.300538 0.583368 1.500133 0.986897 0.114454 -0.3758 0.912626 -0.113085
1541975552.30554 0.583214 1.500469 0.987141 0.113955 -0.374904 0.913078 -0.112915
1541975552.310543 0.58306 1.500827 0.987365 0.112868 -0.375175 0.913163 -0.112418
1541975552.315547 0.582858 1.501172 0.987614 0.111896 -0.375104 0.91342 -0.111532
1541975552.320553 0.582668 1.501429 0.987828 0.111333 -0.374137 0.913954 -0.110974
1541975552.325563 0.582483 1.501732 0.988085 0.110833 -0.373564 0.914405 -0.109682
1541975552.330566 0.582305 1.50204 0.988298 0.110025 -0.373414 0.914603 -0.109352
1541975552.335567 0.582156 1.502231 0.988403 0.109144 -0.372782 0.91501 -0.108984
1541975552.340569 0.582019 1.502428 0.988498 0.108161 -0.372395 0.915277 -0.109049
1541975552.345565 0.581839 1.502626 0.988577 0.107429 -0.372001 0.915513 -0.109137
1541975552.350559 0.581652 1.502808 0.988655 0.10678 -0.372282 0.915575 -0.108293
1541975552.355548 0.581464 1.502973 0.988696 0.106604 -0.372289 0.915669 -0.107643
1541975552.360537 0.581299 1.503108 0.988709 0.106174 -0.372252 0.915721 -0.107752
1541975552.365526 0.581152 1.503189 0.988664 0.105877 -0.371848 0.915953 -0.107462
1541975552.370518 0.580967 1.50327 0.988616 0.105195 -0.371767 0.916125 -0.106952
1541975552.375511 0.580773 1.503256 0.988507 0.104794 -0.371482 0.91629 -0.106916
1541975552.380505 0.580588 1.50321 0.988359 0.104036 -0.370675 0.916699 -0.106951
1541975552.385505 0.580388 1.503142 0.988163 0.103557 -0.370141 0.917057 -0.106198
1541975552.39051 0.580177 1.503012 0.987911 0.102989 -0.369382 0.917375 -0.106641
1541975552.395516 0.579942 1.502937 0.987608 0.102581 -0.370089 0.917115 -0.106821
1541975552.400521 0.57969 1.502796 0.987256 0.101965 -0.370546 0.917032 -0.106539
1541975552.405528 0.579422 1.502567 0.986927 0.101907 -0.369322 0.917618 -0.105799
1541975552.41054 0.579143 1.50237 0.98653 0.10166 -0.369247 0.917704 -0.105551
1541975552.415552 0.578929 1.502114 0.985985 0.100371 -0.369959 0.917488 -0.106167
1541975552.420564 0.578698 1.501742 0.98543 0.099804 -0.36873 0.918021 -0.106369
1541975552.425571 0.578401 1.501464 0.984948 0.100099 -0.369568 0.917701 -0.105943
1541975552.430573 0.578187 1.501081 0.984269 0.099094 -0.369855 0.917604 -0.106728
1541975552.435572 0.57791 1.500709 0.983634 0.099605 -0.369626 0.917581 -0.107235
1541975552.440568 0.577652 1.500219 0.982954 0.099001 -0.370026 0.917531 -0.106851
1541975552.445565 0.577409 1.499795 0.98225 0.098043 -0.371774 0.916871 -0.107327
1541975552.450565 0.577144 1.499229 0.981584 0.09853 -0.370627 0.917252 -0.107591
1541975552.455557 0.576964 1.498634 0.980754 0.097968 -0.370773 0.917103 -0.108865
1541975552.460551 0.576669 1.498012 0.980069 0.097466 -0.370959 0.9171 -0.108706
1541975552.465549 0.576478 1.497393 0.979248 0.096796 -0.371549 0.916891 -0.109057
1541975552.470548 0.576209 1.496663 0.978521 0.096862 -0.370824 0.917083 -0.109843
1541975552.475559 0.575933 1.496004 0.977711 0.096638 -0.372222 0.916474 -0.110398
1541975552.48057 0.575628 1.495156 0.977005 0.096462 -0.370944 0.916949 -0.110904
1541975552.485577 0.575364 1.49439 0.976241 0.095962 -0.371768 0.916632 -0.111205
1541975552.490577 0.575031 1.493463 0.975438 0.095363 -0.370141 0.917297 -0.111655
1541975552.495583 0.574644 1.492642 0.974681 0.095144 -0.370226 0.917313 -0.111434
1541975552.500594 0.574343 1.491735 0.973869 0.094412 -0.37023 0.917229 -0.112727
1541975552.505602 0.573948 1.490822 0.97306 0.094244 -0.36979 0.917478 -0.112289
1541975552.5106 0.573627 1.489937 0.972267 0.093601 -0.370465 0.917224 -0.112673
1541975552.515596 0.573277 1.488814 0.971386 0.09265 -0.367889 0.918402 -0.112298
1541975552.52059 0.572903 1.487983 0.970547 0.092103 -0.369911 0.917583 -0.1128
1541975552.52558 0.572599 1.486909 0.969667 0.091602 -0.368853 0.918032 -0.113023
1541975552.530571 0.572354 1.485864 0.968759 0.089929 -0.36833 0.918354 -0.113453
1541975552.535569 0.572009 1.484886 0.96795 0.090379 -0.369329 0.917837 -0.114031
1541975552.540563 0.571707 1.483725 0.967072 0.089585 -0.36817 0.918335 -0.114392
1541975552.545564 0.571318 1.482737 0.966242 0.090278 -0.369491 0.917566 -0.115758
1541975552.550567 0.571109 1.481663 0.965421 0.089241 -0.369728 0.917508 -0.116257
1541975552.555569 0.570844 1.480434 0.96456 0.088324 -0.368692 0.917921 -0.116991
1541975552.560572 0.570501 1.479382 0.963853 0.088953 -0.369914 0.917327 -0.117313
1541975552.565575 0.570184 1.478151 0.963075 0.089068 -0.36897 0.91756 -0.118372
1541975552.570574 0.569853 1.476929 0.962346 0.088838 -0.36845 0.917713 -0.118976
1541975552.575585 0.569498 1.475758 0.961657 0.089949 -0.368387 0.917614 -0.1191
1541975552.580591 0.569215 1.474461 0.960981 0.089353 -0.366801 0.918203 -0.1199
1541975552.585603 0.568846 1.473296 0.960371 0.089215 -0.367804 0.917818 -0.119876
1541975552.590607 0.568512 1.471946 0.959707 0.088818 -0.365704 0.918568 -0.120848
1541975552.595604 0.568173 1.470712 0.95909 0.088649 -0.366161 0.918388 -0.120956
1541975552.600604 0.567786 1.469396 0.958511 0.088285 -0.364597 0.918934 -0.121794
1541975552.605598 0.567449 1.468111 0.957881 0.087624 -0.364121 0.919226 -0.121497
1541975552.610589 0.566996 1.466778 0.957316 0.087212 -0.362316 0.920013 -0.121237
1541975552.615585 0.566662 1.465495 0.956724 0.086713 -0.361329 0.920448 -0.121237
1541975552.620577 0.566214 1.464195 0.956133 0.086135 -0.360701 0.920714 -0.121493
1541975552.625579 0.565855 1.462842 0.955502 0.085585 -0.358983 0.921502 -0.120998
1541975552.630579 0.565414 1.461601 0.954904 0.084956 -0.359105 0.921367 -0.122103
1541975552.635577 0.565055 1.460316 0.954324 0.084949 -0.358529 0.921595 -0.122083
1541975552.640577 0.564662 1.459029 0.95364 0.084309 -0.35846 0.921654 -0.122284
1541975552.645574 0.564327 1.457703 0.953078 0.08397 -0.357153 0.922235 -0.121954
1541975552.650571 0.563998 1.456347 0.952391 0.083208 -0.356349 0.92249 -0.122897
1541975552.655568 0.563624 1.455165 0.951814 0.083594 -0.357305 0.922086 -0.122892
1541975552.660566 0.563281 1.453806 0.951136 0.083815 -0.356505 0.922343 -0.123137
1541975552.665564 0.563052 1.452582 0.950492 0.083604 -0.357453 0.921798 -0.124602
1541975552.670561 0.562736 1.451232 0.949866 0.083624 -0.355679 0.922503 -0.124452
1541975552.67556 0.562459 1.449939 0.949146 0.083899 -0.355981 0.922183 -0.125768
1541975552.680557 0.56212 1.448647 0.948487 0.082926 -0.356284 0.922207 -0.125378
1541975552.685558 0.561867 1.447282 0.947788 0.082266 -0.354886 0.922748 -0.125799
1541975552.690558 0.561583 1.446036 0.947109 0.081733 -0.355417 0.922573 -0.125925
1541975552.695561 0.561284 1.44467 0.946454 0.08129 -0.353807 0.923169 -0.126378
1541975552.700565 0.561022 1.44341 0.945737 0.080485 -0.354952 0.922668 -0.127338
1541975552.705571 0.560718 1.44208 0.945151 0.079935 -0.353511 0.923355 -0.126715
1541975552.710575 0.56049 1.440708 0.944491 0.079588 -0.352134 0.923804 -0.127487
1541975552.71558 0.560115 1.439437 0.943903 0.079901 -0.351842 0.923851 -0.127756
1541975552.720582 0.559908 1.438178 0.943286 0.080071 -0.351966 0.92359 -0.129194
1541975552.725593 0.559711 1.436829 0.942698 0.07998 -0.350954 0.924047 -0.12873
1541975552.730598 0.559496 1.435533 0.942155 0.080043 -0.351589 0.923702 -0.129432
1541975552.7356 0.559322 1.434156 0.94155 0.079605 -0.350454 0.924106 -0.129896
1541975552.740603 0.559185 1.432855 0.940984 0.080043 -0.350145 0.924019 -0.131074
1541975552.745598 0.558974 1.431543 0.940404 0.080681 -0.35018 0.923904 -0.131403
1541975552.750589 0.558755 1.43022 0.939854 0.080741 -0.34906 0.924189 -0.132335
1541975552.755576 0.558531 1.42888 0.939271 0.080876 -0.34872 0.924276 -0.132545
1541975552.760559 0.55834 1.42752 0.938699 0.079988 -0.346711 0.925065 -0.132846
1541975552.765545 0.55806 1.426209 0.938132 0.080054 -0.346138 0.925248 -0.133022
1541975552.770547 0.55792 1.424901 0.937502 0.07922 -0.344506 0.925904 -0.133197
1541975552.775559 0.55765 1.423636 0.93688 0.078429 -0.344463 0.925955 -0.13342
1541975552.780573 0.557481 1.422317 0.936218 0.077401 -0.343223 0.926379 -0.134273
1541975552.785582 0.557267 1.421081 0.935616 0.076696 -0.342895 0.926413 -0.135278
1541975552.790587 0.557034 1.419867 0.935019 0.076392 -0.343102 0.926371 -0.135211
1541975552.79559 0.556909 1.418568 0.934389 0.075392 -0.341291 0.927008 -0.135992
1541975552.8006 0.556739 1.417422 0.93381 0.074804 -0.342135 0.926722 -0.136142
1541975552.805604 0.556589 1.416134 0.933175 0.074168 -0.340599 0.927215 -0.136983
1541975552.8106 0.556452 1.415023 0.932639 0.074546 -0.342032 0.926571 -0.137564
1541975552.815597 0.556378 1.41386 0.932066 0.07451 -0.341544 0.926604 -0.138566
1541975552.820591 0.556241 1.41273 0.931538 0.075109 -0.342125 0.926303 -0.138823
1541975552.825583 0.556141 1.411458 0.930966 0.074695 -0.341261 0.926472 -0.140043
1541975552.830573 0.556051 1.410281 0.93047 0.075286 -0.340897 0.926433 -0.140865
1541975552.835566 0.555935 1.409134 0.929958 0.075499 -0.340677 0.926422 -0.141357
1541975552.840564 0.555817 1.407969 0.929471 0.07521 -0.340954 0.926226 -0.142127
1541975552.845564 0.555703 1.406756 0.928963 0.07537 -0.340198 0.926304 -0.143337
1541975552.850566 0.555492 1.405696 0.928576 0.076512 -0.340597 0.926118 -0.142983
1541975552.855567 0.555399 1.404465 0.92814 0.076691 -0.339435 0.926457 -0.143459
1541975552.860567 0.555146 1.403314 0.927747 0.077114 -0.338288 0.926823 -0.143576
1541975552.865568 0.555063 1.402133 0.92729 0.076575 -0.337627 0.926873 -0.145091
1541975552.870579 0.554853 1.401044 0.927012 0.077539 -0.337347 0.926966 -0.14463
1541975552.875587 0.554671 1.399854 0.926645 0.077451 -0.33591 0.927411 -0.145173
1541975552.880593 0.554549 1.398688 0.926237 0.076755 -0.334738 0.927799 -0.145767
1541975552.885596 0.554341 1.397606 0.925967 0.077176 -0.33437 0.927883 -0.145856
1541975552.890594 0.55424 1.396481 0.925582 0.076904 -0.333247 0.928208 -0.1465
1541975552.895593 0.554043 1.395436 0.925252 0.076588 -0.332728 0.928332 -0.147056
1541975552.900583 0.553908 1.394344 0.924916 0.075891 -0.332115 0.928613 -0.147028
1541975552.905569 0.553831 1.393231 0.924528 0.075292 -0.330446 0.929072 -0.148194
1541975552.910553 0.553727 1.392194 0.924133 0.074879 -0.329796 0.929241 -0.14879
1541975552.915539 0.553636 1.391156 0.923732 0.07437 -0.328802 0.929554 -0.149287
1541975552.920534 0.553524 1.39015 0.92338 0.073887 -0.328261 0.929639 -0.150186
1541975552.925542 0.553453 1.389142 0.922968 0.073647 -0.327818 0.929726 -0.150736
1541975552.930549 0.553368 1.388205 0.922585 0.073842 -0.327557 0.929752 -0.15105
1541975552.935554 0.553322 1.387245 0.922201 0.073198 -0.327661 0.929563 -0.152291
1541975552.940557 0.553276 1.386301 0.921772 0.073347 -0.327698 0.929519 -0.152413
1541975552.945564 0.553157 1.385423 0.921453 0.074209 -0.327825 0.929314 -0.152968
1541975552.950568 0.553163 1.384447 0.921011 0.073885 -0.327015 0.929441 -0.154082
1541975552.955576 0.55316 1.383521 0.920627 0.074359 -0.326917 0.929391 -0.154366
1541975552.960583 0.553054 1.382683 0.920259 0.074323 -0.327659 0.928904 -0.155735
1541975552.965585 0.553079 1.381732 0.919817 0.074012 -0.327357 0.929027 -0.155783
1541975552.970583 0.55298 1.380907 0.919489 0.075074 -0.328255 0.928476 -0.156668
1541975552.975581 0.552965 1.379987 0.919106 0.074736 -0.327761 0.928532 -0.157532
1541975552.980591 0.552943 1.37916 0.918742 0.075067 -0.327819 0.928394 -0.158065
1541975552.985598 0.552934 1.378207 0.918418 0.074561 -0.326191 0.928961 -0.158336
1541975552.990599 0.552938 1.377318 0.918041 0.074215 -0.325827 0.928801 -0.160182
1541975552.995597 0.552948 1.376459 0.917711 0.073616 -0.325333 0.929142 -0.159482
1541975553.000601 0.552872 1.375638 0.917451 0.074015 -0.324891 0.929186 -0.159941
