# timestamp[secs] tx ty tz qx qy qz qw
1541976466.248703 0.796514 -1.401525 0.796092 0.022053 -0.204626 0.868283 0.451361
1541976466.253705 0.79775 -1.400671 0.79657 0.02234 -0.204168 0.868382 0.451364
1541976466.258701 0.798977 -1.399885 0.797078 0.022667 -0.202052 0.868805 0.451486
1541976466.263693 0.800399 -1.399069 0.797576 0.02161 -0.20159 0.868801 0.451752
1541976466.268684 0.801819 -1.398271 0.798035 0.020405 -0.200434 0.869142 0.451666
1541976466.273673 0.803098 -1.397543 0.798664 0.021922 -0.197591 0.870179 0.45085
1541976466.278661 0.80464 -1.396854 0.799255 0.01984 -0.194788 0.870568 0.451416
1541976466.28365 0.805997 -1.396092 0.799866 0.020779 -0.191758 0.871927 0.450045
1541976466.28864 0.807586 -1.395287 0.800455 0.019974 -0.190728 0.872154 0.450079
1541976466.293634 0.809021 -1.3946 0.801138 0.021293 -0.18755 0.873116 0.449488
1541976466.298631 0.810571 -1.393834 0.801852 0.022163 -0.186691 0.873688 0.448692
1541976466.303628 0.812224 -1.393135 0.802464 0.021699 -0.185086 0.874257 0.448271
1541976466.308628 0.813786 -1.392367 0.803115 0.023439 -0.184092 0.87468 0.447767
1541976466.313633 0.815468 -1.391595 0.803786 0.024622 -0.18401 0.87465 0.447796
1541976466.318641 0.81706 -1.390787 0.804444 0.027569 -0.184987 0.874599 0.447322
1541976466.323653 0.818785 -1.389954 0.805068 0.029741 -0.187156 0.874252 0.446959
1541976466.328666 0.82048 -1.389217 0.805629 0.03188 -0.187771 0.874497 0.446073
1541976466.333678 0.822186 -1.388492 0.806269 0.034502 -0.18925 0.874491 0.445263
1541976466.338686 0.823958 -1.387826 0.806769 0.035652 -0.189439 0.874698 0.444685
1541976466.343692 0.825568 -1.387236 0.80746 0.039024 -0.188929 0.875304 0.443425
1541976466.348695 0.82744 -1.386476 0.807853 0.039469 -0.190276 0.875263 0.44289
1541976466.353693 0.829261 -1.385934 0.808363 0.04045 -0.189476 0.875775 0.442131
1541976466.358694 0.831109 -1.38536 0.80882 0.041344 -0.189 0.876259 0.441293
1541976466.36369 0.832837 -1.384843 0.809365 0.043966 -0.187276 0.877279 0.439746
1541976466.368684 0.834568 -1.384206 0.809825 0.046846 -0.187043 0.877941 0.438224
1541976466.373676 0.836435 -1.383624 0.810177 0.047095 -0.185897 0.878407 0.43775
1541976466.378667 0.838269 -1.382993 0.810461 0.047826 -0.185051 0.878975 0.436888
1541976466.383659 0.840152 -1.382344 0.810807 0.048093 -0.185281 0.879123 0.436463
1541976466.388652 0.841942 -1.381745 0.811113 0.048987 -0.184125 0.879619 0.435855
1541976466.393649 0.843716 -1.381017 0.811336 0.050732 -0.184227 0.879604 0.435641
1541976466.398647 0.845547 -1.380354 0.811477 0.050591 -0.183843 0.87964 0.435749
1541976466.403647 0.847231 -1.379737 0.811629 0.052518 -0.182887 0.879907 0.435383
1541976466.408649 0.849 -1.379138 0.81174 0.052604 -0.182667 0.87981 0.435661
1541976466.413652 0.850751 -1.378462 0.811676 0.052891 -0.183384 0.879454 0.436044
1541976466.418655 0.852408 -1.377943 0.811648 0.053863 -0.183892 0.879747 0.435119
1541976466.42366 0.85408 -1.37731 0.811466 0.055035 -0.185518 0.879466 0.434849
1541976466.428664 0.855758 -1.376811 0.81125 0.054826 -0.185914 0.879395 0.43485
1541976466.433668 0.857535 -1.376118 0.810899 0.055437 -0.191112 0.879043 0.433227
1541976466.438673 0.859193 -1.375694 0.810551 0.055418 -0.192329 0.879074 0.432629
1541976466.443676 0.86089 -1.375287 0.810153 0.054729 -0.193835 0.879125 0.43194
1541976466.448672 0.862453 -1.375046 0.809874 0.055689 -0.194081 0.879785 0.430359
1541976466.453669 0.864101 -1.374681 0.809387 0.055857 -0.196218 0.879849 0.429237
1541976466.458662 0.865783 -1.374486 0.808972 0.05474 -0.197267 0.88017 0.428241
1541976466.463654 0.867416 -1.374245 0.808525 0.055239 -0.199693 0.880411 0.426553
1541976466.468649 0.869054 -1.374085 0.808093 0.055455 -0.200564 0.880731 0.425456
1541976466.473648 0.870671 -1.373895 0.807629 0.05653 -0.202799 0.881007 0.423679
1541976466.478649 0.87234 -1.373718 0.807162 0.056659 -0.204723 0.881242 0.422246
1541976466.48366 0.873898 -1.373635 0.806827 0.058949 -0.20542 0.881737 0.420557
1541976466.488677 0.875514 -1.373505 0.806366 0.059771 -0.206523 0.88215 0.419031
1541976466.493691 0.877166 -1.373353 0.805984 0.060503 -0.20852 0.882273 0.417675
1541976466.498706 0.878777 -1.373155 0.805552 0.061624 -0.209877 0.882449 0.416458
1541976466.503713 0.880358 -1.373002 0.805121 0.062746 -0.210459 0.882811 0.415228
1541976466.508714 0.881994 -1.37273 0.804653 0.063349 -0.212494 0.882876 0.41396
1541976466.513711 0.883584 -1.372514 0.804241 0.064025 -0.213408 0.882835 0.413473
1541976466.518698 0.885047 -1.37236 0.803857 0.06586 -0.213114 0.883452 0.412017
1541976466.523683 0.886652 -1.371974 0.803256 0.064734 -0.215202 0.883266 0.411508
1541976466.528667 0.888151 -1.371693 0.802884 0.065241 -0.215899 0.883241 0.411116
1541976466.533649 0.889567 -1.371409 0.802425 0.065748 -0.215322 0.88373 0.410287
1541976466.538634 0.891055 -1.371032 0.801868 0.064512 -0.215663 0.883819 0.410112
1541976466.543622 0.892484 -1.370614 0.801383 0.064385 -0.215899 0.883834 0.409976
1541976466.548615 0.893901 -1.370196 0.800848 0.063482 -0.215718 0.883973 0.409911
1541976466.553617 0.895277 -1.369699 0.800272 0.062957 -0.216306 0.883789 0.41008
1541976466.558626 0.896666 -1.369196 0.799713 0.062124 -0.21646 0.883749 0.410212
1541976466.563629 0.898093 -1.36857 0.799048 0.060347 -0.217111 0.883425 0.41083
1541976466.568634 0.899474 -1.367972 0.798527 0.060187 -0.218778 0.883027 0.410825
1541976466.573641 0.90081 -1.367489 0.797983 0.059986 -0.217976 0.883219 0.410868
1541976466.578648 0.902207 -1.36681 0.797333 0.059311 -0.219316 0.882811 0.411129
1541976466.583657 0.903624 -1.366161 0.796751 0.058744 -0.219552 0.882648 0.411434
1541976466.588665 0.905015 -1.365476 0.796153 0.058351 -0.22089 0.882403 0.4113
1541976466.593671 0.906438 -1.364846 0.795537 0.057486 -0.221753 0.882408 0.410947
1541976466.598685 0.907826 -1.364171 0.794876 0.056397 -0.22179 0.88227 0.411374
1541976466.603693 0.909187 -1.363469 0.794277 0.056203 -0.223145 0.882117 0.410995
1541976466.608696 0.910546 -1.362763 0.793647 0.055218 -0.224007 0.882136 0.410618
1541976466.613696 0.911879 -1.362062 0.793018 0.05473 -0.223706 0.882036 0.411063
1541976466.618693 0.913258 -1.3614 0.792439 0.053267 -0.224226 0.881964 0.411127
1541976466.623687 0.914624 -1.360648 0.791838 0.052327 -0.225494 0.881664 0.411196
1541976466.628679 0.915909 -1.359912 0.791225 0.051417 -0.226129 0.881634 0.411027
1541976466.633672 0.917317 -1.359091 0.790588 0.049682 -0.227227 0.880906 0.412194
1541976466.638662 0.918574 -1.358406 0.790073 0.049466 -0.226517 0.881028 0.41235
1541976466.643653 0.919896 -1.357644 0.789508 0.048367 -0.227164 0.880765 0.412687
1541976466.648643 0.921186 -1.356874 0.788978 0.047786 -0.227077 0.880726 0.412885
1541976466.653646 0.92256 -1.356099 0.788497 0.046694 -0.227283 0.880301 0.413803
1541976466.658647 0.923769 -1.355366 0.787972 0.047043 -0.225877 0.880538 0.414028
1541976466.66365 0.92506 -1.35459 0.787516 0.046786 -0.225593 0.880356 0.414598
1541976466.668655 0.926368 -1.353849 0.787006 0.045794 -0.224473 0.880455 0.415106
1541976466.673659 0.927738 -1.353015 0.786499 0.044731 -0.22511 0.880055 0.415726
1541976466.678662 0.928982 -1.352325 0.786091 0.044351 -0.223426 0.880243 0.416276
1541976466.683666 0.930228 -1.351566 0.785695 0.045024 -0.222519 0.880423 0.416309
1541976466.688663 0.931591 -1.350723 0.78516 0.043261 -0.222574 0.880076 0.417199
1541976466.693661 0.932922 -1.349922 0.784628 0.041958 -0.222837 0.879827 0.417717
1541976466.698659 0.93424 -1.349169 0.784185 0.041048 -0.222771 0.879527 0.418474
1541976466.703657 0.935527 -1.348385 0.783701 0.040813 -0.222469 0.879518 0.418677
1541976466.708657 0.936822 -1.34767 0.783237 0.040449 -0.222091 0.879354 0.419255
1541976466.713661 0.938188 -1.346879 0.782708 0.038826 -0.222999 0.878969 0.419736
1541976466.718662 0.939533 -1.346167 0.782253 0.037602 -0.223213 0.87866 0.420379
1541976466.723663 0.940888 -1.345394 0.781774 0.036886 -0.223756 0.878387 0.420724
1541976466.728667 0.942273 -1.344701 0.781348 0.036062 -0.223962 0.878096 0.421294
1541976466.733671 0.943639 -1.344092 0.780979 0.034484 -0.223251 0.878237 0.421508
1541976466.738673 0.944964 -1.343361 0.780553 0.034881 -0.22318 0.878233 0.421522
1541976466.743673 0.946399 -1.342742 0.780216 0.033987 -0.223309 0.877993 0.422026
1541976466.748673 0.947856 -1.342089 0.77989 0.032944 -0.223485 0.877951 0.422102
1541976466.75367 0.949325 -1.341355 0.779484 0.0321 -0.223726 0.877514 0.422949
1541976466.758664 0.950748 -1.340789 0.779239 0.031928 -0.222926 0.877816 0.422757
1541976466.763659 0.952182 -1.34013 0.778996 0.031755 -0.223321 0.877426 0.423372
1541976466.768655 0.953668 -1.339438 0.778746 0.03071 -0.223151 0.877209 0.423988
1541976466.773652 0.95509 -1.338858 0.778528 0.030639 -0.222072 0.87726 0.424453
1541976466.778651 0.956499 -1.338177 0.778321 0.031057 -0.22194 0.877235 0.424542
1541976466.783652 0.957908 -1.337591 0.778171 0.03094 -0.221123 0.877083 0.425292
1541976466.788654 0.959419 -1.33697 0.777984 0.029623 -0.220962 0.876644 0.426372
1541976466.793658 0.960828 -1.336376 0.777845 0.029835 -0.220094 0.876631 0.426834
1541976466.798661 0.962283 -1.33573 0.777637 0.028963 -0.220452 0.876305 0.427378
1541976466.803663 0.963771 -1.33521 0.777468 0.027965 -0.219715 0.876274 0.427886
1541976466.808672 0.965228 -1.334655 0.777258 0.027306 -0.219772 0.876059 0.42834
1541976466.81368 0.966404 -1.334186 0.777371 0.029244 -0.219348 0.876387 0.427759
1541976466.818683 0.967938 -1.333725 0.77724 0.027702 -0.218948 0.876383 0.428073
1541976466.823682 0.969412 -1.333234 0.777151 0.027276 -0.21891 0.876315 0.428259
1541976466.828681 0.970825 -1.332777 0.777097 0.028069 -0.218631 0.876593 0.427783
1541976466.833678 0.972399 -1.332297 0.777016 0.026544 -0.219504 0.876115 0.42841
1541976466.838675 0.973859 -1.331905 0.777112 0.027442 -0.218967 0.876117 0.428625
1541976466.843673 0.975409 -1.331422 0.777129 0.027389 -0.219611 0.875771 0.429007
1541976466.848669 0.976937 -1.330925 0.777087 0.027039 -0.219225 0.875511 0.429756
1541976466.853664 0.97836 -1.330573 0.777254 0.028554 -0.218319 0.875902 0.429321
1541976466.858657 0.979897 -1.330124 0.777372 0.028062 -0.218253 0.875539 0.430129
1541976466.863652 0.981395 -1.329677 0.777441 0.027651 -0.217034 0.875329 0.431197
1541976466.868649 0.982842 -1.329217 0.777592 0.028666 -0.216496 0.875391 0.431276
1541976466.873649 0.984376 -1.328748 0.777765 0.027944 -0.215888 0.874785 0.432855
1541976466.878651 0.98589 -1.328274 0.777794 0.026835 -0.215541 0.874666 0.433337
1541976466.883653 0.98738 -1.327796 0.777964 0.026608 -0.215431 0.874324 0.434095
1541976466.888656 0.988865 -1.327341 0.778176 0.026286 -0.214872 0.874061 0.434922
1541976466.893661 0.990332 -1.326867 0.778307 0.02602 -0.214439 0.873784 0.435707
1541976466.898667 0.991735 -1.326417 0.778586 0.027042 -0.214277 0.873649 0.435995
1541976466.903673 0.993253 -1.325912 0.778772 0.027098 -0.214686 0.873121 0.436846
1541976466.908676 0.994748 -1.325472 0.778996 0.026994 -0.214149 0.872767 0.437823
1541976466.913675 0.996149 -1.325072 0.779294 0.028068 -0.213617 0.87269 0.438168
1541976466.91867 0.997637 -1.324629 0.779579 0.028263 -0.213718 0.87217 0.439141
1541976466.923663 0.999113 -1.324192 0.779848 0.028768 -0.213949 0.871763 0.439805
1541976466.928655 1.000563 -1.323714 0.780061 0.029068 -0.21414 0.871295 0.440617
1541976466.933646 1.002032 -1.323298 0.78041 0.02907 -0.214269 0.870859 0.441417
1541976466.93864 1.003492 -1.322804 0.780631 0.029654 -0.215464 0.870144 0.442204
1541976466.94364 1.004875 -1.322353 0.78092 0.030883 -0.215825 0.869927 0.442372
1541976466.948643 1.006287 -1.321914 0.781245 0.030909 -0.216253 0.869559 0.442884
1541976466.953643 1.007744 -1.321467 0.781452 0.030162 -0.216658 0.868992 0.44385
1541976466.958645 1.009125 -1.321083 0.781806 0.029891 -0.217122 0.86874 0.444135
1541976466.963648 1.010527 -1.32065 0.782088 0.029711 -0.216802 0.868546 0.444683
1541976466.968653 1.011853 -1.320365 0.782558 0.030707 -0.215619 0.868653 0.444981
1541976466.973658 1.013343 -1.31997 0.782819 0.029309 -0.216133 0.868079 0.445944
1541976466.978662 1.014681 -1.319655 0.783258 0.030319 -0.215221 0.868151 0.446177
1541976466.983667 1.016072 -1.319257 0.783569 0.03093 -0.216274 0.867956 0.446006
1541976466.988671 1.017483 -1.319022 0.783997 0.031265 -0.214941 0.868058 0.446429
1541976466.993668 1.018902 -1.318729 0.784536 0.032411 -0.216161 0.867561 0.446724
1541976466.998664 1.020407 -1.318525 0.784991 0.03066 -0.215526 0.867473 0.447325
1541976467.003656 1.021735 -1.318287 0.785526 0.033159 -0.215443 0.867448 0.447234
1541976467.008649 1.023164 -1.317927 0.785896 0.03428 -0.216882 0.867198 0.446939
1541976467.01365 1.024516 -1.31766 0.786474 0.037079 -0.217922 0.866961 0.44667
1541976467.018653 1.025942 -1.317343 0.786949 0.038146 -0.218889 0.866488 0.447024
1541976467.023657 1.027292 -1.317078 0.78752 0.040768 -0.220376 0.866201 0.446618
1541976467.028661 1.028697 -1.316859 0.788036 0.042159 -0.220886 0.865983 0.446661
1541976467.033665 1.030046 -1.316637 0.788643 0.044629 -0.222126 0.865749 0.446258
1541976467.038675 1.03142 -1.31639 0.789174 0.046041 -0.223041 0.865491 0.446159
1541976467.043683 1.032817 -1.316127 0.789702 0.047096 -0.224465 0.865224 0.445853
1541976467.048694 1.034179 -1.315952 0.790297 0.048299 -0.224566 0.865138 0.445839
1541976467.053702 1.03549 -1.315766 0.790869 0.050237 -0.224921 0.865229 0.445271
1541976467.058706 1.03672 -1.315726 0.791516 0.052024 -0.223488 0.86589 0.444501
1541976467.063706 1.0382 -1.315392 0.791957 0.051363 -0.225336 0.865478 0.444447
1541976467.068707 1.039543 -1.315268 0.792515 0.051578 -0.225183 0.865805 0.443862
1541976467.073702 1.040878 -1.315117 0.79305 0.05218 -0.225293 0.865909 0.443533
1541976467.07869 1.042229 -1.314884 0.793541 0.053217 -0.226426 0.865771 0.443102
1541976467.083676 1.043603 -1.31471 0.794137 0.054267 -0.227638 0.865866 0.442167
1541976467.088662 1.044956 -1.31454 0.794649 0.055229 -0.228304 0.865854 0.441729
1541976467.09365 1.046357 -1.314347 0.795246 0.056524 -0.229294 0.865632 0.441487
1541976467.098651 1.047708 -1.314165 0.795766 0.057843 -0.229883 0.865783 0.440712
1541976467.103655 1.049153 -1.313941 0.796386 0.058665 -0.232197 0.865409 0.440126
1541976467.10866 1.050521 -1.313739 0.796939 0.060659 -0.232543 0.865226 0.440032
1541976467.113665 1.05194 -1.313481 0.797531 0.06172 -0.234005 0.86495 0.439652
1541976467.118678 1.053282 -1.313255 0.79814 0.063733 -0.235091 0.864662 0.439351
1541976467.12369 1.054748 -1.312973 0.798673 0.063292 -0.236869 0.864119 0.439529
1541976467.128705 1.056032 -1.312729 0.799326 0.066125 -0.236383 0.864318 0.438982
1541976467.133716 1.057542 -1.31235 0.799822 0.064769 -0.238211 0.863648 0.439514
1541976467.13872 1.05885 -1.312078 0.800469 0.066877 -0.238075 0.863588 0.43939
1541976467.143719 1.060279 -1.311842 0.801033 0.066392 -0.237516 0.863738 0.439471
1541976467.148713 1.061677 -1.311525 0.801596 0.066439 -0.238356 0.863693 0.439097
1541976467.153703 1.063126 -1.311243 0.802153 0.065688 -0.237675 0.863848 0.439274
1541976467.158692 1.064514 -1.310988 0.802709 0.066269 -0.236913 0.864141 0.439022
1541976467.163679 1.066031 -1.310708 0.803192 0.064181 -0.237482 0.864076 0.439153
1541976467.168665 1.067368 -1.310485 0.803747 0.065428 -0.236268 0.864639 0.438516
1541976467.173654 1.068842 -1.310225 0.804279 0.064887 -0.236351 0.864592 0.438644
1541976467.178646 1.070311 -1.309938 0.804759 0.06494 -0.236939 0.864578 0.438347
1541976467.183645 1.071801 -1.30969 0.805271 0.064726 -0.236927 0.864722 0.4381
1541976467.188647 1.073237 -1.309442 0.805862 0.066837 -0.237674 0.864478 0.437861
1541976467.193649 1.074873 -1.309167 0.806318 0.065419 -0.238818 0.864172 0.438056
1541976467.198652 1.076292 -1.308872 0.806845 0.068078 -0.239562 0.864015 0.437554
1541976467.203652 1.077865 -1.308661 0.807413 0.06796 -0.239655 0.863771 0.438002
1541976467.208659 1.079376 -1.308455 0.807908 0.069043 -0.240262 0.863705 0.43763
1541976467.213666 1.080928 -1.308192 0.808373 0.069553 -0.241125 0.863453 0.437574
1541976467.218671 1.082446 -1.30796 0.80891 0.070929 -0.24142 0.863374 0.437345
1541976467.223675 1.083997 -1.307724 0.80931 0.070725 -0.241869 0.86312 0.437631
1541976467.228679 1.085476 -1.307545 0.809762 0.072351 -0.241385 0.863447 0.436987
1541976467.233681 1.087054 -1.307345 0.810254 0.072273 -0.242114 0.863249 0.436987
1541976467.238678 1.088645 -1.307098 0.810586 0.07249 -0.242212 0.863096 0.4372
1541976467.243674 1.090252 -1.306946 0.811017 0.072346 -0.242042 0.863138 0.437235
1541976467.248669 1.09184 -1.306737 0.811402 0.07318 -0.242539 0.862955 0.437181
1541976467.253665 1.093476 -1.306548 0.811828 0.073189 -0.243025 0.862722 0.437369
1541976467.258662 1.095109 -1.306299 0.812084 0.073229 -0.243244 0.862602 0.437479
1541976467.26366 1.096715 -1.306138 0.812534 0.074538 -0.243733 0.862482 0.437222
1541976467.268658 1.098394 -1.305949 0.812771 0.07373 -0.243456 0.862537 0.437405
1541976467.27366 1.099977 -1.305873 0.813154 0.074818 -0.242994 0.862657 0.437241
1541976467.278664 1.101713 -1.30569 0.813348 0.073613 -0.243395 0.862579 0.437376
1541976467.283668 1.103319 -1.305641 0.813729 0.074473 -0.243322 0.862678 0.437076
1541976467.288671 1.105068 -1.305495 0.813875 0.07316 -0.243134 0.862544 0.437666
1541976467.293673 1.106696 -1.305439 0.814186 0.074297 -0.243326 0.862561 0.437334
1541976467.298674 1.108381 -1.305399 0.81433 0.073661 -0.242684 0.862677 0.43757
1541976467.303673 1.110072 -1.305307 0.814556 0.074069 -0.24358 0.862201 0.437941
1541976467.308673 1.111762 -1.305346 0.814689 0.074048 -0.243226 0.862509 0.437535
1541976467.313672 1.113453 -1.305346 0.814893 0.074972 -0.244418 0.862113 0.437494
1541976467.318672 1.115153 -1.305349 0.814943 0.07539 -0.244169 0.862111 0.437564
1541976467.323669 1.116789 -1.305493 0.815131 0.077017 -0.244475 0.862236 0.436862
1541976467.328666 1.118551 -1.305511 0.815123 0.077074 -0.245721 0.861795 0.437024
1541976467.333674 1.120211 -1.305716 0.815268 0.078273 -0.246278 0.861976 0.43614
1541976467.338677 1.121939 -1.305788 0.815295 0.079274 -0.247494 0.861622 0.435971
1541976467.343676 1.123653 -1.306012 0.815286 0.079701 -0.247818 0.86177 0.435415
1541976467.348674 1.125321 -1.306187 0.815356 0.081787 -0.248743 0.861654 0.434731
1541976467.353682 1.127103 -1.306329 0.815296 0.081283 -0.249967 0.861394 0.434639
1541976467.358684 1.128709 -1.306594 0.815314 0.083597 -0.250425 0.861582 0.433561
1541976467.363692 1.130487 -1.306755 0.81527 0.084081 -0.25215 0.861019 0.433586
1541976467.368698 1.132239 -1.307005 0.815166 0.083716 -0.251522 0.861338 0.433388
1541976467.373701 1.133908 -1.307249 0.815115 0.085348 -0.251917 0.861349 0.432817
1541976467.378696 1.135652 -1.307538 0.814976 0.084466 -0.251546 0.86166 0.432587
1541976467.383685 1.137388 -1.307764 0.814855 0.084909 -0.252898 0.861544 0.431943
1541976467.388679 1.139126 -1.308061 0.814736 0.084955 -0.253155 0.861484 0.431904
1541976467.393672 1.140777 -1.308473 0.814645 0.086247 -0.251699 0.862052 0.431365
1541976467.398659 1.142531 -1.308732 0.814484 0.086524 -0.253455 0.861692 0.431
1541976467.403648 1.144283 -1.309062 0.814258 0.086466 -0.253839 0.861529 0.431112
1541976467.408646 1.145982 -1.309477 0.814081 0.086767 -0.25389 0.861686 0.430706
1541976467.413657 1.147649 -1.30983 0.813922 0.088689 -0.255478 0.861408 0.429932
1541976467.418669 1.149434 -1.31016 0.81367 0.088179 -0.255901 0.861366 0.429869
1541976467.423679 1.151157 -1.310538 0.813476 0.088738 -0.257242 0.861102 0.429482
1541976467.428685 1.152839 -1.310925 0.813289 0.090348 -0.257932 0.860892 0.429155
1541976467.433687 1.154664 -1.311273 0.813026 0.089015 -0.258961 0.860525 0.429549
1541976467.438684 1.156356 -1.311643 0.812841 0.0904 -0.259592 0.860487 0.428954
1541976467.443679 1.158052 -1.312067 0.8127 0.091286 -0.260254 0.860273 0.428794
1541976467.448675 1.159823 -1.312429 0.81244 0.090739 -0.260603 0.85998 0.429286
1541976467.45368 1.161503 -1.312841 0.81228 0.091955 -0.261205 0.859987 0.428647
1541976467.45868 1.1633 -1.313178 0.812058 0.091235 -0.262294 0.859114 0.429885
1541976467.46368 1.164976 -1.313671 0.81182 0.091886 -0.26108 0.859869 0.428975
1541976467.468679 1.166703 -1.314165 0.811664 0.091574 -0.260136 0.860223 0.428905
1541976467.473676 1.168508 -1.314553 0.811384 0.089878 -0.260466 0.859938 0.429636
1541976467.478669 1.170212 -1.315062 0.811106 0.089771 -0.259533 0.860488 0.42912
1541976467.483668 1.171946 -1.315597 0.810916 0.089368 -0.259961 0.860414 0.429095
1541976467.48867 1.173731 -1.316092 0.810671 0.088426 -0.260354 0.860331 0.429218
1541976467.493671 1.175505 -1.316584 0.810357 0.088033 -0.260345 0.86055 0.428863
1541976467.498675 1.176993 -1.31721 0.810329 0.089489 -0.260129 0.860802 0.428188
1541976467.503676 1.178724 -1.317751 0.810155 0.090204 -0.26046 0.860846 0.427748
1541976467.508676 1.180547 -1.318311 0.809874 0.089226 -0.260908 0.860641 0.428092
1541976467.513685 1.182268 -1.318936 0.809655 0.089278 -0.260838 0.861008 0.427385
1541976467.518691 1.183995 -1.319564 0.809515 0.0901 -0.261013 0.861019 0.427083
1541976467.52369 1.185788 -1.320203 0.809299 0.089458 -0.262829 0.860643 0.426863
1541976467.528697 1.187554 -1.320823 0.809083 0.089926 -0.264115 0.8604 0.426461
1541976467.533701 1.189217 -1.321575 0.808882 0.091403 -0.263138 0.860985 0.425569
1541976467.538701 1.190961 -1.322305 0.808746 0.092123 -0.265271 0.860559 0.42495
1541976467.543695 1.19277 -1.322923 0.808526 0.092063 -0.266862 0.859875 0.425351
1541976467.548687 1.194436 -1.32375 0.808374 0.092958 -0.266906 0.86037 0.424127
1541976467.553686 1.196157 -1.32451 0.808141 0.092953 -0.267018 0.860551 0.42369
1541976467.558684 1.19792 -1.325234 0.807917 0.092562 -0.268011 0.860372 0.423512
1541976467.563685 1.199543 -1.326121 0.807746 0.093194 -0.267419 0.861188 0.422087
1541976467.568685 1.20124 -1.326938 0.807609 0.093373 -0.268458 0.861237 0.421288
1541976467.573683 1.202991 -1.327723 0.80746 0.093186 -0.269294 0.861211 0.420848
1541976467.57868 1.204709 -1.328599 0.807289 0.093139 -0.268756 0.861627 0.42035
1541976467.583675 1.206401 -1.329421 0.807152 0.093289 -0.268905 0.86185 0.419764
1541976467.58867 1.208108 -1.330238 0.807053 0.093805 -0.270038 0.861833 0.418956
1541976467.593671 1.209771 -1.33118 0.80698 0.094352 -0.269128 0.86254 0.417962
1541976467.598671 1.211277 -1.332103 0.807007 0.095292 -0.269804 0.862665 0.417054
1541976467.603669 1.212916 -1.332953 0.806908 0.095525 -0.269128 0.863189 0.416354
1541976467.608665 1.214481 -1.333855 0.806871 0.096107 -0.26953 0.863593 0.41512
1541976467.613672 1.216158 -1.334649 0.806792 0.095983 -0.270171 0.863421 0.415089
1541976467.618677 1.21779 -1.335547 0.806739 0.096018 -0.270199 0.863696 0.41449
1541976467.623681 1.219364 -1.336443 0.806718 0.096657 -0.270185 0.863943 0.413835
1541976467.628686 1.221004 -1.337291 0.806687 0.0966 -0.27104 0.863544 0.414123
1541976467.633688 1.222626 -1.338171 0.806694 0.096402 -0.272104 0.863268 0.414046
1541976467.638687 1.224122 -1.339082 0.806677 0.097767 -0.272216 0.863649 0.412857
1541976467.643689 1.225667 -1.339903 0.806595 0.097984 -0.272502 0.86367 0.412571
1541976467.648688 1.227197 -1.340834 0.806567 0.0983 -0.273058 0.863841 0.411771
1541976467.653694 1.228646 -1.341724 0.806553 0.099558 -0.273816 0.863975 0.410683
1541976467.658697 1.230149 -1.342589 0.806488 0.099497 -0.274026 0.86405 0.4104
1541976467.663699 1.231618 -1.343423 0.806427 0.100066 -0.274308 0.864216 0.409723
1541976467.668698 1.233032 -1.344261 0.806408 0.100809 -0.275051 0.864264 0.408941
1541976467.673694 1.234519 -1.344974 0.806328 0.100228 -0.276168 0.86377 0.409373
1541976467.678687 1.235854 -1.345772 0.806316 0.101182 -0.2755 0.864293 0.408486
1541976467.683677 1.237192 -1.346558 0.806357 0.10174 -0.275552 0.86419 0.408528
1541976467.68867 1.23858 -1.347167 0.806372 0.101789 -0.276767 0.863695 0.408741
1541976467.693663 1.239826 -1.347913 0.806391 0.102016 -0.276771 0.863982 0.408076
1541976467.698654 1.241094 -1.34863 0.806462 0.102633 -0.276315 0.863954 0.408289
1541976467.703647 1.242357 -1.349186 0.806459 0.102569 -0.276221 0.863833 0.408624
1541976467.70864 1.243592 -1.349792 0.806465 0.102064 -0.276607 0.863783 0.408596
1541976467.713641 1.2448 -1.350365 0.806492 0.102231 -0.27673 0.863442 0.40919
1541976467.718644 1.24594 -1.350936 0.806518 0.102363 -0.276341 0.863458 0.409388
1541976467.72365 1.247164 -1.351414 0.806504 0.101494 -0.277103 0.863066 0.409914
1541976467.728656 1.24832 -1.351865 0.806481 0.101147 -0.277666 0.86259 0.410621
1541976467.733662 1.249406 -1.352303 0.806423 0.10117 -0.278223 0.862235 0.410983
1541976467.73867 1.250491 -1.352811 0.806508 0.101341 -0.278041 0.861983 0.411592
1541976467.743674 1.251585 -1.353262 0.806493 0.101271 -0.277969 0.861859 0.411918
1541976467.748675 1.25267 -1.353628 0.806394 0.10035 -0.278703 0.861356 0.412699
1541976467.753678 1.253726 -1.354019 0.806415 0.099991 -0.279639 0.860771 0.413373
1541976467.758675 1.254713 -1.354411 0.806355 0.10011 -0.279339 0.860658 0.413782
1541976467.763672 1.255743 -1.354761 0.806345 0.099586 -0.280144 0.860099 0.414527
1541976467.768668 1.256799 -1.35509 0.806362 0.098955 -0.280792 0.85964 0.41519
1541976467.773664 1.257755 -1.355449 0.806337 0.098787 -0.2808 0.859408 0.415704
1541976467.77866 1.258696 -1.355838 0.806365 0.099057 -0.279852 0.859443 0.416206
1541976467.783659 1.259673 -1.356125 0.80634 0.098262 -0.27985 0.859208 0.416881
1541976467.788661 1.260643 -1.356414 0.806356 0.097355 -0.28033 0.858973 0.417255
1541976467.793661 1.261651 -1.356697 0.806358 0.095646 -0.281622 0.858325 0.418113
1541976467.798661 1.262564 -1.356978 0.806364 0.095586 -0.280903 0.858246 0.418772
1541976467.803659 1.26344 -1.357214 0.806414 0.095844 -0.280447 0.858292 0.418926
1541976467.80866 1.264313 -1.35748 0.80651 0.096141 -0.28104 0.85788 0.419303
1541976467.813654 1.265267 -1.357722 0.80654 0.095251 -0.281778 0.85756 0.419666
1541976467.818651 1.266187 -1.357894 0.806604 0.095225 -0.281667 0.857135 0.420612
1541976467.823645 1.267056 -1.358032 0.806671 0.094867 -0.282323 0.856594 0.421357
1541976467.828643 1.267936 -1.358232 0.806793 0.09488 -0.283206 0.85602 0.421927
1541976467.833644 1.268767 -1.358404 0.806973 0.095754 -0.283222 0.855754 0.422257
1541976467.838648 1.269631 -1.358549 0.807062 0.095319 -0.282569 0.855503 0.423301
1541976467.843652 1.270525 -1.358634 0.807112 0.094539 -0.283231 0.855121 0.423805
1541976467.848658 1.271393 -1.358787 0.807211 0.093977 -0.283143 0.85492 0.424394
1541976467.853664 1.272206 -1.358975 0.807364 0.093787 -0.282701 0.854701 0.425172
1541976467.858675 1.273055 -1.359127 0.807506 0.093205 -0.282403 0.85457 0.42576
1541976467.863694 1.273903 -1.359301 0.807614 0.092941 -0.282449 0.854435 0.426057
1541976467.868715 1.274759 -1.359406 0.807647 0.092032 -0.282072 0.85403 0.427316
1541976467.873734 1.275592 -1.35948 0.807709 0.091784 -0.282035 0.853982 0.427489
1541976467.878744 1.276384 -1.359671 0.807861 0.092036 -0.282204 0.853773 0.427739
1541976467.88375 1.277172 -1.359884 0.808039 0.092294 -0.28219 0.853728 0.427784
1541976467.888746 1.27799 -1.359944 0.808102 0.0922 -0.282329 0.853519 0.42813
1541976467.893734 1.278855 -1.360033 0.808126 0.091493 -0.282327 0.853357 0.428604
1541976467.898717 1.279655 -1.360108 0.808163 0.092121 -0.282596 0.853067 0.42887
1541976467.903697 1.28051 -1.360293 0.808297 0.091496 -0.283839 0.852648 0.429018
1541976467.908675 1.281324 -1.360438 0.808429 0.092229 -0.284005 0.852625 0.428796
1541976467.913656 1.282135 -1.360597 0.808515 0.092579 -0.283759 0.852342 0.429445
1541976467.918639 1.282988 -1.360732 0.808557 0.09233 -0.284571 0.852223 0.429197
1541976467.923635 1.283811 -1.360809 0.808548 0.092319 -0.284851 0.852138 0.429183
1541976467.928637 1.284695 -1.360867 0.808593 0.09183 -0.285526 0.851876 0.42936
1541976467.933643 1.285508 -1.361002 0.80874 0.092831 -0.286598 0.851434 0.429306
1541976467.938649 1.286331 -1.361128 0.80886 0.093115 -0.287096 0.851225 0.429327
1541976467.943657 1.28713 -1.361137 0.80889 0.093821 -0.286655 0.851137 0.429641
1541976467.948664 1.288023 -1.361155 0.808901 0.093007 -0.287011 0.850819 0.430212
1541976467.953668 1.28887 -1.361143 0.809038 0.093065 -0.287768 0.850409 0.430504
1541976467.95867 1.289652 -1.361168 0.809217 0.093475 -0.288136 0.850141 0.430699
1541976467.963682 1.290425 -1.361136 0.809325 0.09438 -0.286933 0.850158 0.431269
1541976467.968691 1.291247 -1.361044 0.809412 0.094097 -0.287025 0.849955 0.431669
1541976467.973697 1.292131 -1.360937 0.809519 0.092921 -0.288255 0.849189 0.432612
1541976467.978699 1.29293 -1.360844 0.809641 0.092585 -0.288588 0.849002 0.432829
1541976467.983694 1.293702 -1.360853 0.809838 0.092631 -0.287128 0.849186 0.433428
1541976467.988686 1.294511 -1.360684 0.809903 0.092113 -0.287721 0.848664 0.434167
1541976467.993675 1.295299 -1.360587 0.80999 0.091483 -0.287838 0.848448 0.434644
1541976467.998665 1.296059 -1.360537 0.810102 0.091362 -0.286536 0.848632 0.435171
1541976468.003655 1.296919 -1.360403 0.810166 0.090061 -0.28734 0.848189 0.435775
1541976468.008648 1.297709 -1.360313 0.810243 0.089969 -0.28777 0.847989 0.4359
1541976468.013643 1.298536 -1.360184 0.810345 0.089604 -0.288701 0.847694 0.435934
1541976468.018642 1.29936 -1.36014 0.810499 0.089061 -0.288084 0.847531 0.436769
1541976468.023643 1.300139 -1.360004 0.810556 0.089173 -0.289151 0.8473 0.436489
1541976468.028647 1.301026 -1.359818 0.810607 0.087603 -0.290024 0.846758 0.437278
1541976468.033658 1.301852 -1.35964 0.810674 0.087637 -0.290544 0.84632 0.437774
1541976468.038668 1.302599 -1.359503 0.810927 0.088787 -0.291573 0.845847 0.437772
1541976468.043676 1.303472 -1.35931 0.811011 0.087553 -0.292404 0.845181 0.438752
1541976468.048682 1.304239 -1.359124 0.811141 0.088148 -0.291985 0.844789 0.439665
1541976468.053686 1.305082 -1.358986 0.811324 0.086701 -0.29203 0.844536 0.440409
1541976468.058689 1.305916 -1.358756 0.811447 0.0853 -0.292292 0.843777 0.441962
1541976468.063687 1.306677 -1.358544 0.811541 0.085049 -0.292159 0.843644 0.442352
1541976468.068684 1.30739 -1.358451 0.811738 0.085398 -0.290057 0.843652 0.443649
1541976468.073684 1.308281 -1.358291 0.811892 0.0828 -0.290686 0.84322 0.444551
1541976468.078682 1.309128 -1.358099 0.811952 0.080891 -0.290918 0.842867 0.445419
1541976468.083678 1.309606 -1.35805 0.812218 0.081585 -0.287552 0.843139 0.446962
1541976468.088674 1.310423 -1.357801 0.812312 0.081066 -0.289244 0.842323 0.447502
1541976468.093663 1.311295 -1.35769 0.812467 0.078317 -0.288979 0.841921 0.448917
1541976468.098653 1.312093 -1.357568 0.812605 0.07733 -0.288156 0.841793 0.449857
1541976468.103645 1.312751 -1.357477 0.812806 0.077873 -0.287593 0.841704 0.450289
1541976468.10864 1.313606 -1.357337 0.812911 0.075921 -0.287863 0.841072 0.451629
1541976468.113637 1.31446 -1.357127 0.812993 0.074038 -0.287675 0.840477 0.453167
1541976468.118637 1.315349 -1.356962 0.813137 0.071692 -0.28904 0.839759 0.454005
1541976468.12363 1.31612 -1.356816 0.813329 0.07084 -0.289142 0.839202 0.455102
1541976468.128627 1.316826 -1.356646 0.813385 0.069695 -0.288333 0.839105 0.455971
1541976468.133629 1.317573 -1.356571 0.813591 0.067696 -0.287414 0.838772 0.457462
1541976468.138635 1.318226 -1.356432 0.813696 0.067573 -0.286792 0.838545 0.458286
1541976468.143643 1.319093 -1.356277 0.813747 0.06341 -0.287332 0.837904 0.459713
1541976468.148652 1.319754 -1.356144 0.813771 0.061925 -0.285852 0.837696 0.461214
1541976468.153662 1.320572 -1.356005 0.813928 0.059635 -0.286279 0.836911 0.462675
1541976468.158671 1.321307 -1.355915 0.813971 0.057203 -0.285685 0.836612 0.463889
1541976468.16367 1.322072 -1.355716 0.81398 0.054669 -0.285996 0.835954 0.465187
1541976468.168669 1.322668 -1.355709 0.814056 0.053297 -0.28352 0.83618 0.466453
1541976468.173667 1.323386 -1.355612 0.814114 0.050629 -0.282423 0.835784 0.468124
1541976468.178665 1.324147 -1.355447 0.814131 0.047535 -0.283019 0.835059 0.46938
1541976468.183658 1.324783 -1.355347 0.814157 0.045365 -0.28184 0.834868 0.470642
1541976468.188653 1.325584 -1.355159 0.814142 0.041205 -0.281902 0.833964 0.472586
1541976468.193646 1.326219 -1.355092 0.814205 0.039298 -0.280267 0.833824 0.473966
1541976468.198641 1.326963 -1.354912 0.814208 0.036783 -0.280921 0.832745 0.475674
1541976468.203639 1.327748 -1.354784 0.814219 0.033408 -0.281354 0.831616 0.477638
1541976468.208639 1.328394 -1.354683 0.814322 0.031505 -0.280619 0.831061 0.479163
1541976468.21364 1.329108 -1.354614 0.814388 0.029301 -0.279982 0.830418 0.480788
1541976468.218645 1.3299 -1.354564 0.814475 0.026175 -0.280645 0.829421 0.4823
1541976468.223651 1.330572 -1.354537 0.814635 0.024155 -0.280368 0.829039 0.483222
1541976468.228654 1.331344 -1.354687 0.81479 0.021135 -0.278136 0.828855 0.484967
1541976468.23366 1.33204 -1.354585 0.814864 0.020007 -0.279287 0.827892 0.485996
1541976468.238665 1.33284 -1.354547 0.814996 0.017328 -0.280145 0.827124 0.486913
1541976468.243666 1.333538 -1.354653 0.815223 0.015764 -0.279753 0.826734 0.487852
1541976468.248667 1.334244 -1.35471 0.815388 0.01434 -0.279741 0.826234 0.488751
1541976468.253668 1.334906 -1.35483 0.81565 0.013737 -0.2797 0.825761 0.489589
1541976468.258668 1.335564 -1.354976 0.815947 0.012909 -0.27912 0.825732 0.489993
1541976468.263664 1.336321 -1.355101 0.816208 0.01102 -0.279181 0.824938 0.491338
1541976468.268661 1.337031 -1.355284 0.816462 0.008892 -0.278089 0.824657 0.492472
1541976468.273658 1.337728 -1.355435 0.816767 0.007953 -0.278094 0.824335 0.493024
1541976468.278658 1.338341 -1.355635 0.817081 0.007244 -0.2765 0.82461 0.493472
1541976468.283662 1.339043 -1.35595 0.817411 0.005646 -0.274805 0.824674 0.494331
1541976468.288667 1.339713 -1.356123 0.817798 0.005955 -0.275646 0.823921 0.495113
1541976468.293672 1.340313 -1.356414 0.818123 0.005848 -0.27346 0.824345 0.495622
1541976468.298676 1.341025 -1.356693 0.818511 0.005228 -0.272926 0.824247 0.496085
1541976468.303673 1.341721 -1.356976 0.818916 0.004909 -0.272571 0.823823 0.496988
1541976468.308667 1.342357 -1.357304 0.819295 0.005443 -0.270827 0.823921 0.497772
1541976468.313658 1.343027 -1.357554 0.819724 0.005701 -0.27141 0.823709 0.497803
1541976468.318655 1.343745 -1.35784 0.820061 0.004743 -0.270805 0.823624 0.498282
1541976468.32366 1.344464 -1.358047 0.820425 0.004704 -0.270682 0.823494 0.498565
1541976468.328666 1.345183 -1.358291 0.820828 0.004581 -0.270197 0.823325 0.499108
1541976468.333673 1.346 -1.358571 0.821199 0.003022 -0.270182 0.823085 0.499523
1541976468.33868 1.346625 -1.358798 0.821573 0.004182 -0.269613 0.823248 0.499554
1541976468.343683 1.347342 -1.359015 0.821981 0.004823 -0.268724 0.823331 0.499889
1541976468.348696 1.348144 -1.359167 0.822407 0.004664 -0.268498 0.823018 0.500528
1541976468.353706 1.348887 -1.359368 0.822807 0.005066 -0.267875 0.822958 0.500957
1541976468.358712 1.349679 -1.359494 0.823121 0.004446 -0.268096 0.822782 0.501133
1541976468.363707 1.350444 -1.359652 0.823536 0.004781 -0.267583 0.822591 0.501717
1541976468.368702 1.3513 -1.359743 0.823823 0.003913 -0.267784 0.822382 0.501961
1541976468.373699 1.352025 -1.359898 0.824173 0.004154 -0.265828 0.822762 0.502374
1541976468.378691 1.352848 -1.359959 0.824579 0.004239 -0.265591 0.822508 0.502916
1541976468.383678 1.353714 -1.359963 0.824923 0.004047 -0.265412 0.822159 0.503583
1541976468.388663 1.354514 -1.359976 0.825226 0.004226 -0.264823 0.822263 0.50372
1541976468.393648 1.355371 -1.359926 0.82549 0.003696 -0.264629 0.822055 0.504166
1541976468.398633 1.356243 -1.359946 0.82583 0.002655 -0.263898 0.821972 0.50469
1541976468.403621 1.357069 -1.359938 0.826085 0.002366 -0.262799 0.822001 0.505219
1541976468.408623 1.357927 -1.359737 0.826307 0.002141 -0.263309 0.821628 0.50556
1541976468.413633 1.358746 -1.359678 0.826585 0.001968 -0.262015 0.821861 0.505855
1541976468.418645 1.359568 -1.3596 0.826835 0.001976 -0.261704 0.821732 0.506225
1541976468.423663 1.360472 -1.359382 0.826929 0.000486 -0.261968 0.82162 0.506274
1541976468.428683 1.361266 -1.359253 0.827168 0.000532 -0.261385 0.821617 0.506579
1541976468.4337 1.362114 -1.35909 0.827326 0.00056 -0.261963 0.821376 0.506673
1541976468.438717 1.36302 -1.358905 0.827503 -0.000632 -0.262115 0.821129 0.506993
1541976468.443726 1.36383 -1.358731 0.82763 -0.000918 -0.262114 0.821213 0.506857
1541976468.448729 1.364665 -1.358427 0.8277 -0.001026 -0.263228 0.820864 0.506845
1541976468.45373 1.365485 -1.358178 0.827829 -0.00101 -0.263797 0.820876 0.50653
1541976468.458724 1.366253 -1.357964 0.827964 -0.001149 -0.263492 0.820984 0.506513
1541976468.463719 1.367046 -1.35768 0.828147 -0.000735 -0.263953 0.820852 0.506489
1541976468.468711 1.367828 -1.357383 0.828257 -0.001437 -0.263634 0.82091 0.506559
1541976468.473707 1.368703 -1.357039 0.828361 -0.003129 -0.26419 0.820412 0.507067
1541976468.4787 1.369453 -1.356671 0.828506 -0.003473 -0.264175 0.82059 0.506786
1541976468.483691 1.370272 -1.356198 0.828579 -0.004868 -0.265454 0.82004 0.506995
1541976468.488682 1.370929 -1.355822 0.828695 -0.004482 -0.264188 0.820204 0.507395
1541976468.493678 1.371604 -1.355365 0.828845 -0.004511 -0.264485 0.820097 0.507414
1541976468.498666 1.372293 -1.354867 0.828878 -0.005666 -0.263477 0.820046 0.508009
1541976468.503658 1.372975 -1.354372 0.828933 -0.006363 -0.263238 0.819833 0.508467
1541976468.508656 1.373559 -1.353855 0.828972 -0.007064 -0.262928 0.819903 0.508506
1541976468.513655 1.374157 -1.353303 0.828938 -0.008281 -0.262473 0.819643 0.509141
1541976468.518663 1.374643 -1.352842 0.828954 -0.008165 -0.262307 0.819551 0.509376
1541976468.523669 1.375175 -1.35225 0.828892 -0.009198 -0.263833 0.818935 0.509562
1541976468.528675 1.375655 -1.351674 0.82876 -0.010612 -0.263599 0.818625 0.510154
1541976468.533688 1.375959 -1.351189 0.828723 -0.010063 -0.263062 0.818847 0.510085
1541976468.538695 1.376262 -1.350645 0.828627 -0.009919 -0.264195 0.818586 0.509921
1541976468.543697 1.376596 -1.350086 0.82847 -0.011044 -0.265076 0.818016 0.510354
1541976468.548693 1.376742 -1.349557 0.828363 -0.010804 -0.265056 0.818135 0.510181
1541976468.553686 1.376739 -1.349101 0.828349 -0.009065 -0.264848 0.818424 0.509859
1541976468.558685 1.376854 -1.348521 0.828243 -0.009478 -0.26729 0.817655 0.50981
1541976468.563685 1.376879 -1.347962 0.828108 -0.00962 -0.267965 0.817279 0.510056
1541976468.568682 1.37676 -1.347472 0.828001 -0.009117 -0.268568 0.817199 0.509876
1541976468.573677 1.376549 -1.346968 0.827875 -0.008408 -0.268721 0.817414 0.509463
1541976468.578674 1.376306 -1.346398 0.827774 -0.008127 -0.26926 0.817229 0.50948
1541976468.583669 1.375953 -1.345883 0.827718 -0.007288 -0.268537 0.817524 0.509401
1541976468.588661 1.375493 -1.345352 0.827621 -0.005763 -0.268568 0.817513 0.509422
1541976468.593661 1.375129 -1.344751 0.827482 -0.0069 -0.268522 0.81712 0.510061
1541976468.598667 1.374636 -1.344159 0.827372 -0.006635 -0.268375 0.816935 0.510438
1541976468.60368 1.374088 -1.343543 0.827188 -0.007214 -0.267712 0.816736 0.511097
1541976468.608688 1.373488 -1.342934 0.82706 -0.0073 -0.267779 0.816361 0.511659
1541976468.613691 1.372774 -1.342275 0.826896 -0.006796 -0.266888 0.816482 0.51194
1541976468.618689 1.372051 -1.3416 0.826759 -0.006327 -0.267604 0.815804 0.512652
1541976468.623679 1.37127 -1.340935 0.8266 -0.006253 -0.267652 0.815416 0.513245
1541976468.628671 1.370411 -1.340246 0.826449 -0.005489 -0.267423 0.815114 0.513853
1541976468.633664 1.369516 -1.339558 0.826329 -0.005217 -0.26723 0.814474 0.51497
1541976468.638659 1.368587 -1.338883 0.826156 -0.005029 -0.26644 0.81409 0.515986
1541976468.643652 1.367604 -1.338176 0.826016 -0.004357 -0.266778 0.81347 0.516795
1541976468.648648 1.366605 -1.337399 0.82579 -0.00407 -0.266359 0.812998 0.517756
1541976468.653643 1.365479 -1.336811 0.825567 -0.003817 -0.265681 0.812861 0.518321
1541976468.658638 1.364445 -1.336068 0.82532 -0.003893 -0.265695 0.811926 0.519777
1541976468.663638 1.363293 -1.335298 0.825036 -0.003562 -0.266015 0.811314 0.52057
1541976468.668641 1.362074 -1.334618 0.824768 -0.002579 -0.266151 0.810782 0.521335
1541976468.673646 1.360828 -1.333977 0.824434 -0.003285 -0.264566 0.810812 0.52209
1541976468.678653 1.359569 -1.333288 0.824092 -0.002923 -0.264505 0.810536 0.522552
1541976468.68366 1.358315 -1.332764 0.823806 -0.003898 -0.263219 0.810219 0.523685
1541976468.688667 1.356978 -1.331948 0.823498 -0.003376 -0.26367 0.80954 0.524511
1541976468.693668 1.355645 -1.33131 0.823175 -0.00322 -0.26399 0.80913 0.524984
1541976468.698669 1.354293 -1.330622 0.822948 -0.00332 -0.262668 0.808296 0.526926
1541976468.703669 1.352798 -1.330052 0.822622 -0.002603 -0.261564 0.808776 0.526744
1541976468.708669 1.351429 -1.329309 0.82223 -0.002909 -0.260644 0.808344 0.52786
1541976468.713671 1.349962 -1.328815 0.822067 -0.002295 -0.260642 0.807955 0.528459
1541976468.718671 1.348587 -1.328129 0.821663 -0.002547 -0.259703 0.807318 0.529892
1541976468.723668 1.347097 -1.327556 0.821517 -0.000781 -0.260443 0.806731 0.530428
1541976468.728666 1.345642 -1.326926 0.821186 -0.001257 -0.25949 0.8063 0.531548
1541976468.733663 1.344206 -1.326318 0.821032 9.5e-05 -0.26119 0.805469 0.531977
1541976468.738664 1.342548 -1.325786 0.820841 0.003104 -0.258114 0.805938 0.532759
1541976468.74367 1.341104 -1.325245 0.820671 0.002018 -0.259059 0.805242 0.533357
1541976468.748677 1.33961 -1.324507 0.820336 0.003162 -0.258499 0.804893 0.53415
1541976468.753679 1.338192 -1.323922 0.820083 0.00247 -0.259698 0.803903 0.535062
1541976468.758676 1.336608 -1.323475 0.819889 0.003737 -0.258278 0.804208 0.535284
1541976468.763668 1.335112 -1.322896 0.819802 0.004755 -0.257742 0.803627 0.536404
1541976468.768659 1.333474 -1.322388 0.819689 0.008429 -0.255955 0.804042 0.536593
1541976468.773652 1.332123 -1.321885 0.819403 0.005612 -0.255497 0.80336 0.537869
1541976468.778647 1.330618 -1.321309 0.819175 0.007147 -0.255948 0.803103 0.538019
1541976468.783644 1.329128 -1.320796 0.819082 0.007669 -0.254973 0.803025 0.538591
1541976468.788644 1.327653 -1.320288 0.818867 0.007611 -0.254202 0.802921 0.539111
1541976468.793645 1.326101 -1.319859 0.818743 0.008481 -0.252711 0.803262 0.539291
1541976468.798649 1.324696 -1.319325 0.818448 0.007508 -0.252262 0.802887 0.540074
1541976468.803652 1.323204 -1.318788 0.818205 0.007721 -0.251695 0.803219 0.539843
1541976468.808661 1.321745 -1.318321 0.817968 0.007801 -0.251142 0.8031 0.540275
1541976468.813669 1.320283 -1.317807 0.817816 0.008806 -0.250359 0.803149 0.540551
1541976468.81868 1.318825 -1.31746 0.817707 0.009665 -0.249264 0.803082 0.541141
1541976468.823689 1.317381 -1.316905 0.817437 0.010989 -0.24938 0.802886 0.541353
1541976468.828701 1.316039 -1.316514 0.817315 0.010763 -0.249365 0.802353 0.542154
1541976468.833704 1.31466 -1.31594 0.817044 0.011317 -0.249122 0.802365 0.542237
1541976468.838702 1.313296 -1.315589 0.816939 0.011885 -0.248222 0.802042 0.543115
1541976468.843699 1.311917 -1.315129 0.816748 0.012931 -0.248618 0.802118 0.542797
1541976468.848692 1.310532 -1.314599 0.816604 0.014778 -0.248066 0.801663 0.543675
1541976468.853684 1.309292 -1.31419 0.816411 0.014908 -0.248244 0.801232 0.544225
1541976468.858671 1.307946 -1.313774 0.816302 0.016911 -0.24836 0.801001 0.544452
1541976468.863653 1.306658 -1.313389 0.816195 0.017442 -0.246162 0.800998 0.545437
1541976468.868633 1.305351 -1.312922 0.816035 0.018876 -0.246773 0.800838 0.545348
1541976468.873618 1.304115 -1.312526 0.81582 0.018518 -0.246781 0.800482 0.54588
1541976468.878608 1.3029 -1.312092 0.815577 0.018744 -0.247383 0.800242 0.545951
1541976468.883603 1.301622 -1.311655 0.81535 0.019704 -0.246144 0.800166 0.546589
1541976468.888605 1.30043 -1.31124 0.81516 0.019498 -0.24729 0.799727 0.546721
1541976468.893613 1.299174 -1.310871 0.814951 0.020005 -0.2468 0.799469 0.547302
1541976468.898626 1.297921 -1.310502 0.81472 0.019667 -0.246282 0.799637 0.547302
1541976468.903642 1.296676 -1.310066 0.814395 0.019913 -0.24584 0.799816 0.54723
1541976468.908666 1.295508 -1.309762 0.814197 0.019434 -0.24576 0.799465 0.547796
1541976468.913687 1.294418 -1.309335 0.813885 0.017935 -0.2462 0.799179 0.548067
1541976468.918703 1.293196 -1.308908 0.81358 0.018363 -0.245838 0.799166 0.548234
1541976468.92372 1.292006 -1.308616 0.813375 0.018803 -0.245257 0.799241 0.54837
1541976468.928724 1.290879 -1.308313 0.81314 0.018301 -0.244499 0.799213 0.548766
1541976468.933718 1.289767 -1.308 0.812948 0.018229 -0.2452 0.799044 0.548702
1541976468.938704 1.288642 -1.307685 0.81274 0.018777 -0.244723 0.798906 0.549097
1541976468.943684 1.287579 -1.307359 0.812516 0.018776 -0.243979 0.798863 0.549491
1541976468.94866 1.28651 -1.307107 0.812451 0.019007 -0.244188 0.798619 0.549744
1541976468.95364 1.285469 -1.306789 0.81231 0.020158 -0.244216 0.798132 0.550398
1541976468.958625 1.284417 -1.306474 0.81221 0.021276 -0.243661 0.798086 0.550668
1541976468.963614 1.28338 -1.306165 0.812139 0.021925 -0.242999 0.797968 0.551107
1541976468.968606 1.282403 -1.30585 0.812023 0.022309 -0.243319 0.7977 0.551337
1541976468.973605 1.281499 -1.305517 0.811983 0.022563 -0.243633 0.79701 0.552186
1541976468.97861 1.280527 -1.305218 0.811969 0.023596 -0.24254 0.796987 0.552657
1541976468.983619 1.279614 -1.304908 0.811908 0.023388 -0.24212 0.796729 0.553221
1541976468.988632 1.278696 -1.304664 0.811851 0.023866 -0.241516 0.796468 0.553841
1541976468.993652 1.277818 -1.304348 0.811814 0.024167 -0.241132 0.796062 0.554578
1541976468.998664 1.276893 -1.304026 0.811776 0.025247 -0.240638 0.79622 0.554517
1541976469.003671 1.275998 -1.303792 0.811754 0.02596 -0.239843 0.795856 0.555351
1541976469.008675 1.275224 -1.303535 0.811584 0.024863 -0.239993 0.795397 0.555994
1541976469.013679 1.274368 -1.303282 0.811513 0.024641 -0.240363 0.795101 0.556267
1541976469.018681 1.273575 -1.303002 0.811363 0.023916 -0.240448 0.794753 0.556759
1541976469.023678 1.27271 -1.302912 0.811253 0.024091 -0.23889 0.794936 0.557161
1541976469.028675 1.271814 -1.302699 0.811156 0.024526 -0.238275 0.795075 0.557206
1541976469.033671 1.271007 -1.302508 0.811013 0.023569 -0.238777 0.794897 0.557286
1541976469.038666 1.270195 -1.302236 0.810802 0.023393 -0.239732 0.794373 0.557632
1541976469.043659 1.269381 -1.302121 0.810682 0.023014 -0.239947 0.794383 0.55754
1541976469.048649 1.268505 -1.301971 0.810516 0.023445 -0.238233 0.794671 0.557846
1541976469.053642 1.267728 -1.301764 0.810357 0.023161 -0.239908 0.794089 0.55797
1541976469.058634 1.266887 -1.301672 0.810227 0.023448 -0.240028 0.793999 0.558035
1541976469.063629 1.265979 -1.301565 0.810109 0.024612 -0.239287 0.794416 0.557709
1541976469.06863 1.26519 -1.301394 0.809983 0.02475 -0.24015 0.793952 0.557992
1541976469.073639 1.264459 -1.301349 0.809769 0.023479 -0.239731 0.793812 0.558427
1541976469.078651 1.263629 -1.301176 0.809642 0.024545 -0.240627 0.79348 0.558467
1541976469.083663 1.262858 -1.301034 0.809521 0.024521 -0.240869 0.793203 0.558757
1541976469.088673 1.261899 -1.301077 0.809516 0.026483 -0.238963 0.793801 0.558637
1541976469.093682 1.261133 -1.301019 0.809441 0.026787 -0.239687 0.793576 0.558631
1541976469.098689 1.260309 -1.300999 0.809353 0.026937 -0.23858 0.793947 0.558571
1541976469.103693 1.259645 -1.300963 0.809219 0.024995 -0.238943 0.793138 0.559654
1541976469.10869 1.258792 -1.300952 0.809178 0.025764 -0.239017 0.793064 0.559693
1541976469.113682 1.257888 -1.301 0.809124 0.027012 -0.237855 0.793555 0.559433
1541976469.118672 1.257095 -1.301044 0.809045 0.026215 -0.237726 0.793498 0.559607
1541976469.123662 1.256264 -1.301087 0.808935 0.026094 -0.23673 0.793447 0.560107
1541976469.128654 1.255483 -1.301212 0.808845 0.024848 -0.236811 0.793526 0.560017
1541976469.133647 1.254673 -1.301367 0.808799 0.023726 -0.23661 0.793445 0.560266
1541976469.138642 1.253785 -1.301397 0.808608 0.023868 -0.236636 0.793688 0.559904
1541976469.143639 1.25285 -1.301486 0.808546 0.024915 -0.236176 0.793787 0.559912
1541976469.148633 1.251936 -1.3016 0.808488 0.025185 -0.236076 0.793883 0.559807
1541976469.15363 1.250997 -1.301778 0.808337 0.024892 -0.235245 0.794635 0.559102
1541976469.158632 1.250288 -1.302074 0.808095 0.021096 -0.235208 0.794502 0.559463
1541976469.163638 1.249265 -1.302176 0.808038 0.023173 -0.235582 0.794763 0.558852
1541976469.168645 1.248228 -1.302351 0.807932 0.024487 -0.235143 0.795603 0.557786
1541976469.173653 1.24732 -1.302605 0.807751 0.023762 -0.234877 0.795788 0.557664
1541976469.178661 1.246371 -1.302916 0.807642 0.023418 -0.235111 0.796302 0.556846
1541976469.183668 1.245487 -1.303183 0.807461 0.022388 -0.235371 0.796563 0.556405
1541976469.188674 1.244475 -1.303519 0.807369 0.022704 -0.235195 0.797055 0.555761
1541976469.193679 1.24352 -1.303788 0.807334 0.023607 -0.235786 0.797394 0.554987
1541976469.198688 1.242468 -1.304053 0.807272 0.024979 -0.235629 0.79789 0.55428
1541976469.203694 1.241491 -1.304424 0.807302 0.025304 -0.23505 0.79853 0.553589
1541976469.208697 1.240597 -1.304771 0.807244 0.024536 -0.235399 0.798685 0.553253
1541976469.213703 1.239646 -1.305132 0.807201 0.024457 -0.234802 0.799379 0.552507
1541976469.218703 1.238652 -1.305459 0.807283 0.025403 -0.235098 0.799705 0.551865
1541976469.223701 1.237658 -1.305647 0.807147 0.026354 -0.234779 0.800289 0.551109
1541976469.228695 1.236558 -1.30608 0.807316 0.028232 -0.233536 0.801033 0.550463
1541976469.233695 1.235647 -1.306301 0.807252 0.027862 -0.235144 0.80116 0.549612
1541976469.238693 1.234638 -1.306613 0.807265 0.02797 -0.235211 0.801705 0.548783
1541976469.243689 1.233565 -1.306954 0.807246 0.02902 -0.234525 0.802355 0.548071
1541976469.248691 1.232587 -1.307148 0.80711 0.028938 -0.235162 0.802608 0.547431
1541976469.253692 1.231423 -1.307497 0.807168 0.030481 -0.233634 0.803776 0.546288
1541976469.258692 1.230485 -1.307721 0.807032 0.029565 -0.233968 0.803917 0.545988
1541976469.26369 1.229405 -1.307922 0.806972 0.030362 -0.233842 0.804669 0.54489
1541976469.268685 1.228433 -1.308178 0.806899 0.029735 -0.233896 0.805326 0.543929
1541976469.273679 1.22741 -1.308424 0.806895 0.030113 -0.233497 0.805933 0.543179
1541976469.278672 1.226469 -1.30853 0.806822 0.031217 -0.23419 0.806022 0.542687
1541976469.283661 1.225429 -1.308762 0.806937 0.032354 -0.23347 0.806822 0.541741
1541976469.288648 1.224528 -1.308963 0.80699 0.032176 -0.232714 0.807327 0.541324
1541976469.293634 1.223533 -1.309125 0.807118 0.033789 -0.23189 0.807788 0.540892
1541976469.298623 1.222772 -1.30924 0.807141 0.032859 -0.232809 0.80796 0.540297
1541976469.303616 1.221939 -1.309356 0.807283 0.033978 -0.233086 0.808177 0.539784
1541976469.308615 1.221095 -1.30954 0.807447 0.034655 -0.232739 0.808707 0.539097
1541976469.313616 1.220344 -1.309684 0.807556 0.034924 -0.232065 0.809113 0.53876
1541976469.318621 1.219589 -1.309808 0.80774 0.03602 -0.231788 0.809678 0.537958
1541976469.323638 1.218871 -1.309978 0.808026 0.036423 -0.231675 0.810017 0.537468
1541976469.328656 1.218214 -1.310096 0.808206 0.037304 -0.231502 0.810313 0.537037
1541976469.333682 1.21764 -1.310217 0.808331 0.037912 -0.231208 0.810531 0.536791
1541976469.338709 1.217058 -1.310351 0.808599 0.039207 -0.23124 0.810993 0.535986
1541976469.343728 1.216471 -1.310546 0.808938 0.040006 -0.230662 0.811757 0.535019
1541976469.348749 1.215981 -1.310639 0.809239 0.040574 -0.230372 0.812216 0.534405
1541976469.353758 1.215575 -1.310696 0.809457 0.040831 -0.230389 0.812614 0.533772
1541976469.358752 1.215155 -1.310762 0.809725 0.041724 -0.230272 0.813309 0.532694
1541976469.363738 1.214794 -1.310879 0.809991 0.042724 -0.229172 0.813934 0.532134
1541976469.368717 1.214485 -1.310979 0.810229 0.043647 -0.228053 0.814481 0.531703
1541976469.373692 1.214205 -1.311062 0.810455 0.044743 -0.227398 0.815029 0.531051
1541976469.378666 1.213964 -1.311191 0.810691 0.045814 -0.226803 0.815659 0.530247
1541976469.383638 1.213818 -1.311253 0.8109 0.046392 -0.227386 0.816087 0.529288
1541976469.388612 1.21376 -1.31133 0.811041 0.046249 -0.227407 0.816537 0.528597
1541976469.39359 1.213704 -1.311419 0.811179 0.046836 -0.227679 0.817018 0.527684
1541976469.398577 1.213781 -1.311496 0.811284 0.046553 -0.228112 0.817274 0.527125
1541976469.403573 1.213863 -1.311535 0.811433 0.046938 -0.228762 0.817648 0.526229
1541976469.408576 1.214017 -1.311565 0.81156 0.047093 -0.22938 0.817898 0.525557
1541976469.413591 1.214165 -1.311584 0.811699 0.048346 -0.229841 0.818439 0.524399
1541976469.418618 1.214401 -1.311649 0.811899 0.048816 -0.230259 0.818713 0.523743
1541976469.423642 1.214648 -1.311638 0.812044 0.049704 -0.230639 0.819192 0.522742
1541976469.428665 1.214945 -1.311639 0.812167 0.051053 -0.230644 0.819595 0.521978
1541976469.433696 1.21536 -1.311564 0.812256 0.051121 -0.231661 0.819618 0.521484
1541976469.43872 1.215806 -1.311532 0.812326 0.050784 -0.231658 0.820009 0.520904
1541976469.443738 1.216328 -1.311438 0.812393 0.05045 -0.232864 0.820165 0.520152
1541976469.448747 1.216818 -1.311395 0.81249 0.05049 -0.23237 0.82076 0.51943
1541976469.453746 1.217366 -1.311328 0.812577 0.050641 -0.231954 0.821313 0.518727
1541976469.458741 1.217925 -1.311306 0.81272 0.050896 -0.231409 0.821708 0.51832
1541976469.463739 1.218588 -1.311186 0.812802 0.050993 -0.232334 0.821885 0.517616
1541976469.46873 1.219262 -1.311096 0.812856 0.050862 -0.231966 0.822314 0.517111
1541976469.473714 1.220023 -1.310973 0.812923 0.050117 -0.232959 0.822031 0.517188
1541976469.47869 1.220762 -1.310841 0.812961 0.050347 -0.233171 0.82236 0.516547
1541976469.483665 1.221539 -1.310696 0.81298 0.050651 -0.233453 0.822747 0.515772
1541976469.488651 1.222334 -1.310657 0.813083 0.050122 -0.233215 0.822966 0.515583
1541976469.49364 1.223176 -1.3106 0.813103 0.049344 -0.233011 0.823273 0.51526
1541976469.498633 1.223968 -1.310513 0.813179 0.050451 -0.232935 0.823533 0.514771
1541976469.503627 1.224818 -1.31045 0.813233 0.050226 -0.233456 0.823843 0.514061
1541976469.508623 1.22573 -1.310486 0.813222 0.048894 -0.232824 0.824122 0.514029
1541976469.513623 1.226675 -1.310404 0.813169 0.048944 -0.233713 0.824224 0.513456
1541976469.518628 1.227604 -1.310353 0.813131 0.048643 -0.234603 0.824499 0.512638
1541976469.523638 1.228484 -1.310405 0.813133 0.049375 -0.233901 0.825093 0.511932
1541976469.52865 1.229527 -1.310419 0.81308 0.048316 -0.235225 0.824917 0.51171
1541976469.533674 1.230492 -1.31041 0.813008 0.048273 -0.235489 0.825184 0.51116
1541976469.538694 1.231463 -1.310426 0.812982 0.048576 -0.235863 0.825594 0.510297
1541976469.54371 1.232519 -1.310472 0.81288 0.047411 -0.236709 0.82576 0.509746
1541976469.54873 1.233515 -1.310598 0.812866 0.047288 -0.236015 0.826568 0.508769
1541976469.55374 1.234594 -1.310635 0.812782 0.046869 -0.236583 0.826593 0.508504
1541976469.558746 1.235585 -1.310753 0.812807 0.047708 -0.236526 0.827067 0.50768
1541976469.563741 1.236598 -1.310915 0.812737 0.048235 -0.236574 0.827765 0.506469
1541976469.568727 1.237752 -1.311 0.812659 0.047226 -0.237974 0.827769 0.505901
1541976469.573708 1.238806 -1.311174 0.812572 0.047723 -0.237245 0.828558 0.504904
1541976469.57869 1.239969 -1.311291 0.812473 0.047251 -0.239206 0.8285 0.504118
1541976469.583667 1.241055 -1.311594 0.812459 0.048 -0.238526 0.82913 0.503334
1541976469.588645 1.242143 -1.311814 0.812449 0.049254 -0.238527 0.829847 0.50203
1541976469.593626 1.243432 -1.311938 0.812289 0.047784 -0.240233 0.829771 0.501482
1541976469.598612 1.244626 -1.31213 0.81221 0.048117 -0.24108 0.830134 0.500443
1541976469.603603 1.245422 -1.31249 0.81237 0.051043 -0.240278 0.831528 0.498218
1541976469.6086 1.246557 -1.312731 0.812354 0.053043 -0.240134 0.832092 0.497137
1541976469.613604 1.247723 -1.312988 0.812282 0.053594 -0.240157 0.832603 0.49621
1541976469.618607 1.249108 -1.313131 0.812147 0.052264 -0.241938 0.832687 0.495346
1541976469.623616 1.25023 -1.313435 0.812147 0.053431 -0.241638 0.833556 0.493903
1541976469.628628 1.251406 -1.313711 0.812145 0.054933 -0.242071 0.834169 0.49249
1541976469.63365 1.252622 -1.31394 0.812098 0.055194 -0.242105 0.834886 0.491226
1541976469.638677 1.253973 -1.314144 0.811917 0.054064 -0.243179 0.835214 0.490264
1541976469.643703 1.255247 -1.31439 0.81185 0.055206 -0.242399 0.835683 0.489723
1541976469.648723 1.256416 -1.314702 0.811864 0.05622 -0.241975 0.836583 0.488278
1541976469.653734 1.257669 -1.315022 0.811803 0.056384 -0.242028 0.837187 0.487197
1541976469.658736 1.259052 -1.315194 0.811628 0.055512 -0.242313 0.837297 0.486967
1541976469.663734 1.260428 -1.315422 0.811598 0.05503 -0.243229 0.837353 0.486468
1541976469.668725 1.261616 -1.315727 0.811622 0.056385 -0.241352 0.838441 0.485372
1541976469.673711 1.26304 -1.3159 0.811548 0.055953 -0.241998 0.838538 0.484934
1541976469.678693 1.26445 -1.316044 0.811523 0.055127 -0.242421 0.838202 0.485398
1541976469.68367 1.265748 -1.316307 0.811536 0.055142 -0.241408 0.838829 0.484818
1541976469.68866 1.267016 -1.316467 0.811571 0.056292 -0.240949 0.839452 0.483834
1541976469.693652 1.268369 -1.316597 0.811621 0.056553 -0.241748 0.839492 0.483335
1541976469.698645 1.269743 -1.316834 0.811662 0.055996 -0.241344 0.839949 0.482807
1541976469.703641 1.27114 -1.316941 0.811698 0.055993 -0.240904 0.840179 0.482628
1541976469.708641 1.272448 -1.317093 0.811792 0.056557 -0.240834 0.840409 0.482196
1541976469.713644 1.273757 -1.317302 0.811918 0.05686 -0.239338 0.840692 0.482412
1541976469.718642 1.27511 -1.317482 0.81197 0.056961 -0.237877 0.841309 0.482047
1541976469.723638 1.276491 -1.317601 0.812071 0.056592 -0.238659 0.841555 0.481274
1541976469.728634 1.277796 -1.317847 0.812218 0.057519 -0.236503 0.842177 0.48114
1541976469.733642 1.279158 -1.317984 0.812241 0.057088 -0.235813 0.842375 0.481183
1541976469.738652 1.280644 -1.318043 0.812341 0.056278 -0.238446 0.841964 0.480701
1541976469.743666 1.281963 -1.318245 0.812564 0.057601 -0.236733 0.842441 0.480554
1541976469.748684 1.283344 -1.318419 0.812608 0.05793 -0.235706 0.842803 0.480386
1541976469.753697 1.284731 -1.31856 0.812788 0.058236 -0.23587 0.842979 0.479959
1541976469.758705 1.286041 -1.31877 0.81298 0.059419 -0.234569 0.843592 0.479373
1541976469.763706 1.287512 -1.318891 0.813145 0.059581 -0.234545 0.843318 0.479848
1541976469.768696 1.288948 -1.319012 0.813368 0.059953 -0.235544 0.843526 0.478945
1541976469.773684 1.290337 -1.319088 0.813544 0.060594 -0.235336 0.843467 0.47907
1541976469.778671 1.291747 -1.319207 0.813723 0.061198 -0.234965 0.843699 0.478768
1541976469.783658 1.293283 -1.319299 0.813962 0.060759 -0.235718 0.843359 0.479052
1541976469.788656 1.294775 -1.319384 0.814161 0.060298 -0.23614 0.843565 0.47854
1541976469.793658 1.295913 -1.319451 0.814537 0.063681 -0.235263 0.843995 0.477775
1541976469.798661 1.297498 -1.319558 0.814777 0.06245 -0.235651 0.843738 0.478199
1541976469.803662 1.298938 -1.319672 0.814987 0.062152 -0.235277 0.844185 0.477634
1541976469.808658 1.300341 -1.319746 0.815338 0.06332 -0.234119 0.844401 0.477668
1541976469.813655 1.301868 -1.319738 0.815558 0.062695 -0.234609 0.844223 0.477824
1541976469.818644 1.303341 -1.319806 0.815807 0.062405 -0.233281 0.844459 0.478095
1541976469.823626 1.304786 -1.31987 0.816162 0.062669 -0.232346 0.844974 0.477606
1541976469.828614 1.306342 -1.319858 0.816456 0.062146 -0.23219 0.844542 0.478514
1541976469.833607 1.307846 -1.31987 0.816767 0.062197 -0.231701 0.844574 0.478687
1541976469.838611 1.309388 -1.319833 0.817077 0.06188 -0.231585 0.844241 0.47937
1541976469.843619 1.310889 -1.319683 0.81746 0.062928 -0.231809 0.844064 0.479438
1541976469.848627 1.31245 -1.31967 0.817813 0.062604 -0.231278 0.843898 0.480028
1541976469.853637 1.314025 -1.319516 0.818128 0.06242 -0.231429 0.843293 0.481041
1541976469.858648 1.315577 -1.319389 0.818532 0.061948 -0.231128 0.843132 0.481529
1541976469.863666 1.317165 -1.319174 0.818907 0.061862 -0.231731 0.842784 0.481859
1541976469.868683 1.318799 -1.318927 0.819232 0.060859 -0.232261 0.841987 0.483124
1541976469.873696 1.320371 -1.318682 0.819658 0.060851 -0.232019 0.841947 0.483311
1541976469.878705 1.322086 -1.318403 0.820023 0.058892 -0.233839 0.840873 0.484545
1541976469.883708 1.323656 -1.318182 0.820469 0.058842 -0.232028 0.840796 0.485554
1541976469.888715 1.325453 -1.317887 0.820903 0.056202 -0.232552 0.839892 0.487177
1541976469.893717 1.327089 -1.317483 0.821298 0.05622 -0.23332 0.839432 0.487601
1541976469.898713 1.328813 -1.317273 0.821797 0.054003 -0.232378 0.839241 0.488629
1541976469.903706 1.330566 -1.316867 0.822195 0.052249 -0.23222 0.838683 0.489852
1541976469.908696 1.332379 -1.316536 0.822647 0.049804 -0.23153 0.838221 0.491221
1541976469.913684 1.334135 -1.316207 0.823179 0.04913 -0.231871 0.838017 0.491477
1541976469.918669 1.335879 -1.316011 0.823697 0.047193 -0.229598 0.838174 0.492464
1541976469.923649 1.337732 -1.315662 0.824242 0.046178 -0.229603 0.837588 0.493555
1541976469.928629 1.339615 -1.315435 0.824861 0.04437 -0.228843 0.837373 0.494437
1541976469.933617 1.341478 -1.315074 0.82537 0.043502 -0.227843 0.836813 0.495923
1541976469.938607 1.343406 -1.314789 0.82598 0.0431 -0.228299 0.83629 0.496629
1541976469.943601 1.345329 -1.314512 0.826613 0.042657 -0.229131 0.835896 0.496948
1541976469.948597 1.347454 -1.314148 0.827072 0.039933 -0.230819 0.83477 0.498284
1541976469.953599 1.349243 -1.314016 0.827779 0.041311 -0.228756 0.834959 0.498807
1541976469.958607 1.351257 -1.313756 0.828275 0.040324 -0.228969 0.83451 0.499539
1541976469.96363 1.353198 -1.313595 0.82894 0.040971 -0.227968 0.834501 0.49996
1541976469.96865 1.355246 -1.313466 0.829489 0.039937 -0.227619 0.834134 0.500815
1541976469.973671 1.357386 -1.31316 0.829905 0.038536 -0.228923 0.833453 0.501463
1541976469.978685 1.359366 -1.31306 0.830546 0.039383 -0.227955 0.833204 0.502251
1541976469.983692 1.361477 -1.312888 0.830962 0.038322 -0.228342 0.832849 0.502746
1541976469.988685 1.363585 -1.312813 0.831504 0.036932 -0.228122 0.832699 0.503198
1541976469.993677 1.365667 -1.312686 0.832039 0.037374 -0.228743 0.832598 0.503052
1541976469.998658 1.36787 -1.312641 0.832528 0.035505 -0.228869 0.831857 0.504353
1541976470.003637 1.369958 -1.312594 0.832986 0.035533 -0.228285 0.831862 0.504607
1541976470.008622 1.372129 -1.312529 0.833381 0.034058 -0.227473 0.831653 0.50542
1541976470.013619 1.374301 -1.312533 0.833926 0.032982 -0.228288 0.831395 0.505549
1541976470.018609 1.37654 -1.312478 0.83431 0.031936 -0.229081 0.831116 0.505715
1541976470.023606 1.378727 -1.312583 0.834811 0.030483 -0.227983 0.830807 0.506808
1541976470.028604 1.380934 -1.312574 0.835121 0.029621 -0.228267 0.83071 0.506891
1541976470.033602 1.383019 -1.312693 0.835617 0.031158 -0.228136 0.830634 0.506981
1541976470.038601 1.38537 -1.312846 0.836016 0.028643 -0.228479 0.830388 0.507378
1541976470.043602 1.387613 -1.31293 0.836297 0.027749 -0.228834 0.830338 0.50735
1541976470.048608 1.389775 -1.313175 0.836748 0.028268 -0.227066 0.830665 0.507581
1541976470.05362 1.392015 -1.31337 0.837106 0.02801 -0.228201 0.830688 0.507047
1541976470.058644 1.394234 -1.313612 0.837489 0.028388 -0.22747 0.8312 0.506515
1541976470.063657 1.396574 -1.313914 0.8379 0.027221 -0.227796 0.831184 0.50646
1541976470.068672 1.398841 -1.314169 0.838189 0.027946 -0.228252 0.831204 0.506181
1541976470.073686 1.401118 -1.314672 0.838629 0.027146 -0.226564 0.831935 0.505783
1541976470.078706 1.403448 -1.315007 0.838875 0.026918 -0.227891 0.831948 0.505176
1541976470.083712 1.405664 -1.315591 0.839299 0.027786 -0.225437 0.833258 0.504071
1541976470.088704 1.408036 -1.315947 0.839488 0.02713 -0.227423 0.833157 0.50338
1541976470.093694 1.410374 -1.316573 0.839882 0.027835 -0.228255 0.833333 0.502674
1541976470.098681 1.412699 -1.317091 0.840037 0.028442 -0.228357 0.833981 0.501518
1541976470.103675 1.415057 -1.317667 0.840239 0.028401 -0.230237 0.834552 0.499707
1541976470.108659 1.417361 -1.318398 0.840523 0.028918 -0.231535 0.834758 0.498733
1541976470.113634 1.419748 -1.31907 0.840667 0.029824 -0.232337 0.835255 0.497473
1541976470.118609 1.422112 -1.319813 0.840822 0.030137 -0.233738 0.836052 0.495455
1541976470.123593 1.424512 -1.3206 0.841013 0.029646 -0.23479 0.836494 0.494239
1541976470.128586 1.426805 -1.321338 0.841153 0.031554 -0.235629 0.837441 0.492114
1541976470.133583 1.429265 -1.321977 0.841105 0.031175 -0.238247 0.837538 0.49071
1541976470.13858 1.43165 -1.322806 0.841224 0.031824 -0.237327 0.838447 0.48956
1541976470.143585 1.433939 -1.323564 0.841221 0.03262 -0.237545 0.839781 0.487111
1541976470.148596 1.436359 -1.324343 0.841332 0.032908 -0.238922 0.840248 0.485609
1541976470.153612 1.438723 -1.324923 0.841205 0.033513 -0.239403 0.840148 0.485504
1541976470.158621 1.441015 -1.325647 0.84118 0.034552 -0.241067 0.840724 0.483607
1541976470.163621 1.443253 -1.326418 0.841195 0.036567 -0.24168 0.841467 0.481857
1541976470.168625 1.445646 -1.327072 0.841084 0.035696 -0.243087 0.841803 0.480628
1541976470.173632 1.44796 -1.327873 0.841073 0.036234 -0.243488 0.842294 0.479521
1541976470.178641 1.450162 -1.328452 0.840913 0.03824 -0.245008 0.842359 0.478477
1541976470.183643 1.45247 -1.329296 0.840897 0.037492 -0.245764 0.842943 0.477119
1541976470.188637 1.454662 -1.329761 0.840583 0.040017 -0.246574 0.842719 0.47689
1541976470.193634 1.456851 -1.33065 0.840715 0.040803 -0.247445 0.843409 0.47515
1541976470.198633 1.459132 -1.331311 0.840535 0.041626 -0.247843 0.84332 0.475029
1541976470.203625 1.461373 -1.331927 0.840162 0.040596 -0.249894 0.843228 0.474206
1541976470.208612 1.463502 -1.332705 0.840061 0.041287 -0.25008 0.843733 0.473149
1541976470.213605 1.465552 -1.333518 0.839932 0.042718 -0.250051 0.844728 0.471259
1541976470.218605 1.467779 -1.334291 0.839652 0.041867 -0.252429 0.844298 0.470837
1541976470.223606 1.469898 -1.334934 0.839376 0.041895 -0.25265 0.844366 0.470594
1541976470.22861 1.471968 -1.3357 0.839235 0.041244 -0.252309 0.845397 0.468981
1541976470.233608 1.47402 -1.336401 0.838862 0.041685 -0.253985 0.845281 0.468245
1541976470.238611 1.4761 -1.337184 0.838547 0.04085 -0.254084 0.845738 0.46744
1541976470.243616 1.478121 -1.338054 0.838367 0.041144 -0.25423 0.84621 0.46648
1541976470.248624 1.48016 -1.338857 0.837996 0.042052 -0.255849 0.846169 0.465586
1541976470.253635 1.482108 -1.339661 0.837648 0.043796 -0.254742 0.847144 0.464258
1541976470.258646 1.484078 -1.340563 0.837453 0.044957 -0.255257 0.847985 0.462325
1541976470.263658 1.486161 -1.34147 0.836991 0.043212 -0.257288 0.847741 0.461813
1541976470.268668 1.488105 -1.342413 0.836533 0.044419 -0.257098 0.848213 0.460936
1541976470.273681 1.48996 -1.343315 0.836188 0.045571 -0.257631 0.849554 0.458047
1541976470.27869 1.491844 -1.344323 0.835851 0.045886 -0.258757 0.849652 0.457199
1541976470.283686 1.493833 -1.345333 0.835453 0.045776 -0.259352 0.849927 0.456361
1541976470.288669 1.495737 -1.34622 0.834944 0.046102 -0.260507 0.850648 0.454322
1541976470.293652 1.497591 -1.347029 0.834518 0.047207 -0.262547 0.850718 0.4529
1541976470.298638 1.499457 -1.348144 0.834224 0.048279 -0.260477 0.851086 0.453292
1541976470.303628 1.501387 -1.349078 0.833938 0.048183 -0.263874 0.850593 0.452262
1541976470.308612 1.50327 -1.350068 0.833669 0.048443 -0.263934 0.851192 0.45107
1541976470.313601 1.504926 -1.351015 0.833422 0.05087 -0.262099 0.852797 0.448835
1541976470.318587 1.506901 -1.351943 0.833254 0.050771 -0.263316 0.851882 0.449871
1541976470.323582 1.508736 -1.352732 0.833049 0.051427 -0.267908 0.850704 0.449315
1541976470.328581 1.510703 -1.353751 0.832852 0.049337 -0.265882 0.851848 0.448584
1541976470.333583 1.512443 -1.354758 0.83274 0.050077 -0.264689 0.852519 0.447931
1541976470.338587 1.514418 -1.355547 0.832522 0.047663 -0.269426 0.850339 0.449511
1541976470.343593 1.516142 -1.356394 0.832453 0.04876 -0.26762 0.851903 0.447509
1541976470.348603 1.517762 -1.357252 0.832354 0.04955 -0.268166 0.851028 0.448757
1541976470.353617 1.519507 -1.358244 0.832297 0.050116 -0.268653 0.851723 0.447081
1541976470.358633 1.521131 -1.358984 0.832201 0.051353 -0.268266 0.851349 0.447884
1541976470.363641 1.522903 -1.359853 0.832255 0.051068 -0.26865 0.851863 0.446709
1541976470.368644 1.524559 -1.360538 0.831931 0.052499 -0.27179 0.850315 0.447592
1541976470.37365 1.526147 -1.361446 0.831986 0.051453 -0.270463 0.850355 0.448439
1541976470.378657 1.527967 -1.362249 0.831974 0.050668 -0.273555 0.850285 0.446784
1541976470.383653 1.529613 -1.362988 0.831881 0.050964 -0.273695 0.850747 0.445784
1541976470.388651 1.530962 -1.363831 0.831978 0.052895 -0.269868 0.851402 0.446642
1541976470.39365 1.532501 -1.364709 0.831948 0.052094 -0.272676 0.85015 0.447414
1541976470.398652 1.534155 -1.365504 0.831989 0.050873 -0.272974 0.849778 0.448078
1541976470.403646 1.53559 -1.366327 0.832049 0.052026 -0.270865 0.850593 0.447679
1541976470.408632 1.537049 -1.367261 0.832059 0.052527 -0.273001 0.849639 0.448135
1541976470.413618 1.5388 -1.367817 0.832103 0.051922 -0.275488 0.849833 0.446312
1541976470.41861 1.540136 -1.368832 0.832026 0.052339 -0.27205 0.850025 0.448003
1541976470.423607 1.541629 -1.369688 0.832134 0.052989 -0.271307 0.851274 0.446001
1541976470.428612 1.543314 -1.370302 0.83214 0.050116 -0.27467 0.850686 0.445397
1541976470.43363 1.544508 -1.371128 0.83214 0.052502 -0.274323 0.84936 0.447858
1541976470.438647 1.545947 -1.372097 0.832235 0.052177 -0.273468 0.849984 0.447237
1541976470.443663 1.54746 -1.372601 0.832219 0.052779 -0.278876 0.848513 0.44662
1541976470.448679 1.548069 -1.373654 0.832425 0.055627 -0.270943 0.849686 0.44892
1541976470.453693 1.549384 -1.374442 0.83257 0.055991 -0.27159 0.849208 0.449388
1541976470.458702 1.550719 -1.37508 0.83263 0.056817 -0.272681 0.848571 0.449826
1541976470.463702 1.5521 -1.375643 0.83267 0.057613 -0.276196 0.848008 0.448641
1541976470.468699 1.553165 -1.376408 0.832774 0.059617 -0.272213 0.848969 0.448996
1541976470.473694 1.554486 -1.377025 0.832847 0.05723 -0.275418 0.846714 0.451604
1541976470.478686 1.555838 -1.377521 0.83287 0.054527 -0.27822 0.845614 0.45228
1541976470.483675 1.556751 -1.37813 0.83281 0.05889 -0.274748 0.84611 0.452928
1541976470.488664 1.558009 -1.378691 0.832872 0.057677 -0.276441 0.84573 0.452763
1541976470.493654 1.559243 -1.379134 0.832911 0.055885 -0.278867 0.844846 0.453151
1541976470.498645 1.560559 -1.379622 0.832942 0.054927 -0.281181 0.844851 0.451827
1541976470.503638 1.561367 -1.380156 0.832886 0.056448 -0.279081 0.843544 0.455369
1541976470.508634 1.56248 -1.380701 0.833022 0.056086 -0.280675 0.842249 0.456829
1541976470.513633 1.563751 -1.381198 0.833071 0.056558 -0.283733 0.842158 0.455046
1541976470.518634 1.564822 -1.381787 0.833173 0.057422 -0.281239 0.843265 0.454435
1541976470.523632 1.565819 -1.382517 0.83314 0.055862 -0.277736 0.842203 0.458733
1541976470.528633 1.566673 -1.382913 0.833353 0.058803 -0.279699 0.841337 0.458761
1541976470.533641 1.568199 -1.383309 0.833261 0.058119 -0.289111 0.840714 0.454133
1541976470.538648 1.56928 -1.383984 0.833298 0.055903 -0.286231 0.841295 0.455159
1541976470.543656 1.569911 -1.384558 0.833346 0.057065 -0.285278 0.838116 0.461435
1541976470.548664 1.571044 -1.385131 0.833354 0.056726 -0.286096 0.837848 0.461457
1541976470.553671 1.572183 -1.385577 0.8334 0.055283 -0.288301 0.836641 0.462448
1541976470.558676 1.573078 -1.386092 0.83349 0.05987 -0.286548 0.837837 0.460799
1541976470.563674 1.574178 -1.386584 0.833548 0.05711 -0.28805 0.837484 0.460854
1541976470.56867 1.575307 -1.387001 0.833577 0.056804 -0.291496 0.837469 0.458748
1541976470.573665 1.576311 -1.387497 0.83364 0.056153 -0.292135 0.836763 0.459708
1541976470.57866 1.577139 -1.388068 0.8338 0.05673 -0.290557 0.83556 0.462814
1541976470.583663 1.577898 -1.388609 0.833942 0.055931 -0.288444 0.834964 0.465302
1541976470.588666 1.579179 -1.38893 0.833926 0.056837 -0.291026 0.836159 0.461424
1541976470.593674 1.580136 -1.38952 0.834048 0.057345 -0.290433 0.835652 0.462651
1541976470.598679 1.580945 -1.390034 0.834213 0.055673 -0.28986 0.834406 0.465455
1541976470.603681 1.581863 -1.390538 0.834258 0.052717 -0.288681 0.833184 0.468709
1541976470.60868 1.582939 -1.390776 0.834324 0.052008 -0.29002 0.833449 0.467489
1541976470.613688 1.583703 -1.391178 0.834537 0.050922 -0.291617 0.832957 0.467492
1541976470.618693 1.584632 -1.391741 0.834427 0.048102 -0.290406 0.832126 0.470019
1541976470.623691 1.585618 -1.392116 0.834502 0.048095 -0.287883 0.832085 0.471641
1541976470.628687 1.586686 -1.39253 0.834449 0.044948 -0.291143 0.830549 0.472656
1541976470.633683 1.587327 -1.392939 0.834536 0.049054 -0.285501 0.830943 0.474991
1541976470.638675 1.588269 -1.393238 0.834592 0.047744 -0.285451 0.831002 0.475052
1541976470.643667 1.58927 -1.393717 0.834502 0.047576 -0.285594 0.829557 0.477502
1541976470.648671 1.590225 -1.39395 0.834766 0.045544 -0.285725 0.830687 0.475654
1541976470.653675 1.59102 -1.394543 0.834837 0.043612 -0.282345 0.829556 0.479808
1541976470.658676 1.592085 -1.394737 0.834878 0.04368 -0.285796 0.828075 0.480318
1541976470.663676 1.592604 -1.395237 0.835106 0.046605 -0.281324 0.828091 0.482649
1541976470.668684 1.593643 -1.395508 0.835203 0.045924 -0.28235 0.82776 0.482683
1541976470.673687 1.594675 -1.395776 0.835368 0.043222 -0.282112 0.827971 0.48271
1541976470.678686 1.595452 -1.39625 0.835432 0.044692 -0.279471 0.827336 0.485194
1541976470.683683 1.596358 -1.396583 0.835566 0.044023 -0.281116 0.827876 0.483381
1541976470.688676 1.597426 -1.396664 0.835743 0.041986 -0.285308 0.827768 0.481286
1541976470.693674 1.59814 -1.397245 0.835926 0.042632 -0.276647 0.827796 0.486213
1541976470.69867 1.599156 -1.397522 0.836177 0.041258 -0.28118 0.826974 0.485128
1541976470.703666 1.600053 -1.397933 0.83637 0.039353 -0.280808 0.827802 0.484089
1541976470.708662 1.600826 -1.398247 0.836591 0.042362 -0.279356 0.826927 0.486166
1541976470.713668 1.601829 -1.398279 0.83672 0.042387 -0.28198 0.8271 0.484351
1541976470.718672 1.602851 -1.398593 0.836881 0.039647 -0.285097 0.826752 0.483351
1541976470.723673 1.603718 -1.39893 0.836941 0.040974 -0.282573 0.826849 0.484556
1541976470.728674 1.604639 -1.399162 0.837058 0.041645 -0.28353 0.825544 0.486163
1541976470.733672 1.605215 -1.39952 0.837253 0.042089 -0.279885 0.82649 0.486629
1541976470.738669 1.606131 -1.39977 0.83749 0.040683 -0.280785 0.825307 0.488235
1541976470.743665 1.607111 -1.399658 0.83768 0.038704 -0.285197 0.824837 0.486629
1541976470.748661 1.607834 -1.399874 0.837887 0.040899 -0.286027 0.825529 0.484785
1541976470.753657 1.608411 -1.400118 0.838153 0.041699 -0.281764 0.825968 0.486463
1541976470.758654 1.609495 -1.400178 0.838158 0.037229 -0.286143 0.824802 0.486249
1541976470.763651 1.610023 -1.400455 0.838179 0.040043 -0.280436 0.825572 0.488039
1541976470.768649 1.610774 -1.400426 0.838294 0.039665 -0.282171 0.824865 0.488266
1541976470.773649 1.611471 -1.400535 0.838343 0.038069 -0.283148 0.824203 0.488945
1541976470.778653 1.611904 -1.400613 0.838491 0.038559 -0.280515 0.824572 0.489802
1541976470.783657 1.612459 -1.40067 0.838468 0.04014 -0.280032 0.824246 0.490499
1541976470.788661 1.61295 -1.400645 0.838571 0.039273 -0.279794 0.824317 0.490586
1541976470.793666 1.61373 -1.400463 0.838497 0.034803 -0.284367 0.824341 0.488248
1541976470.798669 1.614086 -1.400543 0.838363 0.036192 -0.28084 0.82392 0.490892
1541976470.803665 1.614494 -1.400472 0.838223 0.035019 -0.279993 0.823729 0.49178
1541976470.808661 1.614849 -1.400519 0.838108 0.035001 -0.278924 0.823438 0.492876
1541976470.813668 1.615004 -1.400269 0.838098 0.034303 -0.279884 0.82429 0.490952
1541976470.818673 1.615253 -1.400247 0.838019 0.033137 -0.280023 0.824166 0.491161
1541976470.823677 1.615266 -1.400205 0.837981 0.034204 -0.278487 0.824498 0.491404
1541976470.828679 1.615503 -1.399876 0.837879 0.033315 -0.281442 0.824333 0.490057
1541976470.833681 1.615614 -1.399658 0.83773 0.032129 -0.282137 0.823944 0.490391
1541976470.838682 1.615824 -1.399402 0.837496 0.02947 -0.283285 0.823872 0.490016
1541976470.843682 1.615764 -1.399184 0.837441 0.029072 -0.281645 0.824092 0.490615
1541976470.848688 1.615579 -1.399026 0.837394 0.029414 -0.278831 0.824538 0.491453
1541976470.853692 1.615361 -1.398823 0.837317 0.030049 -0.275972 0.8248 0.492587
1541976470.858694 1.615203 -1.398501 0.837236 0.029012 -0.27563 0.824585 0.4932
1541976470.863698 1.614892 -1.398218 0.83712 0.02973 -0.272741 0.82505 0.493984
1541976470.868698 1.614625 -1.397703 0.8371 0.030745 -0.274506 0.824734 0.493472
1541976470.873695 1.614203 -1.397281 0.836998 0.032365 -0.273815 0.824445 0.494234
1541976470.878688 1.613842 -1.396778 0.836932 0.031392 -0.273018 0.824576 0.494521
1541976470.883677 1.613357 -1.396315 0.836744 0.032406 -0.272741 0.824231 0.495183
1541976470.888665 1.613097 -1.395635 0.836533 0.029453 -0.276162 0.823726 0.49431
1541976470.893653 1.612453 -1.395137 0.836363 0.028245 -0.271037 0.82404 0.496688
1541976470.898643 1.611764 -1.394566 0.836074 0.031046 -0.270327 0.82377 0.497356
1541976470.903636 1.611124 -1.393929 0.835675 0.030482 -0.270704 0.822931 0.498573
1541976470.908632 1.610405 -1.393245 0.835339 0.029715 -0.269138 0.823285 0.498883
1541976470.913624 1.609818 -1.392612 0.835067 0.027368 -0.270219 0.822796 0.499239
1541976470.918615 1.609003 -1.391837 0.834794 0.027315 -0.271092 0.823103 0.498261
1541976470.92361 1.608434 -1.390983 0.834347 0.025126 -0.273347 0.822148 0.498722
1541976470.928601 1.607353 -1.390515 0.834027 0.024085 -0.267085 0.823009 0.500741
1541976470.933595 1.606401 -1.389822 0.833642 0.022331 -0.267172 0.823238 0.5004
1541976470.938592 1.605724 -1.38894 0.833008 0.020644 -0.271352 0.82222 0.499895
1541976470.943599 1.604397 -1.388499 0.832794 0.020601 -0.266404 0.823751 0.500038
1541976470.948614 1.603642 -1.387601 0.832338 0.017848 -0.266178 0.822377 0.50252
1541976470.953629 1.60261 -1.386919 0.831982 0.016765 -0.263808 0.822092 0.50427
1541976470.958645 1.601569 -1.386116 0.831561 0.015656 -0.263849 0.821828 0.504714
1541976470.963659 1.600402 -1.385447 0.831202 0.014344 -0.261635 0.821864 0.505847
1541976470.968668 1.599084 -1.384837 0.830871 0.013821 -0.258269 0.821788 0.507712
1541976470.973677 1.598353 -1.383868 0.830326 0.011235 -0.262483 0.821823 0.505552
1541976470.97868 1.597277 -1.382907 0.829917 0.013392 -0.264303 0.820977 0.505926
1541976470.98368 1.596104 -1.3822 0.829582 0.012313 -0.262886 0.820363 0.507685
1541976470.988675 1.59485 -1.381371 0.829221 0.014005 -0.260134 0.820702 0.50851
1541976470.993665 1.593672 -1.380759 0.828834 0.014481 -0.259086 0.819761 0.510545
1541976470.998647 1.592558 -1.380058 0.828472 0.013108 -0.258271 0.819651 0.511171
1541976471.003624 1.591212 -1.37928 0.828266 0.01211 -0.255753 0.819652 0.512459
1541976471.008597 1.589933 -1.378438 0.828085 0.010985 -0.256694 0.820036 0.511398
1541976471.01358 1.588732 -1.377646 0.827689 0.013263 -0.256041 0.819152 0.513085
1541976471.01857 1.587766 -1.376823 0.827438 0.009889 -0.259055 0.817887 0.513667
1541976471.023571 1.586407 -1.376008 0.827232 0.009909 -0.256358 0.818988 0.513265
1541976471.028577 1.585204 -1.375198 0.826861 0.012512 -0.257334 0.818512 0.513479
1541976471.033591 1.584052 -1.37444 0.82658 0.010732 -0.257478 0.818064 0.51416
1541976471.038607 1.582707 -1.373669 0.826365 0.012787 -0.255056 0.817937 0.515521
1541976471.043625 1.581475 -1.372799 0.826156 0.01302 -0.255311 0.818916 0.513833
1541976471.048641 1.580378 -1.371883 0.825842 0.012692 -0.259376 0.817762 0.513641
1541976471.053653 1.57893 -1.371325 0.825486 0.01315 -0.254301 0.817278 0.516928
1541976471.058661 1.577781 -1.370481 0.825263 0.014388 -0.258338 0.816884 0.515515
1541976471.063666 1.57638 -1.369757 0.824787 0.013376 -0.254275 0.81763 0.516377
1541976471.068666 1.575208 -1.368901 0.824605 0.015531 -0.258488 0.816743 0.51563
1541976471.073661 1.57379 -1.368336 0.8242 0.013945 -0.253598 0.81783 0.516379
1541976471.078649 1.572475 -1.367583 0.823832 0.014948 -0.255823 0.816989 0.516586
1541976471.083632 1.571066 -1.366926 0.823623 0.015916 -0.252719 0.817434 0.51738
1541976471.088612 1.569799 -1.366283 0.82326 0.013102 -0.253312 0.816804 0.518163
1541976471.0936 1.568465 -1.365639 0.823017 0.012981 -0.252741 0.815008 0.521264
1541976471.098593 1.567243 -1.364935 0.822692 0.011831 -0.254977 0.814698 0.520686
1541976471.103587 1.565844 -1.36433 0.822358 0.013166 -0.251336 0.814932 0.522056
1541976471.108586 1.564507 -1.363576 0.822045 0.012829 -0.252398 0.814526 0.522186
1541976471.113589 1.563196 -1.362937 0.82177 0.011994 -0.251702 0.814332 0.522844
1541976471.118595 1.561823 -1.362162 0.821498 0.012267 -0.253655 0.812679 0.524463
1541976471.123606 1.5605 -1.36135 0.821105 0.012439 -0.253467 0.812587 0.524693
1541976471.12862 1.559084 -1.360742 0.820955 0.011553 -0.25101 0.812717 0.525692
1541976471.13363 1.557603 -1.35993 0.820525 0.016484 -0.250071 0.812637 0.526131
1541976471.138638 1.556251 -1.359196 0.820371 0.013352 -0.250493 0.812751 0.525843
1541976471.143644 1.555022 -1.358409 0.820286 0.011548 -0.250971 0.811426 0.527701
1541976471.148648 1.553381 -1.357734 0.820057 0.014626 -0.248196 0.811912 0.528189
1541976471.153654 1.551943 -1.35709 0.819867 0.014845 -0.244821 0.811705 0.530073
1541976471.158657 1.55054 -1.356221 0.819707 0.017381 -0.24692 0.811854 0.528792
1541976471.163657 1.549143 -1.355751 0.819605 0.013217 -0.243894 0.811184 0.53134
1541976471.168653 1.547754 -1.354916 0.819455 0.014765 -0.244915 0.810048 0.532561
1541976471.173647 1.546309 -1.354357 0.819257 0.015412 -0.24453 0.809351 0.533778
1541976471.17864 1.545006 -1.35376 0.819083 0.014069 -0.246138 0.807923 0.535236
1541976471.183634 1.543376 -1.353037 0.818914 0.018228 -0.24486 0.809104 0.533912
1541976471.188628 1.542001 -1.352487 0.81886 0.017408 -0.247256 0.807433 0.535362
1541976471.193623 1.540646 -1.351739 0.81851 0.01742 -0.247602 0.807449 0.535178
1541976471.198618 1.53907 -1.351104 0.818452 0.018149 -0.247685 0.807611 0.534872
1541976471.203615 1.537398 -1.350464 0.818532 0.021814 -0.2448 0.808137 0.535268
1541976471.208615 1.536033 -1.349852 0.818402 0.018263 -0.245937 0.807725 0.535502
1541976471.213616 1.534757 -1.349174 0.818325 0.01763 -0.248416 0.805899 0.537127
1541976471.218619 1.533208 -1.348437 0.818322 0.019263 -0.247836 0.80666 0.536195
1541976471.223624 1.53183 -1.347797 0.818315 0.018651 -0.248731 0.805823 0.537061
1541976471.228632 1.530315 -1.347119 0.818395 0.020342 -0.248202 0.805835 0.537226
1541976471.23365 1.528889 -1.3466 0.818547 0.019804 -0.246852 0.80521 0.538802
1541976471.238664 1.527491 -1.345837 0.818652 0.022139 -0.246274 0.805517 0.538517
1541976471.243675 1.526041 -1.345104 0.818736 0.022622 -0.247785 0.804131 0.539874
1541976471.248677 1.524697 -1.34439 0.81883 0.023639 -0.248285 0.804046 0.539727
1541976471.253674 1.523175 -1.343802 0.819092 0.022329 -0.245125 0.803539 0.541978
1541976471.258679 1.521711 -1.343262 0.81927 0.020867 -0.242684 0.803582 0.54307
1541976471.263691 1.520449 -1.342495 0.819212 0.023753 -0.247225 0.802172 0.542988
1541976471.268699 1.518938 -1.341899 0.819326 0.023514 -0.244661 0.802669 0.543425
1541976471.273707 1.517459 -1.341352 0.819466 0.023839 -0.241544 0.802492 0.545064
1541976471.27871 1.515904 -1.340822 0.819693 0.026255 -0.239908 0.802362 0.545867
1541976471.283705 1.514389 -1.340165 0.819854 0.026689 -0.240123 0.80228 0.545872
1541976471.288701 1.513069 -1.339432 0.819934 0.026839 -0.241756 0.801536 0.546236
1541976471.293702 1.511507 -1.338881 0.819971 0.027803 -0.239544 0.801945 0.546561
1541976471.298699 1.510237 -1.33817 0.819991 0.028019 -0.243029 0.80045 0.547203
1541976471.303694 1.508758 -1.337684 0.820103 0.03043 -0.241439 0.800449 0.54778
1541976471.308686 1.507265 -1.337026 0.82004 0.031802 -0.241935 0.800886 0.546844
1541976471.313676 1.505787 -1.336441 0.820103 0.033185 -0.241858 0.800323 0.547618
1541976471.318665 1.504301 -1.335862 0.820103 0.035045 -0.242291 0.80029 0.54736
1541976471.32366 1.502761 -1.335205 0.820094 0.036151 -0.240866 0.800448 0.547686
1541976471.328658 1.501381 -1.334637 0.82017 0.035367 -0.24257 0.799687 0.548096
1541976471.333666 1.499826 -1.334024 0.820175 0.037055 -0.240978 0.799483 0.548983
1541976471.33867 1.497845 -1.333386 0.820261 0.041936 -0.239087 0.801321 0.546775
1541976471.343671 1.496533 -1.332732 0.820165 0.040523 -0.239722 0.800011 0.54852
1541976471.348672 1.494948 -1.332028 0.82017 0.040917 -0.240005 0.799758 0.548735
1541976471.353677 1.49358 -1.331408 0.820169 0.039273 -0.239709 0.799187 0.549816
1541976471.358679 1.492192 -1.33082 0.820128 0.038857 -0.239772 0.798327 0.551067
1541976471.363678 1.490512 -1.330072 0.820141 0.040484 -0.237919 0.799181 0.550514
1541976471.368676 1.488982 -1.329321 0.820197 0.041434 -0.237116 0.798116 0.552331
1541976471.373672 1.487462 -1.32883 0.820321 0.043155 -0.235582 0.798529 0.55226
1541976471.378666 1.486077 -1.32816 0.820234 0.043216 -0.235784 0.797823 0.553188
1541976471.38366 1.484601 -1.327368 0.820326 0.044846 -0.234478 0.797307 0.554355
1541976471.388654 1.483018 -1.32667 0.820455 0.047642 -0.234048 0.79725 0.554386
1541976471.393647 1.481556 -1.32606 0.820615 0.04879 -0.23299 0.796582 0.555691
1541976471.39864 1.480244 -1.325225 0.820668 0.050533 -0.232584 0.795712 0.556951
1541976471.403634 1.479355 -1.324605 0.820679 0.044934 -0.238042 0.79509 0.556012
1541976471.408634 1.478278 -1.32387 0.820805 0.042797 -0.239473 0.793459 0.557893
1541976471.413638 1.476881 -1.323214 0.820954 0.044877 -0.238319 0.793674 0.557917
1541976471.418642 1.475616 -1.322532 0.821161 0.044299 -0.236675 0.793146 0.559413
1541976471.423656 1.474434 -1.321803 0.821302 0.044339 -0.237005 0.792531 0.56014
1541976471.428665 1.473284 -1.32114 0.821388 0.044646 -0.2351 0.792246 0.56132
1541976471.43367 1.472125 -1.320599 0.821602 0.043452 -0.234903 0.791766 0.562174
1541976471.438673 1.471233 -1.319989 0.821752 0.042773 -0.235365 0.790751 0.56346
1541976471.443682 1.470162 -1.31924 0.821762 0.043222 -0.23701 0.790633 0.562902
1541976471.448692 1.46908 -1.318606 0.821962 0.043898 -0.236098 0.790509 0.563406
1541976471.45369 1.468169 -1.318216 0.82209 0.043236 -0.233724 0.790326 0.564702
1541976471.458684 1.467141 -1.317695 0.822254 0.043261 -0.233184 0.79023 0.565058
1541976471.463676 1.466207 -1.317288 0.822325 0.044539 -0.234008 0.789963 0.564992
1541976471.468669 1.465444 -1.316837 0.822457 0.044042 -0.23395 0.789436 0.56579
1541976471.473659 1.464611 -1.316477 0.822513 0.044618 -0.233691 0.789634 0.565576
1541976471.478651 1.463985 -1.316088 0.822573 0.042935 -0.235116 0.78934 0.565525
1541976471.483644 1.4634 -1.315704 0.822627 0.043908 -0.234504 0.78903 0.566138
1541976471.488639 1.462907 -1.315464 0.822658 0.041398 -0.23433 0.788855 0.566642
1541976471.49364 1.462389 -1.315156 0.822763 0.041436 -0.23522 0.788704 0.566482
1541976471.498639 1.461834 -1.314977 0.822921 0.042589 -0.234494 0.788861 0.566477
1541976471.50364 1.461469 -1.314815 0.823084 0.042291 -0.23499 0.788749 0.566451
1541976471.508636 1.461099 -1.314654 0.823186 0.042874 -0.235023 0.788977 0.566076
1541976471.513634 1.460894 -1.31454 0.823312 0.043138 -0.235413 0.788717 0.566256
1541976471.518637 1.460752 -1.314503 0.823467 0.04275 -0.23546 0.788655 0.566351
1541976471.523641 1.460625 -1.314425 0.823618 0.042693 -0.235545 0.788639 0.566343
1541976471.528647 1.460537 -1.314437 0.823752 0.042831 -0.235764 0.788889 0.565893
1541976471.533653 1.460475 -1.314513 0.823922 0.042893 -0.235272 0.789194 0.565669
1541976471.538663 1.460513 -1.314549 0.824056 0.04209 -0.236346 0.789426 0.564957
1541976471.543671 1.460522 -1.314723 0.824251 0.041901 -0.235504 0.789957 0.56458
1541976471.548678 1.460585 -1.314899 0.824395 0.042278 -0.235243 0.790503 0.563895
1541976471.55368 1.460626 -1.315123 0.82456 0.043193 -0.234602 0.791273 0.563012
1541976471.558679 1.460812 -1.315412 0.824663 0.042645 -0.234655 0.7919 0.56215
1541976471.563676 1.461101 -1.315672 0.824702 0.041795 -0.235453 0.792184 0.56148
1541976471.568669 1.461443 -1.315954 0.824761 0.040989 -0.235914 0.792774 0.560512
1541976471.573663 1.46176 -1.316241 0.824857 0.041067 -0.235963 0.793622 0.559284
1541976471.578657 1.462188 -1.316572 0.824985 0.040577 -0.236183 0.793948 0.558764
1541976471.583657 1.462615 -1.317022 0.825073 0.040105 -0.235591 0.79485 0.557765
1541976471.588657 1.463038 -1.317437 0.825308 0.04084 -0.236494 0.795479 0.556432
1541976471.593656 1.463604 -1.317902 0.825431 0.039875 -0.236367 0.79597 0.555853
1541976471.598655 1.463689 -1.318356 0.825667 0.044127 -0.233998 0.797953 0.553687
1541976471.603653 1.464354 -1.318835 0.825844 0.043463 -0.234567 0.798877 0.552164
1541976471.608658 1.464919 -1.319311 0.825974 0.043797 -0.234038 0.799947 0.550811
1541976471.613662 1.465571 -1.319843 0.82608 0.043924 -0.233553 0.800906 0.549612
1541976471.618663 1.466275 -1.320405 0.826296 0.04408 -0.234846 0.801261 0.548529
1541976471.623663 1.467013 -1.320929 0.826423 0.044169 -0.233448 0.802229 0.547704
1541976471.628661 1.467739 -1.321495 0.826535 0.044592 -0.232939 0.803476 0.546057
1541976471.633658 1.468529 -1.322128 0.826669 0.044372 -0.232818 0.804178 0.545091
1541976471.638655 1.469302 -1.322718 0.826818 0.044439 -0.232028 0.805237 0.543858
1541976471.643649 1.470192 -1.323251 0.826944 0.044389 -0.23337 0.805602 0.542746
1541976471.648641 1.471111 -1.323863 0.827063 0.043682 -0.231695 0.806798 0.541744
1541976471.653642 1.472035 -1.324514 0.827145 0.042947 -0.231616 0.807975 0.540079
1541976471.658655 1.472958 -1.325124 0.827371 0.043332 -0.232622 0.808302 0.539127
1541976471.663669 1.473985 -1.325709 0.827543 0.042583 -0.231792 0.809533 0.537695
1541976471.668681 1.474982 -1.326289 0.827712 0.042475 -0.23197 0.810086 0.536792
1541976471.673689 1.475972 -1.326843 0.827799 0.042673 -0.233352 0.810979 0.534826
1541976471.678694 1.477014 -1.327557 0.828036 0.042154 -0.231745 0.811965 0.534069
1541976471.683695 1.478068 -1.328182 0.828141 0.042029 -0.232124 0.812819 0.532613
1541976471.688694 1.479137 -1.328774 0.828246 0.041758 -0.232891 0.813769 0.530847
1541976471.693689 1.480076 -1.329537 0.828422 0.043418 -0.230363 0.815454 0.529229
1541976471.698677 1.481192 -1.330131 0.828562 0.043331 -0.231699 0.815937 0.527906
1541976471.703664 1.482402 -1.330909 0.828697 0.042146 -0.231508 0.816847 0.526678
1541976471.708662 1.483579 -1.331511 0.828782 0.041667 -0.233132 0.817389 0.525155
1541976471.713656 1.484577 -1.33224 0.829048 0.042783 -0.232702 0.818436 0.523624
1541976471.718649 1.485827 -1.33294 0.829162 0.04103 -0.235053 0.818931 0.521937
1541976471.723642 1.486922 -1.333513 0.829257 0.041798 -0.234933 0.81983 0.520517
1541976471.72864 1.488103 -1.334171 0.829434 0.041439 -0.234582 0.821041 0.518792
1541976471.733649 1.489223 -1.334826 0.829596 0.041252 -0.233954 0.822423 0.516899
1541976471.738661 1.490493 -1.335408 0.829848 0.04078 -0.236393 0.822283 0.516049
1541976471.743667 1.491515 -1.336082 0.830113 0.043052 -0.234117 0.823535 0.514903
1541976471.748671 1.492766 -1.336654 0.830351 0.042178 -0.235892 0.824657 0.512364
1541976471.753674 1.493893 -1.337212 0.830557 0.044529 -0.23288 0.825844 0.51163
1541976471.758684 1.495117 -1.337872 0.830764 0.044577 -0.230742 0.826681 0.511243
1541976471.76369 1.496379 -1.338499 0.831013 0.043888 -0.232919 0.827159 0.509539
1541976471.768692 1.497487 -1.339062 0.83122 0.045539 -0.230661 0.828383 0.508432
1541976471.77369 1.498769 -1.339687 0.831373 0.045596 -0.231077 0.828922 0.507358
1541976471.77869 1.500025 -1.340179 0.831525 0.046101 -0.2306 0.829539 0.506522
1541976471.783687 1.501208 -1.340867 0.831772 0.04656 -0.229111 0.830186 0.506095
1541976471.78868 1.50246 -1.341391 0.832007 0.04742 -0.23024 0.830436 0.505092
1541976471.793679 1.503695 -1.341859 0.832208 0.048462 -0.230916 0.830949 0.503838
1541976471.798676 1.50495 -1.342538 0.832386 0.049168 -0.23085 0.831191 0.503401
1541976471.803668 1.506249 -1.342981 0.832559 0.049363 -0.231245 0.831376 0.502895
1541976471.808663 1.507515 -1.343549 0.832812 0.049636 -0.232114 0.831978 0.50147
1541976471.813658 1.508803 -1.34406 0.832917 0.050869 -0.232398 0.832219 0.500814
1541976471.818652 1.510105 -1.344659 0.833069 0.048984 -0.229679 0.832966 0.501014
1541976471.823643 1.511265 -1.345228 0.83329 0.050654 -0.230421 0.833938 0.498886
1541976471.828648 1.512529 -1.345748 0.833487 0.051272 -0.22966 0.834715 0.497874
1541976471.833654 1.513879 -1.346333 0.833643 0.049282 -0.228805 0.835215 0.49763
1541976471.83866 1.515112 -1.346778 0.833718 0.05052 -0.229579 0.83599 0.495844
1541976471.843662 1.516383 -1.347347 0.833942 0.050715 -0.229491 0.836292 0.495355
1541976471.848663 1.51766 -1.347881 0.834007 0.049873 -0.229574 0.836558 0.494953
1541976471.853659 1.518864 -1.348342 0.834032 0.050942 -0.230498 0.837338 0.493093
1541976471.858655 1.52047 -1.349266 0.83417 0.044899 -0.2295 0.838551 0.492083
1541976471.863649 1.521742 -1.349491 0.83425 0.046406 -0.233313 0.83804 0.491019
1541976471.868645 1.522953 -1.350017 0.834326 0.047808 -0.234679 0.838697 0.489109
1541976471.873639 1.524228 -1.350673 0.834565 0.046324 -0.233574 0.838986 0.489285
1541976471.878637 1.525471 -1.351143 0.834608 0.047511 -0.2351 0.839271 0.48795
1541976471.883636 1.526693 -1.351643 0.834717 0.04745 -0.234491 0.839925 0.487123
1541976471.888635 1.527927 -1.352152 0.834663 0.047034 -0.23441 0.840534 0.486151
1541976471.893633 1.529214 -1.352676 0.834815 0.047219 -0.235143 0.840851 0.485229
1541976471.898633 1.530368 -1.353229 0.835031 0.047871 -0.233239 0.84136 0.485203
1541976471.903638 1.531729 -1.353619 0.835115 0.047154 -0.234804 0.841217 0.484766
1541976471.908654 1.53296 -1.354084 0.83529 0.047022 -0.236514 0.841393 0.483641
1541976471.91367 1.534362 -1.354618 0.835385 0.044329 -0.23577 0.841671 0.483774
1541976471.918681 1.535539 -1.354971 0.835395 0.045735 -0.235465 0.841765 0.483627
1541976471.923687 1.536742 -1.355417 0.83556 0.045102 -0.236108 0.842272 0.48249
1541976471.928692 1.537966 -1.355792 0.835685 0.045581 -0.236687 0.842203 0.482281
1541976471.933692 1.539254 -1.356245 0.835734 0.04405 -0.237426 0.842203 0.482061
1541976471.938688 1.540403 -1.356715 0.835933 0.044131 -0.236556 0.842532 0.481906
1541976471.943683 1.541629 -1.357055 0.836019 0.047837 -0.238587 0.842534 0.480546
1541976471.948676 1.542746 -1.357682 0.836211 0.047262 -0.236175 0.84254 0.481782
1541976471.953667 1.544118 -1.357784 0.836248 0.046977 -0.241862 0.84265 0.478786
1541976471.958658 1.545094 -1.358417 0.836321 0.047023 -0.235698 0.843534 0.480298
1541976471.963648 1.546288 -1.358826 0.836446 0.045463 -0.237644 0.843381 0.479757
1541976471.968639 1.547472 -1.359125 0.83657 0.045542 -0.23935 0.843535 0.47863
1541976471.973632 1.548445 -1.359738 0.836751 0.045797 -0.234442 0.844052 0.48012
1541976471.978629 1.548916 -1.36034 0.837095 0.047724 -0.231519 0.843979 0.481477
1541976471.983629 1.550165 -1.36061 0.837237 0.047303 -0.234707 0.844446 0.479152
1541976471.988632 1.551274 -1.361002 0.837351 0.046651 -0.233053 0.844348 0.480193
1541976471.993648 1.552304 -1.361566 0.837555 0.044899 -0.229039 0.845145 0.480889
1541976471.998664 1.553595 -1.361782 0.837559 0.044413 -0.234419 0.845256 0.47814
1541976472.003678 1.554771 -1.362157 0.837782 0.043609 -0.234874 0.844651 0.479059
1541976472.008683 1.555403 -1.362786 0.838097 0.045764 -0.226504 0.845602 0.481206
1541976472.013692 1.556707 -1.362964 0.838384 0.045391 -0.231452 0.845036 0.479879
1541976472.018696 1.557846 -1.363316 0.838608 0.045133 -0.232195 0.845277 0.479119
1541976472.023702 1.558768 -1.363822 0.838757 0.043933 -0.228871 0.845266 0.480847
1541976472.028707 1.559995 -1.364022 0.838746 0.043587 -0.231312 0.845265 0.479711
1541976472.033706 1.561089 -1.364342 0.838964 0.043709 -0.232854 0.845571 0.478413
1541976472.038702 1.562096 -1.364782 0.839214 0.042828 -0.231039 0.846081 0.47847
1541976472.04369 1.563063 -1.365138 0.839472 0.043879 -0.226898 0.846494 0.479624
1541976472.048676 1.564088 -1.365702 0.839752 0.043459 -0.226302 0.846491 0.479949
1541976472.053662 1.565163 -1.365862 0.839962 0.043918 -0.22785 0.846775 0.478673
1541976472.058652 1.566436 -1.36621 0.840211 0.041217 -0.228048 0.846085 0.480037
1541976472.063642 1.567478 -1.366645 0.840383 0.040905 -0.226892 0.846363 0.480121
1541976472.068635 1.568581 -1.366784 0.840638 0.042607 -0.229992 0.846041 0.479064
1541976472.073633 1.569734 -1.367245 0.840865 0.039822 -0.226728 0.846663 0.479761
1541976472.078635 1.570698 -1.367582 0.841239 0.040199 -0.226027 0.846797 0.479824
1541976472.083643 1.571762 -1.367638 0.841521 0.04129 -0.226879 0.84653 0.479799
1541976472.088652 1.573116 -1.368143 0.841782 0.038826 -0.227956 0.846676 0.479237
1541976472.093665 1.574182 -1.368387 0.841895 0.040964 -0.229338 0.846846 0.478099
1541976472.098684 1.575173 -1.368803 0.842259 0.039817 -0.223714 0.848093 0.47865
1541976472.103698 1.576545 -1.369032 0.842446 0.037591 -0.228355 0.848426 0.47604
1541976472.108716 1.577389 -1.369371 0.842744 0.039064 -0.224402 0.849346 0.476162
1541976472.113732 1.578462 -1.369772 0.843157 0.040789 -0.225769 0.848991 0.476002
1541976472.11874 1.579595 -1.370008 0.843298 0.04058 -0.225952 0.848672 0.476503
1541976472.12374 1.580793 -1.37014 0.84356 0.040634 -0.226855 0.849285 0.474975
1541976472.128732 1.581978 -1.370344 0.843747 0.040348 -0.228613 0.849702 0.473408
1541976472.133718 1.583034 -1.370706 0.844044 0.038864 -0.226865 0.8494 0.474911
1541976472.138701 1.584059 -1.371055 0.84428 0.039605 -0.225334 0.850483 0.473639
1541976472.143685 1.585164 -1.371005 0.844514 0.040989 -0.226702 0.850473 0.472886
1541976472.148673 1.58636 -1.371111 0.844723 0.041083 -0.229075 0.850745 0.471242
1541976472.153662 1.58739 -1.371295 0.845059 0.040348 -0.225618 0.852009 0.470691
1541976472.158657 1.588251 -1.371578 0.845262 0.041093 -0.22272 0.851494 0.472932
1541976472.163653 1.589435 -1.371701 0.845562 0.042342 -0.225847 0.851297 0.471692
1541976472.168657 1.590554 -1.371786 0.845946 0.041419 -0.222951 0.851736 0.47236
1541976472.173666 1.591646 -1.371676 0.846117 0.041988 -0.224567 0.85158 0.471824
1541976472.178681 1.593055 -1.371655 0.846361 0.039652 -0.229731 0.851782 0.469168
1541976472.183693 1.594017 -1.371499 0.84678 0.041257 -0.229023 0.851568 0.469764
1541976472.188696 1.595328 -1.371465 0.846904 0.040287 -0.231092 0.851431 0.469083
1541976472.193704 1.596144 -1.371746 0.847232 0.040139 -0.222553 0.852986 0.470398
1541976472.198703 1.597103 -1.371569 0.847663 0.043121 -0.223017 0.8533 0.469344
1541976472.203698 1.598322 -1.371453 0.847898 0.039709 -0.224 0.852522 0.470589
1541976472.208697 1.599358 -1.371423 0.848048 0.039695 -0.222254 0.853628 0.46941
1541976472.213688 1.600624 -1.3713 0.848414 0.03744 -0.223111 0.853324 0.469742
1541976472.218683 1.601708 -1.371101 0.848667 0.03819 -0.224201 0.853285 0.469233
1541976472.223677 1.60296 -1.370882 0.848874 0.036828 -0.226239 0.853026 0.468836
1541976472.22868 1.60393 -1.370865 0.84903 0.038712 -0.224425 0.854801 0.466316
1541976472.233683 1.60515 -1.370608 0.849391 0.036914 -0.225406 0.854025 0.467409
1541976472.238685 1.606416 -1.370343 0.849605 0.036414 -0.227964 0.854349 0.465612
1541976472.243689 1.60731 -1.370192 0.849923 0.037507 -0.223375 0.85465 0.467194
1541976472.248692 1.608319 -1.370023 0.85011 0.038518 -0.221374 0.855092 0.467255
1541976472.253692 1.609473 -1.369836 0.850439 0.037505 -0.221516 0.855428 0.466654
1541976472.258689 1.610715 -1.369599 0.850675 0.036521 -0.222342 0.854995 0.467134
1541976472.263688 1.611837 -1.369361 0.850909 0.037143 -0.222261 0.855382 0.466414
1541976472.268685 1.613017 -1.369112 0.851129 0.036957 -0.223391 0.856101 0.464566
1541976472.273679 1.613794 -1.368964 0.851521 0.039326 -0.216038 0.856404 0.467284
1541976472.278672 1.615184 -1.368637 0.851647 0.037254 -0.219443 0.857243 0.464317
1541976472.283671 1.615877 -1.368518 0.852021 0.042219 -0.212405 0.857824 0.46609
1541976472.288669 1.61743 -1.368186 0.852249 0.038458 -0.215891 0.858012 0.464464
1541976472.293673 1.618399 -1.367802 0.852428 0.039035 -0.21374 0.8582 0.465064
1541976472.298678 1.620018 -1.36716 0.852526 0.038453 -0.224896 0.857439 0.461238
1541976472.303681 1.620973 -1.367017 0.852675 0.037833 -0.218805 0.857636 0.463848
1541976472.308681 1.621987 -1.366711 0.853019 0.038815 -0.215728 0.858225 0.464117
1541976472.313677 1.623328 -1.366219 0.853063 0.037579 -0.219582 0.85809 0.462658
1541976472.318671 1.624391 -1.366184 0.853289 0.036264 -0.212886 0.85903 0.464146
1541976472.323664 1.625737 -1.365707 0.853487 0.036482 -0.215741 0.858772 0.463287
1541976472.328662 1.626565 -1.365472 0.853716 0.037537 -0.208895 0.859414 0.465147
1541976472.33366 1.628045 -1.364957 0.853775 0.037332 -0.215022 0.85894 0.463243
1541976472.338657 1.629139 -1.364684 0.853811 0.034387 -0.211362 0.859188 0.464692
1541976472.343656 1.630473 -1.364164 0.854039 0.033666 -0.212973 0.859188 0.464011
1541976472.348656 1.631675 -1.363873 0.854067 0.032794 -0.212657 0.859848 0.462993
1541976472.353655 1.632762 -1.363686 0.854291 0.032828 -0.208772 0.859686 0.465055
1541976472.358654 1.634182 -1.363176 0.854356 0.031814 -0.211684 0.860228 0.462802
1541976472.363654 1.635184 -1.363127 0.854618 0.030744 -0.204935 0.860768 0.464903
1541976472.368654 1.63665 -1.362586 0.854446 0.032072 -0.212749 0.859907 0.462893
1541976472.37365 1.637806 -1.362467 0.854534 0.030567 -0.210228 0.860985 0.462142
1541976472.378649 1.639169 -1.362188 0.854625 0.029988 -0.210423 0.860753 0.462522
1541976472.383649 1.640612 -1.361707 0.854728 0.027424 -0.214421 0.861048 0.46029
1541976472.388651 1.641562 -1.36185 0.854948 0.02783 -0.205687 0.861953 0.462554
1541976472.393657 1.643235 -1.361394 0.854893 0.025856 -0.212398 0.86199 0.459557
1541976472.398662 1.644189 -1.361513 0.855171 0.02769 -0.205751 0.862223 0.46203
1541976472.403667 1.645272 -1.36148 0.855268 0.028731 -0.200406 0.862838 0.463165
1541976472.408672 1.64664 -1.361167 0.855392 0.027374 -0.20336 0.862593 0.462415
1541976472.413678 1.647999 -1.361123 0.855602 0.02812 -0.202541 0.862933 0.462096
1541976472.418689 1.649299 -1.361121 0.855734 0.025811 -0.19897 0.86364 0.462463
1541976472.423695 1.650757 -1.360886 0.855824 0.026066 -0.202255 0.864059 0.460234
1541976472.428698 1.652179 -1.360798 0.856005 0.025372 -0.202703 0.864676 0.458916
1541976472.433695 1.653712 -1.36053 0.856004 0.02546 -0.207305 0.864632 0.456934
1541976472.438689 1.655081 -1.360484 0.85622 0.026026 -0.206496 0.865495 0.455631
1541976472.443683 1.656534 -1.360264 0.856435 0.025863 -0.206238 0.866411 0.454013
1541976472.448674 1.657818 -1.360126 0.856714 0.026804 -0.206683 0.867016 0.4526
1541976472.453664 1.659077 -1.359875 0.856977 0.028233 -0.205026 0.866718 0.453836
1541976472.458655 1.660629 -1.359794 0.857165 0.028057 -0.208317 0.867532 0.450783
1541976472.463647 1.661642 -1.359838 0.85762 0.030629 -0.20141 0.868019 0.452813
1541976472.468645 1.663339 -1.359666 0.857807 0.029134 -0.204873 0.868818 0.449814
1541976472.473645 1.664494 -1.359587 0.858078 0.029808 -0.202168 0.868961 0.450718
1541976472.478652 1.666039 -1.359531 0.858212 0.03012 -0.206023 0.869045 0.448784
1541976472.483663 1.667397 -1.359366 0.858453 0.031353 -0.20576 0.869012 0.448885
1541976472.488678 1.668874 -1.359381 0.85874 0.028053 -0.204957 0.869379 0.448759
1541976472.493691 1.670055 -1.359367 0.859056 0.030688 -0.201735 0.871189 0.446532
1541976472.498698 1.671708 -1.359159 0.859013 0.030498 -0.208567 0.870056 0.445615
1541976472.503702 1.672879 -1.359174 0.859524 0.029713 -0.202031 0.871385 0.446081
1541976472.508693 1.673956 -1.359139 0.859717 0.031929 -0.198796 0.871359 0.447431
1541976472.513686 1.675482 -1.359247 0.859846 0.031605 -0.202615 0.87152 0.445422
1541976472.518672 1.676785 -1.35904 0.860167 0.032063 -0.200603 0.87221 0.444949
1541976472.523652 1.678172 -1.359102 0.860131 0.032695 -0.201571 0.872392 0.444109
1541976472.528628 1.679628 -1.35896 0.860492 0.031131 -0.201762 0.873179 0.442586
1541976472.533605 1.68091 -1.358923 0.860496 0.031792 -0.202953 0.872393 0.443543
1541976472.538585 1.681951 -1.35883 0.860768 0.034785 -0.198132 0.87293 0.444439
1541976472.54357 1.683756 -1.358464 0.860894 0.032374 -0.206162 0.872567 0.441674
1541976472.548561 1.68489 -1.358656 0.861059 0.032409 -0.201181 0.873862 0.441408
1541976472.553558 1.686239 -1.358483 0.861227 0.031885 -0.200359 0.873079 0.443364
1541976472.558561 1.687561 -1.358325 0.861549 0.033252 -0.201468 0.87344 0.442049
1541976472.56357 1.689047 -1.35819 0.861537 0.029791 -0.201483 0.874009 0.441164
1541976472.568596 1.690266 -1.358143 0.861948 0.03034 -0.200043 0.873562 0.442665
1541976472.573633 1.691705 -1.358081 0.862002 0.029272 -0.197723 0.874154 0.442611
1541976472.578668 1.69278 -1.358151 0.86229 0.028174 -0.191038 0.874306 0.445309
1541976472.583698 1.694021 -1.358084 0.862495 0.028627 -0.188715 0.874761 0.445376
1541976472.588717 1.695578 -1.357877 0.862616 0.026982 -0.189226 0.87416 0.446442
1541976472.593724 1.696649 -1.357818 0.862939 0.028626 -0.185806 0.874728 0.446663
1541976472.598721 1.698166 -1.357305 0.863056 0.030221 -0.189992 0.874181 0.445866
1541976472.603708 1.699659 -1.357243 0.863187 0.027973 -0.190845 0.874598 0.444831
1541976472.608687 1.700776 -1.357179 0.863515 0.028752 -0.184844 0.875267 0.445998
1541976472.613661 1.702184 -1.356849 0.863561 0.029087 -0.187345 0.874416 0.446601
1541976472.618634 1.703438 -1.356813 0.86367 0.029983 -0.186689 0.874798 0.446068
1541976472.623605 1.704877 -1.356485 0.863775 0.028802 -0.186966 0.874886 0.445856
1541976472.628581 1.706293 -1.356488 0.863922 0.027598 -0.18796 0.87468 0.445919
1541976472.633563 1.707513 -1.356214 0.863951 0.032864 -0.186522 0.875656 0.444248
1541976472.638552 1.709034 -1.356078 0.86401 0.030028 -0.186665 0.875451 0.444792
1541976472.643548 1.710546 -1.355809 0.864186 0.028636 -0.191375 0.875417 0.442945
1541976472.648552 1.711925 -1.355489 0.864225 0.02919 -0.190504 0.875252 0.443611
1541976472.65356 1.713181 -1.355432 0.864458 0.030619 -0.18909 0.875517 0.443595
1541976472.658572 1.714695 -1.355019 0.864505 0.031337 -0.191065 0.875005 0.44371
1541976472.66359 1.71601 -1.355114 0.864593 0.031179 -0.187021 0.875408 0.444649
1541976472.668612 1.717554 -1.354499 0.864813 0.030801 -0.193365 0.876228 0.440324
1541976472.673634 1.719037 -1.354329 0.864907 0.029928 -0.19223 0.875848 0.441636
1541976472.678652 1.720419 -1.353897 0.865079 0.030821 -0.193907 0.875676 0.441183
1541976472.683665 1.722061 -1.353364 0.865174 0.029953 -0.199331 0.875157 0.439853
1541976472.688671 1.723414 -1.35308 0.86532 0.032104 -0.197508 0.875822 0.4392
1541976472.693671 1.724782 -1.35294 0.865436 0.031096 -0.197014 0.875843 0.439451
1541976472.698666 1.72642 -1.352681 0.865676 0.029829 -0.197166 0.876543 0.438073
1541976472.703656 1.727743 -1.352304 0.865779 0.030508 -0.196611 0.876086 0.439189
1541976472.708643 1.728682 -1.352666 0.865749 0.03476 -0.187302 0.875531 0.444022
1541976472.71363 1.730104 -1.352369 0.865713 0.037495 -0.18521 0.874942 0.445834
1541976472.718616 1.731731 -1.352058 0.865815 0.034554 -0.187545 0.87475 0.445471
1541976472.723598 1.733051 -1.351832 0.865935 0.035516 -0.185656 0.87507 0.44556
1541976472.728584 1.73473 -1.351395 0.866028 0.035208 -0.188509 0.874579 0.445351
1541976472.733578 1.736056 -1.351267 0.866037 0.036055 -0.185204 0.87584 0.444188
1541976472.738576 1.737465 -1.350985 0.866142 0.033592 -0.185584 0.875421 0.445049
1541976472.743574 1.739142 -1.35058 0.866077 0.034222 -0.188327 0.87537 0.443946
1541976472.748577 1.740487 -1.350348 0.86611 0.033633 -0.186962 0.875292 0.444721
1541976472.753577 1.741769 -1.350028 0.866078 0.036413 -0.187305 0.875424 0.444098
1541976472.758581 1.743575 -1.349983 0.865936 0.031877 -0.186142 0.875318 0.445144
1541976472.763591 1.74484 -1.349664 0.866052 0.032894 -0.186007 0.87608 0.443625
1541976472.768615 1.746425 -1.349366 0.865996 0.033475 -0.186433 0.874546 0.446422
1541976472.773641 1.747881 -1.348797 0.865812 0.03546 -0.191291 0.875238 0.442842
1541976472.778666 1.749045 -1.348439 0.865873 0.036695 -0.189458 0.875002 0.443993
1541976472.783685 1.750758 -1.34809 0.865785 0.035418 -0.192812 0.875321 0.442021
1541976472.788697 1.752232 -1.347801 0.865791 0.032882 -0.191457 0.875207 0.44303
1541976472.7937 1.75354 -1.347262 0.86581 0.033508 -0.195813 0.87483 0.441822
1541976472.798695 1.755182 -1.347331 0.865689 0.031518 -0.189493 0.875396 0.443599
1541976472.803683 1.756471 -1.347028 0.865616 0.030272 -0.188591 0.8758 0.443273
1541976472.808666 1.75769 -1.346602 0.86559 0.033916 -0.188748 0.875467 0.443601
1541976472.813642 1.759404 -1.34596 0.865382 0.03242 -0.195456 0.875045 0.441636
1541976472.818617 1.760598 -1.345441 0.865456 0.032907 -0.194866 0.874753 0.442438
1541976472.823591 1.762085 -1.345208 0.865346 0.031531 -0.195402 0.874495 0.442811
1541976472.82857 1.76352 -1.344965 0.865209 0.028737 -0.191629 0.874734 0.444177
1541976472.833554 1.764653 -1.344758 0.86516 0.029644 -0.190166 0.874505 0.445195
1541976472.838546 1.766142 -1.3442 0.865056 0.030788 -0.192351 0.87434 0.444503
1541976472.843548 1.767442 -1.343652 0.864867 0.030002 -0.195763 0.874352 0.44304
1541976472.848557 1.76855 -1.343042 0.864782 0.032341 -0.196027 0.873839 0.44377
1541976472.853573 1.770187 -1.342669 0.864648 0.029354 -0.198807 0.87367 0.443074
1541976472.858593 1.771332 -1.342457 0.864554 0.02981 -0.196647 0.873526 0.444291
1541976472.863613 1.772677 -1.34197 0.86438 0.02909 -0.198513 0.873534 0.443492
1541976472.868646 1.773969 -1.341782 0.86432 0.029703 -0.197166 0.872918 0.445261
1541976472.873678 1.775066 -1.341407 0.864097 0.032462 -0.197127 0.873365 0.444208
1541976472.878708 1.776488 -1.341022 0.864055 0.029869 -0.199765 0.873274 0.44339
1541976472.883727 1.777541 -1.340832 0.863903 0.031395 -0.196256 0.873312 0.444774
1541976472.888734 1.779195 -1.340593 0.863861 0.029286 -0.200532 0.873032 0.443558
1541976472.893729 1.780238 -1.340334 0.863698 0.031511 -0.198273 0.872934 0.444614
1541976472.898713 1.78151 -1.340196 0.863703 0.029291 -0.19604 0.873004 0.445616
1541976472.903688 1.783033 -1.34016 0.863615 0.02681 -0.19675 0.872516 0.446415
1541976472.908659 1.784174 -1.339884 0.863433 0.031004 -0.195161 0.873276 0.445353
1541976472.913628 1.785427 -1.339668 0.863346 0.030593 -0.196212 0.872912 0.445635
1541976472.918599 1.786538 -1.339372 0.863366 0.032738 -0.198711 0.873021 0.444158
1541976472.923572 1.788092 -1.339211 0.863212 0.031888 -0.198326 0.873236 0.44397
1541976472.928552 1.78912 -1.338798 0.863135 0.035609 -0.202533 0.872106 0.444007
1541976472.933539 1.790653 -1.338541 0.862961 0.034681 -0.203419 0.872417 0.443065
1541976472.938535 1.791715 -1.338483 0.862894 0.036704 -0.203747 0.872523 0.442542
1541976472.94354 1.79315 -1.338302 0.86278 0.036704 -0.205081 0.872758 0.441462
1541976472.94855 1.79427 -1.338179 0.862672 0.038873 -0.203789 0.872473 0.442436
1541976472.953566 1.795776 -1.33807 0.862576 0.03725 -0.205991 0.872814 0.44088
1541976472.958586 1.797236 -1.338054 0.862423 0.038625 -0.206405 0.872957 0.440284
1541976472.96361 1.798435 -1.337974 0.862153 0.039311 -0.205798 0.873114 0.440198
1541976472.96864 1.799984 -1.337965 0.861927 0.037765 -0.208122 0.873348 0.438773
1541976472.973672 1.801059 -1.337975 0.861835 0.043324 -0.207305 0.873466 0.438413
1541976472.978698 1.802612 -1.338184 0.861502 0.041329 -0.204067 0.87355 0.439953
1541976472.983714 1.803644 -1.338008 0.861339 0.044304 -0.207457 0.872853 0.439462
1541976472.988719 1.805419 -1.337947 0.861058 0.042489 -0.210963 0.873403 0.43687
1541976472.993713 1.806505 -1.33812 0.860776 0.045603 -0.209158 0.872937 0.438355
1541976472.998697 1.808153 -1.338228 0.860371 0.045163 -0.209646 0.87291 0.43822
1541976473.003675 1.809299 -1.338141 0.860188 0.044792 -0.211915 0.873304 0.436378
1541976473.008646 1.81103 -1.338302 0.859691 0.044407 -0.211842 0.873081 0.436898
1541976473.013611 1.812296 -1.33855 0.859379 0.045008 -0.210482 0.873763 0.436131
1541976473.018585 1.813919 -1.33849 0.859032 0.045667 -0.216679 0.873203 0.434145
1541976473.023569 1.815147 -1.338915 0.858826 0.04805 -0.213586 0.874386 0.433038
1541976473.028559 1.816693 -1.33896 0.858287 0.047876 -0.214622 0.873152 0.435029
1541976473.033556 1.818207 -1.339022 0.858017 0.047809 -0.217891 0.874485 0.430714
1541976473.038559 1.819702 -1.339169 0.857603 0.047668 -0.219831 0.873644 0.431449
1541976473.043564 1.821217 -1.339488 0.857245 0.048215 -0.220075 0.874227 0.430081
1541976473.048574 1.822674 -1.339856 0.856716 0.051106 -0.217989 0.87434 0.430579
1541976473.05359 1.823987 -1.340182 0.856431 0.051033 -0.217903 0.874551 0.430203
1541976473.058607 1.825595 -1.340185 0.855981 0.047995 -0.223934 0.873657 0.429271
1541976473.063623 1.826973 -1.340512 0.855579 0.052103 -0.221638 0.874762 0.427731
1541976473.06864 1.82846 -1.340593 0.855167 0.050574 -0.225503 0.873858 0.427742
1541976473.073655 1.82987 -1.341016 0.854815 0.052597 -0.226403 0.874562 0.425578
1541976473.078675 1.831441 -1.341276 0.85441 0.052814 -0.228785 0.874367 0.424677
1541976473.08369 1.832557 -1.341681 0.854069 0.056163 -0.225148 0.875353 0.424159
1541976473.088702 1.834313 -1.341802 0.853476 0.053607 -0.2289 0.873938 0.425397
1541976473.093705 1.835533 -1.342042 0.853175 0.052543 -0.229697 0.874746 0.423435
1541976473.098703 1.836895 -1.342079 0.852847 0.053078 -0.230101 0.873788 0.425125
1541976473.103698 1.838185 -1.342206 0.852472 0.054394 -0.23119 0.874692 0.422501
1541976473.108685 1.83982 -1.34245 0.851964 0.052688 -0.231377 0.873518 0.425036
1541976473.113674 1.84089 -1.342593 0.851903 0.052813 -0.232866 0.87409 0.423026
1541976473.118662 1.842389 -1.342716 0.851517 0.050492 -0.233217 0.872573 0.426236
1541976473.123651 1.843617 -1.342773 0.851351 0.048955 -0.234203 0.873527 0.423913
1541976473.128641 1.844855 -1.342869 0.851093 0.049959 -0.233481 0.872572 0.426156
1541976473.133633 1.846013 -1.343078 0.851004 0.049775 -0.235056 0.872273 0.425923
1541976473.138627 1.847337 -1.343371 0.850827 0.049917 -0.23414 0.872172 0.426618
1541976473.143628 1.84861 -1.3436 0.850585 0.047503 -0.231192 0.872198 0.428444
1541976473.148642 1.849712 -1.343739 0.850574 0.047651 -0.232487 0.872351 0.427415
1541976473.153656 1.850976 -1.343932 0.850462 0.048538 -0.234521 0.871531 0.427876
1541976473.15867 1.852072 -1.344369 0.850515 0.047891 -0.235911 0.871068 0.428128
1541976473.16368 1.853316 -1.344925 0.850532 0.047183 -0.232661 0.872463 0.427142
1541976473.168695 1.854401 -1.345205 0.850403 0.046661 -0.231436 0.871852 0.429109
1541976473.173705 1.855323 -1.345558 0.850355 0.047006 -0.23275 0.871794 0.428478
1541976473.178709 1.85662 -1.346007 0.850312 0.048197 -0.235082 0.871709 0.427244
1541976473.183707 1.857755 -1.346692 0.850283 0.048782 -0.235254 0.871542 0.427424
1541976473.188697 1.858773 -1.347452 0.850328 0.04833 -0.23313 0.872706 0.426261
1541976473.193683 1.859587 -1.347867 0.850301 0.048489 -0.233759 0.873339 0.424599
1541976473.19867 1.860661 -1.348544 0.850247 0.049394 -0.233774 0.873448 0.424263
1541976473.203656 1.861597 -1.349216 0.85026 0.050696 -0.235646 0.872831 0.424343
1541976473.208652 1.86273 -1.350016 0.850242 0.051619 -0.238586 0.872971 0.422296
1541976473.213651 1.863351 -1.35093 0.850364 0.053699 -0.234546 0.874017 0.422137
1541976473.218648 1.864344 -1.351738 0.850358 0.052811 -0.234982 0.875991 0.417892
1541976473.223646 1.865087 -1.352467 0.85032 0.052715 -0.236504 0.876317 0.416359
1541976473.228647 1.865718 -1.353207 0.850337 0.052451 -0.237599 0.875759 0.416944
1541976473.233642 1.866252 -1.354002 0.850335 0.055565 -0.236498 0.875973 0.416715
1541976473.238636 1.866965 -1.354801 0.850323 0.055311 -0.236207 0.877005 0.41474
1541976473.243631 1.867357 -1.355676 0.850326 0.058538 -0.235114 0.877362 0.414162
1541976473.248632 1.868068 -1.356647 0.850367 0.058153 -0.234443 0.877849 0.413565
1541976473.253635 1.868655 -1.357468 0.850262 0.05817 -0.234116 0.878865 0.411585
1541976473.258649 1.869508 -1.358202 0.850128 0.056615 -0.237534 0.879733 0.407973
1541976473.263666 1.869883 -1.359138 0.850121 0.056821 -0.23582 0.879481 0.40948
1541976473.26869 1.870461 -1.359936 0.850072 0.057765 -0.237767 0.879877 0.407365
1541976473.273711 1.870501 -1.360819 0.849984 0.061557 -0.233307 0.880454 0.40814
1541976473.278735 1.870909 -1.361619 0.849838 0.061051 -0.235849 0.880511 0.406631
1541976473.283748 1.871381 -1.362387 0.849771 0.05828 -0.236912 0.881062 0.405223
1541976473.288748 1.872342 -1.363012 0.849575 0.059701 -0.240592 0.884822 0.394515
1541976473.293739 1.872625 -1.363909 0.849446 0.061846 -0.240508 0.885991 0.391601
1541976473.29872 1.872765 -1.364705 0.849412 0.061092 -0.239756 0.886145 0.391833
1541976473.303696 1.872778 -1.365384 0.849406 0.061931 -0.240449 0.886515 0.390435
1541976473.308664 1.873184 -1.366231 0.849166 0.066789 -0.239849 0.887588 0.387556
1541976473.313633 1.873497 -1.366976 0.848979 0.065657 -0.241273 0.888732 0.38423
1541976473.318615 1.873533 -1.367655 0.848969 0.066032 -0.242099 0.888952 0.383134
1541976473.323602 1.873715 -1.368336 0.848976 0.067559 -0.244001 0.889194 0.381095
1541976473.328594 1.873461 -1.369164 0.848944 0.069226 -0.238634 0.890276 0.381667
1541976473.333593 1.873404 -1.369761 0.848982 0.069667 -0.240406 0.890383 0.380222
1541976473.338598 1.873338 -1.370199 0.849115 0.070031 -0.245015 0.890726 0.376391
1541976473.343608 1.873305 -1.370822 0.848953 0.072451 -0.24358 0.891828 0.374249
1541976473.348631 1.873112 -1.37151 0.848909 0.073855 -0.240417 0.892888 0.373491
1541976473.353655 1.872966 -1.371862 0.849154 0.073107 -0.245741 0.892843 0.370267
1541976473.358686 1.872477 -1.372559 0.8492 0.073359 -0.24336 0.893492 0.370225
1541976473.36371 1.87219 -1.373165 0.849175 0.07358 -0.240296 0.894423 0.369933
1541976473.368736 1.871868 -1.373744 0.849265 0.075138 -0.240097 0.894769 0.368912
1541976473.373751 1.871306 -1.374274 0.849312 0.07559 -0.240036 0.894682 0.369072
1541976473.378751 1.870841 -1.374684 0.849322 0.073499 -0.240646 0.894819 0.368763
1541976473.383739 1.870396 -1.375252 0.849227 0.074695 -0.239098 0.895413 0.368087
1541976473.388722 1.869611 -1.375767 0.849327 0.076173 -0.234789 0.8964 0.368155
1541976473.393706 1.869005 -1.376153 0.8492 0.073815 -0.235732 0.896948 0.366696
1541976473.398686 1.868447 -1.376487 0.849167 0.075634 -0.236331 0.896715 0.366509
1541976473.403665 1.867604 -1.376979 0.849226 0.07842 -0.235166 0.896605 0.366942
1541976473.408644 1.866986 -1.377312 0.849057 0.077547 -0.235625 0.896515 0.367053
1541976473.41362 1.866132 -1.377737 0.849011 0.079202 -0.23358 0.897527 0.365532
1541976473.418611 1.865256 -1.377966 0.848906 0.078895 -0.236123 0.896665 0.366079
1541976473.423607 1.864542 -1.378245 0.848835 0.078216 -0.236787 0.896725 0.365649
1541976473.428609 1.863374 -1.378387 0.848884 0.075944 -0.239441 0.896749 0.364337
1541976473.433617 1.862699 -1.378652 0.848757 0.075762 -0.240765 0.896185 0.364891
1541976473.438627 1.861757 -1.378973 0.848726 0.076703 -0.241582 0.896692 0.362903
1541976473.443637 1.860881 -1.379269 0.848583 0.077337 -0.239686 0.896718 0.363959
1541976473.448652 1.860051 -1.379497 0.848455 0.076977 -0.239182 0.897042 0.363569
1541976473.453666 1.858989 -1.379781 0.848501 0.078719 -0.238678 0.897136 0.363296
1541976473.458687 1.858094 -1.379821 0.848454 0.078115 -0.242067 0.896635 0.362418
1541976473.463705 1.856846 -1.380041 0.848519 0.080156 -0.238273 0.897811 0.361576
1541976473.468717 1.855954 -1.380184 0.848326 0.07917 -0.237403 0.897505 0.363121
1541976473.473721 1.855498 -1.378761 0.847659 0.098663 -0.252761 0.90209 0.335577
1541976473.478717 1.853785 -1.379858 0.847825 0.090712 -0.241131 0.897493 0.357956
1541976473.483707 1.852974 -1.37982 0.847832 0.087087 -0.244134 0.898074 0.355355
1541976473.488691 1.852135 -1.380011 0.84774 0.08622 -0.244513 0.898472 0.3543
1541976473.493679 1.850819 -1.380199 0.847399 0.086842 -0.241415 0.898207 0.356933
1541976473.498665 1.849443 -1.380302 0.847241 0.0897 -0.240675 0.898728 0.355413
1541976473.503651 1.848635 -1.380241 0.847362 0.087672 -0.243277 0.898893 0.353724
1541976473.508637 1.847142 -1.380432 0.847013 0.089159 -0.241175 0.898386 0.356073
1541976473.51362 1.846215 -1.380748 0.846843 0.086145 -0.241986 0.898454 0.356092
1541976473.518613 1.845106 -1.379369 0.845793 0.112068 -0.256886 0.899962 0.333945
1541976473.523609 1.844109 -1.379265 0.845823 0.104798 -0.25735 0.901776 0.331043
1541976473.528607 1.843013 -1.379425 0.845482 0.107988 -0.258432 0.901628 0.329572
1541976473.533609 1.84125 -1.380345 0.845354 0.100182 -0.246867 0.899343 0.346702
1541976473.538613 1.840244 -1.380246 0.845126 0.101555 -0.250264 0.89875 0.345403
1541976473.543618 1.839143 -1.380258 0.844985 0.100956 -0.253322 0.8978 0.34582
1541976473.548631 1.838189 -1.379041 0.844609 0.107307 -0.261545 0.902502 0.324915
1541976473.553644 1.836683 -1.38053 0.84445 0.100869 -0.248319 0.898785 0.346913
1541976473.558662 1.835317 -1.379742 0.84432 0.102694 -0.254265 0.898702 0.342253
1541976473.563672 1.833925 -1.3798 0.844143 0.105046 -0.25339 0.897992 0.344048
1541976473.568691 1.832749 -1.379775 0.843861 0.103143 -0.253843 0.898309 0.343462
1541976473.573702 1.831426 -1.379632 0.843671 0.103588 -0.253564 0.897998 0.344346
1541976473.578706 1.830333 -1.379563 0.843603 0.100392 -0.256073 0.89868 0.341646
1541976473.583704 1.829224 -1.379362 0.843126 0.102906 -0.259545 0.897767 0.340678
1541976473.588696 1.828099 -1.379151 0.842711 0.103794 -0.260144 0.898911 0.336915
1541976473.593681 1.826826 -1.378958 0.842648 0.100968 -0.260163 0.898318 0.339329
1541976473.598663 1.82507 -1.379285 0.842389 0.098704 -0.253572 0.897382 0.347368
1541976473.603644 1.823952 -1.379023 0.841991 0.101203 -0.257198 0.896804 0.345471
1541976473.608629 1.822865 -1.378792 0.841884 0.096176 -0.259359 0.896887 0.345074
1541976473.613617 1.821539 -1.37885 0.841456 0.096749 -0.256735 0.897402 0.345538
1541976473.618602 1.819892 -1.378532 0.841346 0.09563 -0.256329 0.896286 0.34903
1541976473.623597 1.818699 -1.378416 0.840861 0.094667 -0.257852 0.895927 0.349093
1541976473.628599 1.817235 -1.378466 0.840533 0.094776 -0.253969 0.896047 0.351593
1541976473.633604 1.816286 -1.3783 0.840059 0.094112 -0.25635 0.895886 0.350452
1541976473.638612 1.815064 -1.37765 0.839881 0.091875 -0.262183 0.895225 0.348412
1541976473.643623 1.813522 -1.377958 0.83947 0.091829 -0.254605 0.89545 0.35343
1541976473.648634 1.812137 -1.377457 0.839272 0.092012 -0.258003 0.894582 0.353115
1541976473.653649 1.81118 -1.377429 0.83869 0.09011 -0.259469 0.894596 0.352496
1541976473.658672 1.809989 -1.377143 0.838282 0.091748 -0.260755 0.894938 0.350249
1541976473.663691 1.808462 -1.376574 0.838217 0.090318 -0.261453 0.894327 0.351658
1541976473.668713 1.807956 -1.375304 0.837648 0.095951 -0.274852 0.898091 0.329669
1541976473.673726 1.805881 -1.375806 0.837629 0.089924 -0.264753 0.894651 0.348451
1541976473.678741 1.804847 -1.375902 0.837066 0.091973 -0.263634 0.894621 0.348843
1541976473.683746 1.803393 -1.375654 0.836858 0.08875 -0.26142 0.895096 0.350123
1541976473.688741 1.802226 -1.375474 0.836416 0.093019 -0.26353 0.89414 0.349875
1541976473.693729 1.801323 -1.3742 0.836113 0.095209 -0.273455 0.896496 0.33534
1541976473.698707 1.800264 -1.37576 0.83612 0.076567 -0.257244 0.893159 0.360873
1541976473.703674 1.798807 -1.37543 0.835586 0.08169 -0.257038 0.892713 0.361
1541976473.708646 1.797479 -1.375122 0.835181 0.081511 -0.256064 0.892723 0.361708
1541976473.71362 1.796422 -1.374947 0.83495 0.079961 -0.257181 0.892652 0.361436
1541976473.718597 1.795181 -1.374521 0.834879 0.074839 -0.260014 0.892649 0.360513
1541976473.723582 1.794064 -1.374536 0.834161 0.07898 -0.261046 0.891261 0.362314
1541976473.728576 1.792534 -1.374568 0.833735 0.078071 -0.252917 0.892575 0.36503
1541976473.733578 1.791288 -1.374384 0.833451 0.079439 -0.256429 0.891455 0.365022
1541976473.738585 1.790214 -1.374061 0.833083 0.075866 -0.258589 0.890779 0.365908
1541976473.743595 1.788954 -1.374031 0.832856 0.073113 -0.258661 0.890822 0.366314
1541976473.748608 1.787838 -1.373727 0.832441 0.070014 -0.258537 0.89072 0.367253
1541976473.753623 1.786583 -1.373929 0.831759 0.071795 -0.255066 0.890387 0.370131
1541976473.758649 1.785258 -1.373546 0.831462 0.069968 -0.257003 0.88961 0.371011
1541976473.763674 1.784308 -1.3733 0.831074 0.065811 -0.25982 0.889327 0.370487
1541976473.768691 1.782846 -1.372946 0.830694 0.067074 -0.261146 0.888667 0.370911
1541976473.773704 1.781925 -1.373051 0.830171 0.067732 -0.258281 0.889217 0.371478
1541976473.778719 1.780509 -1.372874 0.82965 0.065462 -0.256673 0.889726 0.371781
1541976473.783728 1.779597 -1.37268 0.829216 0.064877 -0.259811 0.888718 0.372114
1541976473.788729 1.778298 -1.372498 0.828801 0.064624 -0.259959 0.88795 0.373884
1541976473.793722 1.777049 -1.372418 0.828454 0.065763 -0.259701 0.888412 0.372766
1541976473.798705 1.775938 -1.372197 0.827914 0.064303 -0.260759 0.887867 0.373581
1541976473.80368 1.774678 -1.372267 0.82753 0.064689 -0.258559 0.888649 0.373184
1541976473.80866 1.77365 -1.371904 0.827054 0.062 -0.262915 0.887457 0.373432
1541976473.813641 1.772307 -1.371931 0.82676 0.063093 -0.261155 0.887767 0.373746
1541976473.818637 1.771315 -1.372109 0.825977 0.064182 -0.257292 0.888588 0.374291
1541976473.823632 1.770009 -1.371951 0.825779 0.063421 -0.260426 0.887841 0.374024
1541976473.828629 1.768974 -1.371857 0.825197 0.061861 -0.262522 0.887223 0.374288
1541976473.833629 1.767808 -1.371954 0.824853 0.062932 -0.261826 0.887049 0.375007
1541976473.838635 1.766434 -1.371829 0.82437 0.063581 -0.261637 0.887344 0.374331
1541976473.843639 1.765509 -1.371931 0.823917 0.061394 -0.261579 0.887104 0.375305
1541976473.848645 1.764036 -1.371625 0.823646 0.060638 -0.265581 0.88652 0.373994
1541976473.853645 1.762967 -1.371823 0.823069 0.062896 -0.261527 0.886823 0.375757
1541976473.858654 1.761645 -1.371918 0.822601 0.061806 -0.259816 0.887284 0.376035
1541976473.863656 1.760642 -1.371753 0.82236 0.060401 -0.264296 0.886502 0.374984
1541976473.86866 1.75923 -1.371766 0.821991 0.060721 -0.263797 0.886582 0.375096
1541976473.873661 1.758163 -1.371897 0.821599 0.062402 -0.261359 0.887318 0.374785
1541976473.87866 1.756959 -1.371796 0.821191 0.060772 -0.262911 0.886495 0.375913
1541976473.883657 1.755822 -1.371679 0.821008 0.060759 -0.263244 0.886634 0.375355
1541976473.888654 1.754597 -1.371784 0.82048 0.061261 -0.263176 0.885877 0.377104
1541976473.893649 1.753295 -1.371616 0.820203 0.060811 -0.2645 0.886295 0.375263
1541976473.898644 1.752201 -1.37117 0.820041 0.058228 -0.269861 0.884596 0.375865
1541976473.903637 1.750956 -1.371363 0.81958 0.059861 -0.265449 0.885969 0.375516
1541976473.908632 1.749809 -1.371301 0.819208 0.060444 -0.26554 0.885603 0.376221
1541976473.913631 1.74846 -1.371213 0.818914 0.059208 -0.265601 0.885916 0.375638
1541976473.918641 1.747563 -1.371213 0.818568 0.057534 -0.265467 0.886163 0.37541
1541976473.923651 1.746139 -1.371142 0.81825 0.058921 -0.26422 0.885675 0.377222
1541976473.928657 1.745262 -1.371183 0.817853 0.059662 -0.262285 0.88571 0.37837
1541976473.933658 1.743702 -1.371024 0.817572 0.058386 -0.261715 0.886225 0.37776
1541976473.938651 1.742598 -1.370885 0.817346 0.058777 -0.263998 0.885796 0.377116
1541976473.943639 1.741341 -1.370738 0.817163 0.058888 -0.264611 0.884747 0.379126
1541976473.948641 1.739985 -1.371018 0.816698 0.063462 -0.25673 0.886915 0.378739
1541976473.953644 1.738993 -1.370587 0.816494 0.059261 -0.263748 0.885452 0.37802
1541976473.958657 1.737513 -1.370246 0.816314 0.059314 -0.264677 0.885128 0.378123
1541976473.96367 1.736371 -1.370174 0.816147 0.058111 -0.264992 0.884522 0.379505
1541976473.968679 1.735137 -1.370271 0.81581 0.059815 -0.260874 0.885759 0.379208
1541976473.973684 1.734005 -1.370108 0.815573 0.059031 -0.26222 0.884838 0.380549
1541976473.978685 1.732683 -1.369931 0.815405 0.059784 -0.262924 0.884728 0.380202
1541976473.98368 1.731329 -1.369583 0.815326 0.058216 -0.263635 0.884631 0.380179
1541976473.988673 1.730127 -1.369612 0.815194 0.058568 -0.260377 0.885177 0.381099
1541976473.993663 1.728836 -1.369192 0.815144 0.058509 -0.261283 0.885431 0.379896
1541976473.998652 1.727488 -1.369309 0.814826 0.059212 -0.256391 0.885629 0.382647
1541976474.003638 1.726236 -1.368751 0.81487 0.059374 -0.262126 0.884751 0.380764
1541976474.008627 1.724932 -1.368403 0.814819 0.054553 -0.269154 0.883141 0.380319
1541976474.013612 1.723577 -1.368116 0.814671 0.055972 -0.268201 0.883673 0.379548
1541976474.018602 1.722333 -1.368084 0.814343 0.056397 -0.262745 0.884677 0.38096
1541976474.023595 1.721103 -1.367817 0.814238 0.054968 -0.265191 0.884088 0.380842
1541976474.028594 1.719883 -1.367538 0.814189 0.055409 -0.267599 0.883619 0.380181
1541976474.033601 1.71838 -1.3671 0.814163 0.05537 -0.268238 0.883161 0.380801
1541976474.038611 1.717062 -1.366932 0.813862 0.05659 -0.2656 0.883831 0.380916
1541976474.043621 1.715824 -1.366585 0.813861 0.055503 -0.26861 0.883025 0.380835
1541976474.048642 1.714662 -1.366424 0.81359 0.055443 -0.265847 0.883432 0.381836
1541976474.053659 1.713173 -1.366154 0.81358 0.056571 -0.264937 0.883807 0.381435
1541976474.058683 1.712171 -1.365741 0.81338 0.054862 -0.266531 0.883422 0.381468
1541976474.063702 1.710742 -1.365537 0.813259 0.056601 -0.265002 0.883819 0.381358
1541976474.068723 1.709541 -1.365345 0.813049 0.056562 -0.261085 0.884411 0.38269
1541976474.073736 1.708242 -1.364777 0.813072 0.057153 -0.262934 0.884095 0.382066
1541976474.07874 1.70704 -1.364356 0.812931 0.056699 -0.265831 0.883243 0.382101
1541976474.083734 1.70587 -1.364167 0.812767 0.05819 -0.263357 0.884419 0.380867
1541976474.08872 1.704492 -1.363686 0.81259 0.05771 -0.264637 0.883927 0.381196
1541976474.093694 1.703276 -1.363355 0.81252 0.058372 -0.262265 0.884034 0.382484
1541976474.098671 1.702132 -1.362877 0.81248 0.056564 -0.264358 0.884209 0.380906
1541976474.103645 1.700858 -1.362621 0.81236 0.057791 -0.260205 0.884391 0.383152
1541976474.108623 1.699474 -1.362107 0.812293 0.060017 -0.260152 0.884742 0.382035
1541976474.113606 1.698387 -1.361573 0.812164 0.057514 -0.264251 0.883972 0.381388
1541976474.118585 1.697201 -1.361183 0.81201 0.059156 -0.261974 0.883662 0.383421
1541976474.123579 1.695906 -1.360501 0.812058 0.058118 -0.263869 0.883699 0.382192
1541976474.128585 1.694687 -1.360251 0.811813 0.058867 -0.260019 0.88456 0.382724
1541976474.133594 1.69341 -1.359565 0.811928 0.058889 -0.261779 0.883978 0.382866
1541976474.138607 1.692227 -1.359006 0.811805 0.058211 -0.260843 0.884037 0.383474
1541976474.143621 1.691042 -1.358664 0.811648 0.059029 -0.258368 0.88456 0.383815
1541976474.148635 1.690001 -1.358117 0.811447 0.059287 -0.259744 0.884468 0.383059
1541976474.15365 1.688597 -1.357446 0.811441 0.060069 -0.256894 0.885562 0.382332
1541976474.158663 1.687628 -1.357198 0.811204 0.059308 -0.257048 0.884998 0.38365
1541976474.163674 1.686316 -1.356415 0.811318 0.060145 -0.258105 0.884993 0.382821
1541976474.16868 1.68545 -1.356041 0.810882 0.059237 -0.255416 0.886296 0.381749
1541976474.173682 1.68427 -1.355588 0.810767 0.059339 -0.25625 0.885731 0.382485
1541976474.178681 1.683219 -1.354967 0.810598 0.057983 -0.258026 0.88553 0.381964
1541976474.183682 1.682169 -1.354423 0.810505 0.058278 -0.25717 0.886242 0.380846
1541976474.18868 1.681056 -1.354092 0.810337 0.05904 -0.253119 0.8869 0.381908
1541976474.193673 1.680065 -1.353743 0.810095 0.059743 -0.251844 0.886472 0.383631
1541976474.198669 1.678886 -1.353024 0.810231 0.060639 -0.253657 0.886512 0.3822
1541976474.20366 1.678276 -1.352579 0.809934 0.057648 -0.259099 0.886 0.380196
1541976474.208649 1.677113 -1.352038 0.809976 0.059899 -0.255126 0.886306 0.381819
1541976474.213639 1.676144 -1.35178 0.809906 0.060237 -0.253359 0.88616 0.383278
1541976474.21863 1.675369 -1.351241 0.809871 0.060001 -0.256591 0.885937 0.381677
1541976474.223623 1.67423 -1.350892 0.809807 0.062278 -0.250532 0.887667 0.381316
1541976474.228616 1.673564 -1.35045 0.809636 0.060146 -0.25168 0.8879 0.38036
1541976474.233611 1.672653 -1.350149 0.80954 0.062425 -0.250331 0.887993 0.380665
1541976474.238613 1.671735 -1.349904 0.809387 0.063132 -0.246112 0.888978 0.381
1541976474.243618 1.670927 -1.349319 0.809426 0.061848 -0.248381 0.889646 0.378168
1541976474.248626 1.670356 -1.349157 0.809189 0.063824 -0.24739 0.889218 0.379494
1541976474.253635 1.669457 -1.348545 0.809382 0.060698 -0.253808 0.888717 0.376935
1541976474.25864 1.668541 -1.348167 0.809424 0.061609 -0.25285 0.889179 0.376341
1541976474.263645 1.667828 -1.347906 0.809116 0.06142 -0.251202 0.889278 0.37724
1541976474.268646 1.667144 -1.347328 0.809237 0.060612 -0.253882 0.889532 0.37497
1541976474.273645 1.666379 -1.347043 0.809151 0.063809 -0.25204 0.889438 0.375904
1541976474.278646 1.665407 -1.346882 0.809062 0.066768 -0.245093 0.890774 0.37682
1541976474.283648 1.664618 -1.346279 0.809113 0.065579 -0.247984 0.890735 0.375227
1541976474.288651 1.663941 -1.345728 0.809016 0.063963 -0.251787 0.890728 0.372982
1541976474.29365 1.663297 -1.345283 0.808784 0.06298 -0.253117 0.89068 0.372364
1541976474.29865 1.662536 -1.344892 0.808805 0.06436 -0.249892 0.891495 0.372356
1541976474.303649 1.66156 -1.344363 0.808776 0.067468 -0.250769 0.891445 0.371333
1541976474.308648 1.66078 -1.344013 0.808711 0.066769 -0.248937 0.891955 0.371469
1541976474.313653 1.660071 -1.343217 0.808592 0.065874 -0.252226 0.891442 0.370639
1541976474.318666 1.659402 -1.342728 0.808379 0.065736 -0.252096 0.89135 0.370975
1541976474.323677 1.658723 -1.342326 0.808304 0.064896 -0.25289 0.892163 0.368619
1541976474.328685 1.657959 -1.341904 0.808241 0.065944 -0.248069 0.893456 0.368577
1541976474.33369 1.657127 -1.34145 0.808098 0.066313 -0.247488 0.893747 0.368197
1541976474.338688 1.656253 -1.341078 0.80792 0.068039 -0.243362 0.894124 0.369713
1541976474.343686 1.655616 -1.340435 0.807686 0.067242 -0.2457 0.893893 0.368871
1541976474.348682 1.654993 -1.339838 0.807592 0.064903 -0.248553 0.893968 0.367192
1541976474.353675 1.654139 -1.339263 0.807491 0.067381 -0.245137 0.894672 0.367328
1541976474.358665 1.65335 -1.338816 0.807332 0.069599 -0.244422 0.894745 0.367212
1541976474.363656 1.65258 -1.338094 0.807444 0.067956 -0.247066 0.89525 0.364511
1541976474.368648 1.651859 -1.337516 0.807145 0.066954 -0.247607 0.895081 0.364744
1541976474.373642 1.651094 -1.336886 0.807088 0.067046 -0.248115 0.894526 0.365741
1541976474.378652 1.650364 -1.336144 0.807063 0.067521 -0.248228 0.895424 0.363372
1541976474.383662 1.649468 -1.33569 0.806885 0.068619 -0.246165 0.895717 0.363848
1541976474.388677 1.648646 -1.335084 0.806807 0.06884 -0.245712 0.896949 0.361067
1541976474.393689 1.64779 -1.334511 0.806798 0.070714 -0.244012 0.89716 0.361333
1541976474.398703 1.64809 -1.333057 0.806443 0.068419 -0.258758 0.899639 0.344982
1541976474.403711 1.647074 -1.332561 0.806357 0.068665 -0.25603 0.89974 0.3467
1541976474.408709 1.6465 -1.33177 0.806217 0.066882 -0.264019 0.899187 0.342466
1541976474.413698 1.645565 -1.331275 0.806206 0.067955 -0.261575 0.900219 0.341419
1541976474.418687 1.644745 -1.330588 0.80608 0.069385 -0.263794 0.899841 0.340418
1541976474.423676 1.643777 -1.329897 0.806114 0.069551 -0.26184 0.900172 0.341017
1541976474.428664 1.642846 -1.329293 0.806093 0.069971 -0.261477 0.90066 0.33992
1541976474.433652 1.641782 -1.328671 0.8061 0.070953 -0.260682 0.90119 0.338922
1541976474.438639 1.64081 -1.328019 0.80609 0.072816 -0.25896 0.902235 0.33706
1541976474.443629 1.639822 -1.327256 0.806281 0.073197 -0.259003 0.901776 0.33817
1541976474.448623 1.639047 -1.326477 0.806131 0.071104 -0.261783 0.902277 0.335125
1541976474.45363 1.637915 -1.325727 0.806327 0.071502 -0.261183 0.901922 0.336463
1541976474.458641 1.636867 -1.325047 0.806524 0.073921 -0.256299 0.90361 0.335164
1541976474.463655 1.635985 -1.324194 0.806517 0.07358 -0.260751 0.903051 0.333308
1541976474.468669 1.634917 -1.32336 0.80652 0.075079 -0.260771 0.903091 0.332848
1541976474.473682 1.633957 -1.322627 0.806663 0.074462 -0.261756 0.903361 0.33148
1541976474.478701 1.632796 -1.322063 0.806949 0.076045 -0.255517 0.90442 0.333095
1541976474.483714 1.631739 -1.321292 0.807174 0.076447 -0.256063 0.904477 0.332429
1541976474.488721 1.630664 -1.320525 0.807265 0.078243 -0.253516 0.905234 0.331901
1541976474.493721 1.629651 -1.319654 0.807388 0.079485 -0.255975 0.905293 0.329549
1541976474.498716 1.628534 -1.318955 0.807648 0.080835 -0.253981 0.905617 0.329875
1541976474.503707 1.627168 -1.31844 0.807918 0.078964 -0.252279 0.905581 0.331727
1541976474.508694 1.626285 -1.317607 0.807909 0.075954 -0.25865 0.904844 0.329528
1541976474.513679 1.62539 -1.316733 0.808121 0.074413 -0.26017 0.905314 0.327385
1541976474.518659 1.624227 -1.315954 0.808302 0.076378 -0.259443 0.90544 0.327161
1541976474.52364 1.623103 -1.315088 0.808394 0.077816 -0.259411 0.905613 0.326368
1541976474.528623 1.621888 -1.314375 0.808673 0.079214 -0.255741 0.906279 0.327079
1541976474.53361 1.620973 -1.313569 0.808844 0.07716 -0.259128 0.90668 0.323774
1541976474.538603 1.619664 -1.312958 0.809131 0.07947 -0.253133 0.907219 0.326439
1541976474.5436 1.618559 -1.312091 0.809308 0.080202 -0.254588 0.907398 0.324624
1541976474.548613 1.617802 -1.310877 0.809298 0.07872 -0.263712 0.906937 0.318943
1541976474.553631 1.616517 -1.31022 0.809711 0.08031 -0.259812 0.907018 0.321506
1541976474.558649 1.615272 -1.309379 0.809874 0.080484 -0.261752 0.906374 0.321704
1541976474.563665 1.614202 -1.308455 0.810345 0.080401 -0.259809 0.907566 0.319936
1541976474.568681 1.612793 -1.307744 0.810654 0.0828 -0.256304 0.907426 0.322537
1541976474.573694 1.611419 -1.307087 0.81097 0.084525 -0.253571 0.907639 0.323651
1541976474.578697 1.610357 -1.306066 0.81115 0.08409 -0.256821 0.90795 0.32031
1541976474.583697 1.609083 -1.30516 0.811531 0.085825 -0.253188 0.909321 0.318849
1541976474.588695 1.608061 -1.304144 0.811737 0.08263 -0.257892 0.908676 0.317761
1541976474.593688 1.606736 -1.303295 0.812098 0.084543 -0.255787 0.909365 0.316987
1541976474.598682 1.605327 -1.302492 0.812445 0.085481 -0.253664 0.908999 0.319482
1541976474.603674 1.604283 -1.301402 0.812504 0.084777 -0.258446 0.909004 0.315799
1541976474.608666 1.602822 -1.300681 0.812815 0.086219 -0.255503 0.909136 0.317421
1541976474.613656 1.601465 -1.299758 0.813105 0.088042 -0.253462 0.90953 0.317429
1541976474.618647 1.600272 -1.298883 0.813319 0.086163 -0.252514 0.910022 0.317288
1541976474.62364 1.59901 -1.297981 0.81351 0.085681 -0.253378 0.910174 0.316295
1541976474.628636 1.597516 -1.297134 0.813724 0.089021 -0.250288 0.910668 0.316409
1541976474.63364 1.596415 -1.296075 0.813765 0.087238 -0.254564 0.910223 0.314772
1541976474.638646 1.595085 -1.29516 0.813967 0.088361 -0.252911 0.910666 0.31451
1541976474.643658 1.593736 -1.294299 0.814154 0.089756 -0.252466 0.910675 0.314445
1541976474.64868 1.592317 -1.2934 0.814286 0.089557 -0.254013 0.910247 0.314494
1541976474.653699 1.591024 -1.292425 0.814404 0.089058 -0.252997 0.91118 0.31275
1541976474.65871 1.589691 -1.291436 0.814537 0.091518 -0.255611 0.910171 0.312851
1541976474.663718 1.588414 -1.29042 0.814606 0.092439 -0.25686 0.909595 0.313232
1541976474.668725 1.58695 -1.289603 0.814703 0.093926 -0.254233 0.910336 0.312781
1541976474.673725 1.585544 -1.288734 0.814861 0.095722 -0.253199 0.910883 0.31148
1541976474.678712 1.584273 -1.287675 0.815037 0.095563 -0.25385 0.910719 0.311479
1541976474.683694 1.58287 -1.286707 0.815109 0.09592 -0.254202 0.910535 0.311618
1541976474.68868 1.58138 -1.285829 0.815229 0.097057 -0.251942 0.910967 0.31184
1541976474.693664 1.58012 -1.284758 0.815295 0.097591 -0.252078 0.911204 0.31087
1541976474.698649 1.578737 -1.283773 0.815364 0.096867 -0.253698 0.911135 0.30998
1541976474.703633 1.577318 -1.282831 0.815589 0.097832 -0.253593 0.91107 0.309952
1541976474.708622 1.575966 -1.281768 0.815596 0.097623 -0.252925 0.911438 0.309482
1541976474.713628 1.574757 -1.28069 0.81567 0.096173 -0.256589 0.910516 0.309634
1541976474.718642 1.573234 -1.279739 0.815875 0.099112 -0.254245 0.91097 0.309306
1541976474.723654 1.571838 -1.278773 0.815935 0.100096 -0.25123 0.9117 0.309303
1541976474.728667 1.570593 -1.277728 0.815971 0.099859 -0.253772 0.910708 0.310225
1541976474.733678 1.569198 -1.276627 0.815957 0.099745 -0.253948 0.910773 0.309925
1541976474.738687 1.567742 -1.275667 0.816044 0.100898 -0.252125 0.911183 0.309835
1541976474.74369 1.566367 -1.274673 0.816122 0.101618 -0.251425 0.911268 0.30992
1541976474.748689 1.565004 -1.273546 0.816173 0.102427 -0.253033 0.910777 0.309786
1541976474.75369 1.563543 -1.272423 0.81607 0.105114 -0.253468 0.910498 0.309352
1541976474.758687 1.5622 -1.271456 0.816145 0.10193 -0.252984 0.910838 0.309812
1541976474.763681 1.560784 -1.270369 0.81619 0.102305 -0.253906 0.910504 0.309917
1541976474.768662 1.55932 -1.269063 0.81604 0.104361 -0.256665 0.909687 0.309356
1541976474.773642 1.557942 -1.268133 0.816114 0.10184 -0.253892 0.910305 0.310664
1541976474.778616 1.5565 -1.267119 0.816134 0.103258 -0.252236 0.910373 0.311346
1541976474.783597 1.55503 -1.265867 0.816041 0.105809 -0.25291 0.909964 0.311138
1541976474.788587 1.553649 -1.264863 0.816179 0.103966 -0.252598 0.909917 0.312148
1541976474.793584 1.552215 -1.263824 0.816178 0.104279 -0.2527 0.909422 0.313402
1541976474.798586 1.550781 -1.2626 0.816045 0.10494 -0.253761 0.909265 0.312779
1541976474.803597 1.549388 -1.261519 0.816134 0.103988 -0.254349 0.908843 0.313843
1541976474.808613 1.547989 -1.260479 0.816155 0.103456 -0.253733 0.908592 0.315242
1541976474.813642 1.546577 -1.259311 0.816085 0.103378 -0.255066 0.908393 0.314764
1541976474.818665 1.545198 -1.258281 0.81613 0.103661 -0.253411 0.908728 0.315039
1541976474.823685 1.54375 -1.257121 0.816116 0.104826 -0.253579 0.907973 0.316692
1541976474.828702 1.542424 -1.25597 0.815997 0.10478 -0.254704 0.907689 0.316619
1541976474.833711 1.540997 -1.255029 0.816102 0.103683 -0.251865 0.908377 0.317279
1541976474.838713 1.539676 -1.253927 0.816042 0.1048 -0.252444 0.907985 0.317573
1541976474.84371 1.538343 -1.252757 0.815901 0.105338 -0.255324 0.907152 0.317472
1541976474.848703 1.536976 -1.251842 0.815975 0.105371 -0.252566 0.90765 0.318244
1541976474.85369 1.535663 -1.250975 0.816026 0.104563 -0.250706 0.907832 0.319458
1541976474.858672 1.534314 -1.249895 0.81598 0.105941 -0.253592 0.907065 0.318905
1541976474.863655 1.533061 -1.24886 0.815899 0.107193 -0.252697 0.907094 0.319116
1541976474.86864 1.531751 -1.248042 0.815942 0.103813 -0.252543 0.906936 0.320799
1541976474.873635 1.530475 -1.247121 0.815952 0.106757 -0.252895 0.906702 0.320217
1541976474.878627 1.529211 -1.246163 0.815994 0.106929 -0.252737 0.906759 0.320121
1541976474.883622 1.527996 -1.245325 0.815997 0.105979 -0.253498 0.906482 0.320622
1541976474.888622 1.526789 -1.244529 0.816063 0.105026 -0.251776 0.906605 0.321942
1541976474.893627 1.525572 -1.243565 0.815971 0.108045 -0.25254 0.906478 0.320699
1541976474.898632 1.524417 -1.242746 0.816 0.108959 -0.253002 0.906155 0.320938
1541976474.903639 1.523225 -1.242136 0.816213 0.106696 -0.251858 0.906149 0.322611
1541976474.908649 1.522086 -1.241297 0.816122 0.106997 -0.252341 0.905893 0.322853
1541976474.913662 1.520889 -1.240308 0.815966 0.109211 -0.253578 0.905584 0.322008
1541976474.918671 1.519686 -1.239614 0.816074 0.110093 -0.253574 0.90543 0.322142
1541976474.923676 1.518556 -1.238989 0.816154 0.107841 -0.252709 0.905307 0.323926
1541976474.928672 1.517489 -1.238105 0.816049 0.108329 -0.25405 0.904803 0.324122
1541976474.933664 1.516309 -1.237325 0.816046 0.111259 -0.25231 0.905348 0.322964
1541976474.938661 1.515226 -1.236645 0.816082 0.110851 -0.253548 0.905051 0.322968
1541976474.943667 1.51411 -1.236066 0.816179 0.108438 -0.252599 0.905064 0.32449
1541976474.948669 1.513101 -1.235261 0.81608 0.108536 -0.252942 0.904822 0.324864
1541976474.953667 1.511941 -1.234433 0.815968 0.111602 -0.251734 0.905131 0.323903
1541976474.958664 1.510858 -1.233879 0.816072 0.111518 -0.25161 0.905027 0.324319
1541976474.963656 1.509863 -1.233305 0.816136 0.109488 -0.250917 0.904922 0.325836
1541976474.968646 1.508847 -1.232596 0.81606 0.110023 -0.251242 0.904815 0.325703
1541976474.97363 1.507851 -1.231826 0.815909 0.11087 -0.251387 0.904563 0.326002
1541976474.978616 1.506834 -1.231258 0.81599 0.111459 -0.250831 0.904569 0.326215
1541976474.983615 1.505854 -1.230738 0.816066 0.110689 -0.250715 0.904434 0.32694
1541976474.988621 1.504819 -1.23015 0.816047 0.110697 -0.250151 0.90469 0.32666
1541976474.993632 1.503902 -1.229522 0.815986 0.110932 -0.251247 0.904248 0.326962
1541976474.998656 1.502901 -1.228908 0.815976 0.112102 -0.250388 0.904347 0.32695
1541976475.003678 1.50201 -1.228337 0.815991 0.111662 -0.250714 0.904112 0.327498
1541976475.008694 1.501071 -1.227805 0.815975 0.112302 -0.251367 0.903943 0.327247
1541976475.013707 1.500146 -1.227252 0.815911 0.112204 -0.250899 0.90413 0.327123
1541976475.01871 1.499253 -1.226666 0.815873 0.112439 -0.251388 0.903948 0.327169
1541976475.023705 1.498356 -1.226103 0.815867 0.113204 -0.252113 0.9035 0.327583
1541976475.028694 1.497504 -1.225655 0.815884 0.113187 -0.251451 0.903655 0.327671
1541976475.03368 1.49669 -1.225105 0.815834 0.112498 -0.253318 0.903404 0.327162
1541976475.038664 1.495809 -1.224601 0.815746 0.111956 -0.253618 0.90327 0.327487
1541976475.043647 1.49493 -1.224126 0.815731 0.113366 -0.251919 0.90366 0.327235
1541976475.048632 1.494153 -1.223587 0.815704 0.112624 -0.253742 0.903019 0.327854
1541976475.053618 1.493383 -1.223178 0.815725 0.11295 -0.253127 0.903008 0.328246
1541976475.058607 1.492614 -1.222816 0.815669 0.112388 -0.252683 0.903391 0.327726
1541976475.06361 1.491847 -1.222422 0.815693 0.112843 -0.252548 0.903424 0.327584
1541976475.06862 1.491143 -1.222007 0.815677 0.112965 -0.2531 0.90327 0.32754
1541976475.073628 1.490467 -1.221581 0.815635 0.113904 -0.25263 0.9034 0.327219
1541976475.078635 1.489754 -1.221304 0.815724 0.114366 -0.251835 0.90367 0.326926
1541976475.083639 1.489128 -1.221016 0.815799 0.114291 -0.251747 0.903811 0.32663
1541976475.088639 1.488508 -1.220807 0.815915 0.114113 -0.251198 0.90404 0.326481
1541976475.093641 1.487944 -1.220687 0.816052 0.113282 -0.250845 0.904221 0.326541
1541976475.098647 1.487465 -1.220492 0.816146 0.112769 -0.250315 0.904552 0.326207
1541976475.103648 1.486967 -1.220314 0.81622 0.112707 -0.250239 0.904703 0.325868
1541976475.108636 1.486487 -1.220293 0.81639 0.113109 -0.249006 0.905196 0.325303
1541976475.113625 1.486039 -1.220356 0.816666 0.113622 -0.247124 0.905928 0.324522
1541976475.118617 1.48564 -1.220339 0.816877 0.114642 -0.247116 0.906159 0.323524
1541976475.123612 1.485273 -1.220342 0.817028 0.114759 -0.246914 0.906478 0.32274
1541976475.128611 1.48498 -1.220408 0.817155 0.115169 -0.247311 0.906602 0.321942
1541976475.133616 1.484691 -1.220503 0.817343 0.115628 -0.246857 0.906955 0.321129
1541976475.138624 1.484396 -1.220613 0.817522 0.116508 -0.24735 0.907307 0.319435
1541976475.143634 1.484139 -1.220805 0.817746 0.118272 -0.24725 0.907543 0.318191
1541976475.148647 1.483954 -1.221011 0.817952 0.118926 -0.247519 0.907824 0.316932
1541976475.153658 1.483838 -1.221299 0.818266 0.118662 -0.24771 0.907866 0.316762
1541976475.158666 1.483715 -1.221616 0.818521 0.118512 -0.247107 0.908251 0.316185
1541976475.163671 1.483563 -1.221961 0.818753 0.119381 -0.246241 0.90891 0.314637
1541976475.168669 1.483446 -1.222314 0.819028 0.119853 -0.246084 0.909387 0.3132
1541976475.173666 1.483367 -1.222708 0.819271 0.120783 -0.245638 0.909861 0.311813
1541976475.178664 1.483313 -1.22313 0.81953 0.121498 -0.245104 0.91032 0.310613
1541976475.183661 1.48334 -1.22354 0.819813 0.121832 -0.245261 0.910664 0.309346
1541976475.188658 1.483393 -1.223959 0.820048 0.121713 -0.245149 0.911088 0.30823
1541976475.193655 1.483472 -1.224424 0.82034 0.121624 -0.246005 0.911168 0.307347
1541976475.198652 1.483512 -1.224954 0.820661 0.122748 -0.245424 0.911604 0.306069
1541976475.203647 1.483569 -1.225553 0.82099 0.123784 -0.243289 0.912599 0.304385
1541976475.208652 1.483699 -1.226091 0.82128 0.124468 -0.242602 0.913118 0.303096
1541976475.213657 1.483854 -1.226586 0.821513 0.124894 -0.242566 0.913535 0.30169
1541976475.21866 1.484058 -1.227171 0.82186 0.124284 -0.242383 0.913969 0.300773
1541976475.223659 1.48428 -1.227845 0.822271 0.123813 -0.242081 0.914415 0.299855
1541976475.228655 1.484467 -1.228549 0.822612 0.124335 -0.241006 0.914953 0.298861
1541976475.233652 1.484747 -1.229122 0.822883 0.124878 -0.239013 0.915874 0.297411
1541976475.238644 1.485005 -1.229666 0.823165 0.125078 -0.240872 0.91563 0.296577
1541976475.243635 1.485295 -1.230373 0.82351 0.126659 -0.239039 0.916471 0.294787
