# timestamp[secs] tx ty tz qx qy qz qw
0.0466148670212766 -0.0 -0.0 -0.0 -0.0 -0.0 -0.0 1.0
0.0966328670212766 -0.0 -0.0 -0.0 -0.0 -0.0 -0.0 1.0
0.1466498670212766 -0.0 -0.0 -0.0 -0.0 -0.0 -0.0 1.0
0.19666686702127661 -0.0 -0.0 -0.0 -0.0 -0.0 -0.0 1.0
0.2466838670212766 -0.0 -0.0 -0.0 -0.0 -0.0 -0.0 1.0
0.2967008670212766 -0.0 -0.0 -0.0 -0.0 -0.0 -0.0 1.0
0.34671886702127663 -0.010184241458773613 -0.0026368198450654745 0.0033309441059827805 0.009277114644646645 0.0004003209469374269 -0.00022035033907741308 0.9999569058418274
0.3967358670212766 -0.010184241458773613 -0.0026368198450654745 0.0033309441059827805 0.009277114644646645 0.0004003209469374269 -0.00022035033907741308 0.9999569058418274
0.4467528670212766 -0.010184241458773613 -0.0026368198450654745 0.0033309441059827805 0.009277114644646645 0.0004003209469374269 -0.00022035033907741308 0.9999569058418274
0.4967698670212766 -0.010184241458773613 -0.0026368198450654745 0.0033309441059827805 0.009277114644646645 0.0004003209469374269 -0.00022035033907741308 0.9999569058418274
0.5467878670212766 -0.03106326051056385 -0.0038763631600886583 0.006334039382636547 0.016241170465946198 -0.0034135112073272467 -0.005573530215770006 0.9998467564582825
0.5968048670212767 -0.03106326051056385 -0.0038763631600886583 0.006334039382636547 0.016241170465946198 -0.0034135112073272467 -0.005573530215770006 0.9998467564582825
0.6468218670212766 -0.04718722030520439 -0.005847637075930834 0.008887161500751972 0.015942145138978958 -0.009205947630107403 -0.011321776546537876 0.9997664093971252
0.6968388670212766 -0.04718722030520439 -0.0058476366102695465 0.008887161500751972 0.015942147001624107 -0.009205948561429977 -0.01132177747786045 0.99976646900177
0.7468568670212766 -0.06279189139604568 -0.0074926866218447685 0.010951862670481205 0.016388705000281334 -0.02012844756245613 -0.015344410203397274 0.9995453953742981
0.7968738670212766 -0.06279189139604568 -0.0074926866218447685 0.010951862670481205 0.016388705000281334 -0.02012844756245613 -0.0153444092720747 0.9995453357696533
0.8468908670212766 -0.0806179940700531 -0.010697398334741592 0.012318458408117294 0.016718922182917595 -0.03425779566168785 -0.017695734277367592 0.9991165399551392
0.8969078670212766 -0.0806179940700531 -0.010697398334741592 0.012318458408117294 0.016718922182917595 -0.03425779566168785 -0.017695734277367592 0.9991165399551392
0.9469248670212767 -0.09454253315925598 -0.013555892743170261 0.01407718937844038 0.020977573469281197 -0.04631321504712105 -0.01740574650466442 0.998555064201355
0.9969428670212767 -0.09454253315925598 -0.013555892743170261 0.01407718937844038 0.020977573469281197 -0.04631321504712105 -0.01740574650466442 0.998555064201355
1.0469598670212765 -0.10277801007032394 -0.014483021572232246 0.014256852678954601 0.025781579315662384 -0.060088369995355606 -0.016736019402742386 0.9977197647094727
1.0969768670212767 -0.10888654738664627 -0.013706742785871029 0.015501950867474079 0.02786293625831604 -0.06476561725139618 -0.016836747527122498 0.9973693490028381
1.1469938670212767 -0.11040604114532471 -0.011215194128453732 0.014283928088843822 0.03082052245736122 -0.06827830523252487 -0.016833962872624397 0.9970480799674988
1.1970118670212766 -0.11873377859592438 -0.01656981371343136 0.015014736913144588 0.02851133607327938 -0.0618610717356205 -0.014874983578920364 0.9975665807723999
1.2470288670212766 -0.11193587630987167 -0.016627589240670204 0.015123555436730385 0.028553994372487068 -0.06323365867137909 -0.015256919898092747 0.9974735975265503
1.2970458670212766 -0.10697825998067856 -0.016949715092778206 0.015424370765686035 0.027614999562501907 -0.06249373406171799 -0.015863394364714622 0.9975371956825256
1.3470628670212765 -0.1034805178642273 -0.017395760864019394 0.016689565032720566 0.02574615553021431 -0.056641578674316406 -0.012892810627818108 0.9979792833328247
1.3970808670212767 -0.09524384886026382 -0.014165019616484642 0.01711845025420189 0.026254046708345413 -0.05293181166052818 -0.01183356437832117 0.9981828331947327
1.4470978670212766 -0.08391247689723969 -0.012454235926270485 0.016869841143488884 0.02524654194712639 -0.049836285412311554 -0.009554203599691391 0.9983925819396973
1.4971148670212766 -0.07675516605377197 -0.012212835252285004 0.019001739099621773 0.022867800667881966 -0.042257070541381836 -0.007796865422278643 0.9988146424293518
1.5471318670212766 -0.060380272567272186 -0.009177733212709427 0.019265681505203247 0.02277548238635063 -0.042188115417957306 -0.004032646771520376 0.9988420009613037
1.5971498670212767 -0.0515570342540741 -0.010176567360758781 0.01973002962768078 0.019593581557273865 -0.035843390971422195 -0.0032801134511828423 0.9991599917411804
1.6471668670212767 -0.041102781891822815 -0.008856131695210934 0.01983458735048771 0.019995614886283875 -0.03161696717143059 -0.0019432735862210393 0.9992982149124146
1.6971838670212767 -0.030479785054922104 -0.008281096816062927 0.021388975903391838 0.020494645461440086 -0.026507657021284103 -0.0011239195009693503 0.9994378685951233
1.7472008670212766 -0.01771126128733158 -0.008487513288855553 0.021555399522185326 0.021305929869413376 -0.022963685914874077 -0.0011559670092538 0.9995086193084717
1.7972178670212766 -0.005662091076374054 -0.009877667762339115 0.02271137200295925 0.021957146003842354 -0.020740924403071404 -0.0006397623219527304 0.9995435476303101
1.8472358670212765 0.004308770876377821 -0.008766477927565575 0.023447955027222633 0.025399429723620415 -0.015542467124760151 -0.0037906556390225887 0.999549388885498
1.8972528670212767 0.01416123565286398 -0.009371345862746239 0.024483319371938705 0.02710481733083725 -0.01245881151407957 -0.006593991536647081 0.9995332956314087
1.9472698670212767 0.02160756289958954 -0.010430422611534595 0.025616854429244995 0.028297225013375282 -0.008512858301401138 -0.009134781546890736 0.9995216131210327
1.9972868670212767 0.029821516945958138 -0.009925531223416328 0.025907762348651886 0.02982502430677414 -0.005322662182152271 -0.01157380361109972 0.9994739890098572
2.0473048670212766 0.03800853714346886 -0.010764428414404392 0.026476899161934853 0.029549282044172287 -0.00435324152931571 -0.013423936441540718 0.9994637370109558
2.0973218670212765 0.04548976942896843 -0.011214167810976505 0.02679641917347908 0.02993784286081791 -0.001494592521339655 -0.014713413082063198 0.9994423985481262
2.1473388670212765 0.04983074218034744 -0.012753092683851719 0.028294431045651436 0.02888711914420128 0.0038022056687623262 -0.016297146677970886 0.9994425773620605
2.1973558670212765 0.05389199033379555 -0.013518573716282845 0.029182465746998787 0.028864014893770218 0.009831984527409077 -0.016095472499728203 0.9994054436683655
2.2473738670212766 0.057890020310878754 -0.01322777010500431 0.030662929639220238 0.029931461438536644 0.013566364534199238 -0.014850325882434845 0.9993495941162109
2.2973908670212766 0.059812381863594055 -0.012415147386491299 0.03208759427070618 0.0301217008382082 0.016577837988734245 -0.014916152693331242 0.9992974400520325
2.3474078670212766 0.05896708369255066 -0.009570250287652016 0.031537655740976334 0.029733294621109962 0.01834392547607422 -0.015872705727815628 0.9992634654045105
2.3974248670212766 0.05721434950828552 -0.011156816966831684 0.03424718230962753 0.024142632260918617 0.018008574843406677 -0.015948781743645668 0.9994190335273743
2.4474418670212765 0.0505441315472126 -0.0075925011187791824 0.03546880930662155 0.021894671022892 0.0199729073792696 -0.015212993137538433 0.9994450211524963
2.4974598670212766 0.04578862711787224 -0.003335215849801898 0.03747003152966499 0.018448181450366974 0.01606656052172184 -0.015290342271327972 0.9995837807655334
2.5474768670212766 0.03875748813152313 0.0016591703752055764 0.038278549909591675 0.015474663116037846 0.011587889865040779 -0.01406839955598116 0.999714195728302
2.5974938670212766 0.03290031477808952 0.006745016667991877 0.03951271250844002 0.011934222653508186 0.004346905276179314 -0.010531758889555931 0.999863862991333
2.6475108670212766 0.0233217291533947 0.01345257181674242 0.04146714136004448 0.009253530763089657 0.0003287855943199247 -0.0039009994361549616 0.99994957447052
2.6975288670212767 0.015728512778878212 0.01882505975663662 0.04331211373209953 0.0058695292100310326 -0.006423154845833778 0.0017611334333196282 0.9999606013298035
2.7475458670212767 0.006871855352073908 0.023705309256911278 0.04520013555884361 0.0006039784639142454 -0.010088169015944004 0.006206986494362354 0.999929666519165
2.7975628670212767 -0.0013059485936537385 0.027480749413371086 0.04810280725359917 -0.004887764807790518 -0.012553147971630096 0.009557963348925114 0.9998636245727539
2.8475798670212766 -0.012099940329790115 0.0296541228890419 0.05111853778362274 -0.011204462498426437 -0.014051754027605057 0.013973847962915897 0.9997408390045166
2.8975978670212768 -0.017974182963371277 0.03142612427473068 0.053000558167696 -0.015093732625246048 -0.021218430250883102 0.017793217673897743 0.9995025992393494
2.9476148670212767 -0.02462759055197239 0.03174983710050583 0.05440274253487587 -0.018039926886558533 -0.02688603289425373 0.020229773595929146 0.999271035194397
2.9976318670212767 -0.031412333250045776 0.03219687193632126 0.05542663857340813 -0.01927901990711689 -0.02936139889061451 0.019903527572751045 0.999184787273407
3.0476488670212767 -0.03692341595888138 0.03303011134266853 0.05625731870532036 -0.01764056086540222 -0.033179912716150284 0.019977904856204987 0.9990940093994141
3.097666867021277 -0.04191098362207413 0.028126223012804985 0.055686548352241516 -0.01821395568549633 -0.03584259748458862 0.01826455071568489 0.9990245699882507
3.147683867021277 -0.04668889194726944 0.020160512998700142 0.05423194169998169 -0.01813367009162903 -0.03690948709845543 0.01839303970336914 0.9989847540855408
3.1977008670212768 -0.050712987780570984 0.011726574040949345 0.053699981421232224 -0.01536163967102766 -0.03859880939126015 0.017238473519682884 0.9989879727363586
3.2477178670212767 -0.054156869649887085 0.004708408378064632 0.05143727734684944 -0.008472518064081669 -0.03800652548670769 0.015428606420755386 0.9991224408149719
3.2977348670212767 -0.055228427052497864 -0.004651734139770269 0.04980660229921341 -0.004612551536411047 -0.038752440363168716 0.015460810624063015 0.9991186261177063
3.347752867021277 -0.05299348756670952 -0.01589943841099739 0.04617254436016083 0.00020400008361320943 -0.04152805730700493 0.012487612664699554 0.9990593194961548
3.397769867021277 -0.05698223039507866 -0.027359584346413612 0.04443059861660004 0.004716990981251001 -0.03993260860443115 0.010872683487832546 0.9991320967674255
3.447786867021277 -0.056259289383888245 -0.03803229704499245 0.04087970033288002 0.012008256278932095 -0.04101962968707085 0.0065805683843791485 0.999064564704895
3.4978038670212768 -0.05678635835647583 -0.048375457525253296 0.038143519312143326 0.018455106765031815 -0.03964907303452492 0.0034870621748268604 0.9990372061729431
3.5478218670212764 -0.05884730815887451 -0.05713338777422905 0.035526614636182785 0.02761942334473133 -0.03758290037512779 -0.0013314131647348404 0.9989109039306641
3.5978388670212764 -0.05505148321390152 -0.06486287713050842 0.03145459294319153 0.0356912761926651 -0.04002412408590317 -0.006461734417825937 0.9985401630401611
3.6478558670212764 -0.0549796037375927 -0.07327420264482498 0.03023342601954937 0.041295550763607025 -0.038658980280160904 -0.011525752954185009 0.9983323216438293
3.697872867021277 -0.053969018161296844 -0.07831469178199768 0.028963444754481316 0.04762498661875725 -0.03866507485508919 -0.017674624919891357 0.9979601502418518
3.7478908670212765 -0.055001333355903625 -0.081681028008461 0.027585554867982864 0.054482169449329376 -0.037106048315763474 -0.02482258342206478 0.9975163340568542
3.7979078670212765 -0.054427143186330795 -0.08218305557966232 0.02871200256049633 0.06025739014148712 -0.038175176829099655 -0.03216502070426941 0.9969338774681091
3.8479248670212765 -0.05458420515060425 -0.07714114338159561 0.028310341760516167 0.06390612572431564 -0.04326615482568741 -0.03775489330291748 0.9963024854660034
3.8979418670212764 -0.05632276087999344 -0.07183531671762466 0.03105086088180542 0.06167913228273392 -0.046672265976667404 -0.03872709348797798 0.9962517619132996
3.9479588670212764 -0.058428097516298294 -0.061660610139369965 0.0345468707382679 0.058824412524700165 -0.048143696039915085 -0.04073720797896385 0.9962742924690247
3.9979768670212765 -0.062698133289814 -0.049863968044519424 0.03786606341600418 0.058064091950654984 -0.04357767105102539 -0.04410802200436592 0.9963855147361755
4.047993867021277 -0.05977112799882889 -0.03752059116959572 0.04163071885704994 0.057586513459682465 -0.04264255240559578 -0.04485638439655304 0.9964202642440796
4.0980108670212765 -0.058389756828546524 -0.025449926033616066 0.046194206923246384 0.05585029721260071 -0.042758647352457047 -0.04569542780518532 0.9964759945869446
4.148027867021277 -0.060019634664058685 -0.013583732768893242 0.048541370779275894 0.050854332745075226 -0.04663439840078354 -0.040207117795944214 0.9968061447143555
4.198045867021277 -0.060793496668338776 0.00010798312723636627 0.05239696055650711 0.04724680632352829 -0.054118815809488297 -0.033965904265642166 0.9968376159667969
4.248062867021277 -0.06136313080787659 0.014954635873436928 0.05607915297150612 0.043606679886579514 -0.05887207016348839 -0.028209691867232323 0.9969136714935303
4.2980798670212765 -0.0604800321161747 0.027545740827918053 0.05971166864037514 0.03798835352063179 -0.06253297626972198 -0.020778801292181015 0.997103214263916
4.348096867021277 -0.06019950658082962 0.04024678096175194 0.06299050152301788 0.03414425253868103 -0.06368444859981537 -0.016206564381718636 0.9972541928291321
4.398114867021277 -0.06268814951181412 0.051878347992897034 0.06750038266181946 0.028576841577887535 -0.05820280686020851 -0.012632220052182674 0.997815728187561
4.448131867021277 -0.06133643537759781 0.0619676448404789 0.07107464969158173 0.024150101467967033 -0.05604064092040062 -0.010533852502703667 0.998080849647522
4.498148867021277 -0.061432454735040665 0.06984992325305939 0.07429707050323486 0.018331365659832954 -0.05495665222406387 -0.009575043804943562 0.9982746243476868
4.548165867021277 -0.06145748868584633 0.07505448162555695 0.07613502442836761 0.014561953954398632 -0.058653201907873154 -0.008839509449899197 0.99813312292099
4.598183867021277 -0.060619428753852844 0.07727325707674026 0.07695029675960541 0.010449829511344433 -0.06474973261356354 -0.006246259901672602 0.9978272914886475
4.648200867021276 -0.06060921028256416 0.07514628022909164 0.07704905420541763 0.006676000542938709 -0.06824954599142075 -0.004465485457330942 0.9976359605789185
4.698217867021277 -0.0615493506193161 0.07052081823348999 0.07867836952209473 0.0036610683891922235 -0.06854473054409027 0.0014633286045864224 0.9976403117179871
4.748234867021276 -0.06085199490189552 0.06272884458303452 0.07680872827768326 0.003404011717066169 -0.06861679255962372 0.002829961245879531 0.9976332783699036
4.798251867021277 -0.05997790768742561 0.05492851138114929 0.0737428367137909 0.00672965869307518 -0.06552937626838684 0.004030294716358185 0.9978197813034058
4.848269867021276 -0.0578245148062706 0.0419178307056427 0.07118795812129974 0.0094211520627141 -0.06344237923622131 0.0028093319851905107 0.9979371428489685
4.898286867021277 -0.057527776807546616 0.030564995482563972 0.06813248991966248 0.015837274491786957 -0.060805026441812515 5.125390089233406e-05 0.9980239868164062
4.948303867021276 -0.0591481551527977 0.018605897203087807 0.06433476507663727 0.022673653438687325 -0.057770486921072006 -0.004212940577417612 0.9980635046958923
4.998320867021277 -0.059722404927015305 0.0055397371761500835 0.05980464071035385 0.027443043887615204 -0.05716617777943611 -0.009661316871643066 0.9979406595230103
5.048338867021276 -0.057906921952962875 -0.006480795796960592 0.05628560110926628 0.029737086966633797 -0.05826709792017937 -0.012937705963850021 0.9977742433547974
5.098355867021277 -0.05643235892057419 -0.017512159422039986 0.052869319915771484 0.028941696509718895 -0.05902828276157379 -0.01688458025455475 0.9976938962936401
5.148372867021276 -0.055216893553733826 -0.02526482380926609 0.04884275048971176 0.026632539927959442 -0.06367321312427521 -0.022743023931980133 0.9973561763763428
5.198389867021277 -0.04873083531856537 -0.02995479851961136 0.04581975191831589 0.023318873718380928 -0.07212759554386139 -0.028668517246842384 0.9967105388641357
5.248407867021276 -0.04511994495987892 -0.03008635900914669 0.04204465076327324 0.02185204066336155 -0.07261651009321213 -0.03436427190899849 0.9965282678604126
5.298424867021277 -0.04317259043455124 -0.03220013156533241 0.03946889191865921 0.018138857558369637 -0.06559517979621887 -0.03980362042784691 0.9968871474266052
5.348441867021276 -0.04220464453101158 -0.03337640315294266 0.03930382803082466 0.014222182333469391 -0.052807338535785675 -0.044693876057863235 0.9975027441978455
5.398458867021277 -0.037119630724191666 -0.03061441145837307 0.03771955519914627 0.012975059449672699 -0.04569179564714432 -0.046729352325201035 0.9977777004241943
5.448475867021276 -0.03423643112182617 -0.028354546055197716 0.03729494288563728 0.01063342671841383 -0.033650923520326614 -0.04549416899681091 0.9983410835266113
5.498493867021277 -0.03085293434560299 -0.025824662297964096 0.0375467948615551 0.00834297388792038 -0.026220474392175674 -0.04165671393275261 0.9987530708312988
5.548510867021276 -0.031146125867962837 -0.024644652381539345 0.039170604199171066 0.005002853460609913 -0.019432509317994118 -0.03688200190663338 0.9991181492805481
5.598527867021277 -0.03348342329263687 -0.02174874022603035 0.04020826891064644 0.0038672087248414755 -0.018192995339632034 -0.031633973121643066 0.9993265271186829
5.648544867021276 -0.03542022407054901 -0.020656071603298187 0.039387017488479614 0.0032270385418087244 -0.022051246836781502 -0.02726316638290882 0.9993798732757568
5.698562867021277 -0.04405215010046959 -0.019168317317962646 0.040421970188617706 0.003077993867918849 -0.029461922124028206 -0.02478697896003723 0.9992538094520569
5.748579867021276 -0.05275338515639305 -0.01794556714594364 0.039017658680677414 0.0037074722349643707 -0.04434297978878021 -0.024765068665146828 0.9987024664878845
5.798596867021277 -0.06923758238554001 -0.017299000173807144 0.03998096287250519 0.0031544510275125504 -0.05338268727064133 -0.02560589648783207 0.9982408285140991
5.848613867021276 -0.08155182749032974 -0.01701989397406578 0.03926485776901245 0.0035667438060045242 -0.06987911462783813 -0.02544005587697029 0.9972246885299683
5.898631867021277 -0.09479444473981857 -0.015859369188547134 0.039725109934806824 0.004605593625456095 -0.08517835289239883 -0.024317219853401184 0.9960583448410034
5.9486488670212765 -0.1069498360157013 -0.01569969393312931 0.038901206105947495 0.004495580680668354 -0.10115134716033936 -0.023350361734628677 0.9945868253707886
5.998665867021277 -0.1192319318652153 -0.014925697818398476 0.037928223609924316 0.004614037461578846 -0.11717285960912704 -0.023336362093687057 0.9928265810012817
6.048682867021276 -0.13124755024909973 -0.016467291861772537 0.03725548833608627 0.0032079112716019154 -0.13092483580112457 -0.023790404200553894 0.9911016821861267
6.098700867021277 -0.14132513105869293 -0.014777402393519878 0.035613905638456345 0.004841942340135574 -0.144818514585495 -0.024278463795781136 0.9891485571861267
6.1487178670212765 -0.14903941750526428 -0.01465568132698536 0.03438802435994148 0.006225306075066328 -0.15298905968666077 -0.025166409090161324 0.9878877997398376
6.198734867021277 -0.15490072965621948 -0.015676619485020638 0.033671312034130096 0.006919817067682743 -0.15865358710289001 -0.023691460490226746 0.987025797367096
6.2487518670212765 -0.16114923357963562 -0.016924716532230377 0.03833349794149399 0.0074503784999251366 -0.15426163375377655 -0.021114366129040718 0.9877762794494629
6.298768867021277 -0.161485493183136 -0.016852213069796562 0.03459091857075691 0.008876976557075977 -0.1468171328306198 -0.0163271427154541 0.9889891147613525
6.348786867021277 -0.157145693898201 -0.015114407055079937 0.03380969911813736 0.012346979230642319 -0.13880224525928497 -0.010298059321939945 0.9901896715164185
6.398803867021277 -0.14924895763397217 -0.016137253493070602 0.034284114837646484 0.012767178937792778 -0.12960051000118256 -0.002735344460234046 0.9914803504943848
6.4488208670212765 -0.14154614508152008 -0.017062511295080185 0.03554858639836311 0.011771424673497677 -0.11857036501169205 0.00413539307191968 0.9928672313690186
6.498837867021277 -0.12977322936058044 -0.016282064840197563 0.03716472536325455 0.011136600747704506 -0.10653943568468094 0.010023127309978008 0.9941956400871277
6.548855867021277 -0.12063601613044739 -0.012663825415074825 0.03812889754772186 0.011974533088505268 -0.09017784893512726 0.014840513467788696 0.9957431554794312
6.598872867021276 -0.11035961657762527 -0.010750383138656616 0.03860212862491608 0.011223222129046917 -0.07221833616495132 0.01943073607981205 0.9971364736557007
6.648889867021277 -0.09787523001432419 -0.010229757986962795 0.040741994976997375 0.009917634539306164 -0.05580255016684532 0.025415360927581787 0.9980690479278564
6.698906867021277 -0.08360588550567627 -0.00947265699505806 0.04149116575717926 0.00913348887115717 -0.040635015815496445 0.02980375662446022 0.998687744140625
6.748924867021277 -0.07084190845489502 -0.007543081883341074 0.04291553795337677 0.010012530721724033 -0.02493438310921192 0.03518921509385109 0.9990193843841553
6.798941867021276 -0.05725090578198433 -0.007923303171992302 0.04516634717583656 0.009228786453604698 -0.010719409212470055 0.039377517998218536 0.99912428855896
6.848958867021277 -0.043994925916194916 -0.007456379476934671 0.046403393149375916 0.008828620426356792 0.003264964558184147 0.04203431308269501 0.9990718364715576
6.898975867021276 -0.03235872834920883 -0.005641233175992966 0.04806693270802498 0.009994628839194775 0.01472855918109417 0.0441150888800621 0.998867928981781
6.948993867021277 -0.023818140849471092 -0.006661614403128624 0.04953216388821602 0.008592952974140644 0.027565116062760353 0.04415120929479599 0.9986075758934021
6.999010867021276 -0.014373932033777237 -0.00565350940451026 0.05070069432258606 0.009245261549949646 0.03533362224698067 0.04389188066124916 0.9983684420585632
7.049027867021277 -0.007491753436625004 -0.00476507842540741 0.05124092847108841 0.009355098009109497 0.04474885016679764 0.042348362505435944 0.9980564713478088
7.099044867021276 0.001310779363848269 -0.004962061997503042 0.051903899759054184 0.009169666096568108 0.04982590675354004 0.042069923132658005 0.9978293776512146
7.149061867021277 0.007156319450587034 -0.003538315650075674 0.051454782485961914 0.010104674845933914 0.05400138348340988 0.04230974614620209 0.9975929260253906
7.199079867021276 0.010342009365558624 -0.002101220190525055 0.05036970600485802 0.011120178736746311 0.05754045397043228 0.04382264241576195 0.9973189234733582
7.249096867021277 0.010700035840272903 -0.004408271983265877 0.050208933651447296 0.008944816887378693 0.06161607801914215 0.044793207198381424 0.9970541596412659
7.299113867021276 0.012207917869091034 0.005215782672166824 0.04468197748064995 0.01600329950451851 0.056510403752326965 0.044403981417417526 0.9972856640815735
7.349130867021277 0.007929421961307526 -0.00042602192843332887 0.04629915580153465 0.011309993453323841 0.05612793192267418 0.04856488108634949 0.9971776008605957
7.399148867021276 -0.0009230589494109154 0.0011588612105697393 0.04519606754183769 0.010493086650967598 0.05538931488990784 0.05009431019425392 0.9971522092819214
7.449165867021277 -0.010505703277885914 0.0025133208837360144 0.043302007019519806 0.007859869860112667 0.052312105894088745 0.05414135009050369 0.9971311092376709
7.499182867021276 -0.0210745707154274 0.00391464214771986 0.042237699031829834 0.00353408046066761 0.050226613879203796 0.05795837566256523 0.9970484375953674
7.549199867021277 -0.030920114368200302 0.005377202294766903 0.04101081192493439 -0.0016262399731203914 0.04944268614053726 0.06228845193982124 0.996831476688385
7.599217867021276 -0.039767902344465256 0.010348506271839142 0.03766697272658348 -0.0062890066765248775 0.04814384877681732 0.06726092845201492 0.996553361415863
7.649234867021277 -0.044373732060194016 0.012728267349302769 0.03435821086168289 -0.015238450840115547 0.044318582862615585 0.0733875185251236 0.996201753616333
7.699251867021276 -0.0532427541911602 0.01540785189718008 0.0346251055598259 -0.02538270875811577 0.04577985405921936 0.07912962138652802 0.9954890608787537
7.749268867021277 -0.0598699152469635 0.019093267619609833 0.0325588621199131 -0.03524789586663246 0.04606422781944275 0.08306334912776947 0.9948548674583435
7.799285867021276 -0.06762316823005676 0.021416787058115005 0.03025480918586254 -0.04538560286164284 0.05011599138379097 0.08521001040935516 0.9940663576126099
7.849303867021277 -0.07493708282709122 0.02545166201889515 0.03103535994887352 -0.053062278777360916 0.05654870718717575 0.08765231817960739 0.9931282997131348
7.8993208670212764 -0.07887116819620132 0.028149439021945 0.02990618348121643 -0.060580380260944366 0.06355074048042297 0.08913265913724899 0.9921424984931946
7.949337867021277 -0.08427193760871887 0.03098548762500286 0.029584912583231926 -0.06481228768825531 0.06956923007965088 0.09164085239171982 0.9912424087524414
7.999354867021276 -0.08304630219936371 0.0310234222561121 0.029125455766916275 -0.06735765188932419 0.07207978516817093 0.09308261424303055 0.9907588362693787
8.049372867021276 -0.08208120614290237 0.02458946220576763 0.032525114715099335 -0.06871098279953003 0.0747188851237297 0.09332503378391266 0.9904475808143616
8.099389867021277 -0.07949306815862656 0.023344973102211952 0.03313494846224785 -0.06329061090946198 0.07625837624073029 0.09089045971632004 0.9909176826477051
8.149406867021277 -0.07511855661869049 0.018467644229531288 0.036093663424253464 -0.05562908947467804 0.07833921164274216 0.08684375137090683 0.9915778636932373
8.199423867021277 -0.07174037396907806 0.012634807266294956 0.03821824863553047 -0.04506349563598633 0.07952965050935745 0.08051610738039017 0.9925530552864075
8.249441867021277 -0.06902366131544113 0.006275772117078304 0.0415414534509182 -0.033235255628824234 0.07937374711036682 0.07331982254981995 0.9935892224311829
8.299458867021277 -0.06402797996997833 -0.0006340895197354257 0.046939507126808167 -0.02204151451587677 0.07636705785989761 0.06834574043750763 0.9944904446601868
8.349475867021276 -0.05808139219880104 -0.007407904602587223 0.051855217665433884 -0.011750384233891964 0.07387503236532211 0.06258644163608551 0.995232343673706
8.399492867021278 -0.05208069831132889 -0.015181307680904865 0.057248543947935104 -0.0006590890698134899 0.06767535209655762 0.05681409686803818 0.9960882663726807
8.449509867021277 -0.04979737848043442 -0.023315170779824257 0.0640452578663826 0.01143183559179306 0.058630406856536865 0.05011626332998276 0.9969554543495178
8.499527867021278 -0.047573719173669815 -0.03017011098563671 0.06836652010679245 0.023193128407001495 0.047575563192367554 0.04218800365924835 0.9977067708969116
8.549544867021277 -0.04722781851887703 -0.036878373473882675 0.07293684780597687 0.03304746001958847 0.03520364314317703 0.035291917622089386 0.9982099533081055
8.599561867021277 -0.04781098663806915 -0.04180852696299553 0.0769534707069397 0.04269109666347504 0.023572511970996857 0.028441280126571655 0.9984052181243896
8.649578867021278 -0.05270339921116829 -0.04450194910168648 0.08046173304319382 0.05267155170440674 0.01153480913490057 0.02308890037238598 0.9982783198356628
8.699596867021278 -0.05723091959953308 -0.046123482286930084 0.08212832361459732 0.060154255479574203 -0.0022393313702195883 0.018096597865223885 0.9980225563049316
8.749613867021278 -0.060729607939720154 -0.04619584232568741 0.08175966888666153 0.06606760621070862 -0.020336566492915154 0.015311282128095627 0.997490406036377
8.799630867021278 -0.06714867800474167 -0.046154242008924484 0.08149214088916779 0.068812794983387 -0.03637569397687912 0.013456687331199646 0.9968754053115845
8.849647867021277 -0.07507495582103729 -0.04205368459224701 0.08169086277484894 0.07239550352096558 -0.046186864376068115 0.011354321613907814 0.9962413311004639
8.899665867021277 -0.08187573403120041 -0.03645678237080574 0.07978474348783493 0.0741879865527153 -0.05467967689037323 0.009802373126149178 0.9956958889961243
8.949682867021277 -0.08606772869825363 -0.029617704451084137 0.07864408195018768 0.0737345889210701 -0.05882333964109421 0.010531646199524403 0.9954859018325806
8.999699867021278 -0.08769611269235611 -0.02207714505493641 0.07765505462884903 0.07161383330821991 -0.061351872980594635 0.015011652372777462 0.9954306483268738
9.049716867021278 -0.08795145153999329 -0.011263364925980568 0.07654380798339844 0.06953171640634537 -0.06487921625375748 0.02067681960761547 0.9952529668807983
9.099734867021278 -0.0890922024846077 0.0013951478758826852 0.07674791663885117 0.06762679666280746 -0.06309549510478973 0.026642931625247 0.995357096195221
9.149751867021278 -0.08927455544471741 0.014634286984801292 0.0779624730348587 0.06236981973052025 -0.05625048279762268 0.03217395395040512 0.9959471821784973
9.199768867021277 -0.08424201607704163 0.02791239134967327 0.07858031988143921 0.05384042114019394 -0.051135241985321045 0.03938745707273483 0.9964613318443298
9.249785867021277 -0.07765577733516693 0.04084562137722969 0.0806770920753479 0.04016474261879921 -0.0433431938290596 0.04676562547683716 0.99715656042099
9.299802867021278 -0.0689539909362793 0.052531756460666656 0.08238238096237183 0.02441662922501564 -0.03408677130937576 0.055135082453489304 0.9975981712341309
9.349820867021277 -0.05951220169663429 0.06607630848884583 0.08448518812656403 0.009685357101261616 -0.021539315581321716 0.062193237245082855 0.9977847337722778
9.399837867021278 -0.05006704479455948 0.0740373507142067 0.08550972491502762 -0.006353576201945543 -0.0008300438057631254 0.0688420757651329 0.9976070523262024
9.449854867021278 -0.036269500851631165 0.08121266961097717 0.08609648048877716 -0.019736479967832565 0.017497185617685318 0.07656288146972656 0.9967159032821655
9.499871867021277 -0.025239864364266396 0.08332763612270355 0.08454235643148422 -0.031578127294778824 0.03488732874393463 0.08507516980171204 0.9952627420425415
9.549889867021278 -0.013958815485239029 0.08300235867500305 0.08191341161727905 -0.03951524943113327 0.04937606304883957 0.09484270215034485 0.993481457233429
9.599906867021277 -0.003970390651375055 0.07769148051738739 0.07827413827180862 -0.043221570551395416 0.0635169968008995 0.1012754887342453 0.9918875098228455
9.649923867021277 0.004072461277246475 0.06624947488307953 0.07614564150571823 -0.043764565140008926 0.07756107300519943 0.10380435734987259 0.9906026721000671
9.699940867021278 0.011199606582522392 0.05648605152964592 0.07056648284196854 -0.03430603817105293 0.0877714604139328 0.10097555816173553 0.9904156923294067
9.749958867021277 0.01432695984840393 0.04441217705607414 0.06619097292423248 -0.019909800961613655 0.09789326786994934 0.09002812951803207 0.9909164905548096
9.799975867021278 0.01643294468522072 0.03210683539509773 0.06193041801452637 -0.002335136290639639 0.10199820250272751 0.07631873339414597 0.9918500185012817
9.849992867021278 0.014440578408539295 0.018285581842064857 0.0592433400452137 0.012499363161623478 0.1057325005531311 0.06146937608718872 0.9924142360687256
9.900009867021277 0.011464681476354599 0.003960066940635443 0.058243487030267715 0.024489685893058777 0.10238437354564667 0.048780057579278946 0.99324631690979
9.950026867021277 0.006290656514465809 -0.008247618563473225 0.057660847902297974 0.034969594329595566 0.09535303711891174 0.03694436699151993 0.9941428899765015
10.000044867021277 2.0132501958869398e-05 -0.019134556874632835 0.0578189492225647 0.04499981552362442 0.08208997547626495 0.027808163315057755 0.9952201247215271
10.050061867021277 -0.010515274479985237 -0.02907046116888523 0.058873843401670456 0.05464038625359535 0.06557869911193848 0.018452677875757217 0.9961794018745422
10.100078867021278 -0.020624667406082153 -0.03562062606215477 0.06091088056564331 0.0645877942442894 0.0485963448882103 0.009037761017680168 0.9966871738433838
10.150095867021278 -0.03307727351784706 -0.04094379395246506 0.06431002169847488 0.0710485652089119 0.031428415328264236 0.0018739186925813556 0.9969758987426758
10.200113867021278 -0.04562702775001526 -0.0419144444167614 0.06783109903335571 0.0766347348690033 0.015192602761089802 -0.0039435443468391895 0.9969356656074524
10.250130867021278 -0.057449325919151306 -0.041391849517822266 0.070769302546978 0.07885579019784927 -0.005397300701588392 -0.006097409874200821 0.9968528151512146
10.300147867021277 -0.0696859210729599 -0.04083630442619324 0.07467557489871979 0.07674574851989746 -0.02563527785241604 -0.00446250569075346 0.9967111945152283
10.350164867021277 -0.08173836022615433 -0.03706778213381767 0.07842717319726944 0.0737336054444313 -0.04540982469916344 0.0007570092566311359 0.9962433576583862
10.400182867021277 -0.09099303185939789 -0.034711018204689026 0.08172260224819183 0.06687948107719421 -0.06246558576822281 0.007911639288067818 0.9957724213600159
10.450199867021277 -0.09999579191207886 -0.028801310807466507 0.08557403832674026 0.06124342232942581 -0.07204428315162659 0.014705607667565346 0.9954108595848083
10.500216867021278 -0.10494054108858109 -0.02189190872013569 0.08757049590349197 0.054191119968891144 -0.0815882533788681 0.022976554930210114 0.9949265122413635
10.550233867021278 -0.11008325964212418 -0.013298606500029564 0.09096188843250275 0.046585679054260254 -0.08312025666236877 0.029076607897877693 0.9950253367424011
10.600251867021278 -0.11188989132642746 -0.003915095701813698 0.09267284721136093 0.03823702409863472 -0.08410158008337021 0.03395625948905945 0.9951441287994385
10.650268867021278 -0.11052985489368439 0.006140193901956081 0.09314218163490295 0.027793649584054947 -0.07912743091583252 0.03925508260726929 0.9957035183906555
10.700285867021277 -0.10838330537080765 0.015116875991225243 0.09372498095035553 0.01454718504101038 -0.07035627216100693 0.04660573601722717 0.9963263869285583
10.750302867021277 -0.10367126762866974 0.022918308153748512 0.09366300702095032 0.00017849626601673663 -0.05953637510538101 0.05504876747727394 0.9967070817947388
10.800319867021278 -0.09500713646411896 0.030677389353513718 0.09151212871074677 -0.013983848504722118 -0.04901847988367081 0.062484174966812134 0.996743381023407
10.850337867021278 -0.08559942245483398 0.03586966544389725 0.08897655457258224 -0.026946362107992172 -0.03890272229909897 0.07201092690229416 0.9962805509567261
10.900354867021278 -0.07483449578285217 0.038971155881881714 0.08656604588031769 -0.03724714368581772 -0.027606399729847908 0.08060993999242783 0.9956669211387634
10.950371867021278 -0.06326087564229965 0.03966188430786133 0.08267153799533844 -0.04307244345545769 -0.01374206505715847 0.08713742345571518 0.9951699376106262
11.000388867021277 -0.05199418216943741 0.03900368511676788 0.07818678766489029 -0.04346803203225136 0.004029777366667986 0.08651062846183777 0.9952940344810486
11.050406867021277 -0.04023568704724312 0.035443633794784546 0.07307709753513336 -0.03889266029000282 0.01965385116636753 0.08407121151685715 0.9955065250396729
11.100423867021277 -0.031631384044885635 0.029011119157075882 0.06954549252986908 -0.03303183242678642 0.03737572953104973 0.08038105815649033 0.9955154061317444
11.150440867021278 -0.021620355546474457 0.02437943033874035 0.06531372666358948 -0.02154451422393322 0.04866549372673035 0.07669828087091446 0.9956329464912415
11.200457867021278 -0.01406394224613905 0.016391810029745102 0.06227586045861244 -0.011465908028185368 0.05764007195830345 0.0697975903749466 0.9958285093307495
11.250475867021278 -0.008956285193562508 0.009048987179994583 0.059449512511491776 0.0010063000954687595 0.0641046017408371 0.060422029346227646 0.9961118102073669
11.300492867021278 -0.007569860201328993 0.002423956524580717 0.05829364433884621 0.013469654135406017 0.0664905309677124 0.050424497574567795 0.9964210987091064
11.350509867021277 -0.00988265685737133 -0.005760230589658022 0.05814800783991814 0.022709308192133904 0.06564036011695862 0.0393652617931366 0.9968079328536987
11.400526867021277 -0.013972638174891472 -0.013615226373076439 0.05961360037326813 0.029344281181693077 0.060540296137332916 0.03022153489291668 0.9972765445709229
11.450543867021278 -0.020162520930171013 -0.018887817859649658 0.06075432524085045 0.036304473876953125 0.05032169446349144 0.021866699680685997 0.9978334903717041
11.500561867021277 -0.027792243286967278 -0.022949358448386192 0.0627773106098175 0.04302939772605896 0.03799276798963547 0.01571124605834484 0.9982275366783142
11.550578867021278 -0.035976361483335495 -0.02592787705361843 0.06438040733337402 0.04870527237653732 0.02327350340783596 0.011836486868560314 0.9984719157218933
11.600595867021278 -0.04727351292967796 -0.027481181547045708 0.06747160106897354 0.051933594048023224 0.013880348764359951 0.009576466865837574 0.9985081553459167
11.650612867021277 -0.05782094597816467 -0.02862917259335518 0.06938301771879196 0.05372057110071182 0.005996290594339371 0.008775077760219574 0.9984994530677795
11.700630867021278 -0.06846325099468231 -0.029110267758369446 0.07160061597824097 0.054640959948301315 0.002106477040797472 0.008111121132969856 0.9984709620475769
11.750647867021277 -0.0788833424448967 -0.02881927788257599 0.07314377278089523 0.05605631694197655 -0.003227773355320096 0.009321838617324829 0.9983789324760437
11.800664867021277 -0.0905514508485794 -0.02963379956781864 0.0744408369064331 0.05682952702045441 -0.012648136354982853 0.012350162491202354 0.9982274174690247
11.850681867021278 -0.10008373111486435 -0.029917772859334946 0.07503046095371246 0.05662121996283531 -0.024372931569814682 0.015968075022101402 0.997970461845398
11.900699867021277 -0.10950261354446411 -0.02942892536520958 0.07658463716506958 0.05591025575995445 -0.034461285918951035 0.02051335573196411 0.9976300597190857
11.950716867021278 -0.11678961664438248 -0.029557496309280396 0.07772525399923325 0.053551677614450455 -0.040064163506031036 0.025958921760320663 0.9974232912063599
12.000733867021278 -0.12294527888298035 -0.029021961614489555 0.07935668528079987 0.050898827612400055 -0.04542461037635803 0.02998119778931141 0.9972196221351624
12.050750867021277 -0.12916482985019684 -0.027919666841626167 0.08047579228878021 0.04875749349594116 -0.048021793365478516 0.03301476314663887 0.9971091747283936
12.100768867021278 -0.13183194398880005 -0.027169151231646538 0.08132420480251312 0.04761170595884323 -0.05234681814908981 0.036710843443870544 0.9968175888061523
12.150785867021277 -0.13481669127941132 -0.02875373139977455 0.08340465277433395 0.0455748550593853 -0.051406022161245346 0.03956782445311546 0.996852457523346
12.200802867021277 -0.13456426560878754 -0.02543121948838234 0.08150693029165268 0.04684308543801308 -0.05007539689540863 0.03875105082988739 0.9968935251235962
12.250819867021278 -0.1279193013906479 -0.02524084597826004 0.08223399519920349 0.04488859325647354 -0.05325000733137131 0.040950957685709 0.9967309236526489
12.300836867021278 -0.12378203868865967 -0.023246536031365395 0.0848187506198883 0.04212537407875061 -0.047422464936971664 0.04169313609600067 0.9971150159835815
12.350854867021278 -0.11532025039196014 -0.021665308624505997 0.08678162097930908 0.03695216402411461 -0.041439734399318695 0.03993121162056923 0.9976587295532227
12.400871867021278 -0.10523423552513123 -0.019158609211444855 0.08832621574401855 0.030565887689590454 -0.03331810235977173 0.039486970752477646 0.9981966614723206
12.450888867021277 -0.09412173926830292 -0.018382230773568153 0.09078714996576309 0.022349746897816658 -0.02548987977206707 0.038983915001153946 0.9986646771430969
12.500905867021277 -0.08173110336065292 -0.01552320271730423 0.09175633639097214 0.017142828553915024 -0.016898488625884056 0.038667481392621994 0.9989621639251709
12.550923867021277 -0.06841680407524109 -0.014155520126223564 0.09283977001905441 0.012798557057976723 -0.010482752695679665 0.038144301623106 0.9991352558135986
12.600940867021277 -0.05727702006697655 -0.011796055361628532 0.09376940131187439 0.009617420844733715 0.0009890941437333822 0.03635087236762047 0.9992923736572266
12.650957867021278 -0.043836809694767 -0.010104984976351261 0.09535770863294601 0.006699022371321917 0.014406436122953892 0.03525232523679733 0.999252200126648
12.700974867021278 -0.03135446086525917 -0.008278009481728077 0.09652745723724365 0.00479224743321538 0.02439732663333416 0.03522853925824165 0.9990699887275696
12.750992867021278 -0.019392063841223717 -0.009507312439382076 0.09853155165910721 0.0014064823044463992 0.03012394905090332 0.036141302436590195 0.9988915920257568
12.801009867021278 -0.009004568681120872 -0.012320817448198795 0.10060164332389832 -0.0020112870261073112 0.031658902764320374 0.035883013159036636 0.9988524317741394
12.851026867021277 -0.004024437163025141 -0.015124402940273285 0.10214090347290039 0.00021475821267813444 0.03435957804322243 0.034250255674123764 0.9988225102424622
12.901043867021277 0.0004524292889982462 -0.019427789375185966 0.10494440048933029 0.003795119933784008 0.033276014029979706 0.03151585906744003 0.998941957950592
12.951060867021278 0.0019295188831165433 -0.02457764931023121 0.10677426308393478 0.00886206328868866 0.03174949809908867 0.027421705424785614 0.9990803003311157
13.001078867021278 -8.460545359412208e-05 -0.028248000890016556 0.10996584594249725 0.017347754910588264 0.03051115572452545 0.023872869089245796 0.9990987181663513
13.051095867021278 0.00011892041948158294 -0.03310118243098259 0.11323574930429459 0.025274280458688736 0.02544020116329193 0.021703585982322693 0.9991211295127869
13.101112867021278 -0.001614406006410718 -0.03718080371618271 0.1170375868678093 0.033937547355890274 0.02116318978369236 0.02118290215730667 0.9989753365516663
13.151129867021277 -0.0035968380980193615 -0.04008987918496132 0.12187966704368591 0.04234035685658455 0.0157858207821846 0.02085837721824646 0.9987608194351196
13.201147867021277 -0.0070718382485210896 -0.0419667549431324 0.12593892216682434 0.04996520280838013 0.010107218287885189 0.020500551909208298 0.9984893798828125
13.251164867021277 -0.012196370400488377 -0.04410596936941147 0.13054773211479187 0.05323704332113266 0.0041921851225197315 0.019649513065814972 0.9983798265457153
13.301181867021278 -0.016904113814234734 -0.04315713793039322 0.13336890935897827 0.05730529874563217 -0.0006578076281584799 0.02123379334807396 0.998130738735199
13.351198867021278 -0.02136700227856636 -0.043200526386499405 0.1341584473848343 0.05604070797562599 -0.0038389647379517555 0.0218970850110054 0.9981809854507446
13.401216867021278 -0.02535184659063816 -0.0424497127532959 0.13429974019527435 0.05298079177737236 -0.01139551680535078 0.02508353255689144 0.9982154369354248
13.451233867021278 -0.02949356473982334 -0.040106382220983505 0.13246621191501617 0.047521065920591354 -0.010744065046310425 0.02729545347392559 0.9984394311904907
13.501250867021277 -0.03443553298711777 -0.03588886559009552 0.12988117337226868 0.041534557938575745 -0.00840042158961296 0.02999119460582733 0.9986515045166016
13.551267867021277 -0.037870872765779495 -0.03180830925703049 0.12517905235290527 0.035179849714040756 -0.010485563427209854 0.03172621876001358 0.9988223314285278
13.601285867021277 -0.04329637065529823 -0.02913963422179222 0.11955762654542923 0.02855045162141323 -0.012117873877286911 0.031058412045240402 0.9990362524986267
13.651302867021277 -0.05122024565935135 -0.02586222253739834 0.11276103556156158 0.024594388902187347 -0.014992335811257362 0.029520336538553238 0.9991490840911865
13.701319867021278 -0.0578296035528183 -0.0234309621155262 0.10550767183303833 0.020220721140503883 -0.01978357695043087 0.027438795194029808 0.9992231726646423
13.751336867021278 -0.06546980887651443 -0.018347082659602165 0.0987078994512558 0.019035907462239265 -0.028606709092855453 0.026962794363498688 0.999045729637146
13.801353867021277 -0.0749659389257431 -0.015751102939248085 0.09218472987413406 0.015606489963829517 -0.030726758763194084 0.02643372304737568 0.9990563988685608
13.851371867021278 -0.08189983665943146 -0.013592682778835297 0.08636844903230667 0.013522706925868988 -0.03578025475144386 0.028554145246744156 0.9988601207733154
13.901388867021277 -0.08851080387830734 -0.01211825106292963 0.08042839169502258 0.011674257926642895 -0.04163937270641327 0.032990049570798874 0.9985197186470032
13.951405867021277 -0.09503424167633057 -0.009882098995149136 0.076644666492939 0.012055995874106884 -0.04526404291391373 0.03853486105799675 0.9981587529182434
14.001422867021278 -0.10206910222768784 -0.009037930518388748 0.07292159646749496 0.012547343038022518 -0.05332779139280319 0.04403427988290787 0.9975268244743347
14.051440867021277 -0.11072896420955658 -0.009649542160332203 0.07132021337747574 0.012667881324887276 -0.057391807436943054 0.04661465808749199 0.9971824884414673
14.101457867021278 -0.1183735653758049 -0.008680260740220547 0.07049604505300522 0.013902759179472923 -0.06467294692993164 0.04826713725924492 0.9966416358947754
14.151474867021278 -0.1262379139661789 -0.009607521817088127 0.06963535398244858 0.015247490257024765 -0.07705646008253098 0.050621312111616135 0.9956241250038147
14.201491867021277 -0.13050183653831482 -0.010791217908263206 0.06804654002189636 0.018821749836206436 -0.08833949267864227 0.05504497140645981 0.9943903088569641
14.251509867021278 -0.1332264393568039 -0.0105727044865489 0.06877505034208298 0.025628743693232536 -0.09573833644390106 0.06217511370778084 0.9931322932243347
14.301526867021277 -0.13318626582622528 -0.015357517637312412 0.07009480893611908 0.03147371858358383 -0.10267486423254013 0.07277706265449524 0.9915497303009033
14.351543867021277 -0.13098685443401337 -0.01788649894297123 0.07077649980783463 0.04278530552983284 -0.10782340168952942 0.0880236104130745 0.9893409013748169
14.401560867021278 -0.12431807816028595 -0.02127235382795334 0.06998310983181 0.05491938814520836 -0.11244072020053864 0.10803232342004776 0.9862403273582458
14.451577867021278 -0.11631487309932709 -0.024609753862023354 0.0689089447259903 0.06660100072622299 -0.11423107236623764 0.13148829340934753 0.9824593663215637
14.501595867021278 -0.1068492904305458 -0.026059553027153015 0.06823021173477173 0.07942276448011398 -0.11313620954751968 0.15412169694900513 0.9783347249031067
14.551612867021278 -0.0968022271990776 -0.02646404318511486 0.06793264299631119 0.091142438352108 -0.10773085802793503 0.16902278363704681 0.9754581451416016
14.601629867021277 -0.08929143846035004 -0.02588557079434395 0.06635462492704391 0.10206403583288193 -0.09961623698472977 0.17635779082775116 0.9739391803741455
14.651646867021277 -0.08191867172718048 -0.025438373908400536 0.06530894339084625 0.10923046618700027 -0.09152208268642426 0.1749248206615448 0.9742144346237183
14.701664867021277 -0.0750540941953659 -0.0226680189371109 0.0631534680724144 0.11363843828439713 -0.0841304212808609 0.16982896625995636 0.9752777218818665
14.751681867021277 -0.0688919946551323 -0.020799852907657623 0.06473955512046814 0.11271090060472488 -0.07808315008878708 0.16142521798610687 0.9773133397102356
14.801698867021278 -0.06434094160795212 -0.019834376871585846 0.06572553515434265 0.10600431263446808 -0.07207890599966049 0.15000616014003754 0.9803397059440613
14.851715867021278 -0.0597241073846817 -0.018288521096110344 0.06781221181154251 0.09574641287326813 -0.06737827509641647 0.1350594013929367 0.9838962554931641
14.901733867021278 -0.05395674332976341 -0.016396809369325638 0.06984075158834457 0.0812968835234642 -0.06365319341421127 0.11429087817668915 0.9880671501159668
14.951750867021278 -0.055394019931554794 -0.01457978691905737 0.07376939803361893 0.06459444761276245 -0.05425100401043892 0.08772838115692139 0.9925664663314819
15.001767867021277 -0.054567303508520126 -0.010378172621130943 0.07791757583618164 0.046281225979328156 -0.04726178199052811 0.058035656809806824 0.9961206912994385
15.051784867021277 -0.05392075330018997 -0.0061404285952448845 0.08088535815477371 0.02731272391974926 -0.042599163949489594 0.029428543522953987 0.998285174369812
15.101802867021277 -0.05303052067756653 -0.0006147625972516835 0.08385776728391647 0.008175800554454327 -0.039358511567115784 0.0008531920611858368 0.999191403388977
15.151819867021278 -0.05438254773616791 0.005250958260148764 0.08811193704605103 -0.009849115274846554 -0.034758832305669785 -0.02419971115887165 0.9990541934967041
15.201836867021278 -0.05429898574948311 0.010925376787781715 0.09143976122140884 -0.025882678106427193 -0.026704682037234306 -0.04722515493631363 0.998191773891449
15.251853867021278 -0.0551547035574913 0.015935547649860382 0.09592047333717346 -0.04090987145900726 -0.015114477835595608 -0.06726106256246567 0.9967817664146423
15.301870867021277 -0.054630301892757416 0.021627774462103844 0.10005015879869461 -0.05459456890821457 -0.0032608220353722572 -0.08603674173355103 0.994789719581604
15.351888867021277 -0.05634350702166557 0.027617819607257843 0.10396533459424973 -0.0672236904501915 0.007829597219824791 -0.10428843647241592 0.9922417402267456
15.401905867021277 -0.05576707050204277 0.033218130469322205 0.10681461542844772 -0.07893163710832596 0.012654965743422508 -0.12218593060970306 0.9892827272415161
15.451922867021278 -0.05857829004526138 0.036588478833436966 0.110087089240551 -0.09058864414691925 0.01488381065428257 -0.1350284069776535 0.9865797162055969
15.501939867021278 -0.057890042662620544 0.03915037959814072 0.11009588092565536 -0.09484037756919861 0.007392666768282652 -0.13861410319805145 0.9857671856880188
15.551957867021278 -0.059550438076257706 0.03903953358530998 0.10941217839717865 -0.0920698493719101 -0.0002148722269339487 -0.13167323172092438 0.9870082139968872
15.601974867021278 -0.060699280351400375 0.03522568568587303 0.10647623240947723 -0.08013836294412613 -0.008133024908602238 -0.1149105429649353 0.9901047348976135
15.651991867021277 -0.06475804001092911 0.029174823313951492 0.10466337203979492 -0.05977962538599968 -0.004362484440207481 -0.0926239863038063 0.9938955307006836
15.702008867021277 -0.06275469809770584 0.021055690944194794 0.10046841204166412 -0.035744573920965195 -0.0015726417768746614 -0.06608246266841888 0.9971725344657898
15.752026867021277 -0.06328746676445007 0.01363331824541092 0.09623555094003677 -0.009176121093332767 0.0008324141963385046 -0.038121823221445084 0.999230682849884
15.802043867021277 -0.06285382062196732 0.006515725515782833 0.09105181694030762 0.015837816521525383 -0.0004811758699361235 -0.008825828321278095 0.9998355507850647
15.852060867021278 -0.06555405259132385 0.001514765783213079 0.08682719618082047 0.041130438446998596 -0.0012523281620815396 0.018464315682649612 0.9989824295043945
15.902077867021278 -0.0673469752073288 -0.00421903096139431 0.08249589800834656 0.06090967357158661 5.118028639117256e-05 0.043544184416532516 0.9971930980682373
15.952094867021277 -0.07031208276748657 -0.007839873433113098 0.07913422584533691 0.0773186907172203 0.003431253368034959 0.06305737793445587 0.995004415512085
16.002112867021278 -0.07529883086681366 -0.00967499427497387 0.07477941364049911 0.0901229977607727 0.005662708077579737 0.07703384011983871 0.9929308295249939
16.05212986702128 -0.08209364116191864 -0.011083479039371014 0.07107199728488922 0.09951993077993393 0.0056831976398825645 0.08525905758142471 0.9913598895072937
16.10214686702128 -0.08962556719779968 -0.011592723429203033 0.06631146371364594 0.10609062016010284 0.002742632757872343 0.08905227482318878 0.9903570413589478
16.152163867021276 -0.09824597835540771 -0.010886548087000847 0.06266216933727264 0.11037493497133255 -3.670057776616886e-05 0.09140565246343613 0.989677906036377
16.202181867021277 -0.10706446319818497 -0.010499203577637672 0.06039895489811897 0.11242292076349258 -0.0015665787504985929 0.09402274340391159 0.9892008900642395
16.252198867021278 -0.11504899710416794 -0.010268552228808403 0.05634668841958046 0.11241762340068817 -0.00817584153264761 0.10022535920143127 0.9885597825050354
16.30221586702128 -0.11941805481910706 -0.007857249118387699 0.05394836887717247 0.11401146650314331 -0.019197585061192513 0.11191362142562866 0.9869691729545593
16.35223286702128 -0.12226315587759018 -0.007298112381249666 0.052391503006219864 0.11177700757980347 -0.025062205269932747 0.1270793378353119 0.9852556586265564
16.402250867021277 -0.1251787692308426 -0.003777172416448593 0.05399908125400543 0.11017771065235138 -0.02459295466542244 0.1411154568195343 0.9835357069969177
16.452267867021277 -0.12248163670301437 -0.0018844609148800373 0.055960461497306824 0.1025276705622673 -0.021829206496477127 0.1505335122346878 0.983031690120697
16.502284867021277 -0.12291915714740753 0.001916305860504508 0.05839337781071663 0.09709560871124268 -0.016429955139756203 0.1567516028881073 0.9827163815498352
16.552301867021278 -0.11333461105823517 0.0026431039441376925 0.05909699946641922 0.09379205852746964 -0.011633304879069328 0.15925166010856628 0.9827037453651428
16.60231986702128 -0.10561900585889816 0.004143897444009781 0.06016698479652405 0.09393595159053802 0.003318658797070384 0.15991251170635223 0.9826459884643555
16.652336867021276 -0.09717757254838943 0.007915591821074486 0.06226224824786186 0.09463045001029968 0.012889960780739784 0.15372855961322784 0.9834869503974915
16.702353867021277 -0.08938240259885788 0.01063554733991623 0.06558109074831009 0.09329861402511597 0.019421668723225594 0.14467573165893555 0.9848792552947998
16.752370867021277 -0.0821726843714714 0.01095825806260109 0.07021477818489075 0.0882265567779541 0.024640550836920738 0.13175149261951447 0.9870412945747375
16.802387867021277 -0.0741950049996376 0.010719027370214462 0.07413696497678757 0.08314498513936996 0.025148596614599228 0.11802351474761963 0.9892042279243469
16.85240586702128 -0.06604021787643433 0.011304031126201153 0.07889289408922195 0.07953505218029022 0.027715763077139854 0.10099004954099655 0.9913158416748047
16.90242286702128 -0.058166444301605225 0.00853569433093071 0.08325206488370895 0.07375800609588623 0.03178846091032028 0.0870257243514061 0.9929631948471069
16.952439867021276 -0.04861202836036682 0.007683550473302603 0.0865473598241806 0.07475873827934265 0.030485115945339203 0.0743974894285202 0.9939551949501038
17.002456867021277 -0.03953934088349342 0.0030555592384189367 0.08985374867916107 0.0749114602804184 0.029504843056201935 0.06240222603082657 0.9947983622550964
17.052474867021278 -0.03937480226159096 -0.002494493033736944 0.09316879510879517 0.07725302129983902 0.031052375212311745 0.051166146993637085 0.9952134490013123
17.10249186702128 -0.03816100209951401 -0.006324950605630875 0.0952160507440567 0.08320468664169312 0.02521621808409691 0.03865692391991615 0.9954631924629211
17.15250886702128 -0.0402313694357872 -0.01197892241179943 0.09759056568145752 0.08707429468631744 0.021017175167798996 0.02585778199136257 0.9956444501876831
17.20252586702128 -0.044018469750881195 -0.01596539281308651 0.10034485906362534 0.09229272603988647 0.01379290409386158 0.012994552031159401 0.995551586151123
17.252543867021277 -0.04701925814151764 -0.018142325803637505 0.10026532411575317 0.09805095195770264 0.0019261246779933572 0.003318230388686061 0.9951740503311157
17.302560867021278 -0.0544290654361248 -0.01854865625500679 0.10012863576412201 0.10428370535373688 -0.009198437444865704 -0.003802160732448101 0.9944977760314941
17.352577867021278 -0.06293971836566925 -0.01763884536921978 0.10036179423332214 0.10889963060617447 -0.018278583884239197 -0.007819554768502712 0.9938539266586304
17.40259486702128 -0.07119550555944443 -0.013940060511231422 0.10045824944972992 0.11309624463319778 -0.028636788949370384 -0.006965311244130135 0.9931468963623047
17.45261186702128 -0.08109299838542938 -0.00865461677312851 0.10080438107252121 0.11534469574689865 -0.035627447068691254 -0.005403371062129736 0.9926717281341553
17.502629867021277 -0.08907268196344376 -0.0026460527442395687 0.101956307888031 0.11330956965684891 -0.04210973531007767 -0.00013507145922631025 0.992667019367218
17.552646867021277 -0.09577634185552597 0.005726856179535389 0.10205192863941193 0.10914676636457443 -0.04641999304294586 0.006175376940518618 0.9929220080375671
17.602663867021278 -0.10199281573295593 0.012203282676637173 0.10448344796895981 0.09987004846334457 -0.04696642607450485 0.014198540709912777 0.9937900304794312
17.652680867021278 -0.10783012211322784 0.022602524608373642 0.10547082871198654 0.0931781753897667 -0.043771423399448395 0.023079099133610725 0.9944190382957458
17.702698867021276 -0.10831449180841446 0.032387625426054 0.10633795708417892 0.08492141962051392 -0.041023366153240204 0.03191671520471573 0.9950310587882996
17.752715867021276 -0.10774470120668411 0.041608259081840515 0.10626775026321411 0.07508473843336105 -0.03436599299311638 0.04189001023769379 0.9957040548324585
17.802732867021277 -0.10417529940605164 0.05175531655550003 0.10537403076887131 0.06594176590442657 -0.023256126791238785 0.052991755306720734 0.9961439371109009
17.852749867021277 -0.09994205087423325 0.059942830353975296 0.10404236614704132 0.0530390739440918 -0.008585959672927856 0.06316248327493668 0.9965559244155884
17.90276786702128 -0.09563329070806503 0.06572733074426651 0.10169803351163864 0.03983800858259201 0.00820385105907917 0.07098604738712311 0.9966477155685425
17.95278486702128 -0.09130967408418655 0.06973445415496826 0.09807013720273972 0.026832977309823036 0.02550770528614521 0.07710331678390503 0.996335506439209
18.002801867021276 -0.08656527101993561 0.07022034376859665 0.09336802363395691 0.013905344530940056 0.041193149983882904 0.07958990335464478 0.9958791732788086
18.052818867021276 -0.08215329796075821 0.06815497577190399 0.08839567005634308 0.0025162433739751577 0.053318340331315994 0.07917722314596176 0.9954304695129395
18.102836867021278 -0.07944929599761963 0.0633459985256195 0.08385355025529861 -0.006953071802854538 0.06697170436382294 0.07689617574214935 0.9947630167007446
18.15285386702128 -0.07280217111110687 0.053592097014188766 0.07794545590877533 -0.015609394758939743 0.07537975162267685 0.0737682431936264 0.9943000674247742
18.20287086702128 -0.07080607861280441 0.0419480986893177 0.07384384423494339 -0.020220251753926277 0.08038070052862167 0.07015775144100189 0.9940865635871887
18.25288786702128 -0.06710578501224518 0.03197162598371506 0.0706494152545929 -0.022855224087834358 0.08449070155620575 0.06622124463319778 0.9939586520195007
18.302904867021276 -0.0638158842921257 0.02162003703415394 0.06968586146831512 -0.025465892627835274 0.08128674328327179 0.06336411088705063 0.9943485260009766
18.352922867021277 -0.05889720097184181 0.010572833009064198 0.0688701942563057 -0.030729906633496284 0.07350972294807434 0.06174800172448158 0.9949066638946533
18.402939867021278 -0.056118354201316833 -0.0025207470171153545 0.07132305949926376 -0.03702311962842941 0.06266124546527863 0.05745179206132889 0.9956918358802795
18.45295686702128 -0.05345873907208443 -0.01225091703236103 0.07314348965883255 -0.040811944752931595 0.052825767546892166 0.049267031252384186 0.9965524077415466
18.50297386702128 -0.05579126998782158 -0.02109328843653202 0.07666120678186417 -0.037947431206703186 0.04242216423153877 0.03984023258090019 0.9975836277008057
18.552991867021277 -0.05684778094291687 -0.029839178547263145 0.07877809554338455 -0.033632151782512665 0.030745508149266243 0.028448862954974174 0.9985561370849609
18.603008867021277 -0.061028677970170975 -0.03621366620063782 0.08087960630655289 -0.027211546897888184 0.021546093747019768 0.015240773558616638 0.9992812275886536
18.653025867021277 -0.06611032038927078 -0.04096410050988197 0.08305023610591888 -0.02154441550374031 0.011823678389191628 0.002848721807822585 0.9996939897537231
18.703042867021278 -0.07260024547576904 -0.04250103607773781 0.08488082885742188 -0.01580149121582508 0.0038502130191773176 -0.0076221260242164135 0.9998387098312378
18.75306086702128 -0.07832632213830948 -0.04358098655939102 0.0880136489868164 -0.013839238323271275 -0.00837363488972187 -0.015133235603570938 0.9997547268867493
18.803077867021276 -0.08412983268499374 -0.04141872003674507 0.09188637137413025 -0.014828483574092388 -0.016950668767094612 -0.021234380081295967 0.9995208382606506
18.853094867021277 -0.09078292548656464 -0.03841070830821991 0.09674284607172012 -0.019608454778790474 -0.02666063979268074 -0.023822462186217308 0.9991682767868042
18.903111867021277 -0.09518630057573318 -0.03450792655348778 0.10073769092559814 -0.02776365540921688 -0.034442752599716187 -0.02288198657333851 0.9987589120864868
18.953128867021277 -0.09890333563089371 -0.028038371354341507 0.10355225205421448 -0.03544854000210762 -0.042633168399333954 -0.016218092292547226 0.9983299970626831
19.00314686702128 -0.10317985713481903 -0.022779151797294617 0.10660332441329956 -0.044716011732816696 -0.04925239458680153 -0.007868423126637936 0.997753918170929
19.05316386702128 -0.1040257066488266 -0.01377037912607193 0.10609649121761322 -0.050772763788700104 -0.05607575178146362 0.0022663401905447245 0.9971321821212769
19.103180867021276 -0.10287158191204071 -0.00696672685444355 0.10641178488731384 -0.05984975025057793 -0.056085191667079926 0.013284650631248951 0.9965420365333557
19.153197867021277 -0.10130371898412704 0.00033373606856912374 0.10486911237239838 -0.0698234960436821 -0.050526611506938934 0.023774977773427963 0.9959952235221863
19.203215867021278 -0.0968933179974556 0.006081024184823036 0.10190565884113312 -0.0800672248005867 -0.04755080118775368 0.03607318922877312 0.9950010180473328
19.25323286702128 -0.08938541263341904 0.011567434296011925 0.09925244748592377 -0.08981753140687943 -0.03541107848286629 0.046931102871894836 0.9942215085029602
19.30324986702128 -0.08329370617866516 0.014860514551401138 0.0966775193810463 -0.10073129087686539 -0.02133905328810215 0.05657659098505974 0.9930744767189026
19.35326686702128 -0.07333619147539139 0.016393696889281273 0.09323583543300629 -0.11208131164312363 -0.0076640150509774685 0.06310628354549408 0.9916635751724243
19.403284867021277 -0.06585972756147385 0.015977779403328896 0.09128385037183762 -0.1188812255859375 0.00471342820674181 0.06622593104839325 0.9906862378120422
19.453301867021278 -0.057748328894376755 0.014337555505335331 0.09032844752073288 -0.12085215002298355 0.020055830478668213 0.06362895667552948 0.9904261231422424
19.503318867021278 -0.05100245773792267 0.012864919379353523 0.09017623960971832 -0.11559166759252548 0.034944381564855576 0.05780860409140587 0.990997314453125
19.55333586702128 -0.042518291622400284 0.009787513874471188 0.0904860869050026 -0.10891060531139374 0.042572543025016785 0.05354008823633194 0.9916952848434448
19.603353867021276 -0.035839956253767014 0.0046573299914598465 0.09279856830835342 -0.10296427458524704 0.049772024154663086 0.04935091733932495 0.9922125339508057
19.653370867021277 -0.03171136975288391 0.0009238648926839232 0.09605253487825394 -0.09566827118396759 0.053613029420375824 0.046475645154714584 0.9928813576698303
19.703387867021277 -0.02562214620411396 -0.005802060477435589 0.09921900928020477 -0.09205025434494019 0.057675957679748535 0.041592180728912354 0.9932121634483337
19.753404867021278 -0.02089855819940567 -0.007903275080025196 0.10367320477962494 -0.08472739905118942 0.06213752180337906 0.035588547587394714 0.9938278198242188
19.803421867021278 -0.015904556959867477 -0.012402924709022045 0.10887603461742401 -0.08114089071750641 0.06675291806459427 0.03349500149488449 0.9939005374908447
19.853439867021276 -0.014333715662360191 -0.015091150999069214 0.11283112317323685 -0.07598001509904861 0.06957793980836868 0.03381987288594246 0.994103729724884
19.903456867021276 -0.011059864424169064 -0.01863446645438671 0.11858241260051727 -0.07463396340608597 0.0704149678349495 0.0360199436545372 0.9940694570541382
19.953473867021277 -0.010687350295484066 -0.01987273618578911 0.12054649740457535 -0.0711577907204628 0.0701097697019577 0.03596355766057968 0.9943479299545288
20.003490867021277 -0.010291029699146748 -0.021121013909578323 0.12321101129055023 -0.0695267915725708 0.06630658358335495 0.03596556559205055 0.9947240948677063
20.05350886702128 -0.014506403356790543 -0.02047009952366352 0.1245836392045021 -0.0666908323764801 0.05770229175686836 0.0361216776072979 0.995448648929596
20.10352586702128 -0.01917313225567341 -0.018711037933826447 0.1256181299686432 -0.06465748697519302 0.0448637492954731 0.033064886927604675 0.9963500499725342
20.153542867021276 -0.030093640089035034 -0.018775692209601402 0.127494677901268 -0.06799972802400589 0.036203160881996155 0.029710566624999046 0.996585488319397
20.203559867021276 -0.04127845913171768 -0.021030345931649208 0.12869250774383545 -0.07610077410936356 0.02708803117275238 0.026962285861372948 0.9963673949241638
20.253577867021278 -0.052261095494031906 -0.021259313449263573 0.12826769053936005 -0.08200837671756744 0.013681299984455109 0.024957839399576187 0.9962251782417297
20.30359486702128 -0.06342856585979462 -0.020702145993709564 0.12613292038440704 -0.08557182550430298 -0.0027551515959203243 0.022090571001172066 0.9960833191871643
20.35361186702128 -0.07477784901857376 -0.021088190376758575 0.12372273206710815 -0.08786401152610779 -0.02096976898610592 0.020476970821619034 0.9957011938095093
20.40362886702128 -0.08545739203691483 -0.021327095106244087 0.12063179910182953 -0.08757225424051285 -0.040071431547403336 0.019090473651885986 0.9951688647270203
20.453645867021276 -0.09664209187030792 -0.021379826590418816 0.11741170287132263 -0.08641767501831055 -0.055066466331481934 0.019568292424082756 0.9945435523986816
20.503663867021277 -0.10613396018743515 -0.022277506068348885 0.11414998024702072 -0.08351264894008636 -0.07239394634962082 0.021551361307501793 0.9936399459838867
20.553680867021278 -0.11527180671691895 -0.02167964167892933 0.11179973185062408 -0.08056814223527908 -0.08523242175579071 0.023577256128191948 0.9928184151649475
20.60369786702128 -0.12240973860025406 -0.021423105150461197 0.10850711911916733 -0.07530833780765533 -0.09863832592964172 0.02633061632514 0.9919202923774719
20.65371486702128 -0.1286844164133072 -0.02151564136147499 0.1062190979719162 -0.06905126571655273 -0.10119044780731201 0.02171901986002922 0.9922301769256592
20.703732867021277 -0.13070893287658691 -0.022145811468362808 0.1030096784234047 -0.06111147254705429 -0.10505210608243942 0.01666000485420227 0.9924474358558655
20.753749867021277 -0.132636159658432 -0.02600226365029812 0.10152556747198105 -0.056740276515483856 -0.10155414789915085 0.016738269478082657 0.993069589138031
20.803766867021277 -0.12385901808738708 -0.023753153160214424 0.10064837336540222 -0.05069085210561752 -0.10292832553386688 0.020965084433555603 0.9931750893592834
20.853783867021278 -0.11490342766046524 -0.023174291476607323 0.10216239839792252 -0.05022773891687393 -0.09725694358348846 0.028643814846873283 0.993578314781189
20.90380186702128 -0.10531464964151382 -0.02114078216254711 0.10522416979074478 -0.051585860550403595 -0.08422113955020905 0.0354837104678154 0.9944781064987183
20.953818867021276 -0.09324104338884354 -0.01981028914451599 0.10712442547082901 -0.053184326738119125 -0.07210160046815872 0.03906664624810219 0.9952118992805481
21.003835867021277 -0.08378563821315765 -0.017629703506827354 0.1109696626663208 -0.05387945845723152 -0.05277872458100319 0.039257146418094635 0.9963786005973816
21.053852867021277 -0.07206545770168304 -0.01557850744575262 0.11388103663921356 -0.05317265912890434 -0.03742438554763794 0.03600373864173889 0.9972341060638428
21.10387086702128 -0.059861160814762115 -0.014574472792446613 0.11738977581262589 -0.052501313388347626 -0.020339099690318108 0.03123641014099121 0.9979249835014343
21.15388786702128 -0.04789641499519348 -0.013706606812775135 0.1200394332408905 -0.05150992423295975 -0.006409154739230871 0.02687855251133442 0.9982901811599731
21.20390486702128 -0.03718547523021698 -0.01304536871612072 0.12414330244064331 -0.05062403529882431 0.010215440765023232 0.02172158472239971 0.9984292984008789
21.253921867021276 -0.025691930204629898 -0.014377543702721596 0.12774695456027985 -0.05338186025619507 0.025849824771285057 0.017880776897072792 0.9980793595314026
21.303938867021277 -0.015774840489029884 -0.014551930129528046 0.13113678991794586 -0.05405053868889809 0.04159475862979889 0.013678742572665215 0.9975777268409729
21.353956867021278 -0.0068422406911849976 -0.01595320738852024 0.13504540920257568 -0.05657012388110161 0.056183215230703354 0.009161721915006638 0.9967744946479797
21.40397386702128 0.0033935671672225 -0.016733599826693535 0.13727967441082 -0.05848678946495056 0.0640709325671196 0.0069070495665073395 0.9962061047554016
21.45399086702128 0.007517417427152395 -0.018362993374466896 0.13988211750984192 -0.06121361628174782 0.07391295582056046 0.004683955572545528 0.9953732490539551
21.50400786702128 0.008617076091468334 -0.02461359277367592 0.141654372215271 -0.06541537493467331 0.07478272169828415 0.007112628314644098 0.9950265288352966
21.554025867021277 0.011399315670132637 -0.027815835550427437 0.14079755544662476 -0.0639306828379631 0.07065919786691666 0.007105946075171232 0.9954244494438171
21.604042867021278 0.011443487368524075 -0.031713321805000305 0.13831445574760437 -0.06021464988589287 0.06452079117298126 0.00917183980345726 0.9960558414459229
21.654059867021278 0.009821856394410133 -0.03729783743619919 0.1367931365966797 -0.057771045714616776 0.05934090167284012 0.011888779699802399 0.9964938163757324
21.70407686702128 0.003975499887019396 -0.0425061397254467 0.1348191499710083 -0.053484734147787094 0.056404661387205124 0.015274914912879467 0.9968574047088623
21.754094867021276 -0.0017603596206754446 -0.05017266049981117 0.13349241018295288 -0.05071794614195824 0.051597222685813904 0.015866704285144806 0.9972531199455261
21.804111867021277 -0.006816026289016008 -0.058312345296144485 0.13304251432418823 -0.04791263863444328 0.046115338802337646 0.013302335515618324 0.9976977705955505
21.854128867021277 -0.01347392424941063 -0.06508459895849228 0.131381094455719 -0.04474111646413803 0.040144193917512894 0.006306953728199005 0.9981718063354492
21.904145867021278 -0.022721460089087486 -0.06987835466861725 0.12940199673175812 -0.03900153562426567 0.03535035625100136 -0.004036715719848871 0.998605489730835
21.954162867021278 -0.0333508625626564 -0.07362693548202515 0.12687359750270844 -0.030887583270668983 0.025679370388388634 -0.015633007511496544 0.9990706443786621
22.004180867021276 -0.044103071093559265 -0.07744307816028595 0.124307781457901 -0.024672362953424454 0.01774023286998272 -0.027821116149425507 0.9991509914398193
22.054197867021276 -0.05517774820327759 -0.08028916269540787 0.12236232310533524 -0.019844571128487587 0.009849023073911667 -0.037227507680654526 0.9990612268447876
22.104214867021277 -0.06480071693658829 -0.0798589289188385 0.12053225934505463 -0.01578049547970295 0.000953473208937794 -0.04357912018895149 0.998924970626831
22.154231867021277 -0.07432383298873901 -0.07994044572114944 0.1187875047326088 -0.013039004057645798 -0.010214352048933506 -0.04530974105000496 0.9988357424736023
22.20424986702128 -0.08256242424249649 -0.07969607412815094 0.11707159876823425 -0.011311252601444721 -0.018646420910954475 -0.04464440792798996 0.9987648725509644
22.25426686702128 -0.08957856148481369 -0.07724224030971527 0.116378054022789 -0.009566952474415302 -0.02011367492377758 -0.042251430451869965 0.9988588094711304
22.304283867021276 -0.09393312782049179 -0.07307291030883789 0.11409048736095428 -0.00646141218021512 -0.02520260401070118 -0.038438837975263596 0.9989222288131714
22.354300867021276 -0.09818986803293228 -0.06661389023065567 0.1144331693649292 -0.0038957935757935047 -0.02704354003071785 -0.03345063701272011 0.9990668296813965
22.404318867021278 -0.10353337228298187 -0.05549685284495354 0.11624093353748322 0.0007253692019730806 -0.022888097912073135 -0.029497817158699036 0.9993025064468384
22.45433586702128 -0.10383764654397964 -0.04456044360995293 0.11694258451461792 0.0013843615306541324 -0.023583289235830307 -0.02507110685110092 0.9994065165519714
22.50435286702128 -0.10604558140039444 -0.03051816113293171 0.11835534870624542 0.002343319123610854 -0.024364285171031952 -0.020695071667432785 0.9994862079620361
22.55436986702128 -0.10860688984394073 -0.015473994426429272 0.12270668894052505 -0.0005091710481792688 -0.02293795719742775 -0.017024574801325798 0.9995918273925781
22.604387867021277 -0.11133160442113876 0.0006937771686352789 0.12646697461605072 -0.004010139964520931 -0.021222161129117012 -0.016259850934147835 0.9996345043182373
22.654404867021277 -0.11324702203273773 0.016177544370293617 0.1306159645318985 -0.011263200081884861 -0.016017742455005646 -0.017740175127983093 0.9996508955955505
22.704421867021278 -0.11369454860687256 0.030777284875512123 0.13536007702350616 -0.022020775824785233 -0.014629699289798737 -0.018292538821697235 0.9994831085205078
22.75443886702128 -0.11264242231845856 0.04482967406511307 0.1396731585264206 -0.03459829092025757 -0.01361189503222704 -0.017781833186745644 0.9991503953933716
22.80445586702128 -0.11203032732009888 0.05750877410173416 0.1444178968667984 -0.050903815776109695 -0.01062121894210577 -0.012838819995522499 0.998564600944519
22.854473867021277 -0.10917741060256958 0.06834283471107483 0.1471298635005951 -0.06574830412864685 -0.01213402021676302 -0.00552081735804677 0.9977472424507141
22.904490867021277 -0.10781005769968033 0.0768553838133812 0.1501927375793457 -0.0797821432352066 -0.010637903586030006 0.001688790158368647 0.9967541098594666
22.954507867021277 -0.10652202367782593 0.0818101093173027 0.15191003680229187 -0.08765026181936264 -0.007275722920894623 0.007983854040503502 0.9960927963256836
23.004524867021278 -0.10288025438785553 0.08350086212158203 0.15131939947605133 -0.09069918096065521 -0.005653919652104378 0.012693197466433048 0.995781421661377
23.05454286702128 -0.10434173792600632 0.08037629723548889 0.1514098048210144 -0.08968214690685272 0.0019293540390208364 0.015495610423386097 0.9958480596542358
23.104559867021276 -0.10583117604255676 0.07334514707326889 0.1484387069940567 -0.08896931260824203 0.004257544409483671 0.02087390050292015 0.9958065152168274
23.154576867021277 -0.10517805069684982 0.06290176510810852 0.14539439976215363 -0.08605599403381348 0.007990495301783085 0.021149592474102974 0.996033787727356
23.204593867021277 -0.10176663100719452 0.04980236291885376 0.14229968190193176 -0.08324307203292847 0.008190604858100414 0.022181984037160873 0.9962487816810608
23.25461186702128 -0.10092843323945999 0.03440108522772789 0.13810540735721588 -0.08093999326229095 0.010035519488155842 0.020634859800338745 0.9964548945426941
23.30462886702128 -0.10267875343561172 0.01752603054046631 0.13519059121608734 -0.08002758026123047 0.01815822906792164 0.019513742998242378 0.9964361786842346
23.35464586702128 -0.09921029210090637 0.0011921378318220377 0.13127097487449646 -0.0776558667421341 0.0244518481194973 0.014609876088798046 0.996573269367218
23.404662867021276 -0.09811079502105713 -0.01587243378162384 0.1294969767332077 -0.07377719134092331 0.0358210988342762 0.010698390193283558 0.996573805809021
23.454679867021277 -0.09799867868423462 -0.031038852408528328 0.12771041691303253 -0.0693107396364212 0.04297555238008499 0.00779019994661212 0.9966385960578918
23.504697867021278 -0.09812680631875992 -0.045313697308301926 0.12710201740264893 -0.06386037915945053 0.04712379351258278 0.005720735061913729 0.9968292713165283
23.55471486702128 -0.0957740768790245 -0.05674281343817711 0.12678340077400208 -0.0599067248404026 0.04602467268705368 0.006360841449350119 0.9971221089363098
23.60473186702128 -0.09556303173303604 -0.0670454204082489 0.12734375894069672 -0.05746206268668175 0.04863783344626427 0.005001966841518879 0.9971497058868408
23.654748867021276 -0.09521009773015976 -0.07393915951251984 0.12986096739768982 -0.05458289012312889 0.05094769969582558 0.0036017121747136116 0.9972021579742432
23.704766867021277 -0.0949426144361496 -0.07621178030967712 0.13314758241176605 -0.04770046845078468 0.05546535179018974 0.002159789204597473 0.9973182678222656
23.754783867021278 -0.09495226293802261 -0.07696006447076797 0.13654381036758423 -0.04050159454345703 0.05915123596787453 -0.0005978102562949061 0.9974269270896912
23.804800867021278 -0.09574297070503235 -0.07576160877943039 0.13998596370220184 -0.034979041665792465 0.05820444971323013 -0.00369255687110126 0.9976848363876343
23.85481786702128 -0.09640519320964813 -0.0650918185710907 0.14413367211818695 -0.02563946321606636 0.05397016555070877 -0.0049339295364916325 0.9982011914253235
23.904835867021276 -0.09737549722194672 -0.05705318599939346 0.14735975861549377 -0.022696739062666893 0.049310795962810516 -0.00536303361877799 0.9985111951828003
23.954852867021277 -0.09887226670980453 -0.0447053425014019 0.15061035752296448 -0.01855824515223503 0.04897086322307587 -0.006250560749322176 0.9986082911491394
24.004869867021277 -0.09976233541965485 -0.029660603031516075 0.15444490313529968 -0.01670028269290924 0.051647599786520004 -0.00582777289673686 0.9985087513923645
24.054886867021278 -0.10058622062206268 -0.013167571276426315 0.15766364336013794 -0.01583804190158844 0.052650079131126404 -0.0076721892692148685 0.9984579682350159
24.10490486702128 -0.10310856997966766 0.0029957725200802088 0.1614075005054474 -0.018995992839336395 0.055108603090047836 -0.008724521845579147 0.998261570930481
24.154921867021276 -0.10498072952032089 0.018111776560544968 0.16331540048122406 -0.022357206791639328 0.053555238991975784 -0.007070460356771946 0.9982895851135254
24.204938867021276 -0.10467913001775742 0.03200787305831909 0.16490843892097473 -0.026668017730116844 0.048826705664396286 -0.0046647656708955765 0.9984403252601624
24.254955867021277 -0.1052507609128952 0.04315575212240219 0.16641651093959808 -0.036754097789525986 0.04650462791323662 0.0005412638420239091 0.9982416033744812
24.304972867021277 -0.10427571833133698 0.05341561883687973 0.1688835471868515 -0.04841532185673714 0.04542987048625946 0.007447462063282728 0.9977657794952393
24.35499086702128 -0.09976764768362045 0.06082826107740402 0.16914956271648407 -0.06273752450942993 0.04613430052995682 0.01833987608551979 0.996794581413269
24.40500786702128 -0.09702642261981964 0.06569629907608032 0.17021740972995758 -0.07425575703382492 0.05476296693086624 0.02716856263577938 0.995363712310791
24.455024867021276 -0.09184964746236801 0.06801412254571915 0.16684392094612122 -0.08200672268867493 0.057172976434230804 0.035731587558984756 0.9943487644195557
24.505041867021276 -0.09110649675130844 0.0656876266002655 0.16553008556365967 -0.08696100115776062 0.06259609758853912 0.04294053092598915 0.9933154582977295
24.555059867021278 -0.08725900202989578 0.06220955401659012 0.16135115921497345 -0.08479660004377365 0.063337042927742 0.04860067740082741 0.9931948184967041
24.60507686702128 -0.08814998716115952 0.05303172394633293 0.15928331017494202 -0.08250927925109863 0.0656912699341774 0.04548661410808563 0.9933820366859436
24.65509386702128 -0.08894219994544983 0.04286857321858406 0.1558687537908554 -0.07247964292764664 0.06787136197090149 0.0385957807302475 0.99430912733078
24.70511086702128 -0.09263475984334946 0.03223034366965294 0.15220962464809418 -0.05826427415013313 0.06790153682231903 0.029016245156526566 0.9955665469169617
24.755128867021277 -0.0996210128068924 0.02279074490070343 0.14904627203941345 -0.040219370275735855 0.06343134492635727 0.018749544396996498 0.996999204158783
24.805145867021277 -0.10633181780576706 0.013165171258151531 0.14527828991413116 -0.023631393909454346 0.049615807831287384 0.008817118592560291 0.9984498620033264
24.855162867021278 -0.11672127991914749 0.005487755872309208 0.1432662010192871 -0.010793066583573818 0.03279556706547737 -0.0033913205843418837 0.9993981122970581
24.90517986702128 -0.12759965658187866 0.0004539090732578188 0.14117752015590668 -0.0012944955378770828 0.014323924668133259 -0.013697276823222637 0.9998027682304382
24.95519686702128 -0.13882192969322205 -0.0030802879482507706 0.14026634395122528 0.004253454972058535 -0.005591508932411671 -0.02253548800945282 0.9997214078903198
25.005214867021277 -0.1489880383014679 -0.004248492885380983 0.139003187417984 0.008514502085745335 -0.02395208366215229 -0.02710852026939392 0.9993093013763428
25.055231867021277 -0.15829631686210632 -0.006708281114697456 0.1378772109746933 0.008390776813030243 -0.041528113186359406 -0.029232123866677284 0.9986743927001953
25.105248867021277 -0.1633845418691635 -0.008345799520611763 0.1373506486415863 0.0076442682184278965 -0.05449767783284187 -0.02843647450208664 0.9980795979499817
25.155265867021278 -0.168556347489357 -0.007664876524358988 0.13691183924674988 0.00927050318568945 -0.06272345781326294 -0.024730149656534195 0.9976814389228821
25.20528386702128 -0.16759544610977173 -0.007070216815918684 0.13565212488174438 0.01083285827189684 -0.06762000918388367 -0.017090056091547012 0.9975060224533081
25.255300867021276 -0.16612522304058075 -0.008174569346010685 0.13479182124137878 0.0073615736328065395 -0.06397974491119385 -0.009842964820563793 0.9978755116462708
25.305317867021277 -0.15940219163894653 -0.0056366208009421825 0.13583025336265564 0.004284958820790052 -0.05678536370396614 -0.003306000493466854 0.9983717799186707
25.355334867021277 -0.15165413916110992 -0.0016943066148087382 0.1373768448829651 -0.0006698567303828895 -0.045825157314538956 0.002432583598420024 0.9989463090896606
25.40535286702128 -0.144121915102005 0.0006073071272112429 0.13925345242023468 -0.01037606131285429 -0.032813090831041336 0.0038921928498893976 0.9994001388549805
25.45536986702128 -0.133896142244339 0.0028308520559221506 0.1416063904762268 -0.022727904841303825 -0.016829995438456535 0.004118915181607008 0.9995915293693542
25.505386867021276 -0.12243398278951645 0.006102045066654682 0.1443541944026947 -0.03486151620745659 0.0005041566910222173 0.0035797019954770803 0.9993856549263
25.555403867021276 -0.11028627306222916 0.008861452341079712 0.14770527184009552 -0.04693539813160896 0.021073751151561737 0.0027587702497839928 0.9986717700958252
25.605421867021278 -0.09569448977708817 0.013090810738503933 0.14953303337097168 -0.05543584004044533 0.03931712359189987 0.0036539225839078426 0.997681200504303
25.655438867021278 -0.0816475972533226 0.015105905011296272 0.15270449221134186 -0.06501929461956024 0.059580471366643906 0.00776187377050519 0.9960735440254211
25.70545586702128 -0.06689408421516418 0.01741553470492363 0.15548613667488098 -0.07178423553705215 0.07806561142206192 0.014652539044618607 0.9942525625228882
25.75547286702128 -0.05317698046565056 0.017398694530129433 0.1579209417104721 -0.07706655561923981 0.09560780227184296 0.02316907048225403 0.9921608567237854
25.805489867021276 -0.03908461704850197 0.016526665538549423 0.1599486619234085 -0.08061667531728745 0.11129283905029297 0.029491892084479332 0.9900733232498169
25.855507867021277 -0.029023893177509308 0.016624815762043 0.16154518723487854 -0.0811455026268959 0.12846718728542328 0.033607762306928635 0.9878168702125549
25.905524867021278 -0.01966268941760063 0.01439689937978983 0.16262851655483246 -0.08052661269903183 0.14194947481155396 0.036883506923913956 0.9859033823013306
25.955541867021278 -0.013525881804525852 0.01025469321757555 0.16316640377044678 -0.0801520124077797 0.15109486877918243 0.03886133432388306 0.9844977259635925
26.00555886702128 -0.007672377862036228 0.003714769147336483 0.1635724902153015 -0.07896751165390015 0.15648852288722992 0.04085509106516838 0.9836698770523071
26.055576867021276 -0.007616594433784485 -0.005244449246674776 0.16467978060245514 -0.07754936814308167 0.16024574637413025 0.04385608434677124 0.9830483794212341
26.105593867021277 -0.005912057589739561 -0.013965250924229622 0.16399329900741577 -0.07557623088359833 0.16193774342536926 0.04609457030892372 0.9828223586082458
26.155610867021277 -0.008957535028457642 -0.023966863751411438 0.16250373423099518 -0.07404019683599472 0.16307583451271057 0.04606876149773598 0.98275226354599
26.205627867021278 -0.010772619396448135 -0.03394737094640732 0.16267628967761993 -0.07330971211194992 0.16584426164627075 0.04723181203007698 0.9822884798049927
26.25564586702128 -0.0149844940751791 -0.0447547473013401 0.16263702511787415 -0.0743119940161705 0.17030715942382812 0.04459172859787941 0.9815726280212402
26.305662867021276 -0.01937563717365265 -0.05388880893588066 0.16057200729846954 -0.07457882165908813 0.1681576371192932 0.04122617840766907 0.9820699691772461
26.355679867021276 -0.0252724289894104 -0.0633193701505661 0.15872354805469513 -0.07295478135347366 0.1611657738685608 0.03438838571310043 0.9836263060569763
26.405696867021277 -0.0344681479036808 -0.06897322833538055 0.15730296075344086 -0.06651581078767776 0.1519535630941391 0.02703409269452095 0.9857763648033142
26.455713867021277 -0.04461686313152313 -0.07481604814529419 0.15940162539482117 -0.060653649270534515 0.14562934637069702 0.018190018832683563 0.9873107075691223
26.50573186702128 -0.0545819029211998 -0.07774869352579117 0.15945126116275787 -0.05100693553686142 0.13738292455673218 0.010474455542862415 0.9891484379768372
26.55574886702128 -0.06471773982048035 -0.07913485169410706 0.1624925136566162 -0.042916376143693924 0.12976397573947906 0.006226970814168453 0.9905961155891418
26.605765867021276 -0.07277312129735947 -0.08082989603281021 0.16579023003578186 -0.03743269294500351 0.12204563617706299 0.007314445450901985 0.9917914271354675
26.655782867021276 -0.0810493603348732 -0.08211908489465714 0.1701434701681137 -0.03232939541339874 0.11737054586410522 0.012367406859993935 0.9924847483634949
26.705800867021278 -0.08630603551864624 -0.08328145742416382 0.17528994381427765 -0.027260251343250275 0.11223822087049484 0.020736750215291977 0.9930908679962158
26.75581786702128 -0.093545101583004 -0.08308003842830658 0.18090422451496124 -0.021605920046567917 0.10744618624448776 0.029542338103055954 0.9935370087623596
26.80583486702128 -0.0976678654551506 -0.0837622880935669 0.18678918480873108 -0.017508624121546745 0.10349775105714798 0.038909416645765305 0.9937140941619873
26.85585186702128 -0.10231193155050278 -0.08418987691402435 0.19134727120399475 -0.011455772444605827 0.09721812605857849 0.047699395567178726 0.9940534234046936
26.905869867021277 -0.10715467482805252 -0.08417630195617676 0.19654740393161774 -0.006802835501730442 0.096530981361866 0.055251237004995346 0.993772029876709
26.955886867021277 -0.11194000393152237 -0.08502194285392761 0.20117910206317902 -0.0037418496794998646 0.09145095944404602 0.057895731180906296 0.9941181540489197
27.005903867021278 -0.11761564016342163 -0.08313257992267609 0.2044009268283844 0.0012250141007825732 0.08789137750864029 0.059045031666755676 0.9943779110908508
27.05592086702128 -0.12232530117034912 -0.08203984051942825 0.20767265558242798 0.0015719683142378926 0.08299373835325241 0.05719770863652229 0.9949060678482056
27.105938867021276 -0.12680529057979584 -0.0805974006652832 0.20859356224536896 0.0013227862073108554 0.0688464343547821 0.05592009425163269 0.9960579872131348
27.155955867021277 -0.13134175539016724 -0.07727684080600739 0.20853976905345917 0.0022972342558205128 0.05891531705856323 0.05282335355877876 0.9968617558479309
27.205972867021277 -0.13551950454711914 -0.07424241304397583 0.20661507546901703 0.0009291612659581006 0.05056765303015709 0.04682076349854469 0.9976221323013306
27.255989867021277 -0.13736766576766968 -0.07234913110733032 0.2018395960330963 -0.0017942830454558134 0.0444863960146904 0.03931869938969612 0.9982343316078186
27.306006867021278 -0.13884876668453217 -0.0678260326385498 0.1976073831319809 -0.001552817178890109 0.040269505232572556 0.03327025845646858 0.9986336827278137
27.356024867021276 -0.1388329714536667 -0.06230589747428894 0.19122232496738434 -0.00044714781688526273 0.038230493664741516 0.03003542497754097 0.9988173842430115
27.406041867021276 -0.13832475244998932 -0.055425092577934265 0.1836235225200653 0.0024611803237348795 0.04206639528274536 0.0294045303016901 0.9986790418624878
27.456058867021277 -0.13520795106887817 -0.05134214088320732 0.17412547767162323 0.0009860238060355186 0.04315921664237976 0.028829406946897507 0.9986516833305359
27.506075867021277 -0.13134059309959412 -0.04660755395889282 0.16313576698303223 0.0002251204859931022 0.0456789955496788 0.029273929074406624 0.9985271692276001
27.55609386702128 -0.1269133985042572 -0.042635463178157806 0.15212948620319366 -0.0018215239979326725 0.04676760360598564 0.030210301280021667 0.9984472393989563
27.60611086702128 -0.12188627570867538 -0.038134463131427765 0.1374894380569458 -0.0018568572122603655 0.04939321428537369 0.02998102270066738 0.9983276128768921
27.656127867021276 -0.11821059882640839 -0.03340757265686989 0.12554220855236053 -0.0002053089701803401 0.05390923097729683 0.029288342222571373 0.9981162548065186
27.706144867021276 -0.1141357347369194 -0.029631948098540306 0.11075598001480103 0.000527940399479121 0.05637769401073456 0.02685251645743847 0.9980482459068298
27.756162867021278 -0.1091088354587555 -0.02539021708071232 0.09502961486577988 0.0007632701308466494 0.059958916157484055 0.023968013003468513 0.9979127645492554
27.806179867021278 -0.10355214774608612 -0.022855529561638832 0.08034275472164154 -0.002337177051231265 0.06968573480844498 0.022994136437773705 0.9973012208938599
27.85619686702128 -0.09847331047058105 -0.020332299172878265 0.06657428294420242 -0.0043706707656383514 0.08231010288000107 0.021900419145822525 0.9963565468788147
27.90621386702128 -0.0941697210073471 -0.019488424062728882 0.05407096818089485 -0.0077491081319749355 0.09484159201383591 0.02227216400206089 0.9952130913734436
27.956230867021276 -0.08853944391012192 -0.018057169392704964 0.042609866708517075 -0.010121740400791168 0.10923413187265396 0.02417851984500885 0.9936704039573669
28.006248867021277 -0.08146347105503082 -0.01711367815732956 0.03182777017354965 -0.012712342664599419 0.12405284494161606 0.028041748329997063 0.9917978644371033
28.056265867021278 -0.07468698173761368 -0.01743033342063427 0.021949373185634613 -0.015391693450510502 0.13795997202396393 0.03330112621188164 0.9897581934928894
28.106282867021278 -0.0710974782705307 -0.01751682162284851 0.015673775225877762 -0.017034253105521202 0.15474478900432587 0.03979693353176117 0.9870056509971619
28.15629986702128 -0.06175313889980316 -0.01892518810927868 0.006705595180392265 -0.017375605180859566 0.1650213599205017 0.04662498086690903 0.9850341081619263
28.206317867021276 -0.060107436031103134 -0.01969153806567192 0.0008102065185084939 -0.015305297449231148 0.18268926441669464 0.053840845823287964 0.9815760850906372
28.256334867021277 -0.05966680869460106 -0.023434842005372047 -0.00310269882902503 -0.013811418786644936 0.1963723748922348 0.0606839582324028 0.9785522818565369
28.306351867021277 -0.06040951982140541 -0.02888919785618782 -0.005532210227102041 -0.012772571295499802 0.2040034532546997 0.06408875435590744 0.9767866730690002
28.356368867021278 -0.06238953024148941 -0.03398764133453369 -0.007337711751461029 -0.009670030325651169 0.20162804424762726 0.06226028501987457 0.9774335622787476
28.40638686702128 -0.06514336913824081 -0.0374864898622036 -0.011797362007200718 -0.006565536372363567 0.1915397346019745 0.0563456155359745 0.9798442125320435
28.456403867021276 -0.0735991895198822 -0.03980635106563568 -0.014857937581837177 -0.002257571555674076 0.180099755525589 0.047978512942790985 0.9824749827384949
28.506420867021276 -0.08667955547571182 -0.04056667536497116 -0.01363759022206068 0.0025980034843087196 0.1682353913784027 0.04001303017139435 0.9849309921264648
28.556437867021277 -0.0997319370508194 -0.04246099665760994 -0.013037970289587975 0.005711476784199476 0.1511789858341217 0.032112158834934235 0.9879681468009949
28.60645586702128 -0.11363229155540466 -0.0440521165728569 -0.010584100149571896 0.007547071203589439 0.12921252846717834 0.02701614238321781 0.9912201762199402
28.65647286702128 -0.12462743371725082 -0.043239135295152664 -0.010314208455383778 0.00787828117609024 0.11257291585206985 0.024506010115146637 0.9933100342750549
28.70648986702128 -0.13414797186851501 -0.041092049330472946 -0.00980572309345007 0.007744178641587496 0.09537329524755478 0.025640713050961494 0.9950812458992004
28.756506867021276 -0.14267034828662872 -0.03849933296442032 -0.009114347398281097 0.005664680153131485 0.08352100104093552 0.028551511466503143 0.9960808157920837
28.806523867021276 -0.14964129030704498 -0.034787412732839584 -0.009744908660650253 0.004626811947673559 0.07160063087940216 0.03354734554886818 0.9968583583831787
28.856541867021278 -0.1566920429468155 -0.029107172042131424 -0.01166010182350874 0.0028897393494844437 0.0631324052810669 0.03793865814805031 0.9972796440124512
28.90655886702128 -0.16101334989070892 -0.023660872131586075 -0.01383585762232542 0.0009576466400176287 0.05781363695859909 0.0439722016453743 0.9973580837249756
28.95657586702128 -0.16210687160491943 -0.017206747084856033 -0.017479024827480316 -0.0016567081911489367 0.051194414496421814 0.050645891577005386 0.9974023699760437
29.00659286702128 -0.16721998155117035 -0.013321434147655964 -0.020877555012702942 -0.006498095579445362 0.05469685047864914 0.0559549555182457 0.9969127774238586
29.056610867021277 -0.1650448590517044 -0.006159816402941942 -0.025828612968325615 -0.00906782690435648 0.05386529490351677 0.061798758804798126 0.9965928196907043
29.106627867021277 -0.16406063735485077 3.3645337680354714e-05 -0.03062669187784195 -0.01447475515305996 0.060847606509923935 0.0657154843211174 0.9958762526512146
29.156644867021278 -0.15790633857250214 0.005514227785170078 -0.03447800874710083 -0.021442195400595665 0.06930534541606903 0.0709393322467804 0.9948390126228333
29.20666186702128 -0.151889368891716 0.009379326365888119 -0.03994681313633919 -0.028888527303934097 0.07952989637851715 0.0755455270409584 0.9935458302497864
29.256679867021276 -0.1466134935617447 0.011257647536695004 -0.04391556978225708 -0.03343133628368378 0.08855487406253815 0.07836736738681793 0.9924207925796509
29.306696867021277 -0.14063645899295807 0.012945454567670822 -0.047738589346408844 -0.03693024814128876 0.09957657754421234 0.08084554225206375 0.9910523295402527
29.356713867021277 -0.13539455831050873 0.011912944726645947 -0.0507795549929142 -0.03848674148321152 0.11230894178152084 0.08105417340993881 0.9896138906478882
29.406730867021277 -0.1296941488981247 0.011909440159797668 -0.05398011952638626 -0.036245498806238174 0.12376610934734344 0.07937676459550858 0.988467276096344
29.456747867021278 -0.1263609677553177 0.006622185930609703 -0.05690472200512886 -0.03268957883119583 0.1334580034017563 0.07491351664066315 0.9876782894134521
29.506765867021276 -0.12266501039266586 -5.674792919307947e-05 -0.05810268595814705 -0.026514263823628426 0.13765420019626617 0.0704960897564888 0.9876126050949097
29.556782867021276 -0.12335732579231262 -0.0043195923790335655 -0.059717390686273575 -0.016963250935077667 0.13903912901878357 0.06385477632284164 0.9880804419517517
29.606799867021277 -0.126226007938385 -0.012172802351415157 -0.058589257299900055 -0.009252303279936314 0.1392074078321457 0.05534357950091362 0.9886723160743713
29.656816867021277 -0.1299794465303421 -0.015105768106877804 -0.05673205479979515 0.001386596355587244 0.1327517181634903 0.04707428812980652 0.9900298714637756
29.70683486702128 -0.1365823745727539 -0.02267385646700859 -0.054615531116724014 0.008252231404185295 0.12121134251356125 0.03692866861820221 0.9919052124023438
29.75685186702128 -0.14438499510288239 -0.02754463069140911 -0.05072169378399849 0.015458730980753899 0.10384551435709 0.028403304517269135 0.9940676093101501
29.806868867021276 -0.15306268632411957 -0.03193708881735802 -0.045682474970817566 0.0211021825671196 0.08414041996002197 0.021177683025598526 0.9960053563117981
29.856885867021276 -0.1619548350572586 -0.0370076559484005 -0.03918951377272606 0.023229222744703293 0.06488832086324692 0.01512107066810131 0.9975075721740723
29.906903867021278 -0.16928869485855103 -0.03899935632944107 -0.03388616815209389 0.025239547714591026 0.04413182660937309 0.010912712663412094 0.9986472129821777
29.956920867021278 -0.1765117645263672 -0.04006306827068329 -0.028550520539283752 0.025468043982982635 0.030787799507379532 0.00822688639163971 0.9991675615310669
30.00693786702128 -0.18267928063869476 -0.0406455472111702 -0.02405853569507599 0.024879902601242065 0.01953384093940258 0.007809421978890896 0.9994691610336304
30.05695486702128 -0.18843437731266022 -0.03775426745414734 -0.020745746791362762 0.02536759525537491 0.013581959530711174 0.010251523926854134 0.9995334148406982
30.106972867021277 -0.19192728400230408 -0.03754312917590141 -0.01877753809094429 0.023008031770586967 0.007721339352428913 0.014857824891805649 0.999595046043396
30.156989867021277 -0.19574305415153503 -0.03594972938299179 -0.016546837985515594 0.020052701234817505 0.009945803321897984 0.020855193957686424 0.9995319843292236
30.207006867021278 -0.19350352883338928 -0.031186122447252274 -0.018807198852300644 0.01981423608958721 0.01289980299770832 0.028791839256882668 0.9993058443069458
30.257023867021278 -0.19067957997322083 -0.028047023341059685 -0.01964840292930603 0.016618965193629265 0.017138240858912468 0.037376657128334045 0.9990161061286926
30.30704086702128 -0.1836596429347992 -0.02280094102025032 -0.021818378940224648 0.015552965924143791 0.019184459000825882 0.04377271234989166 0.9987362623214722
30.357058867021276 -0.17437255382537842 -0.022181738168001175 -0.02166799083352089 0.010571545921266079 0.022729551419615746 0.04725051671266556 0.9985685348510742
30.407075867021277 -0.1660175770521164 -0.017571549862623215 -0.02278500609099865 0.007936161011457443 0.029988432303071022 0.048233676701784134 0.9983542561531067
30.457092867021277 -0.15400497615337372 -0.014276877976953983 -0.024786164984107018 0.004070720169693232 0.035424403846263885 0.04607784375548363 0.9983012676239014
30.507109867021278 -0.1446501910686493 -0.008821798488497734 -0.0257027018815279 0.002622918225824833 0.044474054127931595 0.04185422509908676 0.9981300234794617
30.55712786702128 -0.1332884281873703 -0.005738320294767618 -0.027183866128325462 0.0007183258421719074 0.04719190299510956 0.038594041019678116 0.9981397390365601
30.607144867021276 -0.12102141231298447 -0.002864249050617218 -0.029907986521720886 -0.00019324295863043517 0.05087059363722801 0.033690597862005234 0.9981368184089661
30.657161867021276 -0.10667367279529572 -0.0015725056873634458 -0.03270840272307396 -0.0008855648338794708 0.05655009672045708 0.02966056391596794 0.9979587197303772
30.707178867021277 -0.09524568915367126 0.0005116565153002739 -0.03555633872747421 0.00042437773663550615 0.07015740871429443 0.025916630402207375 0.9971991181373596
30.75719686702128 -0.08331150561571121 0.0008715461590327322 -0.03753861039876938 0.0008393389289267361 0.08504618704319 0.024756306782364845 0.996069073677063
30.80721386702128 -0.07195326685905457 0.002488344209268689 -0.04027281701564789 0.0017573654185980558 0.09908726066350937 0.02386373095214367 0.9947910308837891
30.85723086702128 -0.06209247559309006 0.002511512255296111 -0.0418788306415081 0.0030477179680019617 0.11469781398773193 0.023721499368548393 0.9931125044822693
30.907247867021276 -0.05421428754925728 0.003427427727729082 -0.042697224766016006 0.0037858150899410248 0.13206927478313446 0.02419999986886978 0.9909378886222839
30.957264867021276 -0.04692848399281502 0.0041970619931817055 -0.04361434280872345 0.004371457267552614 0.14771518111228943 0.024767542257905006 0.9887101054191589
31.007282867021278 -0.04253309220075607 0.0027266826946288347 -0.04407753795385361 0.002214010339230299 0.15673743188381195 0.027649955824017525 0.9872507452964783
31.05729986702128 -0.04156436026096344 -0.0012419144622981548 -0.03982636705040932 -0.0029722568579018116 0.16007976233959198 0.028779136016964912 0.9866800308227539
31.10731686702128 -0.04630238190293312 0.001712156692519784 -0.04134269431233406 -0.0016702114371582866 0.1560739278793335 0.02882436104118824 0.9873233437538147
31.15733386702128 -0.053745441138744354 0.0028394220862537622 -0.04065021127462387 0.0010605552233755589 0.15089496970176697 0.027119416743516922 0.9881771802902222
31.207351867021277 -0.06468452513217926 0.0027409351896494627 -0.04020041227340698 0.0030011781491339207 0.14513859152793884 0.023462751880288124 0.989128589630127
31.257368867021277 -0.07552605867385864 0.001014987239614129 -0.040000464767217636 0.004560480359941721 0.13065221905708313 0.02185206674039364 0.991176962852478
31.307385867021278 -0.08977805078029633 0.0003316356451250613 -0.03642282634973526 0.005839241202920675 0.12033329159021378 0.021478373557329178 0.9924840331077576
31.35740286702128 -0.10377157479524612 -0.0008277855813503265 -0.034555647522211075 0.005717211402952671 0.10927470028400421 0.022799311205744743 0.9937337040901184
31.407420867021276 -0.11846670508384705 -0.0012264118995517492 -0.032718487083911896 0.005257183685898781 0.09391025453805923 0.024280676618218422 0.9952706694602966
31.457437867021277 -0.1310950368642807 -0.0009529233793728054 -0.03065084107220173 0.005572060588747263 0.07960817962884903 0.028694376349449158 0.9963976144790649
31.507454867021277 -0.14569850265979767 -0.0018915451364591718 -0.027706634253263474 0.0033407032024115324 0.0630321353673935 0.03333868831396103 0.9974489808082581
31.557471867021277 -0.15774409472942352 5.494485958479345e-05 -0.027090108022093773 0.0029784059152007103 0.04616778343915939 0.03769075870513916 0.9982179999351501
31.60748986702128 -0.1701759546995163 0.001825572457164526 -0.02379642240703106 0.001618053880520165 0.030010927468538284 0.04126843810081482 0.9986960291862488
31.657506867021276 -0.18200930953025818 0.003542914055287838 -0.021954866126179695 0.00012186762614874169 0.014147729612886906 0.043992284685373306 0.9989317059516907
31.707523867021276 -0.19197699427604675 0.0019786267075687647 -0.019632384181022644 -0.003775886259973049 -0.0015985782956704497 0.04705129563808441 0.9988840818405151
31.757540867021277 -0.20023031532764435 0.005245286505669355 -0.01956445351243019 -0.004711411893367767 -0.0194084569811821 0.04843712970614433 0.9986265301704407
31.807557867021277 -0.20707514882087708 0.0063613285310566425 -0.017576562240719795 -0.00785624235868454 -0.030834030359983444 0.048961251974105835 0.9982937574386597
31.85757586702128 -0.2125590443611145 0.0051721977069973946 -0.016140799969434738 -0.01211297046393156 -0.04046710208058357 0.049170952290296555 0.9978967905044556
31.90759286702128 -0.21412146091461182 0.009039567783474922 -0.01632498763501644 -0.011021221987903118 -0.04795411601662636 0.048084694892168045 0.9976305961608887
31.957609867021276 -0.2112044245004654 0.0024791411124169827 -0.010611824691295624 -0.014976073987782001 -0.05065041407942772 0.04964275285601616 0.9973695278167725
32.00762686702128 -0.2107611447572708 0.005147291347384453 -0.013538343831896782 -0.011782911606132984 -0.04639730229973793 0.047147125005722046 0.9977403283119202
32.057644867021274 -0.1991962492465973 0.006481200456619263 -0.01734161376953125 -0.008302002213895321 -0.04775925353169441 0.047802262008190155 0.9976798892021179
32.10766186702128 -0.18869002163410187 0.008461320772767067 -0.01688884012401104 -0.005402449518442154 -0.041359253227710724 0.04623722285032272 0.9980592727661133
32.157678867021275 -0.17361454665660858 0.008708319626748562 -0.017243707552552223 -0.005663520190864801 -0.030498314648866653 0.045763418078422546 0.9984706044197083
32.20769586702128 -0.15944795310497284 0.01189422607421875 -0.01739700883626938 -0.0064544896595180035 -0.01654166541993618 0.04771750420331955 0.9987030625343323
32.25771386702128 -0.14273089170455933 0.013263016939163208 -0.018387632444500923 -0.00994874257594347 -0.005918465554714203 0.05029792711138725 0.9986671805381775
32.30773086702128 -0.12778550386428833 0.013304607011377811 -0.019858120009303093 -0.014348323456943035 0.006568515673279762 0.05389034375548363 0.9984221458435059
32.357747867021274 -0.11207715421915054 0.01315334066748619 -0.02080843411386013 -0.01848982460796833 0.014111374504864216 0.05534350126981735 0.9981964826583862
32.40776486702128 -0.09795171022415161 0.012147990055382252 -0.02291128598153591 -0.021685631945729256 0.024359291419386864 0.05657076835632324 0.9978658556938171
32.457781867021275 -0.08612988889217377 0.011210382916033268 -0.023815494030714035 -0.02109120413661003 0.03301761671900749 0.057035528123378754 0.9976031184196472
32.507799867021276 -0.07688898593187332 0.00671052373945713 -0.02514420449733734 -0.018415655940771103 0.042449068278074265 0.05571988970041275 0.9973737001419067
32.55781686702128 -0.0713474377989769 -0.0002621663152240217 -0.02641700953245163 -0.011266928166151047 0.0513739213347435 0.055620528757572174 0.9970658421516418
32.60783386702128 -0.06605816632509232 -0.0074274176731705666 -0.02958044968545437 -0.0009312834590673447 0.058824874460697174 0.05133960396051407 0.9969469308853149
32.657850867021274 -0.0637509822845459 -0.017829274758696556 -0.03211328759789467 0.0111592011526227 0.06365702301263809 0.04490179196000099 0.9968987703323364
32.707868867021276 -0.06203197315335274 -0.02775554545223713 -0.03504744544625282 0.02456771954894066 0.06525326520204544 0.037125322967767715 0.9968752264976501
32.75788586702128 -0.06436499953269958 -0.036848463118076324 -0.038023680448532104 0.03916899859905243 0.06685760617256165 0.031043363735079765 0.9965100288391113
32.80790286702128 -0.06639338284730911 -0.04534385725855827 -0.04073041304945946 0.05165491998195648 0.06585663557052612 0.026065556332468987 0.9961501955986023
32.85791986702128 -0.07012342661619186 -0.05352035537362099 -0.043567508459091187 0.06160253286361694 0.06455402821302414 0.02411331795156002 0.9957190752029419
32.907937867021275 -0.07523997128009796 -0.06250438839197159 -0.043823689222335815 0.06792314350605011 0.06109432503581047 0.023095978423953056 0.9955503940582275
32.95795486702128 -0.0815153643488884 -0.0664624273777008 -0.044842593371868134 0.07590147107839584 0.05927840992808342 0.0207370538264513 0.9951356649398804
33.007971867021276 -0.08797562122344971 -0.0666486918926239 -0.044746991246938705 0.08360028266906738 0.056553445756435394 0.018725810572504997 0.9947170615196228
33.05798886702128 -0.0984414666891098 -0.06430728733539581 -0.041278738528490067 0.08780267834663391 0.05412651225924492 0.016343258321285248 0.99453204870224
33.10800686702128 -0.10392186790704727 -0.05858705937862396 -0.04131893068552017 0.0908455103635788 0.04631085693836212 0.018203185871243477 0.9946210980415344
33.15802386702128 -0.1130695790052414 -0.05293973535299301 -0.039105966687202454 0.08930199593305588 0.043430279940366745 0.019581541419029236 0.9948646426200867
33.208040867021275 -0.12361904233694077 -0.0414988175034523 -0.03413601592183113 0.08908039331436157 0.04086596518754959 0.02338002622127533 0.9949110746383667
33.25805786702128 -0.1337808072566986 -0.030409900471568108 -0.029861778020858765 0.08554673939943314 0.03701302409172058 0.026895182207226753 0.9952831268310547
33.308074867021276 -0.14298726618289948 -0.018931522965431213 -0.02687387354671955 0.07977688312530518 0.030214352533221245 0.03217604011297226 0.9958350658416748
33.35809286702128 -0.15208612382411957 -0.008944923989474773 -0.02160050719976425 0.07196632772684097 0.02099798247218132 0.03794337809085846 0.9964638948440552
33.40810986702128 -0.1615334451198578 0.0037011243402957916 -0.01735534332692623 0.0672152042388916 0.011222566477954388 0.04349794238805771 0.9967266917228699
33.45812686702128 -0.17021572589874268 0.014344185590744019 -0.013776110485196114 0.061544135212898254 0.0008217011345550418 0.04995247349143028 0.9968532919883728
33.508143867021275 -0.17861878871917725 0.025068072602152824 -0.009980989620089531 0.05540668964385986 -0.005524636246263981 0.05608675256371498 0.996872067451477
33.558161867021276 -0.1859884262084961 0.03615963086485863 -0.006993724964559078 0.04983256757259369 -0.013935904949903488 0.06310104578733444 0.996664822101593
33.60817886702128 -0.19240036606788635 0.04750243201851845 -0.003463262226432562 0.044187214225530624 -0.019483063369989395 0.06791958212852478 0.9965214133262634
33.65819586702128 -0.19697755575180054 0.0541483573615551 -0.0010451185517013073 0.036107249557971954 -0.02760508470237255 0.07370175421237946 0.9962440729141235
33.70821286702128 -0.20306698977947235 0.0581892766058445 -0.0001220054691657424 0.03079918958246708 -0.03192901611328125 0.07738404721021652 0.996013879776001
33.758230867021275 -0.20499937236309052 0.06022396311163902 0.00016018946189433336 0.028053978458046913 -0.0368073470890522 0.08078623563051224 0.9956564903259277
33.80824786702128 -0.2025633305311203 0.060312312096357346 -0.0022455903235822916 0.025613294914364815 -0.04236089065670967 0.08643793314695358 0.9950266480445862
33.858264867021276 -0.20051051676273346 0.060376182198524475 -0.0019521110225468874 0.02461615763604641 -0.04090898483991623 0.08558791875839233 0.9951860308647156
33.90828186702128 -0.19487105309963226 0.05518556013703346 -0.0024391072802245617 0.025617001578211784 -0.03931839391589165 0.08589791506528854 0.9951981902122498
33.95829886702128 -0.18481625616550446 0.047442976385354996 -0.005540161859244108 0.026971636340022087 -0.03595656529068947 0.0800875872373581 0.9957739114761353
34.00831686702128 -0.17460580170154572 0.037985675036907196 -0.00824188906699419 0.029736002907156944 -0.029903974384069443 0.07231590151786804 0.9964898228645325
34.058333867021275 -0.16520240902900696 0.030486689880490303 -0.013530626893043518 0.036374837160110474 -0.022486450150609016 0.060307156294584274 0.9972634315490723
34.10835086702128 -0.15395121276378632 0.02011116035282612 -0.017422473058104515 0.041365835815668106 -0.014920634217560291 0.04982312023639679 0.9977895617485046
34.158367867021276 -0.14293205738067627 0.009024863131344318 -0.021553050726652145 0.04569502919912338 -0.009693979285657406 0.03715486824512482 0.9982172250747681
34.20838586702128 -0.13204023241996765 -0.0005941324052400887 -0.025374161079525948 0.04822542890906334 -0.0029299333691596985 0.024815494194626808 0.9985238313674927
34.258402867021275 -0.12241078913211823 -0.0076555232517421246 -0.028982771560549736 0.04924371838569641 0.004290267359465361 0.011066589504480362 0.9987162947654724
34.30841986702128 -0.1121540367603302 -0.01417145412415266 -0.03242020308971405 0.046508003026247025 0.012936132028698921 -0.0023408292327076197 0.9988314509391785
34.358436867021275 -0.10468459874391556 -0.021151497960090637 -0.033733267337083817 0.04229339212179184 0.02039160206913948 -0.014204013161361217 0.9987961649894714
34.40845486702128 -0.09913302958011627 -0.02718397043645382 -0.0357750840485096 0.03873593732714653 0.02702842280268669 -0.027258148416876793 0.9985119104385376
34.45847186702128 -0.09235194325447083 -0.03343971073627472 -0.037813980132341385 0.03729983791708946 0.027975400909781456 -0.037230685353279114 0.9982184171676636
34.50848886702128 -0.08849796652793884 -0.03376634418964386 -0.040546923875808716 0.04025762528181076 0.030480269342660904 -0.04698269069194794 0.9976186156272888
34.558505867021275 -0.0847136452794075 -0.03331626206636429 -0.04284343495965004 0.042237017303705215 0.036043111234903336 -0.055016424506902695 0.9969404339790344
34.608523867021276 -0.08222823590040207 -0.03056601621210575 -0.04189369082450867 0.04122164100408554 0.04387294501066208 -0.06169069930911064 0.9962782263755798
34.65854086702128 -0.07939213514328003 -0.02399579808115959 -0.041023269295692444 0.03854856267571449 0.05300255864858627 -0.063751719892025 0.9958115220069885
34.70855786702128 -0.07402613013982773 -0.015910517424345016 -0.039955075830221176 0.03313480317592621 0.06030815467238426 -0.06241099163889885 0.9956756234169006
34.75857486702128 -0.06951094418764114 -0.004299556836485863 -0.03890176862478256 0.025939345359802246 0.06630735844373703 -0.05712459981441498 0.995824933052063
34.80859186702128 -0.0631888285279274 0.007380559109151363 -0.036652807146310806 0.0155427735298872 0.0681326761841774 -0.04835541173815727 0.9963825345039368
34.85860986702128 -0.058371517807245255 0.022370530292391777 -0.034195661544799805 0.004917258396744728 0.06844086199998856 -0.03649069368839264 0.9969754815101624
34.908626867021276 -0.05410773679614067 0.03561731055378914 -0.030186666175723076 -0.009335803799331188 0.07007960230112076 -0.024330919608473778 0.9972009658813477
34.95864386702128 -0.04835911840200424 0.05022618919610977 -0.028222154825925827 -0.023221207782626152 0.0712229385972023 -0.012154116295278072 0.9971160292625427
35.00866086702128 -0.04505625367164612 0.06467591226100922 -0.024462061002850533 -0.036411311477422714 0.07637447118759155 -0.0015801286790519953 0.9964129328727722
35.05867886702128 -0.042831942439079285 0.07755593210458755 -0.022850140929222107 -0.048615582287311554 0.07894547283649445 0.006712951231747866 0.9956701993942261
35.108695867021275 -0.04121240973472595 0.0882374495267868 -0.02014465071260929 -0.05751203000545502 0.08158344775438309 0.010956346057355404 0.9949455261230469
35.15871286702128 -0.038978636264801025 0.09661433100700378 -0.020396698266267776 -0.06400293111801147 0.07988441735506058 0.01604277454316616 0.9946179389953613
35.208729867021276 -0.038865700364112854 0.10186208039522171 -0.01694137044250965 -0.06920783966779709 0.08080748468637466 0.020266644656658173 0.9941175580024719
35.25874786702128 -0.039400242269039154 0.10262998193502426 -0.01536574587225914 -0.07530985027551651 0.08390537649393082 0.024513620883226395 0.9933214783668518
35.308764867021274 -0.038585808128118515 0.10353195667266846 -0.01703360304236412 -0.07636768370866776 0.08267100155353546 0.030850650742650032 0.9931675791740417
35.35878186702128 -0.037793371826410294 0.09515219181776047 -0.017729006707668304 -0.07698197662830353 0.08210509270429611 0.031374458223581314 0.9931507110595703
35.408798867021275 -0.039439477026462555 0.0869925394654274 -0.014234277419745922 -0.0758056789636612 0.08288870751857758 0.030781742185354233 0.9931946396827698
35.45881586702128 -0.03967999666929245 0.07836247980594635 -0.017425568774342537 -0.06908347457647324 0.08243320882320404 0.027169538661837578 0.9938279986381531
35.50883386702128 -0.04266360402107239 0.06787029653787613 -0.017846466973423958 -0.061838824301958084 0.08390805870294571 0.023931076750159264 0.9942649006843567
35.55885086702128 -0.046607088297605515 0.053496360778808594 -0.018419751897454262 -0.0544707216322422 0.08592280745506287 0.015182464383542538 0.9946958422660828
35.608867867021274 -0.05144263803958893 0.04153982177376747 -0.019690874963998795 -0.04411261901259422 0.08997577428817749 0.005454655271023512 0.9949516654014587
35.65888486702128 -0.056103214621543884 0.029608149081468582 -0.022570667788386345 -0.03038802370429039 0.09184754639863968 -0.004476582631468773 0.995299220085144
35.70890286702128 -0.06447874009609222 0.017204897478222847 -0.0235869400203228 -0.01566481962800026 0.09624329209327698 -0.012952051125466824 0.9951503276824951
35.75891986702128 -0.07222994416952133 0.00638163648545742 -0.026041105389595032 -0.0004889601259492338 0.10151426494121552 -0.019468069076538086 0.99464350938797
35.80893686702128 -0.07902108877897263 -0.0020445287227630615 -0.0276405680924654 0.013663413003087044 0.10635033994913101 -0.02415614388883114 0.9939413666725159
35.85895386702128 -0.08964567631483078 -0.009691912680864334 -0.027430379763245583 0.024653185158967972 0.11240562796592712 -0.025180863216519356 0.9930374026298523
35.90897186702128 -0.09904758632183075 -0.01478704996407032 -0.02682662568986416 0.03366000950336456 0.111733578145504 -0.02509816735982895 0.9928507804870605
35.958988867021276 -0.11182567477226257 -0.017665792256593704 -0.023821968585252762 0.040486495941877365 0.10524136573076248 -0.02188911661505699 0.9933810830116272
36.00900586702128 -0.12231771647930145 -0.021095653995871544 -0.022140083834528923 0.04303016513586044 0.09276699274778366 -0.018471965566277504 0.9945860505104065
36.05902286702128 -0.13511481881141663 -0.023053904995322227 -0.019044676795601845 0.044529106467962265 0.0776888057589531 -0.012651611119508743 0.995902419090271
36.10904086702128 -0.14778636395931244 -0.02283984236419201 -0.014698243699967861 0.04644550755620003 0.060462675988674164 -0.007151453755795956 0.9970636367797852
36.159057867021275 -0.15960077941417694 -0.022798728197813034 -0.011778979562222958 0.0478823259472847 0.04240148887038231 -0.001547128427773714 0.9979514479637146
36.20907486702128 -0.17331090569496155 -0.020818129181861877 -0.008892439305782318 0.0502498559653759 0.026791544631123543 0.004619013983756304 0.9983665943145752
36.259091867021276 -0.1834813803434372 -0.01836988516151905 -0.008426899090409279 0.05196232721209526 0.010832316242158413 0.012190280482172966 0.9985159635543823
36.30910886702128 -0.19346651434898376 -0.015366132371127605 -0.007275909651070833 0.052876636385917664 -0.0028182140085846186 0.020271483808755875 0.998391330242157
36.359126867021274 -0.20384931564331055 -0.01102793775498867 -0.006001417059451342 0.05361415445804596 -0.013639713637530804 0.027974477037787437 0.9980766773223877
36.40914386702128 -0.21052336692810059 -0.0072646006010472775 -0.006678576581180096 0.05382807180285454 -0.02326812408864498 0.03881891071796417 0.997524082660675
36.459160867021275 -0.21505820751190186 -0.0029497258365154266 -0.007940005511045456 0.053231146186590195 -0.03250342607498169 0.04832325130701065 0.9968825578689575
36.50917786702128 -0.21776367723941803 0.003307539504021406 -0.007556712720543146 0.05178600922226906 -0.036838848143815994 0.0570542998611927 0.9963463544845581
36.55919586702128 -0.21655018627643585 0.012086533941328526 -0.00888424925506115 0.0491468645632267 -0.0360904186964035 0.06496353447437286 0.9960230588912964
36.60921286702128 -0.214444100856781 0.019394155591726303 -0.00906944926828146 0.042806144803762436 -0.02957339584827423 0.07182998955249786 0.996059000492096
36.659229867021274 -0.20692050457000732 0.02625812403857708 -0.008048835210502148 0.03394234552979469 -0.02322467789053917 0.07935288548469543 0.9959978461265564
36.70924686702128 -0.19505086541175842 0.03212786838412285 -0.009236610494554043 0.021875008940696716 -0.013065130449831486 0.08463110029697418 0.9960865378379822
36.75926486702128 -0.18418776988983154 0.04040848836302757 -0.010591885074973106 0.011242544278502464 0.0013176127104088664 0.08970342576503754 0.9959042072296143
36.80928186702128 -0.1696110963821411 0.04753408953547478 -0.01154844556003809 -0.0007285967585630715 0.01769198104739189 0.09219343215227127 0.995583713054657
36.85929886702128 -0.15391579270362854 0.055137038230895996 -0.01413622684776783 -0.011139210313558578 0.03453446552157402 0.09394964575767517 0.9949154853820801
36.90931586702128 -0.13846060633659363 0.06196017563343048 -0.016324492171406746 -0.020488232374191284 0.05188502371311188 0.09382209181785583 0.9940249919891357
36.95933386702128 -0.12302260845899582 0.0661485344171524 -0.017645739018917084 -0.029224922880530357 0.06841111183166504 0.09260518103837967 0.9929199814796448
37.009350867021276 -0.10620690882205963 0.0672055333852768 -0.019484829157590866 -0.03783966973423958 0.08272552490234375 0.09172145277261734 0.9916208386421204
37.05936786702128 -0.09172920882701874 0.06769886612892151 -0.02040732651948929 -0.0426497720181942 0.09857206791639328 0.08862246572971344 0.9902578592300415
37.10938486702128 -0.07776214927434921 0.06582966446876526 -0.021830663084983826 -0.04429652914404869 0.11086869984865189 0.08562316745519638 0.9891484975814819
37.15940186702128 -0.06544806063175201 0.06265658140182495 -0.0219697467982769 -0.041968755424022675 0.12062493711709976 0.08098743110895157 0.9884985685348511
37.209419867021275 -0.055319175124168396 0.056065477430820465 -0.020829083397984505 -0.03843313455581665 0.13083231449127197 0.07628486305475235 0.9877178072929382
37.25943686702128 -0.04825793206691742 0.04760393127799034 -0.018772877752780914 -0.03225008025765419 0.13849948346614838 0.06967799365520477 0.9873818159103394
37.309453867021276 -0.04084384813904762 0.03860210254788399 -0.017193051055073738 -0.025240261107683182 0.14382469654083252 0.06161307170987129 0.9873607754707336
37.35947086702128 -0.03668515011668205 0.029666461050510406 -0.015046561136841774 -0.015023212879896164 0.14631296694278717 0.05415906757116318 0.9876404404640198
37.40948886702128 -0.03418908640742302 0.020018646493554115 -0.012057723477482796 -0.005450001452118158 0.14721541106700897 0.045616019517183304 0.9880370497703552
37.45950586702128 -0.035430483520030975 0.010541904717683792 -0.008074497804045677 0.006032153964042664 0.14567585289478302 0.038427144289016724 0.9885674715042114
37.509522867021275 -0.037327155470848083 0.0031068059615790844 -0.002951238304376602 0.017042769119143486 0.14150682091712952 0.030531590804457664 0.9893196225166321
37.55953986702128 -0.04121347889304161 -0.006128605920821428 0.0013050258858129382 0.025562498718500137 0.1338042914867401 0.02283663861453533 0.9904148578643799
37.60955786702128 -0.046695973724126816 -0.015378199517726898 0.005759696010500193 0.03236500918865204 0.12095604836940765 0.016754552721977234 0.9919886589050293
37.65957486702128 -0.057080794125795364 -0.018786760047078133 0.008895262144505978 0.04214754328131676 0.1026453748345375 0.01184989232569933 0.9937540292739868
37.70959186702128 -0.06610535085201263 -0.023524576798081398 0.01255074329674244 0.047139063477516174 0.08712274581193924 0.00915759988129139 0.9950395226478577
37.75960886702128 -0.07661732286214828 -0.02735697664320469 0.01628349907696247 0.04934590309858322 0.07618942111730576 0.007095129694789648 0.9958462715148926
37.809625867021275 -0.08778899163007736 -0.025556787848472595 0.017755506560206413 0.05356937274336815 0.06151345744729042 0.004998284857720137 0.9966551065444946
37.859643867021276 -0.09842729568481445 -0.027655325829982758 0.019747653976082802 0.051597241312265396 0.042820077389478683 0.0049517289735376835 0.9977373480796814
37.90966086702128 -0.11116556078195572 -0.025376347824931145 0.018912842497229576 0.05190172791481018 0.01928660273551941 0.005916770547628403 0.9984484910964966
37.95967786702128 -0.1224989965558052 -0.022746792063117027 0.016639651730656624 0.05099952965974808 -0.0014649333897978067 0.007723944261670113 0.9986677169799805
38.00969486702128 -0.1334562450647354 -0.019534114748239517 0.01378513965755701 0.04997536540031433 -0.01873943954706192 0.008848012425005436 0.9985354542732239
38.059712867021275 -0.14337070286273956 -0.014312058687210083 0.009464632719755173 0.04768094792962074 -0.03261186555027962 0.011229175142943859 0.9982669949531555
38.10972986702128 -0.15226837992668152 -0.009252626448869705 0.005064492113888264 0.04176986590027809 -0.04515526443719864 0.014342955313622952 0.9980033040046692
38.159746867021276 -0.1592852622270584 -0.00037347007310017943 -0.000439665571320802 0.03612324967980385 -0.05337263271212578 0.017549706622958183 0.9977667927742004
38.20976386702128 -0.16371190547943115 0.00852633360773325 -0.0044432575814425945 0.02913438156247139 -0.052740152925252914 0.022204533219337463 0.9979362487792969
38.259781867021275 -0.16667047142982483 0.017361043021082878 -0.007280816789716482 0.020951667800545692 -0.04640009254217148 0.02960413694381714 0.9982643127441406
38.30979886702128 -0.16606327891349792 0.024836335331201553 -0.009079569950699806 0.00897368136793375 -0.035338498651981354 0.03976838290691376 0.9985435009002686
38.359815867021275 -0.16208624839782715 0.03340618684887886 -0.009936382062733173 -0.003279765835031867 -0.01882147416472435 0.052090294659137726 0.9984596967697144
38.40983286702128 -0.1557174175977707 0.04226918891072273 -0.011428681202232838 -0.015046841464936733 -2.418928488623351e-05 0.06420226395130157 0.9978234767913818
38.459849867021276 -0.14828446507453918 0.05134301260113716 -0.012754213064908981 -0.027233881875872612 0.020502544939517975 0.07626434415578842 0.9965047836303711
38.50986786702128 -0.13739603757858276 0.059695132076740265 -0.0141442297026515 -0.03979284316301346 0.04061099514365196 0.0883251279592514 0.9944676756858826
38.559884867021275 -0.12819220125675201 0.0681067630648613 -0.014500066637992859 -0.05041546747088432 0.059814464300870895 0.0980784222483635 0.992099404335022
38.60990186702128 -0.11710277944803238 0.07439661771059036 -0.015718266367912292 -0.06018786132335663 0.07411416620016098 0.1055663675069809 0.989818274974823
38.659918867021275 -0.10728958249092102 0.07962559908628464 -0.01617514342069626 -0.06761214882135391 0.08884545415639877 0.11044257134199142 0.9875918030738831
38.70993686702128 -0.09765775501728058 0.08328788727521896 -0.01624860055744648 -0.07325433194637299 0.10253764688968658 0.11049865186214447 0.9858549237251282
38.75995386702128 -0.08968012779951096 0.08330138772726059 -0.015063852071762085 -0.07788614183664322 0.11596499383449554 0.10687419772148132 0.9844104051589966
38.80997086702128 -0.08112940192222595 0.08155784010887146 -0.014016732573509216 -0.07803338766098022 0.12612539529800415 0.10141709446907043 0.9837265014648438
38.859987867021275 -0.07395212352275848 0.0797511413693428 -0.012501523829996586 -0.07502461969852448 0.13756752014160156 0.09306477755308151 0.9832525253295898
38.910005867021276 -0.06602166593074799 0.07231303304433823 -0.0100506991147995 -0.07035155594348907 0.14577440917491913 0.08772097527980804 0.982906699180603
38.96002286702128 -0.05906223878264427 0.06427320092916489 -0.00881492905318737 -0.06329886615276337 0.1481008678674698 0.08180999755859375 0.9835479855537415
39.01003986702128 -0.05466118082404137 0.055406030267477036 -0.005748293362557888 -0.05465325713157654 0.1505679041147232 0.07661834359169006 0.9841097593307495
39.06005686702128 -0.052721619606018066 0.04466923326253891 -0.00212572212330997 -0.0453842431306839 0.14881843328475952 0.07226311415433884 0.9851758480072021
39.110074867021275 -0.050901301205158234 0.034310318529605865 -0.00022749206982553005 -0.03332161158323288 0.14412793517112732 0.06750079244375229 0.9866917133331299
39.16009186702128 -0.050933778285980225 0.022311363369226456 0.0026451600715517998 -0.02246267721056938 0.1424013376235962 0.06154616177082062 0.9876382946968079
39.210108867021276 -0.05203166604042053 0.012948336079716682 0.004098109435290098 -0.007847508415579796 0.13972222805023193 0.05474410951137543 0.9886451363563538
39.26012586702128 -0.054633352905511856 0.003127672243863344 0.005853297654539347 0.005843947641551495 0.13684719800949097 0.04811220243573189 0.9894058704376221
39.31014286702128 -0.05806688964366913 -0.006417610216885805 0.006967493332922459 0.018737658858299255 0.13031068444252014 0.041434239596128464 0.9904298186302185
39.36016086702128 -0.0620817095041275 -0.013682154938578606 0.007389354053884745 0.0324673056602478 0.12094219774007797 0.0377880297601223 0.9914085865020752
39.410177867021275 -0.06725965440273285 -0.02146531455218792 0.008950975723564625 0.04312356561422348 0.11159946769475937 0.03447376564145088 0.9922184944152832
39.46019486702128 -0.07257263362407684 -0.027099668979644775 0.010416020639240742 0.054202817380428314 0.10295111685991287 0.0333930067718029 0.9926469922065735
39.510211867021276 -0.07959531992673874 -0.03237640857696533 0.011964652687311172 0.063081294298172 0.09202533960342407 0.03268932178616524 0.9932188391685486
39.56022986702128 -0.08714461326599121 -0.03485560044646263 0.01442511472851038 0.07221744954586029 0.08367525786161423 0.031454987823963165 0.9933749437332153
39.610246867021274 -0.09315532445907593 -0.03596261888742447 0.016856297850608826 0.07761695235967636 0.07251172512769699 0.029855450615286827 0.9938945770263672
39.66026386702128 -0.1005801185965538 -0.03514983505010605 0.020503919571638107 0.0795934796333313 0.060381002724170685 0.02767518162727356 0.9946120977401733
39.710280867021275 -0.10856311768293381 -0.036033593118190765 0.024377956986427307 0.07371778786182404 0.0483287088572979 0.025961853563785553 0.9957690834999084
39.76029886702128 -0.1156066283583641 -0.03129434958100319 0.02979559823870659 0.06748156249523163 0.03595835343003273 0.026189250871539116 0.9967283606529236
39.81031586702128 -0.12056709080934525 -0.025400634855031967 0.032509319484233856 0.06176702678203583 0.025552263483405113 0.02697073109447956 0.997398853302002
39.86033286702128 -0.12546271085739136 -0.019587766379117966 0.03500601649284363 0.05542513728141785 0.017867282032966614 0.02846616879105568 0.9978970289230347
39.910349867021274 -0.12926970422267914 -0.014166619628667831 0.03615882620215416 0.04808605834841728 0.012878566049039364 0.03052513673901558 0.9982935786247253
39.96036686702128 -0.13154076039791107 -0.008737318217754364 0.03535902127623558 0.040265705436468124 0.010085120797157288 0.03350270912051201 0.998576283454895
40.01038486702128 -0.13586893677711487 -0.0023586307652294636 0.03429199382662773 0.03375094756484032 0.013335885480046272 0.035928789526224136 0.9986952543258667
40.06040186702128 -0.13523641228675842 0.002763025928288698 0.031326260417699814 0.027135541662573814 0.013579715974628925 0.038867514580488205 0.998783528804779
40.11041886702128 -0.13693061470985413 0.005757685285061598 0.029345249757170677 0.020287035033106804 0.018487796187400818 0.041487693786621094 0.9987620115280151
40.16043586702128 -0.13547295331954956 0.009009049274027348 0.024483058601617813 0.015953032299876213 0.024200264364480972 0.04393379017710686 0.9986138939857483
40.21045386702128 -0.13393937051296234 0.010457714088261127 0.01833181455731392 0.012544125318527222 0.033295243978500366 0.04596404358744621 0.9983092546463013
40.260470867021276 -0.13137272000312805 0.013204246759414673 0.011501085944473743 0.012465167790651321 0.044392917305231094 0.046207576990127563 0.9978671073913574
40.31048786702128 -0.12882019579410553 0.012294087558984756 0.004213814623653889 0.011068400926887989 0.05630753934383392 0.046170156449079514 0.997283935546875
40.36050486702128 -0.12798167765140533 0.011869858019053936 -0.0013121735537424684 0.011782185174524784 0.07108543068170547 0.044864460825920105 0.9963911771774292
40.41052286702128 -0.12485692650079727 0.012209543958306313 -0.007787943817675114 0.014483384788036346 0.08364122360944748 0.04441079869866371 0.9954004883766174
40.460539867021275 -0.12310437858104706 0.010472850874066353 -0.01332109235227108 0.01800604909658432 0.09316499531269073 0.043036237359046936 0.99455726146698
40.51055686702128 -0.12321199476718903 0.009494244121015072 -0.01680140569806099 0.023597806692123413 0.10197768360376358 0.04081259295344353 0.9936690330505371
40.560573867021276 -0.12250760942697525 0.007620659191161394 -0.01933741755783558 0.028497185558080673 0.10598734766244888 0.03724167123436928 0.9932611584663391
40.61059186702128 -0.12166403234004974 0.004519055597484112 -0.021359963342547417 0.03258605673909187 0.10728918761014938 0.034117452800273895 0.9931079149246216
40.660608867021274 -0.12233588099479675 0.003320497926324606 -0.020935695618391037 0.03749754652380943 0.10663516074419022 0.029336964711546898 0.9931577444076538
40.71062586702128 -0.1224617213010788 -0.0002307735849171877 -0.019449131563305855 0.04007450491189957 0.10292726755142212 0.02625037170946598 0.9935346245765686
40.760642867021275 -0.12316859513521194 -0.0018386233132332563 -0.018860891461372375 0.04270225763320923 0.0975809320807457 0.021991336718201637 0.994067907333374
40.81065986702128 -0.124106265604496 -0.005201020278036594 -0.015160695649683475 0.04388715326786041 0.09069863706827164 0.01917356252670288 0.9947261810302734
40.86067786702128 -0.12685811519622803 -0.007708516903221607 -0.011099843308329582 0.043596502393484116 0.08310748636722565 0.015772894024848938 0.9954615831375122
40.91069486702128 -0.12876641750335693 -0.009219474159181118 -0.00783224031329155 0.04387248307466507 0.07552888244390488 0.01396904420107603 0.9960801005363464
40.960711867021274 -0.1298016607761383 -0.008982679806649685 -0.004003478214144707 0.04371918365359306 0.06804351508617401 0.012014907784759998 0.9966516494750977
41.01072886702128 -0.13017825782299042 -0.00974562019109726 0.00025337457191199064 0.043074462562799454 0.06146044284105301 0.01104231458157301 0.9971184730529785
41.06074686702128 -0.1318109631538391 -0.012669669464230537 0.004225206095725298 0.03984446823596954 0.056514304131269455 0.010022789239883423 0.9975560903549194
41.11076386702128 -0.13326029479503632 -0.011350422166287899 0.007785039022564888 0.04047124832868576 0.05343666300177574 0.00993430893868208 0.9977012872695923
41.16078086702128 -0.13383889198303223 -0.012566865421831608 0.011059551499783993 0.03864501044154167 0.05299822986125946 0.012106191366910934 0.9977731108665466
41.21079786702128 -0.130514457821846 -0.009879511781036854 0.013650691136717796 0.03848688304424286 0.05144824460148811 0.011766590178012848 0.9978644251823425
41.26081586702128 -0.12747453153133392 -0.00949203409254551 0.014743784442543983 0.0374930240213871 0.04940836504101753 0.016163339838385582 0.9979438781738281
41.310832867021276 -0.12994804978370667 -0.012050489895045757 0.017300337553024292 0.0340285487473011 0.05414075031876564 0.019188908860087395 0.9977688789367676
41.36084986702128 -0.12910054624080658 -0.011364777572453022 0.0170439500361681 0.0324905589222908 0.0562329962849617 0.022254882380366325 0.9976407289505005
41.41086686702128 -0.1261805146932602 -0.008876118808984756 0.01705571822822094 0.03199753537774086 0.05858711153268814 0.02431093528866768 0.9974731802940369
41.46088386702128 -0.12487148493528366 -0.010805567726492882 0.017235493287444115 0.02832505851984024 0.06233306974172592 0.026765018701553345 0.9972943067550659
41.510901867021275 -0.12353013455867767 -0.00922873243689537 0.017057958990335464 0.02709699049592018 0.06492526084184647 0.028287621214985847 0.9971210360527039
41.56091886702128 -0.1203426644206047 -0.006847926415503025 0.016314376145601273 0.02745210751891136 0.06583543121814728 0.0286114364862442 0.9970423579216003
41.610935867021276 -0.12079518288373947 -0.005038850475102663 0.014373124577105045 0.0274498350918293 0.0675102174282074 0.028821205720305443 0.9969244003295898
41.66095286702128 -0.12095480412244797 -0.006438341457396746 0.013056984171271324 0.025395549833774567 0.06956064701080322 0.029032327234745026 0.9968317747116089
41.71097086702128 -0.11857294291257858 -0.0019269565818831325 0.013780136592686176 0.02929694950580597 0.07046863436698914 0.027647007256746292 0.9967002868652344
41.76098786702128 -0.11920947581529617 -0.006310188677161932 0.012461062520742416 0.02686093933880329 0.07251352816820145 0.028803808614611626 0.9965895414352417
41.811004867021275 -0.11900467425584793 -0.008590782061219215 0.013242899440228939 0.025874897837638855 0.07441404461860657 0.02781655639410019 0.9965035319328308
41.86102186702128 -0.11826138943433762 -0.00642833998426795 0.011354930698871613 0.027953511103987694 0.07551152259111404 0.026589423418045044 0.996398389339447
41.91103986702128 -0.11968397349119186 -0.004461660049855709 0.010297552682459354 0.03076084703207016 0.07827530801296234 0.026580432429909706 0.9961025714874268
41.96105686702128 -0.11827041208744049 -0.003053233027458191 0.009070233441889286 0.03140294551849365 0.07830590754747391 0.025556549429893494 0.9961069226264954
42.011073867021274 -0.11744759231805801 -0.005908596329391003 0.008448570966720581 0.028800880536437035 0.07933834195137024 0.027645695954561234 0.9960480332374573
42.06109086702128 -0.11955658346414566 -0.003494052682071924 0.009325576946139336 0.029445478692650795 0.0815810114145279 0.02456032671034336 0.9959288835525513
42.11110886702128 -0.12220659852027893 -0.007225310429930687 0.010465933009982109 0.02564377896487713 0.08276127278804779 0.02184288762509823 0.9959999322891235
42.161125867021276 -0.12025460600852966 -0.008487182669341564 0.008023523725569248 0.023211071267724037 0.08097396790981293 0.024146445095539093 0.9961533546447754
42.21114286702128 -0.11811064183712006 -0.005059084855020046 0.0076086632907390594 0.025699689984321594 0.08153697103261948 0.024448199197649956 0.9960389733314514
42.26115986702128 -0.11688167601823807 -0.004841006360948086 0.009187432937324047 0.02413990907371044 0.08181440085172653 0.02478441409766674 0.9960469007492065
42.311176867021274 -0.11659347265958786 -0.0067094480618834496 0.010798807255923748 0.021624572575092316 0.08287552744150162 0.026911567896604538 0.9959617257118225
