# timestamp[secs] tx ty tz qx qy qz qw
1541977096.056994 1.925993 -0.280829 0.916963 -0.096519 -0.316875 0.772922 0.541171
1541977096.06199 1.924302 -0.279175 0.917066 -0.096156 -0.316944 0.7726 0.541654
1541977096.066986 1.922738 -0.277393 0.916972 -0.097319 -0.319003 0.772422 0.540491
1541977096.071978 1.921077 -0.27579 0.916953 -0.096406 -0.316229 0.773731 0.540413
1541977096.076972 1.919488 -0.274247 0.916903 -0.096967 -0.318201 0.772046 0.541563
1541977096.081968 1.917854 -0.272598 0.916849 -0.097533 -0.319109 0.771283 0.542013
1541977096.086975 1.916139 -0.270993 0.916755 -0.095816 -0.319244 0.771706 0.541639
1541977096.091971 1.914516 -0.269436 0.916617 -0.096877 -0.3187 0.771229 0.54245
1541977096.096971 1.912907 -0.267728 0.916551 -0.096211 -0.320509 0.770598 0.542399
1541977096.101975 1.911261 -0.26588 0.916456 -0.095107 -0.323785 0.770723 0.540466
1541977096.106982 1.909836 -0.264095 0.916407 -0.096494 -0.326197 0.769792 0.540097
1541977096.111987 1.90808 -0.262593 0.916081 -0.09573 -0.324792 0.77003 0.54074
1541977096.116993 1.90666 -0.260728 0.915951 -0.095988 -0.328927 0.768211 0.540782
1541977096.121996 1.90506 -0.259078 0.915751 -0.097522 -0.329394 0.768179 0.540268
1541977096.126996 1.903413 -0.257478 0.91545 -0.097453 -0.329229 0.768963 0.539265
1541977096.131993 1.901894 -0.255843 0.915178 -0.097692 -0.331248 0.767986 0.539378
1541977096.136991 1.900331 -0.254115 0.914775 -0.097569 -0.330638 0.767263 0.540802
1541977096.141989 1.89867 -0.252595 0.914432 -0.098753 -0.331648 0.767234 0.540009
1541977096.146998 1.897222 -0.250799 0.914082 -0.101213 -0.335314 0.766352 0.538539
1541977096.152004 1.895386 -0.249314 0.913596 -0.099703 -0.329996 0.767401 0.540609
1541977096.157008 1.893544 -0.247701 0.913287 -0.098365 -0.328353 0.767427 0.541816
1541977096.162008 1.891846 -0.246025 0.912704 -0.098324 -0.327994 0.767383 0.542103
1541977096.167004 1.890277 -0.24434 0.912171 -0.098213 -0.328858 0.766591 0.54272
1541977096.171996 1.888606 -0.24294 0.911633 -0.100597 -0.324591 0.767673 0.543322
1541977096.176989 1.887114 -0.241204 0.911126 -0.100517 -0.328221 0.766445 0.542889
1541977096.181983 1.885451 -0.239367 0.910743 -0.103139 -0.32958 0.766922 0.540897
1541977096.186979 1.883846 -0.238003 0.910067 -0.104878 -0.32759 0.765469 0.543823
1541977096.191979 1.881978 -0.236235 0.909565 -0.104363 -0.32702 0.765239 0.544587
1541977096.196981 1.88034 -0.234715 0.908978 -0.104914 -0.328241 0.76447 0.544827
1541977096.201982 1.878504 -0.232703 0.908392 -0.102969 -0.329668 0.764773 0.543911
1541977096.206981 1.876794 -0.231248 0.90777 -0.104058 -0.327895 0.764226 0.545542
1541977096.21198 1.874985 -0.229537 0.907178 -0.103206 -0.327134 0.765591 0.544245
1541977096.216977 1.873372 -0.228056 0.906605 -0.105364 -0.32943 0.764189 0.544417
1541977096.221976 1.8716 -0.226234 0.90599 -0.106289 -0.332801 0.76347 0.543193
1541977096.226978 1.869756 -0.224682 0.905458 -0.106914 -0.332457 0.763634 0.543051
1541977096.231977 1.86781 -0.223266 0.904762 -0.106127 -0.330374 0.763956 0.544023
1541977096.236976 1.866011 -0.221418 0.904163 -0.106243 -0.334409 0.7642 0.541186
1541977096.24198 1.864078 -0.220103 0.903367 -0.105601 -0.333387 0.764025 0.542188
1541977096.246983 1.862 -0.218668 0.902813 -0.106266 -0.332586 0.764905 0.541308
1541977096.251986 1.860163 -0.217016 0.901975 -0.107147 -0.334495 0.76327 0.542264
1541977096.25699 1.858066 -0.215588 0.901237 -0.105408 -0.333742 0.764989 0.540645
1541977096.261995 1.856094 -0.214134 0.900426 -0.108223 -0.33365 0.764693 0.540564
1541977096.266993 1.854069 -0.21241 0.899705 -0.105552 -0.336687 0.765407 0.538193
1541977096.271994 1.851954 -0.211259 0.89885 -0.107424 -0.333837 0.76455 0.54081
1541977096.276997 1.849786 -0.209723 0.898068 -0.106982 -0.334386 0.765726 0.538893
1541977096.281994 1.847626 -0.208377 0.897247 -0.107478 -0.333783 0.766028 0.538739
1541977096.28699 1.84542 -0.206953 0.896433 -0.107938 -0.334947 0.765868 0.53815
1541977096.291987 1.843083 -0.205637 0.895588 -0.107733 -0.334588 0.766123 0.538052
1541977096.296991 1.840781 -0.204249 0.894566 -0.105447 -0.335045 0.766931 0.537069
1541977096.301993 1.838255 -0.203167 0.89373 -0.106691 -0.330286 0.767892 0.538396
1541977096.306998 1.835971 -0.201761 0.892791 -0.107116 -0.332597 0.768105 0.536582
1541977096.312002 1.833609 -0.200364 0.891954 -0.104999 -0.334691 0.768893 0.534566
1541977096.317004 1.831234 -0.19941 0.890909 -0.107107 -0.332498 0.767737 0.537171
1541977096.322005 1.828857 -0.198328 0.889934 -0.109578 -0.332742 0.766694 0.538011
1541977096.327008 1.826317 -0.19745 0.88892 -0.111523 -0.330601 0.766511 0.539191
1541977096.332009 1.823788 -0.196078 0.887944 -0.109605 -0.331789 0.767618 0.537276
1541977096.337011 1.821447 -0.194892 0.886925 -0.109878 -0.333008 0.767258 0.53698
1541977096.342014 1.818981 -0.193525 0.886015 -0.109674 -0.335328 0.767812 0.534782
1541977096.34702 1.816429 -0.1923 0.88502 -0.108535 -0.333777 0.768826 0.534527
1541977096.352022 1.813903 -0.190969 0.884149 -0.107304 -0.33483 0.769208 0.533567
1541977096.357021 1.811321 -0.189696 0.88334 -0.105829 -0.336331 0.768074 0.534551
1541977096.362013 1.808663 -0.188402 0.882449 -0.104576 -0.335456 0.769449 0.533368
1541977096.366998 1.806227 -0.187269 0.881485 -0.104093 -0.335233 0.769168 0.534008
1541977096.371987 1.803878 -0.18591 0.880687 -0.104006 -0.338465 0.769201 0.531934
1541977096.376978 1.801377 -0.18456 0.879948 -0.102685 -0.339702 0.769388 0.531132
1541977096.381968 1.798867 -0.18326 0.879249 -0.101915 -0.340828 0.769779 0.529991
1541977096.386971 1.796284 -0.181864 0.878522 -0.100215 -0.342361 0.770463 0.528331
1541977096.391975 1.793707 -0.180863 0.877789 -0.101059 -0.340885 0.769499 0.530524
1541977096.396981 1.791076 -0.179612 0.877023 -0.098514 -0.341317 0.770409 0.529403
1541977096.40199 1.788467 -0.17845 0.876349 -0.096132 -0.342307 0.770351 0.529286
1541977096.406997 1.786079 -0.177201 0.875631 -0.095301 -0.343672 0.770251 0.528698
1541977096.412003 1.783444 -0.176232 0.874999 -0.095224 -0.340546 0.770314 0.530638
1541977096.417008 1.780935 -0.175009 0.874345 -0.094464 -0.340993 0.7708 0.52978
1541977096.422008 1.778479 -0.173784 0.873699 -0.093278 -0.340633 0.772097 0.528332
1541977096.427011 1.776029 -0.172573 0.873241 -0.091794 -0.340226 0.77218 0.528733
1541977096.432004 1.773603 -0.17143 0.872645 -0.091007 -0.339405 0.772259 0.52928
1541977096.436994 1.77143 -0.170148 0.872071 -0.090698 -0.34055 0.772855 0.527725
1541977096.441981 1.769203 -0.16886 0.871588 -0.090031 -0.342508 0.77257 0.52699
1541977096.446967 1.766695 -0.167793 0.871129 -0.088684 -0.339627 0.772862 0.528653
1541977096.451953 1.76456 -0.166384 0.870671 -0.087205 -0.341451 0.773551 0.526711
1541977096.456945 1.762354 -0.16524 0.870214 -0.087207 -0.341827 0.773468 0.52659
1541977096.46194 1.760236 -0.164161 0.869699 -0.085377 -0.340509 0.773061 0.528338
1541977096.466939 1.758241 -0.162843 0.869249 -0.084223 -0.341631 0.773878 0.526601
1541977096.471943 1.756217 -0.161766 0.868706 -0.084223 -0.342784 0.773346 0.526632
1541977096.476956 1.754323 -0.16046 0.868224 -0.081432 -0.344735 0.773129 0.526116
1541977096.481971 1.752322 -0.15945 0.867714 -0.079656 -0.343376 0.774128 0.525808
1541977096.486986 1.750544 -0.158267 0.867165 -0.078034 -0.346251 0.773318 0.525358
1541977096.492001 1.748672 -0.157114 0.866751 -0.077487 -0.34569 0.774131 0.524609
1541977096.497019 1.746766 -0.156139 0.866272 -0.075271 -0.345191 0.774104 0.525301
1541977096.50203 1.745093 -0.155136 0.865881 -0.077175 -0.345319 0.773758 0.525449
1541977096.507037 1.743544 -0.154031 0.865418 -0.075104 -0.346801 0.77389 0.524579
1541977096.51204 1.741871 -0.152999 0.865033 -0.075851 -0.344645 0.774502 0.524988
1541977096.517038 1.740436 -0.151956 0.864624 -0.075261 -0.344771 0.774509 0.52498
1541977096.522028 1.739008 -0.150919 0.864166 -0.075752 -0.343035 0.775589 0.524453
1541977096.527013 1.737606 -0.149813 0.863827 -0.074747 -0.342824 0.776035 0.524075
1541977096.531997 1.736493 -0.148612 0.863467 -0.076228 -0.345518 0.775379 0.523062
1541977096.536982 1.735358 -0.147312 0.863175 -0.076381 -0.347822 0.77617 0.520332
1541977096.541967 1.734131 -0.146204 0.862913 -0.076491 -0.346779 0.776477 0.520555
1541977096.546963 1.732923 -0.145186 0.862591 -0.07607 -0.345946 0.776507 0.521126
1541977096.55196 1.731969 -0.143927 0.862325 -0.077625 -0.348548 0.776044 0.51985
1541977096.556961 1.730841 -0.142982 0.862046 -0.078183 -0.345426 0.776422 0.521285
1541977096.561967 1.729737 -0.142063 0.861827 -0.07952 -0.343685 0.776003 0.522855
1541977096.566972 1.728847 -0.141019 0.861516 -0.080036 -0.344943 0.775725 0.522359
1541977096.571977 1.72792 -0.140122 0.861297 -0.081633 -0.343448 0.775559 0.523343
1541977096.576993 1.726954 -0.13918 0.861083 -0.082599 -0.34346 0.774915 0.524137
1541977096.582001 1.725991 -0.138238 0.860992 -0.080981 -0.344616 0.775066 0.523407
1541977096.587018 1.725058 -0.137469 0.86084 -0.080074 -0.343674 0.774873 0.524451
1541977096.59203 1.7243 -0.136662 0.860634 -0.081056 -0.343987 0.774378 0.524824
1541977096.597047 1.723593 -0.135794 0.860429 -0.080891 -0.34484 0.774318 0.52438
1541977096.602056 1.722737 -0.135108 0.860442 -0.081499 -0.344797 0.77415 0.524561
1541977096.607055 1.721966 -0.134365 0.860358 -0.081922 -0.343926 0.774611 0.524387
1541977096.612052 1.721124 -0.13385 0.860289 -0.082586 -0.342367 0.774483 0.525491
1541977096.617044 1.720431 -0.133201 0.860254 -0.083036 -0.342915 0.774208 0.525468
1541977096.62203 1.71963 -0.13279 0.860182 -0.084073 -0.339732 0.774038 0.527617
1541977096.627015 1.719047 -0.132216 0.860131 -0.084424 -0.339735 0.774329 0.527131
1541977096.631995 1.718394 -0.131691 0.86015 -0.084505 -0.338504 0.774533 0.52761
1541977096.636978 1.717938 -0.131207 0.860179 -0.086579 -0.33785 0.774048 0.528404
1541977096.641965 1.717432 -0.130728 0.860194 -0.08592 -0.338342 0.774282 0.527855
1541977096.646957 1.71689 -0.130302 0.860253 -0.087583 -0.336577 0.774191 0.528841
1541977096.651954 1.716389 -0.129916 0.860349 -0.087435 -0.335913 0.774553 0.528758
1541977096.656957 1.715951 -0.129599 0.860417 -0.087486 -0.335098 0.774498 0.529347
1541977096.661964 1.715538 -0.129265 0.860504 -0.08742 -0.334584 0.774703 0.529384
1541977096.666973 1.715151 -0.128924 0.860636 -0.087425 -0.334043 0.775088 0.529161
1541977096.671981 1.714817 -0.128683 0.860744 -0.087189 -0.335046 0.775307 0.528244
1541977096.676991 1.714542 -0.128508 0.86083 -0.087162 -0.334388 0.775161 0.528879
1541977096.681999 1.714258 -0.128291 0.860987 -0.087122 -0.334871 0.774961 0.528872
1541977096.687005 1.714003 -0.128165 0.86114 -0.087427 -0.335173 0.775117 0.528402
1541977096.69201 1.71373 -0.128063 0.861318 -0.087649 -0.335053 0.775364 0.52808
1541977096.697009 1.713602 -0.127998 0.861427 -0.088231 -0.334433 0.775369 0.528369
1541977096.702004 1.713473 -0.127911 0.861561 -0.088775 -0.334264 0.775655 0.527963
1541977096.707005 1.713411 -0.127896 0.861668 -0.089489 -0.333762 0.775888 0.527818
1541977096.712001 1.713356 -0.127842 0.861849 -0.089621 -0.334821 0.775896 0.527114
1541977096.716998 1.713395 -0.127785 0.862008 -0.089368 -0.336074 0.776198 0.525913
1541977096.721996 1.713452 -0.127776 0.862212 -0.089735 -0.336855 0.776194 0.525355
1541977096.726994 1.713523 -0.12779 0.862429 -0.08914 -0.337515 0.776519 0.524554
1541977096.731994 1.713624 -0.127873 0.862671 -0.089247 -0.338514 0.776405 0.524059
1541977096.736996 1.713763 -0.128038 0.862982 -0.089774 -0.337833 0.775951 0.52508
1541977096.741999 1.71396 -0.128147 0.863297 -0.089983 -0.338179 0.775405 0.525628
1541977096.746996 1.714161 -0.128344 0.863615 -0.089983 -0.337399 0.775595 0.525849
1541977096.751996 1.71452 -0.128439 0.86388 -0.090146 -0.338275 0.775604 0.525246
1541977096.756997 1.714916 -0.128405 0.864264 -0.089904 -0.339606 0.776191 0.523558
1541977096.761995 1.715295 -0.128645 0.864599 -0.090383 -0.337721 0.776325 0.524494
1541977096.76699 1.715745 -0.128707 0.86499 -0.090074 -0.339075 0.776333 0.523662
1541977096.771984 1.716225 -0.128977 0.86539 -0.09139 -0.339043 0.775881 0.524124
1541977096.776977 1.716736 -0.129183 0.865741 -0.092005 -0.338107 0.776045 0.524379
1541977096.781973 1.717282 -0.129255 0.866189 -0.091605 -0.339406 0.77554 0.524356
1541977096.786964 1.717903 -0.129487 0.866594 -0.093178 -0.338294 0.775136 0.525395
1541977096.791955 1.7186 -0.129501 0.866965 -0.093803 -0.338861 0.775729 0.52404
1541977096.796952 1.719196 -0.129706 0.867345 -0.095233 -0.336589 0.775589 0.525453
1541977096.801951 1.719855 -0.129829 0.867814 -0.095398 -0.336955 0.775525 0.525282
1541977096.806954 1.720714 -0.129919 0.868124 -0.096245 -0.337938 0.775092 0.525135
1541977096.811958 1.721438 -0.129979 0.868665 -0.09598 -0.337286 0.774039 0.527152
1541977096.816963 1.722214 -0.130034 0.869123 -0.096453 -0.33739 0.774007 0.527046
1541977096.821966 1.723191 -0.130065 0.869564 -0.098547 -0.337319 0.772186 0.529372
1541977096.826969 1.723952 -0.13011 0.87005 -0.098635 -0.335479 0.771939 0.530882
1541977096.831975 1.724924 -0.130083 0.870633 -0.100302 -0.336727 0.771023 0.53111
1541977096.836979 1.72583 -0.129955 0.87115 -0.099179 -0.337489 0.77032 0.531858
1541977096.841983 1.72689 -0.129944 0.871702 -0.09939 -0.338748 0.769226 0.532599
1541977096.846983 1.727886 -0.129912 0.872266 -0.101269 -0.338266 0.767623 0.53486
1541977096.851985 1.728884 -0.12987 0.872766 -0.100609 -0.33905 0.766825 0.535632
1541977096.856985 1.729949 -0.129862 0.873344 -0.102768 -0.339556 0.765586 0.536674
1541977096.861987 1.730894 -0.129897 0.873888 -0.103138 -0.337765 0.764791 0.538862
1541977096.867002 1.732017 -0.129677 0.874476 -0.103898 -0.339173 0.764295 0.538535
1541977096.872013 1.733002 -0.129781 0.874977 -0.104714 -0.337559 0.763519 0.540488
1541977096.877018 1.734025 -0.129713 0.87563 -0.105779 -0.337458 0.763179 0.540824
1541977096.88202 1.735104 -0.129828 0.876112 -0.108272 -0.336192 0.761607 0.543329
1541977096.887013 1.736243 -0.129711 0.876728 -0.109754 -0.337331 0.761133 0.54299
1541977096.892004 1.73718 -0.129888 0.877204 -0.110132 -0.333522 0.760746 0.545801
1541977096.896995 1.738282 -0.129766 0.877805 -0.110717 -0.335191 0.760382 0.545168
1541977096.90199 1.739378 -0.129896 0.878284 -0.112636 -0.333432 0.758943 0.547853
1541977096.906991 1.740456 -0.129896 0.87886 -0.113774 -0.332733 0.758371 0.548832
1541977096.911986 1.741415 -0.130091 0.87947 -0.114109 -0.330258 0.75766 0.551235
1541977096.91698 1.742506 -0.130178 0.8801 -0.115288 -0.330649 0.756647 0.552146
1541977096.921975 1.743477 -0.130282 0.880652 -0.114256 -0.329899 0.756334 0.553237
1541977096.926973 1.744729 -0.130327 0.881229 -0.116002 -0.332003 0.754866 0.55362
1541977096.931972 1.745717 -0.130652 0.881779 -0.116056 -0.32953 0.754373 0.555754
1541977096.93697 1.746855 -0.130739 0.882356 -0.116066 -0.330571 0.753325 0.556555
1541977096.941967 1.74781 -0.131006 0.883007 -0.115795 -0.329053 0.753516 0.557252
1541977096.946966 1.749028 -0.131115 0.883441 -0.115625 -0.330901 0.752258 0.557892
1541977096.951964 1.749987 -0.131488 0.884055 -0.117471 -0.328318 0.751671 0.559821
1541977096.956971 1.751192 -0.131529 0.884518 -0.116981 -0.330433 0.750421 0.560355
1541977096.961982 1.75223 -0.131938 0.884995 -0.117935 -0.329633 0.748889 0.562671
1541977096.966991 1.753311 -0.131982 0.885449 -0.115923 -0.330931 0.749389 0.561661
1541977096.971997 1.754428 -0.132265 0.885978 -0.117657 -0.330261 0.748074 0.563445
1541977096.97701 1.75553 -0.132422 0.886501 -0.117178 -0.330212 0.747833 0.563893
1541977096.98202 1.756734 -0.132715 0.886789 -0.117452 -0.330767 0.746609 0.565132
1541977096.987024 1.757877 -0.132985 0.887313 -0.119191 -0.330699 0.745678 0.566036
1541977096.992024 1.759025 -0.13324 0.887708 -0.119954 -0.329113 0.745365 0.567209
1541977096.997015 1.760212 -0.133656 0.888115 -0.121693 -0.32926 0.743605 0.569061
1541977097.002008 1.761387 -0.133946 0.888549 -0.121148 -0.328167 0.743827 0.569518
1541977097.007 1.762633 -0.134254 0.888863 -0.122049 -0.328394 0.743411 0.569738
1541977097.011993 1.763842 -0.134619 0.889443 -0.12275 -0.327929 0.742501 0.571041
1541977097.016989 1.765209 -0.134871 0.88974 -0.122579 -0.328967 0.742021 0.571105
1541977097.021987 1.766402 -0.135286 0.890278 -0.123952 -0.327538 0.741679 0.572072
1541977097.026989 1.767741 -0.135724 0.890585 -0.123288 -0.328089 0.740976 0.572811
1541977097.031987 1.768974 -0.136139 0.891105 -0.124469 -0.327978 0.740742 0.572921
1541977097.036986 1.770261 -0.136568 0.891585 -0.124258 -0.326364 0.740107 0.574707
1541977097.041987 1.771659 -0.13697 0.89203 -0.125028 -0.329006 0.739878 0.573327
1541977097.046985 1.772914 -0.137494 0.892443 -0.124232 -0.326767 0.740091 0.574504
1541977097.05198 1.774316 -0.138006 0.892858 -0.124707 -0.329174 0.738399 0.575205
1541977097.056989 1.775532 -0.138584 0.893354 -0.124588 -0.326245 0.738879 0.576282
1541977097.061998 1.776985 -0.139107 0.893731 -0.124552 -0.328485 0.737561 0.576705
1541977097.067006 1.77835 -0.139549 0.89423 -0.123849 -0.328821 0.73795 0.576167
1541977097.072009 1.779826 -0.140166 0.894608 -0.123792 -0.330641 0.736597 0.576869
1541977097.077011 1.781242 -0.140607 0.894998 -0.122402 -0.3319 0.737326 0.575509
1541977097.082011 1.782787 -0.141268 0.89538 -0.122915 -0.333736 0.736007 0.576027
1541977097.087004 1.784119 -0.141922 0.895857 -0.122707 -0.331402 0.736243 0.577116
1541977097.091989 1.78565 -0.142565 0.896214 -0.122416 -0.332769 0.735842 0.576902
1541977097.096986 1.787052 -0.143295 0.896686 -0.122977 -0.330518 0.736024 0.577844
1541977097.101984 1.788636 -0.14393 0.896997 -0.123081 -0.332767 0.735488 0.577213
1541977097.106983 1.790131 -0.14467 0.897435 -0.123183 -0.331256 0.735276 0.578329
1541977097.11198 1.791716 -0.145365 0.897776 -0.123581 -0.332009 0.734406 0.578917
1541977097.116976 1.793363 -0.146046 0.898131 -0.12324 -0.333695 0.734065 0.578453
1541977097.121977 1.794997 -0.146789 0.898386 -0.124962 -0.333474 0.733252 0.579242
1541977097.126977 1.796598 -0.147567 0.898659 -0.123592 -0.33391 0.7335 0.57897
1541977097.131975 1.798285 -0.148319 0.898921 -0.125491 -0.332654 0.73304 0.579866
1541977097.136975 1.799962 -0.149104 0.899264 -0.125796 -0.333482 0.732543 0.579953
1541977097.141978 1.801728 -0.149732 0.899583 -0.127047 -0.335735 0.732554 0.578364
1541977097.146982 1.803397 -0.15062 0.899876 -0.127681 -0.334746 0.731713 0.57986
1541977097.151986 1.805101 -0.151447 0.900102 -0.12793 -0.335509 0.731515 0.579615
1541977097.156995 1.806774 -0.152407 0.900305 -0.127856 -0.333764 0.731275 0.580941
1541977097.162002 1.808478 -0.153337 0.900483 -0.128065 -0.334468 0.731433 0.58029
1541977097.167005 1.810184 -0.154211 0.900684 -0.126837 -0.334903 0.731545 0.580167
1541977097.172004 1.811914 -0.155311 0.900844 -0.126799 -0.33424 0.731266 0.580909
1541977097.177002 1.813713 -0.156165 0.901084 -0.127198 -0.335251 0.731244 0.580268
1541977097.182 1.815357 -0.15721 0.901304 -0.127392 -0.334818 0.731728 0.579864
1541977097.186992 1.816998 -0.158378 0.901519 -0.127391 -0.332272 0.731568 0.581529
1541977097.191982 1.818951 -0.15926 0.901628 -0.128238 -0.335635 0.732134 0.578692
1541977097.196971 1.820759 -0.160527 0.901844 -0.129871 -0.334606 0.730962 0.580402
1541977097.201968 1.822622 -0.161463 0.90197 -0.128278 -0.337277 0.731071 0.579071
1541977097.206962 1.824579 -0.162328 0.90198 -0.127774 -0.341792 0.730743 0.576946
1541977097.211961 1.826366 -0.163401 0.902013 -0.126219 -0.341003 0.730858 0.57761
1541977097.216965 1.828135 -0.164596 0.902313 -0.127296 -0.340121 0.730125 0.578819
1541977097.221972 1.830053 -0.165472 0.902341 -0.126928 -0.342195 0.730999 0.576569
1541977097.226981 1.831882 -0.166534 0.902462 -0.127003 -0.343095 0.730315 0.576885
1541977097.231991 1.833818 -0.167396 0.902435 -0.125514 -0.345658 0.730527 0.57541
1541977097.236999 1.835667 -0.168493 0.902735 -0.127498 -0.344937 0.729588 0.576597
1541977097.242005 1.837543 -0.169467 0.902903 -0.128038 -0.344443 0.728595 0.578027
1541977097.247008 1.839412 -0.170402 0.902935 -0.126072 -0.346061 0.729179 0.576754
1541977097.25201 1.841497 -0.17125 0.902917 -0.12652 -0.350222 0.72914 0.574189
1541977097.257015 1.843466 -0.172323 0.902958 -0.125742 -0.35206 0.729795 0.5724
1541977097.262017 1.845291 -0.17345 0.903068 -0.127203 -0.350091 0.730007 0.573015
1541977097.267013 1.847136 -0.174549 0.903109 -0.126042 -0.347918 0.729947 0.574668
1541977097.272005 1.848931 -0.175722 0.903322 -0.127775 -0.34685 0.728224 0.577112
1541977097.276997 1.851014 -0.1763 0.903429 -0.125841 -0.352504 0.729754 0.572158
1541977097.28199 1.853043 -0.177263 0.903522 -0.125974 -0.354429 0.729463 0.57131
1541977097.286979 1.854873 -0.178448 0.903562 -0.126017 -0.35178 0.729418 0.572992
1541977097.291973 1.856808 -0.179517 0.903614 -0.126067 -0.350991 0.729396 0.573493
1541977097.296981 1.858706 -0.180605 0.903665 -0.12492 -0.350021 0.729375 0.574363
1541977097.301987 1.860587 -0.181791 0.903845 -0.126548 -0.349277 0.729629 0.574136
1541977097.306993 1.862597 -0.182724 0.903899 -0.125104 -0.351226 0.729267 0.573724
1541977097.312001 1.86454 -0.183852 0.904044 -0.125616 -0.351238 0.72866 0.574375
1541977097.317009 1.866453 -0.184838 0.904165 -0.124584 -0.350622 0.72918 0.574317
1541977097.322013 1.868518 -0.18578 0.904181 -0.124931 -0.353451 0.728487 0.573385
1541977097.327014 1.870324 -0.187213 0.904306 -0.125839 -0.350382 0.72903 0.57438
1541977097.332014 1.872428 -0.188187 0.904286 -0.125519 -0.352364 0.728551 0.573845
1541977097.337014 1.874226 -0.189449 0.904373 -0.125198 -0.35042 0.728178 0.575576
1541977097.342011 1.876396 -0.19028 0.904322 -0.125499 -0.356248 0.727649 0.572594
1541977097.34701 1.878359 -0.19136 0.904271 -0.124942 -0.356815 0.727688 0.572313
1541977097.352005 1.880216 -0.192675 0.904328 -0.125418 -0.355676 0.727524 0.573126
1541977097.357006 1.882071 -0.194021 0.904336 -0.126895 -0.355009 0.727406 0.573364
1541977097.362007 1.883963 -0.195128 0.904295 -0.125571 -0.35675 0.727947 0.571887
1541977097.367004 1.885763 -0.196417 0.904267 -0.125153 -0.355455 0.727151 0.573794
1541977097.371999 1.887762 -0.19762 0.904153 -0.124948 -0.358117 0.727307 0.571983
1541977097.376996 1.889578 -0.199027 0.904101 -0.126965 -0.357942 0.726509 0.572662
1541977097.381995 1.891497 -0.200139 0.903994 -0.126709 -0.359777 0.727538 0.570258
1541977097.386994 1.893377 -0.201388 0.903856 -0.126276 -0.360919 0.727778 0.569325
1541977097.391995 1.894959 -0.203017 0.903926 -0.12831 -0.355714 0.727495 0.572499
1541977097.39699 1.896849 -0.204232 0.903771 -0.127817 -0.358397 0.7281 0.570162
1541977097.401984 1.898593 -0.205604 0.903735 -0.127844 -0.358573 0.728033 0.57013
1541977097.40698 1.900448 -0.206888 0.903727 -0.127888 -0.360699 0.72705 0.570034
1541977097.411975 1.902213 -0.208158 0.903619 -0.12791 -0.360148 0.726778 0.570725
1541977097.416972 1.903891 -0.209736 0.903584 -0.127835 -0.360271 0.727275 0.57003
1541977097.421973 1.905864 -0.210668 0.90331 -0.125829 -0.364671 0.728037 0.566696
1541977097.426977 1.907505 -0.21209 0.903305 -0.127149 -0.36291 0.727564 0.568138
1541977097.431983 1.909215 -0.21334 0.903263 -0.127751 -0.362655 0.727847 0.567803
1541977097.436987 1.911074 -0.214387 0.903153 -0.126688 -0.367112 0.727841 0.565179
1541977097.441993 1.912591 -0.216198 0.902999 -0.128112 -0.362861 0.727755 0.567707
1541977097.446998 1.914431 -0.217239 0.902848 -0.12762 -0.36532 0.727748 0.566249
1541977097.452004 1.916036 -0.21872 0.902723 -0.128668 -0.363428 0.72726 0.567853
1541977097.457011 1.917697 -0.219957 0.902674 -0.128888 -0.364951 0.72692 0.567262
1541977097.462016 1.919457 -0.220987 0.902481 -0.127405 -0.366984 0.72796 0.564947
1541977097.467016 1.921104 -0.222242 0.902406 -0.127815 -0.368016 0.72898 0.562864
1541977097.472015 1.922761 -0.223491 0.902248 -0.129165 -0.367623 0.72908 0.562683
1541977097.477013 1.924346 -0.224771 0.90218 -0.129056 -0.366712 0.729461 0.562808
1541977097.482011 1.925897 -0.226168 0.902137 -0.12999 -0.365756 0.729141 0.563629
1541977097.487007 1.927352 -0.227571 0.901982 -0.129853 -0.363364 0.730173 0.563873
1541977097.491994 1.929111 -0.228593 0.901661 -0.131109 -0.366597 0.728752 0.563328
1541977097.49698 1.93062 -0.229891 0.901634 -0.131778 -0.36595 0.72895 0.563335
1541977097.501973 1.93219 -0.231108 0.901485 -0.133073 -0.366263 0.72878 0.563048
1541977097.506971 1.933665 -0.232253 0.901342 -0.132702 -0.366605 0.728283 0.563556
1541977097.511973 1.935086 -0.233477 0.901211 -0.133304 -0.364972 0.728874 0.56371
1541977097.516975 1.936581 -0.234703 0.90107 -0.13415 -0.364504 0.728638 0.564117
1541977097.521985 1.938012 -0.235988 0.900884 -0.134357 -0.364028 0.72878 0.56419
1541977097.526995 1.939547 -0.237126 0.900687 -0.135078 -0.365712 0.727384 0.564731
1541977097.532005 1.941142 -0.238208 0.900478 -0.137744 -0.367427 0.726477 0.564141
1541977097.537015 1.942513 -0.239458 0.900379 -0.137958 -0.366679 0.725987 0.565205
1541977097.542022 1.943867 -0.240641 0.900211 -0.137878 -0.367078 0.725987 0.564967
1541977097.547017 1.945232 -0.2419 0.900077 -0.139046 -0.365193 0.725338 0.566733
1541977097.552012 1.946729 -0.242911 0.899898 -0.14135 -0.367228 0.725631 0.564467
1541977097.557007 1.947959 -0.244094 0.899795 -0.140722 -0.366576 0.725662 0.565008
1541977097.562003 1.949243 -0.245332 0.899701 -0.140246 -0.366574 0.725065 0.565893
1541977097.567008 1.950575 -0.246363 0.899554 -0.140622 -0.368714 0.72393 0.565863
1541977097.572013 1.95183 -0.247584 0.899543 -0.141855 -0.367527 0.723578 0.566777
1541977097.577018 1.952973 -0.248672 0.899405 -0.140712 -0.367885 0.724153 0.566094
1541977097.582019 1.954214 -0.249689 0.899285 -0.140737 -0.368337 0.723458 0.566683
1541977097.587015 1.955313 -0.250845 0.899262 -0.14126 -0.367235 0.723699 0.56696
1541977097.592005 1.956482 -0.252009 0.899066 -0.141616 -0.366612 0.723468 0.567569
1541977097.596995 1.957504 -0.253217 0.89909 -0.140792 -0.36493 0.723753 0.568494
1541977097.601987 1.95873 -0.254186 0.898999 -0.142213 -0.368301 0.722279 0.567841
1541977097.606976 1.959798 -0.255487 0.898934 -0.143456 -0.366119 0.723316 0.567618
1541977097.61197 1.96074 -0.256615 0.898824 -0.142471 -0.366488 0.722664 0.568459
1541977097.616969 1.961758 -0.25774 0.89872 -0.142464 -0.36681 0.722217 0.568821
1541977097.621972 1.96284 -0.258812 0.898598 -0.142709 -0.368164 0.721935 0.568243
1541977097.626976 1.963776 -0.260098 0.89841 -0.143445 -0.366726 0.721947 0.568971
1541977097.631985 1.964624 -0.26139 0.898327 -0.143361 -0.365159 0.722112 0.569791
1541977097.636996 1.965608 -0.262487 0.898271 -0.144456 -0.365905 0.721923 0.569274
1541977097.642004 1.966203 -0.263709 0.89817 -0.142031 -0.363608 0.722812 0.570228
1541977097.647012 1.967202 -0.26481 0.898012 -0.143542 -0.365435 0.722081 0.569607
1541977097.652019 1.968031 -0.265901 0.897947 -0.143788 -0.366399 0.722177 0.568803
1541977097.657024 1.968731 -0.267172 0.897711 -0.144084 -0.36504 0.722129 0.569663
1541977097.662031 1.969484 -0.268191 0.897529 -0.143 -0.366817 0.721049 0.570162
1541977097.667035 1.970192 -0.269287 0.897451 -0.143568 -0.366494 0.721192 0.570045
1541977097.672031 1.970681 -0.270402 0.897264 -0.141962 -0.365786 0.721498 0.570516
1541977097.677029 1.971363 -0.271428 0.897131 -0.142968 -0.36661 0.720424 0.571092
1541977097.682025 1.971762 -0.272589 0.896972 -0.142362 -0.364589 0.721096 0.571689
1541977097.687016 1.972202 -0.27347 0.896672 -0.140522 -0.365155 0.720553 0.572467
1541977097.692007 1.972728 -0.274454 0.896587 -0.142082 -0.364965 0.720652 0.572078
1541977097.696999 1.973266 -0.275361 0.896276 -0.143161 -0.366381 0.719017 0.572961
1541977097.701992 1.973508 -0.276148 0.896125 -0.141606 -0.365684 0.719173 0.573597
1541977097.706984 1.973957 -0.276872 0.895856 -0.142681 -0.367535 0.717433 0.574326
1541977097.71198 1.974168 -0.27777 0.895578 -0.142727 -0.365468 0.717523 0.57552
1541977097.716979 1.974314 -0.278423 0.895304 -0.141958 -0.364636 0.71736 0.57644
1541977097.721981 1.974677 -0.279132 0.894982 -0.143121 -0.363914 0.71536 0.579088
1541977097.726987 1.974729 -0.279851 0.894622 -0.142638 -0.361824 0.715115 0.580817
1541977097.731994 1.974997 -0.280386 0.894301 -0.144233 -0.36238 0.71414 0.581276
1541977097.736999 1.975041 -0.281061 0.893946 -0.144873 -0.361526 0.712477 0.583685
1541977097.742001 1.975089 -0.281697 0.893514 -0.145467 -0.359558 0.711927 0.585421
1541977097.747001 1.975114 -0.282185 0.893143 -0.146525 -0.359201 0.71139 0.586028
1541977097.751997 1.97509 -0.282678 0.892712 -0.148374 -0.358639 0.710387 0.587123
1541977097.756988 1.974873 -0.283374 0.892168 -0.148847 -0.355903 0.710156 0.588945
1541977097.761983 1.974723 -0.283918 0.891678 -0.150562 -0.354877 0.709769 0.589594
1541977097.766977 1.974597 -0.284465 0.891119 -0.152507 -0.353921 0.708976 0.590622
1541977097.771971 1.974325 -0.285053 0.890668 -0.154173 -0.352513 0.708498 0.591604
1541977097.776969 1.973946 -0.285507 0.890145 -0.154424 -0.352527 0.707471 0.592758
1541977097.781971 1.973521 -0.286094 0.889558 -0.155838 -0.34943 0.707925 0.59368
1541977097.786975 1.973131 -0.28646 0.889091 -0.157108 -0.349372 0.706714 0.594821
1541977097.791992 1.972752 -0.286783 0.888562 -0.158068 -0.349937 0.705085 0.596166
1541977097.797008 1.972131 -0.287105 0.888117 -0.158902 -0.347964 0.704649 0.597612
1541977097.802028 1.971515 -0.28735 0.887688 -0.159687 -0.346034 0.704137 0.599126
1541977097.807042 1.970997 -0.287353 0.887344 -0.159606 -0.348153 0.70215 0.60025
1541977097.81205 1.970365 -0.287463 0.886968 -0.160777 -0.346189 0.700635 0.602839
1541977097.817049 1.969687 -0.287458 0.886663 -0.161434 -0.344746 0.699314 0.60502
1541977097.82204 1.968975 -0.287383 0.886341 -0.161389 -0.344113 0.697549 0.607425
1541977097.827028 1.968331 -0.28716 0.88607 -0.1616 -0.344827 0.695539 0.609267
1541977097.832013 1.967635 -0.287006 0.885777 -0.162498 -0.344179 0.693179 0.612078
1541977097.836989 1.967012 -0.286745 0.885506 -0.16372 -0.344271 0.690966 0.614197
1541977097.841969 1.966131 -0.286609 0.88525 -0.163685 -0.341562 0.689649 0.617193
1541977097.846962 1.96526 -0.286347 0.885042 -0.164307 -0.340056 0.688388 0.619263
1541977097.851958 1.964419 -0.286093 0.884779 -0.164005 -0.33948 0.68648 0.621772
1541977097.856963 1.963681 -0.28584 0.884564 -0.166849 -0.338919 0.684797 0.623176
1541977097.861981 1.962712 -0.285726 0.884241 -0.167787 -0.336144 0.683553 0.625788
1541977097.866997 1.961726 -0.285441 0.883924 -0.167964 -0.334188 0.683306 0.627057
1541977097.872013 1.960807 -0.285235 0.883648 -0.170446 -0.333127 0.682256 0.628093
1541977097.877027 1.959698 -0.28499 0.883377 -0.170338 -0.33026 0.682003 0.629909
1541977097.882033 1.958644 -0.284727 0.883099 -0.172663 -0.329014 0.681089 0.630916
1541977097.887032 1.957513 -0.28443 0.882854 -0.172942 -0.326718 0.680946 0.632185
1541977097.892028 1.95641 -0.284254 0.882578 -0.174014 -0.323788 0.680176 0.634225
1541977097.897012 1.95531 -0.283887 0.882385 -0.175743 -0.323249 0.679605 0.634635
1541977097.901994 1.954164 -0.28351 0.882168 -0.176549 -0.322103 0.67883 0.635823
1541977097.906979 1.95306 -0.283224 0.88199 -0.178439 -0.319507 0.67757 0.637945
1541977097.911968 1.95186 -0.282757 0.881807 -0.1782 -0.318264 0.677597 0.638604
1541977097.916969 1.950755 -0.282292 0.881751 -0.17906 -0.317589 0.676376 0.639992
1541977097.921971 1.9496 -0.281815 0.881719 -0.180291 -0.316303 0.675483 0.641226
1541977097.926972 1.948447 -0.281394 0.88166 -0.181613 -0.314704 0.675063 0.642081
1541977097.931971 1.947275 -0.280888 0.881554 -0.180883 -0.312421 0.674487 0.644005
1541977097.936969 1.946108 -0.28034 0.881637 -0.181133 -0.313126 0.673104 0.645039
1541977097.941965 1.944913 -0.279715 0.88173 -0.181181 -0.313324 0.672388 0.645675
1541977097.946963 1.943638 -0.279249 0.881837 -0.180828 -0.311732 0.672351 0.646583
1541977097.951963 1.942326 -0.278697 0.881834 -0.17993 -0.310504 0.67228 0.647497
1541977097.956968 1.941186 -0.278199 0.881953 -0.18119 -0.310339 0.670947 0.648606
1541977097.961978 1.939926 -0.277527 0.882175 -0.181628 -0.310406 0.670839 0.648563
1541977097.96699 1.938644 -0.276914 0.882266 -0.181432 -0.309144 0.671005 0.64905
1541977097.972003 1.93731 -0.276391 0.882382 -0.180562 -0.306955 0.671228 0.6501
1541977097.977025 1.936062 -0.275837 0.882482 -0.1815 -0.306105 0.671334 0.65013
1541977097.982043 1.934728 -0.275152 0.88268 -0.180274 -0.306159 0.670972 0.650818
1541977097.987056 1.933423 -0.274389 0.882925 -0.179787 -0.305885 0.670485 0.651583
1541977097.992058 1.932089 -0.273738 0.883133 -0.180132 -0.304951 0.670752 0.651651
1541977097.997051 1.930797 -0.272975 0.883293 -0.179941 -0.304447 0.670886 0.651801
1541977098.002041 1.929451 -0.272175 0.883494 -0.178067 -0.303179 0.671628 0.652143
1541977098.007028 1.928216 -0.271393 0.883691 -0.178652 -0.30342 0.67049 0.653041
1541977098.012012 1.9269 -0.270532 0.883893 -0.177955 -0.302686 0.670622 0.653436
1541977098.016994 1.925603 -0.269737 0.88402 -0.178178 -0.301907 0.670284 0.654083
1541977098.021978 1.924318 -0.268815 0.884127 -0.177584 -0.300737 0.670605 0.654454
1541977098.026964 1.923101 -0.268017 0.884265 -0.178404 -0.301149 0.669687 0.654982
1541977098.03195 1.921807 -0.266933 0.884488 -0.178224 -0.30069 0.669543 0.655389
1541977098.036941 1.920558 -0.265885 0.884674 -0.177978 -0.3007 0.669073 0.65593
1541977098.041935 1.919224 -0.264888 0.884738 -0.176884 -0.298522 0.669573 0.65671
1541977098.046932 1.917932 -0.263789 0.884842 -0.176629 -0.298661 0.669047 0.657251
1541977098.051932 1.916679 -0.262667 0.885003 -0.176487 -0.298569 0.66863 0.657756
1541977098.056932 1.915407 -0.261738 0.885052 -0.177018 -0.296056 0.6686 0.658779
1541977098.061947 1.91417 -0.26061 0.885083 -0.177526 -0.295485 0.668329 0.659173
1541977098.066963 1.912978 -0.259353 0.885168 -0.178539 -0.295807 0.668111 0.658977
1541977098.071976 1.91172 -0.258089 0.885251 -0.178288 -0.295096 0.667662 0.659818
1541977098.076986 1.910364 -0.256907 0.885186 -0.1781 -0.293975 0.667774 0.660255
1541977098.081994 1.909193 -0.255641 0.885258 -0.179136 -0.294388 0.666928 0.660646
1541977098.086996 1.907967 -0.25435 0.88531 -0.180293 -0.294417 0.66664 0.660609
1541977098.091986 1.906638 -0.253026 0.885314 -0.17982 -0.29303 0.666661 0.661333
1541977098.09698 1.905326 -0.251724 0.885327 -0.179577 -0.291841 0.66663 0.661956
1541977098.101975 1.904102 -0.250375 0.885293 -0.18014 -0.292206 0.665947 0.662329
1541977098.106972 1.902792 -0.249004 0.885188 -0.179561 -0.29077 0.666202 0.662862
1541977098.11197 1.901574 -0.247568 0.885212 -0.180083 -0.290607 0.666294 0.662699
1541977098.116964 1.900314 -0.246128 0.885161 -0.180919 -0.290647 0.66566 0.66309
1541977098.121959 1.899054 -0.244655 0.885079 -0.181035 -0.289721 0.665882 0.663241
1541977098.126955 1.897847 -0.243108 0.885037 -0.18141 -0.290139 0.665233 0.663608
1541977098.131951 1.896585 -0.241647 0.884921 -0.181083 -0.289733 0.664801 0.664307
1541977098.136947 1.895298 -0.240198 0.884818 -0.181515 -0.288697 0.664187 0.665254
1541977098.141942 1.894197 -0.238628 0.884776 -0.182931 -0.289971 0.663235 0.665261
1541977098.146943 1.892831 -0.237187 0.884604 -0.182929 -0.28643 0.663584 0.666447
1541977098.151945 1.891686 -0.235595 0.884517 -0.183945 -0.287376 0.66326 0.666082
1541977098.15695 1.890414 -0.233958 0.88444 -0.184376 -0.286953 0.663306 0.666099
1541977098.161955 1.889185 -0.232315 0.884299 -0.184081 -0.286679 0.662985 0.666618
1541977098.16696 1.887971 -0.230743 0.884143 -0.185075 -0.286171 0.662327 0.667215
1541977098.171964 1.886771 -0.22921 0.883983 -0.18692 -0.284591 0.662336 0.667368
1541977098.176968 1.885545 -0.227471 0.88395 -0.187225 -0.285589 0.66203 0.667159
1541977098.181969 1.884339 -0.225886 0.883779 -0.187633 -0.284501 0.66135 0.668183
1541977098.186969 1.883121 -0.224166 0.883705 -0.187594 -0.283985 0.66105 0.668711
1541977098.191965 1.881964 -0.222447 0.883633 -0.188749 -0.284061 0.66048 0.668916
1541977098.196961 1.88072 -0.220829 0.88344 -0.189562 -0.282666 0.660689 0.669071
1541977098.201956 1.879532 -0.219068 0.88335 -0.189523 -0.28166 0.660306 0.669884
1541977098.206951 1.878274 -0.217395 0.883243 -0.189874 -0.280147 0.659639 0.671075
1541977098.211949 1.877122 -0.215644 0.8831 -0.189869 -0.279475 0.65942 0.671572
1541977098.216949 1.876005 -0.213937 0.883013 -0.191219 -0.279959 0.658153 0.67223
1541977098.221953 1.874788 -0.212163 0.88285 -0.191084 -0.279068 0.657825 0.67296
1541977098.22696 1.873639 -0.210496 0.882759 -0.191496 -0.27837 0.657526 0.673423
1541977098.231962 1.8725 -0.208692 0.882646 -0.191793 -0.277975 0.657401 0.673624
1541977098.236966 1.871356 -0.206918 0.882557 -0.192109 -0.277501 0.656895 0.674222
1541977098.241969 1.870357 -0.205243 0.8824 -0.194033 -0.277156 0.655467 0.675203
1541977098.246972 1.869128 -0.203475 0.882243 -0.192697 -0.275511 0.654697 0.677003
1541977098.251976 1.868035 -0.201688 0.88215 -0.193546 -0.27509 0.653942 0.677661
1541977098.256974 1.866946 -0.199989 0.881958 -0.194621 -0.273615 0.653589 0.678291
1541977098.261973 1.865942 -0.19824 0.881853 -0.196034 -0.27463 0.652296 0.678719
1541977098.266971 1.864815 -0.196452 0.88168 -0.196559 -0.273318 0.651551 0.679811
1541977098.27197 1.863691 -0.194751 0.881489 -0.197322 -0.272743 0.650413 0.68091
1541977098.276974 1.862598 -0.193065 0.881287 -0.198794 -0.272268 0.649209 0.68182
1541977098.281974 1.861484 -0.19144 0.881056 -0.200866 -0.271104 0.648678 0.682182
1541977098.28697 1.860357 -0.189803 0.880842 -0.201835 -0.270233 0.647887 0.682992
1541977098.291975 1.859235 -0.188117 0.880575 -0.202892 -0.269844 0.64688 0.683787
1541977098.296978 1.858055 -0.186523 0.880273 -0.204228 -0.268402 0.646255 0.684548
1541977098.301976 1.856843 -0.18502 0.87994 -0.205666 -0.266294 0.645802 0.685368
1541977098.306969 1.855669 -0.183489 0.879632 -0.207108 -0.264923 0.644867 0.686345
1541977098.311961 1.854476 -0.182005 0.879294 -0.20857 -0.263224 0.643776 0.687578
1541977098.316953 1.853306 -0.18055 0.878963 -0.210782 -0.26238 0.642817 0.688124
1541977098.321946 1.851993 -0.179146 0.878619 -0.211686 -0.259921 0.64207 0.689475
1541977098.326947 1.85064 -0.177755 0.878275 -0.212594 -0.25824 0.641536 0.690324
1541977098.331956 1.849577 -0.176491 0.877936 -0.216137 -0.257386 0.640443 0.690558
1541977098.336962 1.848288 -0.175139 0.877624 -0.217155 -0.256039 0.639407 0.691698
1541977098.341966 1.847119 -0.173865 0.877262 -0.220081 -0.255157 0.638625 0.691822
1541977098.346969 1.845858 -0.172555 0.876925 -0.221407 -0.253765 0.637421 0.69302
1541977098.351971 1.844625 -0.171187 0.876597 -0.221945 -0.253517 0.63689 0.693427
1541977098.356974 1.843406 -0.169922 0.876249 -0.223649 -0.252066 0.635928 0.69429
1541977098.36197 1.842114 -0.168729 0.87596 -0.224351 -0.24979 0.634414 0.696269
1541977098.366965 1.840836 -0.16754 0.875601 -0.226056 -0.249297 0.633544 0.696686
1541977098.37196 1.839816 -0.166453 0.875308 -0.229211 -0.248447 0.631978 0.697381
1541977098.376962 1.838646 -0.165392 0.87497 -0.231128 -0.247926 0.630555 0.698221
1541977098.381963 1.837372 -0.164278 0.874678 -0.231602 -0.247232 0.629653 0.699124
1541977098.386963 1.836123 -0.16343 0.874338 -0.233529 -0.246651 0.62804 0.700138
1541977098.391962 1.834899 -0.162534 0.874108 -0.235709 -0.247005 0.627129 0.7001
1541977098.396958 1.833479 -0.161667 0.873766 -0.234757 -0.247046 0.626982 0.700536
1541977098.401955 1.832186 -0.160959 0.873484 -0.237917 -0.247042 0.626183 0.700186
1541977098.40695 1.830631 -0.160321 0.873111 -0.237201 -0.244895 0.625648 0.70166
1541977098.411946 1.829307 -0.159764 0.87282 -0.239522 -0.245531 0.625392 0.700877
1541977098.41695 1.827743 -0.159271 0.872472 -0.24066 -0.244125 0.625488 0.700892
1541977098.421956 1.826329 -0.158732 0.872191 -0.241073 -0.244441 0.625336 0.700776
1541977098.426962 1.824754 -0.158278 0.871917 -0.242157 -0.242414 0.626787 0.69981
1541977098.431972 1.823319 -0.157881 0.871628 -0.242729 -0.241269 0.62676 0.700031
1541977098.436987 1.821851 -0.157507 0.871373 -0.244685 -0.240248 0.626855 0.699616
1541977098.441997 1.820383 -0.15723 0.871156 -0.245676 -0.237756 0.627344 0.699682
1541977098.447002 1.819011 -0.156842 0.870892 -0.246979 -0.237604 0.627016 0.699569
1541977098.452 1.817543 -0.156399 0.870717 -0.246583 -0.236831 0.627588 0.699458
1541977098.456994 1.816122 -0.156164 0.870485 -0.247774 -0.234011 0.627373 0.700179
1541977098.461986 1.814787 -0.155952 0.870263 -0.250029 -0.232953 0.626885 0.700167
1541977098.466979 1.813393 -0.155595 0.870162 -0.250575 -0.231577 0.626346 0.70091
1541977098.471972 1.812025 -0.155447 0.869982 -0.251797 -0.229599 0.626256 0.701204
1541977098.476966 1.81064 -0.1553 0.869801 -0.252693 -0.228619 0.626365 0.701104
1541977098.481965 1.809346 -0.155079 0.869681 -0.254167 -0.227736 0.625335 0.701777
1541977098.486965 1.807981 -0.155004 0.869604 -0.25583 -0.226586 0.62481 0.702013
1541977098.491965 1.806529 -0.154891 0.869508 -0.256199 -0.225936 0.625204 0.701737
1541977098.496968 1.805131 -0.154838 0.869363 -0.256201 -0.224943 0.625214 0.702047
1541977098.501968 1.803718 -0.154873 0.86931 -0.25679 -0.224879 0.624544 0.702448
1541977098.506967 1.802334 -0.154951 0.869263 -0.258704 -0.224055 0.624309 0.702218
1541977098.511969 1.800782 -0.15509 0.869098 -0.258346 -0.222352 0.624792 0.702461
1541977098.516973 1.799349 -0.155284 0.869039 -0.258962 -0.223317 0.624637 0.702066
1541977098.521979 1.797785 -0.155449 0.869011 -0.258599 -0.222839 0.624748 0.702253
1541977098.526982 1.796237 -0.155789 0.868901 -0.259479 -0.221942 0.625308 0.701714
1541977098.531982 1.794605 -0.156155 0.868827 -0.259071 -0.22083 0.625596 0.701959
1541977098.536982 1.792955 -0.156521 0.868753 -0.258474 -0.220466 0.626583 0.701412
1541977098.541982 1.79123 -0.157081 0.868655 -0.258563 -0.219409 0.625896 0.702324
1541977098.546982 1.789503 -0.15759 0.868573 -0.258921 -0.218946 0.626138 0.702121
1541977098.551985 1.787816 -0.158191 0.868484 -0.258629 -0.218823 0.626435 0.702002
1541977098.556984 1.785991 -0.158788 0.868401 -0.258689 -0.217965 0.627441 0.701348
1541977098.561986 1.784194 -0.159492 0.868271 -0.258923 -0.21715 0.628888 0.700217
1541977098.566986 1.782384 -0.160188 0.868158 -0.258719 -0.215781 0.629496 0.70017
1541977098.571986 1.780522 -0.161003 0.867976 -0.259255 -0.215133 0.630479 0.699286
1541977098.576987 1.77869 -0.161788 0.867809 -0.259454 -0.214833 0.631851 0.698065
1541977098.581991 1.776797 -0.162575 0.867701 -0.258884 -0.214983 0.632967 0.697219
1541977098.586992 1.774961 -0.163517 0.867534 -0.259962 -0.214556 0.633822 0.696172
1541977098.591986 1.773123 -0.16441 0.867347 -0.260561 -0.214432 0.634482 0.695384
1541977098.596981 1.771216 -0.165306 0.86721 -0.260821 -0.213995 0.635833 0.694186
1541977098.601976 1.769222 -0.166185 0.867055 -0.259597 -0.21359 0.637927 0.692847
1541977098.606972 1.767318 -0.167077 0.866923 -0.259612 -0.213123 0.638969 0.692025
1541977098.611972 1.765466 -0.168034 0.866785 -0.26006 -0.214303 0.639262 0.691221
1541977098.616973 1.763556 -0.168989 0.866595 -0.259841 -0.213251 0.641078 0.689946
1541977098.621965 1.761625 -0.169865 0.866509 -0.25977 -0.214449 0.641935 0.688804
1541977098.626962 1.75968 -0.17096 0.866488 -0.26146 -0.214145 0.641765 0.688417
1541977098.631956 1.757701 -0.171901 0.866373 -0.260475 -0.215377 0.641862 0.688316
1541977098.636959 1.755832 -0.172909 0.866295 -0.261743 -0.214604 0.642664 0.687327
1541977098.64196 1.75389 -0.173846 0.866163 -0.260808 -0.215012 0.643971 0.686331
1541977098.64696 1.751982 -0.17486 0.866166 -0.260972 -0.215475 0.645127 0.685037
1541977098.651958 1.75007 -0.175847 0.866075 -0.26013 -0.216556 0.645265 0.684886
1541977098.656956 1.748171 -0.176905 0.86603 -0.261235 -0.216142 0.645942 0.683958
1541977098.661955 1.746157 -0.177978 0.865957 -0.260319 -0.215667 0.647049 0.68341
1541977098.666954 1.7442 -0.178991 0.865916 -0.259365 -0.214222 0.648778 0.682588
1541977098.671959 1.742353 -0.179986 0.865875 -0.258764 -0.216071 0.648526 0.682473
1541977098.676967 1.740376 -0.181143 0.865809 -0.259809 -0.214859 0.649682 0.681357
1541977098.681976 1.738433 -0.182245 0.865745 -0.258964 -0.213897 0.649781 0.681887
1541977098.686988 1.736545 -0.183301 0.865684 -0.258536 -0.214573 0.650103 0.681531
1541977098.691997 1.734652 -0.184334 0.865613 -0.258236 -0.214836 0.651107 0.680602
1541977098.697014 1.732649 -0.185564 0.865527 -0.258996 -0.213903 0.651826 0.679919
1541977098.702024 1.730656 -0.18682 0.865432 -0.259609 -0.212611 0.652119 0.67981
1541977098.707027 1.728755 -0.187947 0.865395 -0.259559 -0.21262 0.652326 0.679627
1541977098.712022 1.726801 -0.189229 0.865199 -0.260449 -0.211603 0.65326 0.678706
1541977098.717008 1.724837 -0.190556 0.865078 -0.260279 -0.21016 0.653831 0.67867
1541977098.72199 1.722878 -0.191817 0.865073 -0.261658 -0.209718 0.653862 0.678246
1541977098.726972 1.720821 -0.193094 0.864949 -0.260986 -0.208724 0.654366 0.678326
1541977098.731956 1.718981 -0.194658 0.864822 -0.263631 -0.207846 0.654652 0.677295
1541977098.736945 1.716984 -0.196061 0.864621 -0.263428 -0.206072 0.654257 0.678298
1541977098.741941 1.714872 -0.197564 0.86446 -0.263538 -0.202787 0.654867 0.678656
1541977098.746939 1.712872 -0.198995 0.864344 -0.263501 -0.202604 0.655245 0.67836
1541977098.751938 1.71076 -0.200454 0.864219 -0.262999 -0.20079 0.655762 0.678595
1541977098.756942 1.708841 -0.202193 0.864011 -0.264615 -0.199813 0.655868 0.678153
1541977098.76195 1.706608 -0.203651 0.863951 -0.2637 -0.198488 0.657108 0.677697
1541977098.766963 1.704569 -0.205338 0.86376 -0.263166 -0.196602 0.656699 0.678851
1541977098.771976 1.702503 -0.207064 0.863659 -0.264215 -0.196151 0.657182 0.678106
1541977098.776998 1.700424 -0.2087 0.863524 -0.263891 -0.195419 0.657848 0.677797
1541977098.782016 1.698277 -0.21037 0.863467 -0.263264 -0.195832 0.658813 0.676985
1541977098.787029 1.696325 -0.212052 0.863302 -0.263196 -0.196595 0.658502 0.677092
1541977098.792038 1.694155 -0.213944 0.86305 -0.261743 -0.195885 0.658513 0.67785
1541977098.79704 1.692183 -0.215698 0.86286 -0.260979 -0.196353 0.659148 0.677391
1541977098.802038 1.690056 -0.217487 0.862776 -0.2602 -0.196316 0.65934 0.677515
1541977098.80703 1.687971 -0.219297 0.862706 -0.260638 -0.196102 0.659896 0.676867
1541977098.812016 1.685904 -0.221247 0.862534 -0.260415 -0.194949 0.659927 0.677256
1541977098.817001 1.68389 -0.223072 0.862394 -0.258879 -0.195055 0.66129 0.676484
1541977098.821986 1.681785 -0.225042 0.862323 -0.259603 -0.195148 0.660839 0.676621
1541977098.826969 1.679823 -0.226978 0.862198 -0.260101 -0.194921 0.661035 0.676303
1541977098.831955 1.677781 -0.228945 0.862011 -0.259075 -0.193937 0.661956 0.676079
1541977098.836944 1.67575 -0.230859 0.862025 -0.259017 -0.193291 0.661654 0.676581
1541977098.841935 1.673776 -0.232885 0.861943 -0.259481 -0.192663 0.661886 0.676356
1541977098.846931 1.671758 -0.234861 0.861835 -0.258905 -0.191176 0.66202 0.676867
1541977098.851938 1.669916 -0.236927 0.861599 -0.25686 -0.191103 0.663708 0.676013
1541977098.856944 1.668066 -0.239026 0.861425 -0.256679 -0.192501 0.664526 0.674881
1541977098.861952 1.666241 -0.241086 0.861173 -0.256789 -0.192806 0.66562 0.673673
1541977098.86696 1.664318 -0.243058 0.861213 -0.256863 -0.192936 0.666439 0.672797
1541977098.871972 1.662471 -0.245217 0.861047 -0.257342 -0.191457 0.666205 0.673268
1541977098.876979 1.66062 -0.247314 0.861016 -0.257182 -0.190851 0.666257 0.67345
1541977098.881983 1.659028 -0.249458 0.86085 -0.25772 -0.191425 0.665983 0.673352
1541977098.886987 1.657263 -0.251438 0.860908 -0.257928 -0.191772 0.66597 0.673186
1541977098.891988 1.655994 -0.254018 0.860354 -0.25729 -0.191764 0.666129 0.673276
1541977098.89699 1.65439 -0.256224 0.860186 -0.258272 -0.191551 0.665258 0.673822
1541977098.901995 1.652724 -0.258233 0.860116 -0.259018 -0.191338 0.665983 0.672879
1541977098.906995 1.651119 -0.260437 0.860021 -0.259703 -0.189606 0.664661 0.674411
1541977098.911995 1.649604 -0.262621 0.859948 -0.260315 -0.188924 0.664696 0.674331
1541977098.916994 1.648123 -0.264676 0.859989 -0.260881 -0.189013 0.664092 0.674683
1541977098.92199 1.646523 -0.266716 0.860067 -0.261586 -0.187893 0.663959 0.674853
1541977098.926986 1.64499 -0.26872 0.860126 -0.262111 -0.187491 0.664146 0.674578
1541977098.931982 1.643427 -0.270852 0.860158 -0.262828 -0.184978 0.66366 0.67547
1541977098.936976 1.642039 -0.273024 0.860157 -0.264291 -0.18466 0.663206 0.675433
1541977098.941971 1.640542 -0.275125 0.8602 -0.263749 -0.181324 0.664092 0.675677
1541977098.946971 1.639144 -0.277295 0.860239 -0.265266 -0.179471 0.662696 0.676948
1541977098.951971 1.637651 -0.27938 0.860316 -0.265265 -0.177818 0.663384 0.67671
1541977098.95697 1.636145 -0.281532 0.860445 -0.265909 -0.175187 0.662037 0.67846
1541977098.961971 1.634723 -0.283638 0.860573 -0.267136 -0.174143 0.662174 0.678114
1541977098.96697 1.633023 -0.285781 0.860849 -0.26713 -0.171461 0.661968 0.679
1541977098.97197 1.631679 -0.287979 0.86095 -0.26779 -0.170574 0.661033 0.679873
1541977098.976973 1.63024 -0.290203 0.861099 -0.268323 -0.169338 0.660398 0.680589
1541977098.981981 1.628632 -0.292506 0.861209 -0.267842 -0.165435 0.660379 0.681756
1541977098.986987 1.627135 -0.294687 0.861413 -0.268438 -0.166451 0.660147 0.681499
1541977098.991994 1.625572 -0.296896 0.861538 -0.26759 -0.165532 0.659607 0.682578
1541977098.997 1.624014 -0.299124 0.861721 -0.268704 -0.165773 0.660338 0.681375
1541977099.002008 1.622339 -0.301457 0.861771 -0.267342 -0.164265 0.660304 0.682308
1541977099.007002 1.62089 -0.303743 0.861878 -0.267205 -0.166707 0.659392 0.682651
1541977099.012 1.619238 -0.305995 0.861962 -0.267065 -0.166126 0.66043 0.681843
1541977099.016993 1.617567 -0.308503 0.861907 -0.266184 -0.165379 0.66022 0.682573
1541977099.021985 1.615893 -0.310691 0.862064 -0.265182 -0.166806 0.660781 0.682072
1541977099.026979 1.614334 -0.313221 0.86199 -0.266766 -0.165825 0.660732 0.681742
1541977099.031972 1.612605 -0.315441 0.861945 -0.265528 -0.166759 0.661464 0.681287
1541977099.036964 1.611049 -0.317877 0.861869 -0.266279 -0.166317 0.661212 0.681346
1541977099.041959 1.60937 -0.320161 0.861767 -0.265834 -0.166434 0.662264 0.680469
1541977099.046956 1.60799 -0.32267 0.861499 -0.265084 -0.166929 0.661936 0.680959
1541977099.051954 1.606417 -0.324811 0.861507 -0.265357 -0.167202 0.664051 0.678723
1541977099.056956 1.605003 -0.3275 0.861066 -0.265116 -0.162365 0.663358 0.680667
1541977099.061954 1.603393 -0.329733 0.860859 -0.264173 -0.163675 0.664103 0.679993
1541977099.06695 1.601851 -0.33204 0.860726 -0.267212 -0.161654 0.662596 0.680759
1541977099.071952 1.600328 -0.334081 0.860704 -0.268978 -0.161032 0.66398 0.67886
1541977099.076954 1.598829 -0.336221 0.860447 -0.267968 -0.160416 0.664253 0.679138
1541977099.081959 1.597517 -0.338534 0.860139 -0.269922 -0.156551 0.66213 0.681335
1541977099.086964 1.596197 -0.340825 0.859859 -0.269047 -0.15747 0.663486 0.680149
1541977099.091967 1.594658 -0.34279 0.859811 -0.272344 -0.157522 0.662993 0.679306
1541977099.096972 1.593185 -0.34474 0.859707 -0.274669 -0.15511 0.661476 0.680402
1541977099.101975 1.592062 -0.346829 0.859424 -0.275019 -0.153777 0.661033 0.680994
1541977099.106979 1.590836 -0.348898 0.859271 -0.275926 -0.152928 0.660022 0.681799
1541977099.111982 1.588776 -0.349974 0.859726 -0.276766 -0.152123 0.659723 0.681927
1541977099.116982 1.587055 -0.351453 0.859963 -0.277111 -0.150175 0.658455 0.683443
1541977099.121983 1.585802 -0.353433 0.859888 -0.277499 -0.148738 0.65796 0.684076
1541977099.126983 1.584791 -0.355538 0.859758 -0.278001 -0.148122 0.657249 0.684689
1541977099.131983 1.583591 -0.357405 0.859701 -0.278009 -0.147871 0.657175 0.684811
1541977099.136984 1.582322 -0.359138 0.859816 -0.2789 -0.148265 0.656669 0.684849
1541977099.141985 1.581251 -0.361182 0.85978 -0.280502 -0.146865 0.655845 0.685286
1541977099.146985 1.58002 -0.362922 0.859784 -0.279785 -0.146046 0.656975 0.684672
1541977099.151983 1.578743 -0.364581 0.859923 -0.280657 -0.146041 0.657011 0.684281
1541977099.156985 1.577427 -0.366197 0.860187 -0.280916 -0.145518 0.657261 0.684046
1541977099.161985 1.57654 -0.36825 0.860229 -0.282279 -0.14353 0.655412 0.685677
1541977099.166982 1.57534 -0.369998 0.860318 -0.282595 -0.142597 0.656014 0.685165
1541977099.171977 1.57416 -0.37147 0.860742 -0.284564 -0.142656 0.655724 0.684615
1541977099.176965 1.572974 -0.373179 0.861056 -0.284429 -0.141078 0.657151 0.68363
1541977099.181953 1.571804 -0.37473 0.861383 -0.285644 -0.140813 0.657487 0.682854
1541977099.186948 1.570968 -0.376553 0.861531 -0.286718 -0.139858 0.655996 0.684033
1541977099.191945 1.569807 -0.378152 0.861879 -0.287154 -0.138715 0.657287 0.682843
1541977099.196945 1.568925 -0.379778 0.86213 -0.287197 -0.138469 0.656745 0.683396
1541977099.201952 1.567928 -0.381365 0.862403 -0.286135 -0.137226 0.65834 0.682557
1541977099.206962 1.566994 -0.38292 0.862787 -0.286094 -0.137084 0.658454 0.682493
1541977099.211975 1.566033 -0.384384 0.863256 -0.285855 -0.137009 0.658905 0.682172
1541977099.216985 1.565381 -0.38595 0.863521 -0.286898 -0.137537 0.657293 0.683183
1541977099.22199 1.564393 -0.38736 0.863879 -0.285257 -0.137305 0.65926 0.682021
1541977099.226995 1.563638 -0.388763 0.864176 -0.284787 -0.137579 0.659626 0.681808
1541977099.232005 1.562872 -0.390074 0.864654 -0.285559 -0.137683 0.659641 0.681449
1541977099.237013 1.5623 -0.391567 0.864997 -0.285407 -0.137594 0.658496 0.682637
1541977099.242018 1.561593 -0.39273 0.865399 -0.282037 -0.137604 0.660353 0.682242
1541977099.247017 1.560827 -0.393844 0.865857 -0.282157 -0.138633 0.661605 0.68077
1541977099.252022 1.560463 -0.39513 0.866204 -0.281719 -0.139847 0.660695 0.681585
1541977099.257024 1.559945 -0.396428 0.866468 -0.279901 -0.138607 0.661221 0.682078
1541977099.262022 1.559349 -0.397397 0.866902 -0.280464 -0.140264 0.662271 0.680487
1541977099.267015 1.558955 -0.398569 0.867282 -0.280821 -0.139756 0.661335 0.681355
1541977099.272006 1.558554 -0.399503 0.867632 -0.280305 -0.140308 0.66248 0.68034
1541977099.27699 1.558325 -0.400523 0.867905 -0.279656 -0.140989 0.661737 0.681189
1541977099.281973 1.558116 -0.401469 0.868218 -0.281112 -0.141118 0.661008 0.681271
1541977099.286957 1.557949 -0.402473 0.868334 -0.28 -0.140124 0.661065 0.681878
1541977099.291945 1.557666 -0.403227 0.868622 -0.279472 -0.140385 0.662392 0.680753
1541977099.29694 1.557547 -0.404137 0.868833 -0.28014 -0.138444 0.662889 0.680391
1541977099.301938 1.557348 -0.404867 0.869197 -0.278872 -0.135576 0.664924 0.679504
1541977099.306942 1.557419 -0.405481 0.86942 -0.28028 -0.136126 0.664476 0.679253
1541977099.311949 1.557435 -0.406075 0.869545 -0.280308 -0.136719 0.664458 0.67914
1541977099.316964 1.557503 -0.406656 0.869649 -0.280599 -0.136404 0.664428 0.679112
1541977099.321984 1.557603 -0.407152 0.869793 -0.280612 -0.136374 0.664522 0.679021
1541977099.327 1.55776 -0.407545 0.86988 -0.280629 -0.137354 0.664767 0.678577
1541977099.33201 1.557952 -0.407868 0.869965 -0.279988 -0.136995 0.665502 0.678194
1541977099.337015 1.55824 -0.408181 0.870034 -0.279924 -0.137094 0.665395 0.678304
1541977099.342019 1.558585 -0.40859 0.87017 -0.278481 -0.134507 0.665248 0.67956
1541977099.34702 1.559066 -0.408823 0.870116 -0.278615 -0.13545 0.664088 0.680451
1541977099.352021 1.559527 -0.40893 0.87016 -0.277886 -0.135388 0.664378 0.680479
1541977099.35702 1.559936 -0.408943 0.870109 -0.277674 -0.135389 0.66533 0.679635
1541977099.362016 1.560309 -0.408803 0.870069 -0.278105 -0.137289 0.666937 0.677499
1541977099.367006 1.560756 -0.408787 0.8699 -0.278829 -0.137557 0.667209 0.676878
1541977099.371995 1.561165 -0.408529 0.869768 -0.278978 -0.138333 0.668712 0.675174
1541977099.376984 1.561799 -0.4081 0.869671 -0.278642 -0.141012 0.669451 0.674025
1541977099.381974 1.562576 -0.407836 0.869512 -0.279359 -0.141455 0.668432 0.674647
1541977099.386967 1.563227 -0.407318 0.869224 -0.277697 -0.142492 0.670593 0.672968
1541977099.391959 1.564117 -0.406786 0.868967 -0.278071 -0.144498 0.669548 0.673426
1541977099.396955 1.564864 -0.405951 0.86877 -0.276455 -0.145953 0.671582 0.671751
1541977099.401946 1.565865 -0.405246 0.868456 -0.274723 -0.14572 0.671487 0.672605
1541977099.406941 1.566711 -0.404365 0.868153 -0.273749 -0.145746 0.672408 0.672076
1541977099.411941 1.567905 -0.403265 0.867837 -0.274343 -0.149509 0.670789 0.672626
1541977099.416945 1.568893 -0.401931 0.867418 -0.27149 -0.151484 0.673256 0.670874
1541977099.421949 1.570107 -0.400758 0.866991 -0.270865 -0.152536 0.672515 0.671631
1541977099.426957 1.571368 -0.399328 0.86646 -0.269706 -0.153151 0.672982 0.67149
1541977099.431964 1.572581 -0.397614 0.865985 -0.268296 -0.155764 0.674068 0.670364
1541977099.43697 1.573981 -0.396019 0.865354 -0.267948 -0.156101 0.673151 0.671345
1541977099.441977 1.575424 -0.394253 0.864669 -0.2677 -0.156875 0.673049 0.671365
1541977099.446982 1.576967 -0.392473 0.864059 -0.268641 -0.157371 0.672267 0.671657
1541977099.451987 1.578543 -0.390471 0.863266 -0.268691 -0.158461 0.671425 0.672224
1541977099.456992 1.58024 -0.388492 0.862647 -0.268096 -0.158027 0.670054 0.673928
1541977099.461993 1.581944 -0.38623 0.861772 -0.267719 -0.160978 0.66942 0.67401
1541977099.46699 1.583643 -0.383993 0.860894 -0.267931 -0.159685 0.668835 0.674814
1541977099.471987 1.585464 -0.381555 0.860078 -0.270387 -0.163319 0.667121 0.674661
1541977099.476981 1.587237 -0.379117 0.859207 -0.269496 -0.162496 0.667012 0.675324
1541977099.481976 1.589191 -0.376498 0.858239 -0.268874 -0.16487 0.665774 0.676217
1541977099.486972 1.591123 -0.373889 0.857262 -0.269861 -0.165441 0.664685 0.676755
1541977099.49197 1.592922 -0.371154 0.856397 -0.269089 -0.165401 0.66573 0.676046
1541977099.49697 1.59488 -0.36835 0.855463 -0.268251 -0.166565 0.66522 0.676595
1541977099.501968 1.596997 -0.365466 0.85441 -0.26772 -0.170324 0.663506 0.677551
1541977099.506965 1.599088 -0.362545 0.853329 -0.266388 -0.172056 0.662496 0.678626
1541977099.511963 1.601083 -0.359373 0.852526 -0.266555 -0.173183 0.66246 0.678308
1541977099.516961 1.60327 -0.356158 0.851669 -0.267475 -0.176215 0.660288 0.679283
1541977099.521961 1.605359 -0.353044 0.850641 -0.265813 -0.178111 0.659601 0.680108
1541977099.526961 1.60747 -0.349818 0.849732 -0.266268 -0.180433 0.659791 0.679132
1541977099.53196 1.609738 -0.346683 0.848765 -0.265705 -0.181632 0.658806 0.679989
1541977099.536962 1.611934 -0.343513 0.847752 -0.262727 -0.182267 0.659561 0.680245
1541977099.541966 1.614166 -0.340258 0.846847 -0.262895 -0.186175 0.65869 0.679965
1541977099.546972 1.616396 -0.337034 0.846002 -0.26467 -0.188434 0.656861 0.680423
1541977099.551982 1.618784 -0.333936 0.845054 -0.263292 -0.189322 0.655764 0.681768
1541977099.556989 1.620941 -0.330557 0.844273 -0.26225 -0.191168 0.656206 0.681229
1541977099.56199 1.623226 -0.327416 0.843415 -0.263174 -0.193454 0.654865 0.681518
1541977099.566988 1.625608 -0.32423 0.842428 -0.261006 -0.195817 0.655547 0.681021
1541977099.571983 1.627965 -0.321023 0.841447 -0.257466 -0.198588 0.65699 0.680175
1541977099.576975 1.630312 -0.317927 0.840625 -0.258776 -0.198217 0.654784 0.681911
1541977099.581974 1.632604 -0.314746 0.839777 -0.258656 -0.19979 0.654785 0.681496
1541977099.586974 1.634934 -0.311628 0.838818 -0.258111 -0.201048 0.654924 0.6812
1541977099.591975 1.637344 -0.308573 0.837718 -0.254705 -0.203546 0.655177 0.681496
1541977099.596977 1.640099 -0.305859 0.836473 -0.251184 -0.205671 0.655954 0.681418
1541977099.601977 1.642519 -0.302733 0.835601 -0.250655 -0.207951 0.655463 0.681393
1541977099.606977 1.645076 -0.299873 0.834743 -0.251976 -0.208156 0.654215 0.682042
1541977099.611977 1.647375 -0.296888 0.833713 -0.248527 -0.209785 0.65597 0.681122
1541977099.616976 1.649797 -0.293947 0.832816 -0.249128 -0.212345 0.655749 0.680322
1541977099.621981 1.652314 -0.29097 0.831869 -0.248221 -0.215001 0.656209 0.679375
1541977099.626982 1.654582 -0.288024 0.831144 -0.247993 -0.215923 0.65584 0.679522
1541977099.631983 1.657019 -0.285247 0.830227 -0.246495 -0.216582 0.655862 0.679836
1541977099.636984 1.659292 -0.282298 0.829495 -0.245562 -0.218142 0.656344 0.67921
1541977099.641984 1.661838 -0.279699 0.828606 -0.246237 -0.220603 0.657057 0.677479
1541977099.646985 1.664442 -0.277365 0.827549 -0.245426 -0.22192 0.65721 0.677195
1541977099.651991 1.666852 -0.274733 0.826735 -0.245518 -0.223213 0.658423 0.675556
1541977099.656998 1.669326 -0.27226 0.82594 -0.244566 -0.22547 0.658766 0.674817
1541977099.662003 1.671817 -0.269908 0.824979 -0.243407 -0.227605 0.660538 0.672784
1541977099.667002 1.674103 -0.26748 0.824339 -0.243614 -0.22801 0.660965 0.672153
1541977099.672002 1.676481 -0.264865 0.823609 -0.243591 -0.23163 0.6609 0.670986
1541977099.676995 1.679081 -0.262908 0.822587 -0.243809 -0.232237 0.661629 0.669978
1541977099.681989 1.681325 -0.260472 0.821903 -0.244602 -0.233229 0.661431 0.66954
1541977099.686982 1.68417 -0.258855 0.820616 -0.243707 -0.236047 0.664139 0.666189
1541977099.691974 1.686467 -0.256734 0.819858 -0.244435 -0.236813 0.664452 0.665338
1541977099.696969 1.689119 -0.254895 0.818862 -0.245364 -0.2398 0.664915 0.663461
1541977099.701968 1.69136 -0.25312 0.818074 -0.246403 -0.238755 0.66537 0.662996
1541977099.706968 1.694013 -0.251487 0.817068 -0.24644 -0.241563 0.666604 0.660722
1541977099.711968 1.696287 -0.249463 0.816298 -0.245619 -0.244504 0.667391 0.65915
1541977099.716979 1.698818 -0.247905 0.815313 -0.24484 -0.249602 0.67081 0.654038
1541977099.721989 1.701502 -0.24665 0.814238 -0.245824 -0.251728 0.67139 0.652258
1541977099.726994 1.70375 -0.245201 0.813464 -0.24695 -0.252569 0.672659 0.650196
1541977099.731999 1.706317 -0.243927 0.812505 -0.247649 -0.255562 0.673321 0.648072
1541977099.737 1.70855 -0.24252 0.811696 -0.246651 -0.259073 0.675479 0.644804
1541977099.741998 1.710786 -0.241192 0.810912 -0.247391 -0.259872 0.675803 0.643859
1541977099.746999 1.713094 -0.240026 0.810071 -0.246698 -0.262863 0.676711 0.641955
1541977099.752008 1.7151 -0.238739 0.809451 -0.246163 -0.26455 0.678801 0.639255
1541977099.757014 1.717212 -0.237561 0.808823 -0.247814 -0.266642 0.679594 0.6369
1541977099.762012 1.719299 -0.23633 0.808194 -0.245838 -0.270482 0.681545 0.633956
1541977099.767003 1.721442 -0.235255 0.80757 -0.245139 -0.274367 0.683224 0.630741
1541977099.771992 1.723576 -0.234174 0.807081 -0.24574 -0.277944 0.684012 0.628082
1541977099.776983 1.725622 -0.233146 0.806606 -0.246312 -0.280101 0.685343 0.625443
1541977099.781971 1.727602 -0.232066 0.80604 -0.245363 -0.284203 0.686746 0.622419
1541977099.786959 1.729554 -0.231018 0.805552 -0.243178 -0.287161 0.688478 0.620001
1541977099.791948 1.731586 -0.230001 0.805156 -0.24152 -0.290645 0.690034 0.61729
1541977099.796939 1.733649 -0.228964 0.804781 -0.241461 -0.294956 0.690974 0.614208
1541977099.80193 1.735565 -0.227868 0.804437 -0.239078 -0.300317 0.693002 0.610245
1541977099.806926 1.737564 -0.226915 0.804076 -0.238224 -0.30491 0.693933 0.607236
1541977099.811928 1.739495 -0.225746 0.803744 -0.236429 -0.308878 0.694492 0.605291
1541977099.816935 1.741364 -0.224441 0.803571 -0.235628 -0.314223 0.695267 0.601952
1541977099.821946 1.743288 -0.22319 0.803342 -0.232963 -0.319405 0.696818 0.59846
1541977099.826968 1.745244 -0.222076 0.803056 -0.230709 -0.323186 0.698128 0.595769
1541977099.831989 1.747134 -0.220778 0.802944 -0.229514 -0.329006 0.699098 0.591896
1541977099.83701 1.749172 -0.219426 0.802859 -0.229399 -0.334461 0.698991 0.589002
1541977099.842029 1.750879 -0.217823 0.802831 -0.226389 -0.33843 0.700083 0.586598
1541977099.847047 1.752968 -0.216553 0.802695 -0.227165 -0.3436 0.698742 0.584889
1541977099.852055 1.754851 -0.215189 0.802566 -0.227566 -0.345458 0.699041 0.583279
1541977099.857058 1.757116 -0.213754 0.802483 -0.227791 -0.349561 0.699608 0.580058
1541977099.862054 1.759221 -0.21231 0.802393 -0.227293 -0.353061 0.69949 0.578272
1541977099.867043 1.761429 -0.210789 0.802364 -0.229389 -0.355906 0.698539 0.576849
1541977099.872026 1.763427 -0.209212 0.802417 -0.229969 -0.356737 0.697347 0.577547
1541977099.877007 1.765447 -0.207586 0.802442 -0.229447 -0.357003 0.696797 0.578253
1541977099.881981 1.767445 -0.205782 0.80261 -0.2289 -0.358062 0.697052 0.577507
1541977099.886958 1.769659 -0.204015 0.802755 -0.231359 -0.358549 0.695667 0.577896
1541977099.891937 1.771722 -0.201986 0.802968 -0.230222 -0.358819 0.694548 0.579525
1541977099.896922 1.773889 -0.200059 0.803288 -0.231895 -0.3592 0.693199 0.580237
1541977099.901908 1.776114 -0.19816 0.803668 -0.234228 -0.360252 0.692225 0.579811
1541977099.906898 1.778227 -0.195992 0.803997 -0.23341 -0.360203 0.691345 0.58122
1541977099.911895 1.780383 -0.194044 0.804347 -0.23371 -0.359284 0.689833 0.583459
1541977099.916895 1.782606 -0.192066 0.804888 -0.236784 -0.358587 0.688701 0.583986
1541977099.921898 1.784934 -0.189785 0.805428 -0.238703 -0.361377 0.686606 0.583952
1541977099.926904 1.787087 -0.187642 0.805954 -0.238981 -0.361972 0.685138 0.585193
1541977099.931911 1.789457 -0.18548 0.806583 -0.241484 -0.364256 0.683195 0.585019
1541977099.936925 1.791533 -0.183141 0.807265 -0.240714 -0.364546 0.681689 0.58691
1541977099.941941 1.793737 -0.180892 0.808002 -0.241963 -0.365755 0.680176 0.587399
1541977099.946957 1.796021 -0.178734 0.808779 -0.244571 -0.366884 0.677579 0.588615
1541977099.951969 1.798061 -0.176409 0.809477 -0.24184 -0.366892 0.676244 0.591268
1541977099.956975 1.800153 -0.174082 0.810364 -0.242758 -0.366981 0.67464 0.592667
1541977099.961978 1.802304 -0.171889 0.811114 -0.244158 -0.368083 0.672918 0.593366
1541977099.966978 1.804289 -0.16948 0.811956 -0.24235 -0.368672 0.670769 0.596168
1541977099.971978 1.806562 -0.167446 0.812846 -0.246683 -0.36964 0.668171 0.596708
1541977099.976975 1.80849 -0.165093 0.813623 -0.244042 -0.369112 0.666699 0.59976
1541977099.981968 1.810414 -0.162881 0.814359 -0.243376 -0.368724 0.664489 0.602714
1541977099.98696 1.812326 -0.160776 0.815082 -0.241987 -0.368482 0.662524 0.605578
1541977099.991951 1.814386 -0.158732 0.815888 -0.244817 -0.36887 0.659784 0.607194
1541977099.996942 1.816175 -0.156667 0.816601 -0.24362 -0.367604 0.658557 0.60977
1541977100.001932 1.818089 -0.154722 0.81738 -0.244966 -0.367332 0.656727 0.611366
1541977100.006923 1.819888 -0.152781 0.818092 -0.24521 -0.366583 0.654894 0.61368
1541977100.011916 1.821665 -0.150943 0.818908 -0.245797 -0.366449 0.652995 0.615546
1541977100.016917 1.823367 -0.14918 0.819601 -0.245929 -0.364636 0.651752 0.617883
1541977100.021921 1.825028 -0.147397 0.820317 -0.246033 -0.364849 0.650441 0.619096
1541977100.026928 1.82666 -0.145746 0.821049 -0.247454 -0.36333 0.649006 0.620926
1541977100.031936 1.828182 -0.144106 0.821667 -0.246714 -0.363005 0.647486 0.622994
1541977100.036942 1.829833 -0.142558 0.822398 -0.248903 -0.362582 0.64591 0.624004
1541977100.041947 1.8312 -0.140949 0.823128 -0.247229 -0.362242 0.644859 0.625951
1541977100.046951 1.832628 -0.139394 0.823746 -0.247143 -0.361974 0.643091 0.627956
1541977100.051953 1.834054 -0.137982 0.82444 -0.24858 -0.361637 0.641061 0.629656
1541977100.056953 1.835331 -0.136415 0.825055 -0.247651 -0.362022 0.639654 0.63123
1541977100.061954 1.836714 -0.134972 0.825674 -0.248901 -0.363344 0.637298 0.632361
1541977100.066952 1.837938 -0.133672 0.826334 -0.249275 -0.361998 0.635478 0.634812
1541977100.07195 1.839122 -0.132118 0.82697 -0.24936 -0.363629 0.632986 0.636335
1541977100.076948 1.840165 -0.13069 0.827458 -0.247605 -0.362406 0.631075 0.639607
1541977100.081947 1.841214 -0.129282 0.828017 -0.247007 -0.363067 0.629186 0.641323
1541977100.086945 1.84228 -0.128105 0.828539 -0.248487 -0.362373 0.627 0.643281
1541977100.091938 1.84325 -0.126958 0.829025 -0.250588 -0.362002 0.624149 0.645444
1541977100.096934 1.843966 -0.125705 0.829311 -0.249273 -0.360679 0.623095 0.647708
1541977100.101933 1.844695 -0.124669 0.829671 -0.249901 -0.359793 0.620974 0.649992
1541977100.106934 1.845153 -0.123621 0.829936 -0.248535 -0.357794 0.620567 0.652005
1541977100.111941 1.845669 -0.122752 0.830122 -0.250405 -0.356278 0.619352 0.653274
1541977100.116948 1.845999 -0.121905 0.830259 -0.250509 -0.354696 0.618601 0.654805
1541977100.121953 1.846151 -0.121172 0.830356 -0.249657 -0.352292 0.618586 0.656439
1541977100.126958 1.846379 -0.120509 0.830375 -0.252176 -0.350669 0.617479 0.657387
1541977100.131963 1.846315 -0.119805 0.830437 -0.251072 -0.347692 0.617294 0.659561
1541977100.136965 1.846238 -0.119281 0.830424 -0.251558 -0.345678 0.616919 0.660785
1541977100.141964 1.84607 -0.118512 0.830451 -0.251038 -0.344831 0.616121 0.662168
1541977100.146963 1.845728 -0.117931 0.830458 -0.249885 -0.343708 0.615884 0.663407
1541977100.15197 1.845417 -0.117332 0.830465 -0.249292 -0.343434 0.61499 0.664601
1541977100.156976 1.844964 -0.116707 0.830478 -0.248933 -0.342813 0.61455 0.665462
1541977100.161983 1.844517 -0.116108 0.830385 -0.248078 -0.343394 0.613009 0.666902
1541977100.166992 1.843908 -0.115406 0.830327 -0.245932 -0.343967 0.612547 0.667825
1541977100.171995 1.843232 -0.114726 0.830253 -0.244297 -0.344296 0.61145 0.66926
1541977100.176994 1.84253 -0.114126 0.830126 -0.243121 -0.344988 0.610176 0.670493
1541977100.18199 1.841725 -0.113494 0.829947 -0.241525 -0.345741 0.6096 0.671205
1541977100.186983 1.840967 -0.112913 0.829737 -0.241526 -0.346574 0.608435 0.671833
1541977100.191972 1.840059 -0.112469 0.829491 -0.241478 -0.346191 0.607879 0.67255
1541977100.196966 1.83905 -0.111753 0.829223 -0.239938 -0.347103 0.607655 0.672834
1541977100.201956 1.838093 -0.111262 0.828884 -0.241072 -0.347336 0.606245 0.673579
1541977100.206947 1.837015 -0.110762 0.828542 -0.240909 -0.346632 0.60575 0.674446
1541977100.211945 1.835872 -0.110125 0.828147 -0.240601 -0.34614 0.605762 0.674796
1541977100.216953 1.834751 -0.109694 0.827853 -0.243004 -0.346203 0.604565 0.674977
1541977100.22196 1.833505 -0.109063 0.827474 -0.242673 -0.345044 0.604037 0.676161
1541977100.226967 1.832203 -0.10855 0.827139 -0.244036 -0.34312 0.604361 0.67636
1541977100.231974 1.830911 -0.107946 0.826908 -0.244599 -0.343189 0.603564 0.676834
1541977100.23698 1.829534 -0.107436 0.826603 -0.245489 -0.339976 0.603408 0.67827
1541977100.241989 1.828158 -0.106825 0.826473 -0.246329 -0.339432 0.602384 0.679148
1541977100.247 1.826659 -0.106322 0.826253 -0.246456 -0.336328 0.601895 0.681077
1541977100.252014 1.825195 -0.10579 0.826187 -0.248417 -0.335411 0.601494 0.681171
1541977100.257027 1.823668 -0.10532 0.826217 -0.250095 -0.334515 0.600291 0.682058
1541977100.262032 1.822048 -0.104855 0.82618 -0.250723 -0.333389 0.599644 0.682947
1541977100.267032 1.820181 -0.104434 0.82625 -0.250432 -0.331094 0.600589 0.68334
1541977100.272025 1.818413 -0.103821 0.82639 -0.249349 -0.331983 0.600086 0.683746
1541977100.277016 1.816426 -0.103372 0.826587 -0.248039 -0.330191 0.600418 0.684799
1541977100.282001 1.814335 -0.102968 0.826745 -0.245834 -0.329543 0.600854 0.685523
1541977100.286984 1.812309 -0.102518 0.827036 -0.244487 -0.329595 0.601678 0.685256
1541977100.291973 1.810174 -0.102099 0.827332 -0.242108 -0.330235 0.601608 0.685854
1541977100.296969 1.807877 -0.101768 0.827615 -0.240541 -0.328362 0.602616 0.68642
1541977100.301964 1.805509 -0.101439 0.827825 -0.237786 -0.326617 0.603988 0.687006
1541977100.306958 1.803235 -0.101013 0.828208 -0.236384 -0.328211 0.605093 0.685757
1541977100.311951 1.800922 -0.100675 0.828504 -0.234812 -0.327604 0.605993 0.685792
1541977100.316945 1.798534 -0.100233 0.82882 -0.232526 -0.328996 0.607697 0.684396
1541977100.321943 1.796241 -0.099855 0.829252 -0.232205 -0.330846 0.608627 0.682784
1541977100.326942 1.793788 -0.09951 0.829681 -0.230505 -0.330377 0.609929 0.682426
1541977100.331941 1.791225 -0.099099 0.830023 -0.227211 -0.330031 0.61139 0.682391
1541977100.336948 1.788539 -0.098571 0.830452 -0.222223 -0.329627 0.614762 0.681197
1541977100.341959 1.786226 -0.098474 0.830819 -0.223473 -0.32927 0.614401 0.681287
1541977100.346969 1.783617 -0.097913 0.831257 -0.219818 -0.329881 0.617532 0.679347
1541977100.351974 1.78106 -0.097644 0.831566 -0.217866 -0.329758 0.619197 0.67852
1541977100.356976 1.778643 -0.097414 0.831922 -0.217776 -0.330408 0.620408 0.677125
1541977100.361975 1.776063 -0.096986 0.832241 -0.21476 -0.331319 0.623173 0.675101
1541977100.366974 1.773455 -0.096573 0.832615 -0.211142 -0.331575 0.62458 0.674816
1541977100.371971 1.770892 -0.09619 0.832975 -0.208472 -0.332375 0.627708 0.672346
1541977100.37697 1.76828 -0.095777 0.833248 -0.204656 -0.332762 0.630675 0.670548
1541977100.381967 1.765845 -0.095457 0.833529 -0.202634 -0.333915 0.632657 0.668719
1541977100.386967 1.763407 -0.095021 0.833786 -0.200866 -0.336148 0.6347 0.666194
1541977100.391972 1.760807 -0.094594 0.833959 -0.19685 -0.335639 0.637481 0.664992
1541977100.396975 1.758713 -0.094237 0.834154 -0.198304 -0.33981 0.639334 0.660649
1541977100.401977 1.756272 -0.093709 0.834215 -0.194482 -0.340825 0.641311 0.659344
1541977100.406979 1.753952 -0.093219 0.834361 -0.192353 -0.342429 0.643769 0.656738
1541977100.411978 1.751757 -0.092653 0.834431 -0.19071 -0.345977 0.645927 0.653229
1541977100.416975 1.749529 -0.092171 0.834455 -0.188578 -0.347734 0.647928 0.650929
1541977100.421972 1.747365 -0.09158 0.834549 -0.185022 -0.351627 0.650124 0.647661
1541977100.426971 1.745245 -0.091019 0.834587 -0.182456 -0.353954 0.652828 0.644393
1541977100.431976 1.743184 -0.090571 0.834741 -0.17996 -0.357662 0.654642 0.641199
1541977100.436982 1.741214 -0.089923 0.834869 -0.177041 -0.362582 0.656605 0.637229
1541977100.441986 1.739106 -0.08932 0.834903 -0.172727 -0.364194 0.659691 0.634299
1541977100.446989 1.737244 -0.088628 0.835061 -0.16976 -0.369302 0.661598 0.630148
1541977100.451992 1.735358 -0.088009 0.835155 -0.16639 -0.37189 0.663604 0.627408
1541977100.456994 1.733455 -0.087244 0.835215 -0.163216 -0.374912 0.667092 0.622728
1541977100.461994 1.731734 -0.086637 0.835298 -0.159817 -0.377358 0.668594 0.620517
1541977100.466992 1.730006 -0.086002 0.835328 -0.157771 -0.379525 0.671553 0.616511
1541977100.471986 1.728423 -0.085206 0.835412 -0.155692 -0.381808 0.674216 0.612712
1541977100.476982 1.726786 -0.084583 0.835494 -0.152606 -0.383352 0.676722 0.609754
1541977100.481975 1.725307 -0.083863 0.835548 -0.15086 -0.385446 0.678582 0.606793
1541977100.486966 1.723814 -0.083102 0.835595 -0.148496 -0.386343 0.681455 0.603578
1541977100.491957 1.722438 -0.082188 0.8357 -0.146781 -0.38736 0.684404 0.599999
1541977100.49696 1.720993 -0.081515 0.835785 -0.144767 -0.386348 0.686314 0.598958
1541977100.501962 1.719704 -0.08068 0.835894 -0.142386 -0.386392 0.688673 0.596789
1541977100.506963 1.718509 -0.079762 0.836003 -0.140293 -0.387211 0.691224 0.593797
1541977100.511967 1.717325 -0.078933 0.836173 -0.138521 -0.38684 0.693618 0.59166
1541977100.516971 1.716268 -0.077939 0.836316 -0.137022 -0.388136 0.695633 0.588787
1541977100.521974 1.715173 -0.076942 0.836512 -0.134386 -0.388059 0.698214 0.586386
1541977100.526974 1.714192 -0.075957 0.836745 -0.132899 -0.387791 0.700046 0.584714
1541977100.531975 1.713233 -0.074894 0.83694 -0.130595 -0.388066 0.702355 0.582278
1541977100.536973 1.712367 -0.073798 0.837172 -0.128583 -0.389349 0.703826 0.580089
1541977100.541967 1.711675 -0.07264 0.837462 -0.127566 -0.392285 0.70433 0.577719
1541977100.546965 1.710929 -0.071428 0.837729 -0.125598 -0.393188 0.705923 0.575588
1541977100.551966 1.710343 -0.070226 0.838011 -0.124099 -0.39637 0.706419 0.573117
1541977100.556971 1.709746 -0.068998 0.838354 -0.122323 -0.399418 0.706576 0.571185
1541977100.561976 1.709156 -0.067814 0.838659 -0.120507 -0.401381 0.707516 0.569029
1541977100.566979 1.708671 -0.066628 0.838948 -0.119129 -0.403219 0.707852 0.567599
1541977100.571982 1.70823 -0.065334 0.839234 -0.117629 -0.405551 0.708619 0.565288
1541977100.576989 1.707758 -0.064174 0.839589 -0.115486 -0.407536 0.708796 0.564079
1541977100.581991 1.707263 -0.062983 0.839887 -0.11355 -0.408256 0.709833 0.562647
1541977100.586989 1.705987 -0.062157 0.84017 -0.104523 -0.399495 0.712483 0.567315
1541977100.591985 1.705455 -0.060946 0.840489 -0.102044 -0.398891 0.713362 0.567087
1541977100.596984 1.705123 -0.059708 0.840736 -0.100372 -0.401278 0.713747 0.565213
1541977100.601979 1.704635 -0.058494 0.841068 -0.09871 -0.400723 0.715322 0.563908
1541977100.606975 1.704256 -0.057184 0.841274 -0.097236 -0.401577 0.716288 0.562328
1541977100.611975 1.70386 -0.056007 0.841546 -0.095931 -0.40134 0.717727 0.560884
1541977100.616976 1.703487 -0.054703 0.841714 -0.094258 -0.400466 0.719321 0.559749
1541977100.621975 1.70321 -0.053459 0.841961 -0.093927 -0.401428 0.719896 0.558375
1541977100.626979 1.702741 -0.052383 0.842154 -0.091714 -0.399298 0.722263 0.557212
1541977100.631984 1.702526 -0.051103 0.842324 -0.091429 -0.400228 0.722759 0.555948
1541977100.636989 1.702218 -0.049906 0.842476 -0.089423 -0.400091 0.724474 0.554137
1541977100.641994 1.701963 -0.048691 0.842653 -0.089225 -0.399143 0.725833 0.553073
1541977100.646994 1.70176 -0.047342 0.842745 -0.087934 -0.40009 0.726692 0.551466
1541977100.651994 1.70144 -0.046209 0.842883 -0.086542 -0.398891 0.728965 0.549551
1541977100.65699 1.701254 -0.044822 0.842876 -0.086278 -0.399095 0.730057 0.547993
1541977100.661989 1.700988 -0.043645 0.842946 -0.084949 -0.397798 0.731783 0.54684
1541977100.666982 1.700771 -0.042366 0.842966 -0.083883 -0.398528 0.732843 0.54505
1541977100.671974 1.700551 -0.041116 0.842988 -0.082481 -0.397787 0.73413 0.544072
1541977100.676971 1.700451 -0.039799 0.842975 -0.082127 -0.398613 0.734843 0.542558
1541977100.681969 1.70018 -0.03862 0.842848 -0.080419 -0.396343 0.737453 0.540933
1541977100.686965 1.700161 -0.037366 0.842758 -0.080939 -0.396877 0.737442 0.540478
1541977100.691962 1.700044 -0.036101 0.842661 -0.080104 -0.396341 0.739071 0.538768
1541977100.696967 1.699909 -0.034798 0.842465 -0.080089 -0.394348 0.740768 0.537902
1541977100.701971 1.699867 -0.033535 0.842309 -0.080305 -0.393584 0.741338 0.537643
1541977100.706977 1.699759 -0.032129 0.842056 -0.079452 -0.392603 0.743208 0.535903
1541977100.711984 1.699674 -0.030765 0.841778 -0.080169 -0.390967 0.74472 0.534892
1541977100.716988 1.699666 -0.029392 0.841441 -0.080322 -0.389341 0.745649 0.534761
1541977100.721992 1.699637 -0.027921 0.841151 -0.080166 -0.389687 0.746165 0.533812
1541977100.726995 1.699577 -0.026532 0.840761 -0.08065 -0.38758 0.747729 0.533084
1541977100.731993 1.699516 -0.024959 0.840371 -0.080608 -0.388002 0.748313 0.531964
1541977100.736989 1.699605 -0.023438 0.839901 -0.081806 -0.387577 0.748201 0.532248
1541977100.741985 1.699398 -0.022037 0.839443 -0.080795 -0.384917 0.750097 0.531663
1541977100.746982 1.699409 -0.020441 0.838907 -0.081548 -0.385976 0.750015 0.530896
1541977100.751984 1.69946 -0.018888 0.838238 -0.082803 -0.385697 0.750516 0.530196
1541977100.75698 1.699352 -0.017387 0.837598 -0.082979 -0.384322 0.751734 0.529441
1541977100.761974 1.699236 -0.015785 0.837019 -0.082456 -0.384642 0.752216 0.528604
1541977100.766966 1.699214 -0.014214 0.836354 -0.082632 -0.385719 0.752191 0.527827
1541977100.771955 1.6992 -0.012597 0.835563 -0.083391 -0.385814 0.752604 0.527049
1541977100.776947 1.699074 -0.010996 0.834762 -0.083344 -0.384875 0.753632 0.526273
1541977100.781942 1.698966 -0.009357 0.833981 -0.083385 -0.384704 0.754124 0.525686
1541977100.786943 1.69885 -0.007762 0.833122 -0.083242 -0.38448 0.754639 0.525134
1541977100.791946 1.698757 -0.006062 0.832193 -0.083804 -0.383096 0.755402 0.524959
1541977100.796962 1.698607 -0.004337 0.831295 -0.08395 -0.383055 0.755763 0.524446
1541977100.801982 1.698505 -0.002646 0.830345 -0.083782 -0.382464 0.756132 0.524372
1541977100.806996 1.698358 -0.000892 0.829329 -0.083775 -0.381661 0.756939 0.523794
1541977100.812002 1.698238 0.000889 0.82823 -0.083959 -0.380825 0.757095 0.524148
1541977100.817008 1.698022 0.002538 0.827135 -0.083566 -0.37712 0.758371 0.525044
1541977100.822017 1.697949 0.004408 0.826009 -0.08442 -0.376725 0.75844 0.525091
1541977100.827023 1.697754 0.006057 0.824789 -0.084112 -0.373949 0.75875 0.526674
1541977100.832025 1.697587 0.007886 0.823619 -0.083794 -0.372307 0.75932 0.527067
1541977100.837024 1.697507 0.009616 0.822327 -0.084896 -0.371459 0.758773 0.528275
1541977100.84202 1.697425 0.011478 0.820984 -0.085799 -0.371679 0.758349 0.528582
1541977100.847013 1.697227 0.013215 0.819586 -0.085073 -0.369258 0.758057 0.53081
1541977100.852005 1.697051 0.015025 0.818233 -0.084564 -0.369177 0.757962 0.531085
1541977100.856997 1.696906 0.016674 0.816713 -0.085175 -0.36722 0.757866 0.532479
1541977100.861989 1.696815 0.018449 0.81515 -0.086541 -0.366694 0.757315 0.533403
1541977100.866982 1.696688 0.02009 0.813503 -0.0872 -0.365509 0.756811 0.534824
1541977100.871975 1.69649 0.02177 0.811871 -0.087687 -0.363815 0.756591 0.536208
1541977100.876969 1.696394 0.023478 0.810226 -0.088411 -0.364586 0.756295 0.535983
1541977100.881966 1.696315 0.024985 0.808353 -0.091228 -0.363128 0.755669 0.537382
1541977100.886965 1.696186 0.026529 0.806503 -0.092431 -0.361364 0.755606 0.538453
1541977100.891967 1.695987 0.028085 0.804741 -0.09401 -0.360541 0.755729 0.53856
1541977100.896973 1.695798 0.029535 0.802791 -0.095909 -0.359962 0.755438 0.53902
1541977100.90198 1.695653 0.030827 0.800836 -0.098271 -0.359556 0.75523 0.539157
1541977100.906983 1.695391 0.032114 0.798842 -0.099656 -0.359408 0.754732 0.539698
1541977100.911988 1.695136 0.033251 0.796834 -0.102521 -0.357422 0.75471 0.54051
1541977100.916988 1.694774 0.034398 0.794733 -0.10313 -0.356463 0.755008 0.540611
1541977100.921987 1.694576 0.035592 0.792836 -0.105152 -0.359714 0.754108 0.539323
1541977100.926982 1.694188 0.03645 0.790684 -0.105832 -0.356217 0.754815 0.540521
1541977100.931978 1.693901 0.037597 0.788715 -0.10677 -0.360105 0.754499 0.538197
1541977100.936974 1.693566 0.038419 0.786677 -0.107816 -0.360118 0.754206 0.53839
1541977100.94197 1.693308 0.039308 0.784643 -0.108863 -0.361272 0.753739 0.538061
1541977100.946969 1.693091 0.040103 0.782652 -0.109999 -0.362671 0.753102 0.53778
1541977100.95197 1.692829 0.040759 0.780674 -0.111092 -0.363432 0.753166 0.536952
1541977100.956975 1.692549 0.041429 0.778647 -0.112208 -0.363145 0.753337 0.536674
1541977100.961976 1.692242 0.041921 0.776693 -0.112376 -0.36243 0.753186 0.537333
1541977100.966973 1.691875 0.042445 0.77476 -0.11215 -0.361108 0.753986 0.537148
1541977100.971971 1.691602 0.042862 0.772746 -0.11258 -0.359326 0.754349 0.537744
1541977100.976972 1.691442 0.043158 0.770832 -0.114759 -0.358943 0.753846 0.538244
1541977100.981971 1.691066 0.043454 0.76896 -0.114078 -0.356931 0.754562 0.538723
1541977100.986978 1.690806 0.043756 0.767094 -0.115084 -0.355414 0.755375 0.538372
1541977100.991987 1.69053 0.043946 0.765249 -0.115002 -0.353124 0.755957 0.539079
1541977100.996998 1.690469 0.044224 0.763509 -0.116947 -0.355722 0.755139 0.538099
1541977101.002008 1.690226 0.044212 0.761692 -0.117557 -0.354549 0.755529 0.538193
1541977101.007011 1.689993 0.044104 0.759916 -0.117473 -0.353227 0.75552 0.539092
1541977101.012012 1.689683 0.043969 0.758194 -0.116926 -0.351079 0.756636 0.539049
1541977101.017009 1.68953 0.043815 0.75644 -0.118051 -0.350595 0.756828 0.538849
1541977101.022001 1.689265 0.043587 0.754728 -0.117524 -0.349423 0.758037 0.538026
1541977101.026993 1.689185 0.043222 0.753012 -0.119059 -0.348856 0.757963 0.53816
1541977101.031984 1.688935 0.042726 0.751352 -0.119236 -0.346796 0.758424 0.538803
1541977101.036973 1.688762 0.042239 0.749663 -0.119736 -0.346018 0.758718 0.538778
1541977101.041966 1.688655 0.041632 0.747932 -0.121277 -0.345392 0.758905 0.538572
1541977101.046958 1.688497 0.041002 0.746287 -0.122744 -0.344845 0.759438 0.537838
1541977101.051954 1.688282 0.040182 0.744603 -0.123494 -0.343035 0.760063 0.537941
1541977101.056955 1.688087 0.039276 0.742914 -0.124124 -0.341116 0.760358 0.538599
1541977101.061959 1.688133 0.038486 0.741291 -0.127304 -0.343036 0.760545 0.536369
1541977101.066959 1.687875 0.037441 0.739712 -0.127359 -0.34006 0.761718 0.536587
1541977101.071962 1.687911 0.036428 0.738125 -0.129464 -0.341281 0.761438 0.535704
1541977101.076966 1.687612 0.035163 0.736603 -0.130064 -0.338166 0.762646 0.535815
1541977101.081967 1.687514 0.033921 0.735067 -0.131613 -0.337474 0.763081 0.535253
1541977101.086967 1.687394 0.032551 0.733526 -0.133409 -0.335065 0.763403 0.535863
1541977101.091958 1.687317 0.03119 0.73217 -0.134894 -0.334271 0.764644 0.534215
1541977101.096962 1.687288 0.029841 0.730745 -0.137435 -0.333466 0.764773 0.533886
1541977101.101968 1.68707 0.028236 0.729323 -0.13731 -0.332138 0.766029 0.532944
1541977101.106971 1.687114 0.026724 0.728033 -0.140288 -0.333149 0.766519 0.530828
1541977101.111971 1.687009 0.02522 0.726828 -0.140954 -0.333271 0.766729 0.530273
1541977101.116969 1.686789 0.02338 0.72561 -0.141095 -0.330661 0.76768 0.530493
1541977101.121969 1.686746 0.021703 0.724538 -0.142089 -0.330869 0.76855 0.528835
1541977101.126974 1.686509 0.019886 0.723453 -0.141156 -0.329377 0.76921 0.529058
1541977101.131984 1.686491 0.018136 0.722431 -0.142894 -0.330004 0.769234 0.528164
1541977101.136993 1.686506 0.016323 0.721472 -0.145642 -0.329205 0.768412 0.529109
1541977101.142004 1.686416 0.014332 0.720536 -0.146307 -0.327547 0.768946 0.529179
1541977101.147011 1.686438 0.012412 0.719585 -0.147125 -0.327557 0.769287 0.528449
1541977101.152012 1.686454 0.01066 0.71863 -0.14654 -0.329152 0.769505 0.527301
1541977101.15701 1.686476 0.008641 0.717766 -0.148177 -0.329206 0.769397 0.526968
1541977101.161999 1.686445 0.006722 0.716974 -0.148015 -0.328898 0.769725 0.526726
1541977101.166984 1.686375 0.004571 0.716208 -0.148789 -0.327311 0.770609 0.526205
1541977101.17197 1.68636 0.002579 0.715518 -0.149652 -0.327063 0.770884 0.525711
1541977101.176958 1.686273 0.000387 0.714862 -0.150838 -0.324692 0.771543 0.525875
1541977101.181949 1.686233 -0.001683 0.714267 -0.150623 -0.324672 0.772252 0.524907
1541977101.186941 1.686151 -0.003863 0.713665 -0.151631 -0.323086 0.772661 0.524994
1541977101.191934 1.686116 -0.006013 0.713085 -0.150793 -0.323826 0.772818 0.524548
1541977101.196938 1.68601 -0.008222 0.712618 -0.152614 -0.321033 0.773775 0.524328
1541977101.201942 1.6859 -0.010408 0.71217 -0.152286 -0.320157 0.774563 0.523795
1541977101.206947 1.685797 -0.012598 0.711772 -0.151758 -0.319754 0.775117 0.523375
1541977101.211952 1.685627 -0.014921 0.711415 -0.152238 -0.316552 0.775986 0.523892
1541977101.216965 1.685589 -0.017048 0.711216 -0.151809 -0.31775 0.775927 0.52338
1541977101.221978 1.68548 -0.019346 0.710928 -0.15091 -0.316637 0.776528 0.523424
1541977101.226993 1.685339 -0.021681 0.710718 -0.151392 -0.314152 0.777189 0.5238
1541977101.232004 1.685225 -0.023918 0.710556 -0.150773 -0.313037 0.777387 0.524352
1541977101.237011 1.685182 -0.02622 0.710382 -0.150365 -0.31336 0.777082 0.524729
1541977101.242014 1.685048 -0.028592 0.710192 -0.149607 -0.31236 0.777617 0.524748
1541977101.247012 1.68492 -0.030958 0.710044 -0.149542 -0.310162 0.778524 0.524725
1541977101.252004 1.684866 -0.033144 0.710033 -0.150156 -0.309293 0.778952 0.524429
1541977101.256992 1.68487 -0.035479 0.709782 -0.149893 -0.30954 0.779613 0.523374
1541977101.261979 1.684792 -0.037816 0.709818 -0.150133 -0.308778 0.779532 0.523876
1541977101.266968 1.684655 -0.040178 0.709757 -0.150128 -0.306474 0.780283 0.524112
1541977101.271957 1.684631 -0.042538 0.709622 -0.150177 -0.306412 0.780848 0.523292
1541977101.276947 1.684475 -0.044755 0.709847 -0.149471 -0.304914 0.781284 0.523718
1541977101.281941 1.684429 -0.047077 0.709845 -0.149911 -0.30382 0.781461 0.523965
1541977101.286938 1.684447 -0.049427 0.709744 -0.150977 -0.303624 0.781693 0.523426
1541977101.291939 1.684377 -0.051676 0.709934 -0.151198 -0.303532 0.781608 0.523543
1541977101.296954 1.684257 -0.053999 0.709967 -0.15029 -0.303262 0.7819 0.523523
1541977101.30197 1.684209 -0.05626 0.709904 -0.149537 -0.304492 0.782158 0.522639
1541977101.306983 1.684189 -0.058389 0.71013 -0.15009 -0.305475 0.78131 0.523175
1541977101.311992 1.684083 -0.060502 0.710295 -0.149726 -0.305582 0.781485 0.522957
1541977101.316996 1.684 -0.062701 0.710508 -0.150231 -0.304984 0.781223 0.523551
1541977101.321996 1.683956 -0.064871 0.710654 -0.150514 -0.305004 0.78097 0.523835
1541977101.326991 1.683893 -0.067009 0.710854 -0.149844 -0.306043 0.780659 0.523886
1541977101.331983 1.683835 -0.069095 0.711077 -0.149573 -0.305698 0.780527 0.524361
1541977101.336974 1.683776 -0.071189 0.711337 -0.149246 -0.305125 0.780202 0.525271
1541977101.341963 1.683827 -0.073212 0.711557 -0.149812 -0.307569 0.779454 0.524795
1541977101.346952 1.68374 -0.075219 0.711912 -0.150385 -0.306721 0.779064 0.525705
1541977101.351941 1.683688 -0.077221 0.712186 -0.150092 -0.30531 0.778798 0.527002
1541977101.356934 1.683697 -0.079159 0.712431 -0.150087 -0.305764 0.778263 0.527531
1541977101.36193 1.683659 -0.081121 0.712824 -0.151206 -0.306407 0.777634 0.527766
1541977101.36693 1.683528 -0.083043 0.713244 -0.150598 -0.304374 0.777414 0.529438
1541977101.371935 1.683481 -0.084942 0.713682 -0.150372 -0.303332 0.777078 0.530592
1541977101.376946 1.683477 -0.086956 0.714039 -0.151401 -0.302934 0.776708 0.531068
1541977101.38196 1.683394 -0.088671 0.714689 -0.151132 -0.302723 0.775774 0.532628
1541977101.386973 1.683372 -0.090415 0.71516 -0.150223 -0.302601 0.775326 0.533607
1541977101.391982 1.6833 -0.092414 0.715463 -0.149686 -0.300609 0.776039 0.533847
1541977101.396986 1.683211 -0.093992 0.716222 -0.149154 -0.301003 0.775168 0.535036
1541977101.401985 1.683157 -0.095751 0.71674 -0.148281 -0.300573 0.77503 0.535722
1541977101.406978 1.683127 -0.097609 0.7172 -0.148579 -0.298823 0.774193 0.537824
1541977101.411971 1.683133 -0.099247 0.717559 -0.147556 -0.299349 0.773867 0.538281
1541977101.416965 1.683009 -0.100916 0.718256 -0.147285 -0.29755 0.772761 0.540936
1541977101.421959 1.683089 -0.102432 0.718844 -0.147644 -0.297603 0.77143 0.542706
1541977101.426956 1.68315 -0.103943 0.719287 -0.146911 -0.299375 0.770399 0.543393
1541977101.431957 1.683141 -0.105566 0.719578 -0.145537 -0.29916 0.769878 0.544619
1541977101.436957 1.683118 -0.107116 0.720217 -0.146976 -0.297198 0.767687 0.548386
1541977101.441957 1.683178 -0.108542 0.720585 -0.146873 -0.298465 0.766617 0.549223
1541977101.446956 1.683242 -0.110036 0.721055 -0.147068 -0.297358 0.764785 0.552317
1541977101.45196 1.683265 -0.111638 0.721123 -0.146479 -0.296283 0.763824 0.554376
1541977101.456966 1.683359 -0.112896 0.721681 -0.148047 -0.297543 0.761744 0.556144
1541977101.46197 1.683451 -0.114177 0.721923 -0.147634 -0.298665 0.760631 0.557175
1541977101.466971 1.683498 -0.115619 0.722381 -0.148699 -0.297818 0.758172 0.560685
1541977101.471973 1.683642 -0.117052 0.722403 -0.149988 -0.296971 0.756564 0.562959
1541977101.476976 1.683739 -0.118355 0.722765 -0.151155 -0.297135 0.754483 0.565349
1541977101.481978 1.683774 -0.119716 0.723003 -0.151374 -0.296131 0.753254 0.567451
1541977101.486975 1.683992 -0.121035 0.723099 -0.152973 -0.297485 0.750956 0.569356
1541977101.49197 1.684094 -0.122361 0.723406 -0.154057 -0.296554 0.749078 0.572018
1541977101.496964 1.684229 -0.123778 0.723492 -0.155745 -0.29618 0.747009 0.574454
1541977101.50196 1.684316 -0.12507 0.723735 -0.156158 -0.297289 0.745159 0.57617
1541977101.506955 1.684437 -0.126645 0.723862 -0.15839 -0.294499 0.743128 0.579607
1541977101.511949 1.684537 -0.12796 0.723992 -0.158444 -0.296396 0.741524 0.580678
1541977101.516946 1.684801 -0.129334 0.724094 -0.160139 -0.29811 0.738958 0.582604
1541977101.521946 1.684784 -0.130834 0.724221 -0.160872 -0.295455 0.737311 0.585832
1541977101.526945 1.684885 -0.13226 0.724319 -0.159491 -0.295833 0.736003 0.587661
1541977101.531945 1.684948 -0.133629 0.724596 -0.160777 -0.295954 0.733628 0.590213
1541977101.53695 1.68508 -0.135185 0.724577 -0.161336 -0.295325 0.731827 0.592607
1541977101.541957 1.68529 -0.136519 0.724766 -0.16206 -0.298196 0.730284 0.592875
1541977101.54697 1.685342 -0.138093 0.724792 -0.161393 -0.296801 0.728682 0.595721
1541977101.551981 1.685549 -0.139683 0.724808 -0.162251 -0.296604 0.726096 0.598736
1541977101.556991 1.685622 -0.14113 0.724836 -0.160897 -0.297913 0.724412 0.60049
1541977101.561994 1.685785 -0.142569 0.724949 -0.162469 -0.3005 0.722266 0.601362
1541977101.566997 1.685896 -0.14413 0.724787 -0.161663 -0.300603 0.720881 0.603186
1541977101.571998 1.685986 -0.145737 0.724833 -0.162799 -0.300373 0.719143 0.605067
1541977101.576996 1.686173 -0.147363 0.724662 -0.163934 -0.301449 0.716549 0.607299
1541977101.581989 1.686393 -0.148877 0.724522 -0.164266 -0.30462 0.714748 0.607749
1541977101.586979 1.686498 -0.150671 0.724187 -0.163637 -0.304581 0.7129 0.610104
1541977101.591972 1.686498 -0.152416 0.724135 -0.165785 -0.30404 0.710948 0.612069
1541977101.596967 1.686541 -0.153981 0.723927 -0.165552 -0.30512 0.709217 0.613601
1541977101.601968 1.686697 -0.155809 0.723557 -0.167174 -0.306788 0.706883 0.615021
1541977101.606976 1.686825 -0.157577 0.723292 -0.168729 -0.307709 0.704592 0.616763
1541977101.611981 1.686858 -0.159224 0.723044 -0.169162 -0.308193 0.702757 0.618493
1541977101.616985 1.686926 -0.160913 0.722809 -0.170798 -0.309171 0.700441 0.620181
1541977101.621988 1.687092 -0.162605 0.722538 -0.172975 -0.310966 0.698057 0.621367
1541977101.62699 1.687219 -0.164439 0.722153 -0.173659 -0.311022 0.695745 0.623737
1541977101.631988 1.687271 -0.166146 0.72191 -0.175027 -0.310818 0.693415 0.626046
1541977101.636984 1.687404 -0.167941 0.721566 -0.177103 -0.312015 0.690687 0.627879
1541977101.641979 1.687409 -0.16963 0.721317 -0.178118 -0.313105 0.689121 0.628769
1541977101.646976 1.687497 -0.17143 0.721008 -0.179919 -0.312032 0.68654 0.631607
1541977101.651974 1.687507 -0.173415 0.720684 -0.182569 -0.310115 0.683652 0.634916
1541977101.656971 1.687573 -0.175371 0.720293 -0.184206 -0.310689 0.68084 0.637179
1541977101.661965 1.687568 -0.177251 0.720014 -0.186587 -0.310424 0.679163 0.638405
1541977101.66696 1.687595 -0.179129 0.719722 -0.187881 -0.311551 0.677329 0.639424
1541977101.671963 1.68757 -0.181183 0.719354 -0.190526 -0.31074 0.674637 0.641876
1541977101.676968 1.687536 -0.183171 0.718999 -0.191832 -0.310511 0.672886 0.643434
1541977101.681974 1.687483 -0.185152 0.718722 -0.193959 -0.311493 0.671358 0.643918
1541977101.686976 1.687371 -0.187361 0.718312 -0.19588 -0.309936 0.669912 0.645591
1541977101.691978 1.687158 -0.189536 0.71808 -0.198586 -0.308707 0.668374 0.646946
1541977101.696983 1.68694 -0.191736 0.717806 -0.199685 -0.30861 0.667588 0.647466
1541977101.701987 1.686687 -0.194035 0.717474 -0.201821 -0.306656 0.666443 0.648909
1541977101.706987 1.686436 -0.196289 0.717149 -0.203855 -0.307236 0.664813 0.649671
1541977101.711988 1.686166 -0.198623 0.716847 -0.204876 -0.307081 0.663525 0.650739
1541977101.716985 1.685771 -0.200954 0.716567 -0.206293 -0.305978 0.663078 0.651267
1541977101.72198 1.685348 -0.203263 0.716319 -0.207256 -0.306261 0.66231 0.651609
1541977101.726973 1.684954 -0.205703 0.716107 -0.209191 -0.304836 0.661698 0.65228
1541977101.731972 1.684386 -0.208324 0.715991 -0.212352 -0.301982 0.660346 0.653954
1541977101.736971 1.683952 -0.210671 0.715842 -0.213505 -0.303626 0.659035 0.65414
1541977101.741971 1.683369 -0.213104 0.715683 -0.213866 -0.302495 0.658703 0.654881
1541977101.746973 1.682789 -0.21552 0.715603 -0.214903 -0.30262 0.6584 0.654788
1541977101.751972 1.682175 -0.217929 0.715519 -0.214572 -0.303025 0.657571 0.655542
1541977101.756974 1.681473 -0.220459 0.715463 -0.215715 -0.301662 0.656881 0.656486
1541977101.761978 1.680883 -0.222937 0.715497 -0.217139 -0.303425 0.655417 0.656668
1541977101.766981 1.680128 -0.225556 0.715475 -0.217989 -0.301993 0.654833 0.657628
1541977101.771979 1.679421 -0.228068 0.715492 -0.218576 -0.302861 0.653965 0.657898
1541977101.776979 1.67869 -0.230604 0.715538 -0.218891 -0.30433 0.653183 0.657891
1541977101.781979 1.677788 -0.233162 0.71559 -0.21857 -0.304906 0.653259 0.657656
1541977101.786975 1.676897 -0.235879 0.715593 -0.219731 -0.303112 0.652793 0.658561
1541977101.79197 1.676006 -0.238495 0.715738 -0.22103 -0.302133 0.653231 0.658142
1541977101.796973 1.675055 -0.241096 0.715902 -0.221778 -0.302277 0.652414 0.658634
1541977101.801979 1.674094 -0.2438 0.716084 -0.223668 -0.302136 0.651879 0.65859
1541977101.806981 1.673139 -0.246399 0.716218 -0.224123 -0.300848 0.652103 0.658803
1541977101.811986 1.672172 -0.248947 0.716373 -0.224532 -0.301046 0.652044 0.658631
1541977101.816985 1.671071 -0.251551 0.716667 -0.224568 -0.299816 0.65202 0.659204
1541977101.821981 1.670041 -0.254145 0.716964 -0.226145 -0.298131 0.651587 0.659857
1541977101.826976 1.668909 -0.256795 0.717323 -0.227699 -0.295639 0.651876 0.660158
1541977101.831971 1.667676 -0.259371 0.717627 -0.227738 -0.294086 0.65248 0.660241
1541977101.836964 1.66661 -0.261948 0.717947 -0.228782 -0.293285 0.652172 0.660541
1541977101.841958 1.665422 -0.264503 0.718311 -0.229978 -0.291029 0.652311 0.660986
1541977101.846955 1.664145 -0.267059 0.718732 -0.229192 -0.288811 0.652856 0.661693
1541977101.851953 1.662862 -0.269775 0.719218 -0.230676 -0.285657 0.651916 0.663471
1541977101.856961 1.661713 -0.272269 0.719641 -0.231832 -0.28511 0.651492 0.66372
1541977101.861969 1.660378 -0.274739 0.720132 -0.231573 -0.28419 0.651807 0.663896
1541977101.866975 1.659122 -0.277179 0.720662 -0.232014 -0.283482 0.651355 0.664488
1541977101.871978 1.657762 -0.279638 0.721095 -0.231297 -0.282597 0.651404 0.665067
1541977101.876982 1.656249 -0.282187 0.721652 -0.23011 -0.279983 0.652041 0.665959
1541977101.881984 1.654984 -0.284673 0.722172 -0.232557 -0.279154 0.650671 0.666796
1541977101.886983 1.653542 -0.287072 0.722745 -0.232074 -0.279268 0.650115 0.667459
1541977101.891982 1.652137 -0.289445 0.723202 -0.231442 -0.279152 0.650198 0.667645
1541977101.896982 1.650607 -0.291906 0.723824 -0.231836 -0.278111 0.650098 0.668041
1541977101.90198 1.649053 -0.294218 0.724394 -0.230521 -0.276461 0.650442 0.668845
1541977101.90698 1.647456 -0.296693 0.724958 -0.229672 -0.275076 0.649992 0.670145
1541977101.911979 1.645949 -0.299073 0.725558 -0.230897 -0.275698 0.649687 0.669764
1541977101.916975 1.644403 -0.30128 0.726154 -0.230905 -0.276277 0.649894 0.669321
1541977101.921972 1.642821 -0.303698 0.726785 -0.232039 -0.275352 0.649155 0.670027
1541977101.926964 1.64128 -0.305929 0.72726 -0.230976 -0.273987 0.649362 0.670754
1541977101.931955 1.639582 -0.308105 0.72791 -0.229927 -0.274382 0.650021 0.670314
1541977101.936947 1.637951 -0.310343 0.72852 -0.230344 -0.272747 0.649796 0.671056
1541977101.941936 1.636283 -0.312585 0.729126 -0.23073 -0.271502 0.649044 0.672155
1541977101.946928 1.634613 -0.314724 0.729747 -0.230968 -0.269663 0.649193 0.67267
1541977101.951923 1.633024 -0.316674 0.730426 -0.231825 -0.269721 0.648629 0.672896
1541977101.956921 1.631311 -0.3188 0.731068 -0.232913 -0.267048 0.648486 0.673723
1541977101.961924 1.629571 -0.320731 0.731776 -0.231446 -0.265586 0.648452 0.674838
1541977101.966933 1.62788 -0.322582 0.732423 -0.230924 -0.264044 0.648517 0.675559
1541977101.971946 1.626183 -0.324385 0.733129 -0.231056 -0.264348 0.648115 0.675782
1541977101.976959 1.624493 -0.326169 0.733822 -0.230938 -0.262441 0.647056 0.677578
1541977101.981969 1.622829 -0.327963 0.734582 -0.23185 -0.260772 0.646072 0.678848
1541977101.986978 1.621093 -0.3297 0.73539 -0.23237 -0.258512 0.644951 0.680598
1541977101.991984 1.619434 -0.33121 0.736149 -0.232363 -0.258705 0.644302 0.681142
1541977101.996986 1.617749 -0.332704 0.736861 -0.231997 -0.256551 0.643482 0.682854
1541977102.001987 1.616099 -0.334097 0.737607 -0.231296 -0.257296 0.64259 0.683652
1541977102.00698 1.614413 -0.335446 0.738325 -0.230647 -0.255837 0.641683 0.685268
1541977102.011977 1.612749 -0.336896 0.739125 -0.231891 -0.254152 0.64015 0.686907
1541977102.016976 1.61116 -0.338098 0.739871 -0.232451 -0.253451 0.638768 0.688262
1541977102.021973 1.609585 -0.339306 0.740666 -0.23278 -0.252259 0.637099 0.690134
1541977102.026967 1.607995 -0.340424 0.741457 -0.232227 -0.25074 0.635698 0.692162
1541977102.031959 1.60637 -0.341442 0.742253 -0.232302 -0.249408 0.63506 0.693203
1541977102.036953 1.604851 -0.342489 0.743046 -0.232406 -0.248547 0.633185 0.69519
1541977102.041949 1.603377 -0.343473 0.743816 -0.233975 -0.247252 0.631127 0.696995
1541977102.046945 1.601852 -0.344101 0.744733 -0.233162 -0.247474 0.630376 0.697867
1541977102.051946 1.6004 -0.344768 0.745609 -0.23307 -0.246853 0.628755 0.699578
1541977102.056949 1.598982 -0.345607 0.746386 -0.233976 -0.245097 0.626758 0.701681
1541977102.061951 1.597528 -0.346199 0.747379 -0.233644 -0.243902 0.625144 0.703646
1541977102.066955 1.596044 -0.346811 0.748214 -0.234124 -0.241138 0.623481 0.705911
1541977102.071961 1.594728 -0.347356 0.749158 -0.234542 -0.239638 0.621627 0.707915
1541977102.076968 1.593386 -0.347811 0.749979 -0.235246 -0.238562 0.619318 0.710065
1541977102.081971 1.592188 -0.348291 0.750836 -0.236782 -0.235455 0.616289 0.71322
1541977102.086972 1.590851 -0.348435 0.75172 -0.234708 -0.23572 0.615238 0.714724
1541977102.091968 1.589674 -0.348694 0.752517 -0.235387 -0.233583 0.613326 0.716842
1541977102.096965 1.588478 -0.348888 0.753373 -0.236474 -0.231356 0.610682 0.719459
1541977102.101959 1.587349 -0.348868 0.754149 -0.235623 -0.230114 0.609565 0.721082
1541977102.106961 1.586388 -0.348993 0.754931 -0.237903 -0.227842 0.606179 0.723904
1541977102.111967 1.585426 -0.349079 0.75565 -0.239848 -0.224892 0.604062 0.725952
1541977102.116973 1.584511 -0.348886 0.75634 -0.239888 -0.222932 0.602152 0.728126
1541977102.12198 1.583722 -0.348731 0.757077 -0.241824 -0.22084 0.599715 0.730132
1541977102.126983 1.582998 -0.348448 0.757746 -0.242809 -0.220079 0.597182 0.732108
1541977102.131982 1.582336 -0.348236 0.758448 -0.245414 -0.218174 0.594025 0.734375
1541977102.136978 1.581746 -0.347925 0.759069 -0.247144 -0.215934 0.591649 0.736372
1541977102.141971 1.581211 -0.347548 0.759717 -0.249097 -0.213494 0.589001 0.738545
1541977102.146962 1.58084 -0.346965 0.760311 -0.249992 -0.212684 0.586499 0.740465
1541977102.151952 1.580443 -0.346504 0.760814 -0.25134 -0.209629 0.584161 0.742724
1541977102.156952 1.580085 -0.345599 0.761599 -0.251291 -0.20775 0.582206 0.744801
1541977102.161957 1.57997 -0.344973 0.762221 -0.253366 -0.205659 0.57831 0.747708
1541977102.16696 1.579883 -0.344245 0.762765 -0.254932 -0.20374 0.575637 0.749761
1541977102.171962 1.57988 -0.343353 0.763418 -0.256449 -0.201656 0.572612 0.75212
1541977102.176968 1.579912 -0.342499 0.764006 -0.257762 -0.199362 0.569617 0.754553
1541977102.181974 1.580001 -0.341657 0.764657 -0.25933 -0.195265 0.56557 0.758122
1541977102.186978 1.580196 -0.340798 0.765253 -0.261707 -0.190958 0.56248 0.760698
1541977102.191982 1.580443 -0.339762 0.765934 -0.262926 -0.188743 0.55986 0.76276
1541977102.196984 1.580787 -0.338951 0.766553 -0.265844 -0.185394 0.55572 0.765592
1541977102.201984 1.581001 -0.337794 0.767165 -0.264959 -0.182341 0.554211 0.767723
1541977102.20698 1.581414 -0.336862 0.767798 -0.266792 -0.17984 0.550936 0.770031
1541977102.211974 1.581834 -0.335842 0.768397 -0.268376 -0.177715 0.548425 0.771765
1541977102.216968 1.582175 -0.334952 0.768999 -0.270374 -0.175376 0.545196 0.773888
1541977102.221963 1.582639 -0.333913 0.769502 -0.270478 -0.173452 0.542796 0.775969
1541977102.226957 1.582966 -0.332991 0.770106 -0.271529 -0.171035 0.541124 0.777306
1541977102.231954 1.583433 -0.332003 0.770617 -0.27207 -0.170257 0.539572 0.778366
1541977102.236953 1.58376 -0.331087 0.77123 -0.274009 -0.168509 0.538235 0.77899
1541977102.241952 1.584236 -0.330079 0.771749 -0.274098 -0.168604 0.536272 0.780292
1541977102.24695 1.584585 -0.329216 0.772292 -0.274687 -0.166052 0.535436 0.781205
1541977102.25195 1.585104 -0.32814 0.772841 -0.274211 -0.166265 0.533854 0.782409
1541977102.256964 1.585557 -0.327246 0.773403 -0.275359 -0.16593 0.533072 0.78261
1541977102.26198 1.586113 -0.326287 0.773885 -0.27539 -0.16497 0.532315 0.783317
1541977102.266993 1.586639 -0.325382 0.774434 -0.275624 -0.163597 0.531498 0.784077
1541977102.272001 1.587242 -0.324374 0.774944 -0.27511 -0.162822 0.530423 0.785146
1541977102.277016 1.587901 -0.323473 0.775499 -0.276042 -0.16266 0.530182 0.785016
1541977102.282023 1.588615 -0.322489 0.776082 -0.27602 -0.162234 0.528809 0.786037
1541977102.287022 1.589342 -0.321647 0.776592 -0.275532 -0.161068 0.527704 0.78719
1541977102.292021 1.590117 -0.320735 0.77716 -0.276309 -0.160717 0.526257 0.787957
1541977102.297012 1.591004 -0.319884 0.777727 -0.276821 -0.160121 0.524504 0.789067
1541977102.301998 1.59184 -0.318892 0.778269 -0.276134 -0.159214 0.523437 0.790199
1541977102.306983 1.592773 -0.318065 0.77881 -0.276863 -0.159535 0.522696 0.79037
1541977102.311966 1.593761 -0.317194 0.779389 -0.277686 -0.159248 0.520791 0.791396
1541977102.31695 1.594687 -0.316385 0.779956 -0.276474 -0.158564 0.519739 0.792648
1541977102.321936 1.595707 -0.315547 0.780509 -0.277889 -0.159028 0.518479 0.792885
1541977102.326928 1.596726 -0.314725 0.781033 -0.277123 -0.158996 0.517611 0.793727
1541977102.331921 1.597774 -0.313992 0.781536 -0.277464 -0.158759 0.515842 0.794806
1541977102.336919 1.598803 -0.31312 0.78212 -0.276835 -0.158677 0.514874 0.795669
1541977102.341919 1.599815 -0.312415 0.78269 -0.278162 -0.159079 0.513737 0.795861
1541977102.346924 1.600815 -0.311632 0.783164 -0.276685 -0.158717 0.513469 0.79662
1541977102.351932 1.601881 -0.31082 0.783783 -0.276157 -0.159702 0.513106 0.79684
1541977102.356942 1.602954 -0.310221 0.784208 -0.277498 -0.159245 0.511853 0.797272
1541977102.361953 1.604079 -0.309627 0.784756 -0.277915 -0.159152 0.509966 0.798353
1541977102.366962 1.605147 -0.308925 0.785183 -0.278042 -0.158982 0.509002 0.798959
1541977102.371969 1.606282 -0.308308 0.785662 -0.278079 -0.160051 0.508148 0.799276
1541977102.376978 1.607368 -0.307635 0.78609 -0.277999 -0.15945 0.506948 0.800185
1541977102.38198 1.608452 -0.306968 0.786545 -0.276924 -0.159067 0.506736 0.800768
1541977102.386981 1.609544 -0.306424 0.786984 -0.27894 -0.159536 0.506149 0.800346
1541977102.391982 1.61068 -0.305801 0.78751 -0.278631 -0.159721 0.50455 0.801426
1541977102.396981 1.611785 -0.305306 0.787832 -0.279522 -0.158085 0.503644 0.802009
1541977102.401982 1.612918 -0.304696 0.788283 -0.279411 -0.158555 0.503399 0.80211
1541977102.406979 1.613976 -0.304098 0.78869 -0.279887 -0.15778 0.503009 0.802341
1541977102.411973 1.615072 -0.303536 0.789144 -0.28007 -0.156861 0.502143 0.803
1541977102.416965 1.616285 -0.303074 0.789457 -0.280991 -0.157762 0.501493 0.802907
1541977102.421955 1.617241 -0.302553 0.789909 -0.280278 -0.155797 0.501705 0.803407
1541977102.426945 1.618349 -0.301991 0.79027 -0.280521 -0.155823 0.501261 0.803595
1541977102.43194 1.619449 -0.301568 0.790689 -0.282345 -0.155661 0.501147 0.803058
1541977102.436937 1.620496 -0.301002 0.791126 -0.281229 -0.155811 0.500238 0.803987
1541977102.441938 1.621564 -0.300718 0.79145 -0.282632 -0.153703 0.499152 0.804576
1541977102.446931 1.622721 -0.300191 0.791956 -0.283592 -0.155081 0.498572 0.804333
1541977102.451929 1.623706 -0.299801 0.792351 -0.284074 -0.153714 0.498045 0.804752
1541977102.456932 1.624816 -0.299431 0.792736 -0.284421 -0.153215 0.497703 0.804936
1541977102.461938 1.625836 -0.298982 0.79324 -0.285857 -0.153607 0.496748 0.804943
1541977102.466948 1.626864 -0.298641 0.793642 -0.285753 -0.152094 0.497 0.805111
1541977102.471956 1.62786 -0.298211 0.794087 -0.286159 -0.151152 0.497087 0.80509
1541977102.476965 1.628847 -0.297823 0.794621 -0.286911 -0.151437 0.496738 0.804984
1541977102.481971 1.629942 -0.297432 0.795056 -0.287173 -0.149502 0.495594 0.805958
1541977102.486974 1.631064 -0.297043 0.795636 -0.287804 -0.149736 0.495158 0.805957
1541977102.491976 1.63198 -0.296721 0.796222 -0.287338 -0.147457 0.494849 0.806732
1541977102.496976 1.633052 -0.296339 0.796782 -0.288603 -0.146975 0.493674 0.807089
1541977102.501977 1.634125 -0.295973 0.797377 -0.289159 -0.147078 0.49357 0.806935
1541977102.506978 1.635009 -0.295557 0.797916 -0.288608 -0.144969 0.494418 0.806995
1541977102.511979 1.63603 -0.295296 0.798509 -0.288618 -0.145182 0.493063 0.807781
1541977102.516981 1.637046 -0.294874 0.799143 -0.288421 -0.144616 0.49376 0.807528
1541977102.52198 1.638025 -0.294676 0.799758 -0.289634 -0.143424 0.492609 0.808009
1541977102.526978 1.639064 -0.294264 0.800404 -0.289109 -0.143639 0.492426 0.80827
1541977102.531971 1.640037 -0.293913 0.801029 -0.288722 -0.142395 0.493229 0.808139
1541977102.53696 1.641047 -0.29366 0.801693 -0.289377 -0.142765 0.492749 0.808132
1541977102.541948 1.642056 -0.293291 0.802412 -0.289275 -0.141638 0.492615 0.808449
1541977102.546941 1.643058 -0.29309 0.803046 -0.289772 -0.141222 0.492668 0.808311
1541977102.551934 1.644128 -0.292788 0.803765 -0.29055 -0.140524 0.491154 0.809075
1541977102.556931 1.645204 -0.292543 0.804523 -0.291156 -0.140617 0.491349 0.808722
1541977102.561933 1.646194 -0.292287 0.805218 -0.290457 -0.139859 0.490705 0.809495
1541977102.566941 1.64733 -0.292009 0.805962 -0.291305 -0.139191 0.490574 0.809385
1541977102.571948 1.648355 -0.291863 0.80675 -0.290669 -0.138452 0.489199 0.810572
1541977102.576961 1.649489 -0.291629 0.807482 -0.291201 -0.138353 0.489897 0.809976
1541977102.581971 1.650548 -0.291408 0.808306 -0.29195 -0.137648 0.488244 0.810824
1541977102.586979 1.65159 -0.291298 0.809179 -0.291569 -0.137286 0.488515 0.810859
1541977102.591985 1.652686 -0.291145 0.810017 -0.292225 -0.136502 0.487512 0.811359
1541977102.596992 1.653808 -0.290964 0.810902 -0.291653 -0.136104 0.486907 0.811995
1541977102.601993 1.654757 -0.290956 0.811777 -0.2925 -0.134764 0.487243 0.811712
1541977102.606989 1.655888 -0.290737 0.812691 -0.291284 -0.135143 0.48648 0.812543
1541977102.611981 1.656942 -0.290686 0.813621 -0.29134 -0.134924 0.485914 0.812899
1541977102.616971 1.658 -0.290637 0.814504 -0.290647 -0.134863 0.486303 0.812924
1541977102.621959 1.658989 -0.290655 0.815428 -0.290568 -0.134422 0.486539 0.812884
1541977102.626949 1.660108 -0.29064 0.816409 -0.291103 -0.134945 0.486073 0.812885
1541977102.631941 1.6612 -0.290576 0.817345 -0.290932 -0.135445 0.485613 0.813138
1541977102.636939 1.662214 -0.290661 0.818331 -0.290895 -0.134618 0.485858 0.813142
1541977102.641941 1.663269 -0.290664 0.819288 -0.289788 -0.135258 0.486082 0.813297
1541977102.646942 1.664349 -0.29084 0.820227 -0.289191 -0.135828 0.486184 0.813354
1541977102.651945 1.665373 -0.291032 0.821221 -0.28945 -0.135457 0.485842 0.813528
1541977102.656948 1.666456 -0.2911 0.822233 -0.289249 -0.136094 0.486025 0.813384
1541977102.661953 1.66754 -0.291309 0.823273 -0.28877 -0.13706 0.485176 0.813898
1541977102.666959 1.668655 -0.291501 0.824231 -0.289293 -0.137739 0.486279 0.812939
1541977102.671974 1.669667 -0.291734 0.825236 -0.288765 -0.136783 0.486039 0.813432
1541977102.676986 1.670826 -0.292023 0.826255 -0.288124 -0.137787 0.486189 0.8134
1541977102.681992 1.671902 -0.292322 0.827233 -0.288257 -0.137279 0.487206 0.81283
1541977102.686995 1.673039 -0.292676 0.828297 -0.28797 -0.137574 0.486637 0.813222
1541977102.692 1.674267 -0.293063 0.829333 -0.288096 -0.137967 0.48651 0.813187
1541977102.697002 1.675425 -0.293439 0.830339 -0.287757 -0.13782 0.486895 0.813102
1541977102.701998 1.676665 -0.293857 0.831452 -0.288792 -0.13818 0.486462 0.812933
1541977102.70699 1.677891 -0.294223 0.832538 -0.287593 -0.138523 0.48662 0.813205
1541977102.71198 1.679028 -0.294734 0.833609 -0.287191 -0.138054 0.486595 0.813442
1541977102.716972 1.680291 -0.295207 0.834633 -0.28713 -0.138085 0.488053 0.812584
1541977102.721959 1.681467 -0.295761 0.835694 -0.286131 -0.137676 0.488169 0.812936
1541977102.726942 1.682742 -0.296214 0.836815 -0.28601 -0.13839 0.488848 0.81245
1541977102.731927 1.684088 -0.296882 0.837938 -0.286359 -0.138961 0.488318 0.812548
1541977102.736924 1.685299 -0.297493 0.838996 -0.286041 -0.139485 0.489828 0.811661
1541977102.741926 1.686644 -0.298076 0.840071 -0.284888 -0.140296 0.489999 0.811823
1541977102.746929 1.6879 -0.298828 0.841179 -0.284924 -0.140095 0.490451 0.811572
1541977102.751937 1.68936 -0.299509 0.842256 -0.285532 -0.14179 0.491134 0.81065
1541977102.75695 1.690663 -0.300292 0.843435 -0.285437 -0.14216 0.492174 0.809988
1541977102.761961 1.692007 -0.301121 0.844501 -0.285001 -0.142499 0.492157 0.810093
1541977102.766969 1.693378 -0.301853 0.845678 -0.285297 -0.14289 0.49285 0.809498
1541977102.771978 1.694786 -0.30274 0.846759 -0.28377 -0.14343 0.493694 0.809425
1541977102.776986 1.696203 -0.303528 0.847968 -0.283209 -0.145103 0.494453 0.80886
1541977102.781988 1.697621 -0.304379 0.849071 -0.282547 -0.1461 0.495857 0.808052
1541977102.786985 1.699029 -0.305369 0.85017 -0.283106 -0.14604 0.495968 0.807798
1541977102.791982 1.700489 -0.306241 0.85134 -0.281602 -0.147345 0.497497 0.807147
1541977102.796977 1.70195 -0.307234 0.852456 -0.281929 -0.148419 0.498244 0.806375
1541977102.801971 1.70334 -0.308231 0.853538 -0.280876 -0.148354 0.499759 0.805817
1541977102.806966 1.704835 -0.309126 0.854661 -0.279136 -0.150199 0.501712 0.804865
1541977102.811961 1.706307 -0.310212 0.855737 -0.279349 -0.151469 0.502518 0.804051
1541977102.816956 1.707959 -0.311249 0.85681 -0.278575 -0.15278 0.502485 0.804091
1541977102.821955 1.709555 -0.312261 0.857896 -0.277739 -0.155309 0.504289 0.802765
1541977102.826954 1.711099 -0.313418 0.859029 -0.277073 -0.156642 0.504807 0.802411
1541977102.831956 1.712735 -0.314449 0.860119 -0.275991 -0.158205 0.50618 0.801612
1541977102.83696 1.714278 -0.315635 0.861086 -0.27407 -0.158058 0.508368 0.800915
1541977102.841963 1.71599 -0.316792 0.862147 -0.274788 -0.160334 0.509328 0.799606
1541977102.846964 1.717707 -0.317879 0.863208 -0.273828 -0.16173 0.510738 0.798754
1541977102.851965 1.719465 -0.319077 0.864186 -0.273433 -0.162637 0.511233 0.798388
1541977102.856966 1.72118 -0.320308 0.865162 -0.272086 -0.163859 0.513416 0.797197
1541977102.861965 1.723059 -0.321493 0.86619 -0.271429 -0.166674 0.514388 0.79621
1541977102.866967 1.724834 -0.322778 0.867153 -0.270201 -0.167245 0.516473 0.795158
1541977102.871979 1.726763 -0.32405 0.868062 -0.26984 -0.168458 0.51705 0.794649
1541977102.876989 1.728676 -0.325266 0.869027 -0.268755 -0.170362 0.518824 0.793454
1541977102.881994 1.730539 -0.326604 0.869927 -0.267243 -0.171316 0.520221 0.792844
1541977102.886994 1.732486 -0.327912 0.87085 -0.266942 -0.173798 0.522874 0.790657
1541977102.891991 1.73447 -0.329347 0.871725 -0.2666 -0.174274 0.522732 0.790762
1541977102.896988 1.736513 -0.330605 0.872614 -0.264841 -0.177181 0.52444 0.789575
1541977102.901984 1.738456 -0.332089 0.87336 -0.26496 -0.177803 0.526296 0.788159
1541977102.906974 1.740505 -0.333469 0.874142 -0.263926 -0.179546 0.527412 0.787364
1541977102.912015 1.742414 -0.334905 0.874863 -0.262998 -0.180842 0.529831 0.785753
1541977102.917045 1.744515 -0.336423 0.875537 -0.262879 -0.182549 0.531046 0.784577
1541977102.922059 1.74661 -0.337905 0.876289 -0.262757 -0.184991 0.532567 0.783013
1541977102.927057 1.74853 -0.339377 0.876938 -0.261303 -0.186174 0.534994 0.781563
1541977102.932042 1.750598 -0.340979 0.87757 -0.26132 -0.186766 0.536659 0.780274
1541977102.937013 1.752658 -0.342571 0.878071 -0.261655 -0.188408 0.538571 0.778447
1541977102.941978 1.754701 -0.344219 0.878666 -0.261496 -0.190611 0.540463 0.776651
1541977102.946945 1.756596 -0.345796 0.879141 -0.260325 -0.190686 0.543728 0.774745
1541977102.951916 1.758628 -0.347493 0.879591 -0.261044 -0.190796 0.545398 0.773301
1541977102.956892 1.760609 -0.349233 0.880092 -0.261802 -0.192005 0.547543 0.771227
1541977102.961876 1.762569 -0.350865 0.88062 -0.260926 -0.193165 0.551008 0.768762
1541977102.966869 1.764561 -0.352651 0.880941 -0.260255 -0.192893 0.553469 0.767289
1541977102.971874 1.76653 -0.35442 0.88139 -0.260809 -0.19426 0.556573 0.764505
1541977102.976895 1.768676 -0.356219 0.881823 -0.261992 -0.195734 0.557545 0.763015
1541977102.981919 1.770584 -0.358046 0.882205 -0.26103 -0.19597 0.560669 0.760992
1541977102.986943 1.772672 -0.359827 0.882549 -0.260586 -0.197003 0.563371 0.758879
1541977102.991966 1.774707 -0.361637 0.88295 -0.260796 -0.198617 0.566475 0.756071
1541977102.996988 1.776735 -0.363474 0.883248 -0.260849 -0.198704 0.56898 0.754146
1541977103.002002 1.778902 -0.365246 0.883508 -0.259848 -0.201255 0.571861 0.751632
1541977103.007008 1.781021 -0.367057 0.883871 -0.260059 -0.202298 0.573577 0.749969
1541977103.012008 1.783129 -0.368865 0.884168 -0.260287 -0.204426 0.576319 0.747207
1541977103.016998 1.785307 -0.370787 0.884437 -0.260811 -0.203949 0.578278 0.745638
1541977103.021981 1.787442 -0.3725 0.884652 -0.259946 -0.205819 0.581137 0.7432
1541977103.026959 1.789602 -0.374234 0.884955 -0.259617 -0.20755 0.583577 0.740918
1541977103.031937 1.791725 -0.376074 0.885224 -0.259827 -0.206686 0.585339 0.739695
1541977103.036918 1.79396 -0.377827 0.885404 -0.259944 -0.207105 0.587785 0.737594
1541977103.041903 1.796139 -0.379659 0.885686 -0.260989 -0.208327 0.589436 0.735561
1541977103.046892 1.798238 -0.381244 0.885873 -0.259253 -0.209203 0.5931 0.732977
1541977103.051879 1.800285 -0.383013 0.886125 -0.258861 -0.208832 0.595262 0.731466
1541977103.056877 1.802442 -0.384608 0.886321 -0.258549 -0.210575 0.598068 0.728783
1541977103.061885 1.80461 -0.386307 0.886481 -0.258831 -0.212318 0.600092 0.72651
1541977103.066897 1.806746 -0.388048 0.886678 -0.259141 -0.213028 0.601981 0.724626
1541977103.071922 1.808808 -0.389649 0.886792 -0.258822 -0.213526 0.604791 0.72225
1541977103.076953 1.810936 -0.391129 0.887021 -0.258058 -0.217064 0.606841 0.719745
1541977103.08198 1.813067 -0.392732 0.887109 -0.259215 -0.216609 0.608415 0.718136
1541977103.087002 1.815265 -0.394148 0.887275 -0.259749 -0.219692 0.610428 0.715293
1541977103.092015 1.817368 -0.395452 0.887447 -0.259756 -0.220838 0.612404 0.713245
1541977103.097023 1.819547 -0.396939 0.887501 -0.259777 -0.220487 0.61314 0.712713
1541977103.102022 1.821665 -0.398262 0.887667 -0.260633 -0.221468 0.614386 0.711022
1541977103.107017 1.823828 -0.399597 0.887712 -0.261249 -0.221607 0.615148 0.710093
1541977103.112005 1.825883 -0.400794 0.887883 -0.262305 -0.22235 0.616341 0.708435
1541977103.116988 1.828018 -0.402078 0.88791 -0.262591 -0.222602 0.616685 0.707951
1541977103.121972 1.829942 -0.4031 0.888084 -0.263606 -0.224497 0.61909 0.704869
1541977103.126957 1.83195 -0.404355 0.888156 -0.264409 -0.222237 0.619172 0.705212
1541977103.131942 1.833846 -0.405474 0.88825 -0.266127 -0.223012 0.620743 0.702937
1541977103.136929 1.835746 -0.406571 0.888272 -0.265971 -0.222029 0.621333 0.702785
1541977103.141922 1.837532 -0.407572 0.88837 -0.26675 -0.221823 0.622591 0.70144
1541977103.14692 1.839309 -0.408622 0.88843 -0.267602 -0.220121 0.623509 0.700837
1541977103.151921 1.841063 -0.409757 0.888459 -0.269487 -0.219932 0.623614 0.700081
1541977103.156927 1.842726 -0.41056 0.888505 -0.268837 -0.221369 0.625052 0.698593
1541977103.161931 1.844261 -0.411371 0.888682 -0.269237 -0.220603 0.626064 0.697775
1541977103.166936 1.845803 -0.412315 0.888743 -0.270909 -0.221314 0.625947 0.697007
1541977103.171954 1.84728 -0.412897 0.888846 -0.270541 -0.222982 0.627375 0.695333
1541977103.17697 1.848682 -0.413611 0.888971 -0.272116 -0.223701 0.627824 0.69408
1541977103.181982 1.850093 -0.414247 0.888992 -0.271489 -0.225656 0.628016 0.693519
1541977103.186989 1.851453 -0.414975 0.888962 -0.273083 -0.226473 0.627532 0.693066
1541977103.191991 1.852684 -0.415405 0.888946 -0.272962 -0.229867 0.628132 0.69145
1541977103.196989 1.853848 -0.415931 0.888948 -0.27334 -0.229368 0.628089 0.691505
1541977103.201985 1.854981 -0.416344 0.888905 -0.273699 -0.231378 0.628447 0.690368
1541977103.206977 1.856014 -0.41685 0.888849 -0.274674 -0.233366 0.627848 0.689856
1541977103.211966 1.856905 -0.417286 0.888745 -0.274959 -0.233291 0.628175 0.68947
1541977103.216956 1.857774 -0.417632 0.888669 -0.276396 -0.234726 0.6278 0.688749
1541977103.221957 1.858504 -0.417926 0.888545 -0.275952 -0.235601 0.628439 0.688046
1541977103.22696 1.859126 -0.41825 0.888438 -0.277084 -0.235361 0.62823 0.687864
1541977103.231961 1.859654 -0.418447 0.888396 -0.278232 -0.236687 0.628183 0.686988
1541977103.23696 1.860102 -0.418704 0.888278 -0.277997 -0.237335 0.628522 0.68655
1541977103.241957 1.860503 -0.41883 0.888189 -0.27796 -0.238974 0.628744 0.685792
1541977103.246954 1.860806 -0.418966 0.888091 -0.277877 -0.240203 0.628647 0.685485
1541977103.251954 1.860992 -0.419051 0.887945 -0.277368 -0.240594 0.629259 0.684992
1541977103.256953 1.861121 -0.419126 0.887817 -0.277369 -0.241095 0.629069 0.68499
1541977103.261951 1.861145 -0.419091 0.887781 -0.277033 -0.242457 0.629325 0.68441
1541977103.26695 1.861117 -0.419063 0.887634 -0.276051 -0.243068 0.629202 0.684703
1541977103.271947 1.861022 -0.418876 0.887575 -0.275475 -0.245921 0.62902 0.684083
1541977103.276947 1.860875 -0.418698 0.887407 -0.274025 -0.246563 0.629331 0.684149
1541977103.28195 1.860679 -0.418407 0.887334 -0.273505 -0.249119 0.629353 0.683411
1541977103.286951 1.860399 -0.418113 0.887228 -0.272458 -0.250498 0.628976 0.683672
1541977103.291952 1.860029 -0.417733 0.88716 -0.271662 -0.2505 0.629213 0.683769
1541977103.296969 1.859689 -0.417277 0.887047 -0.271012 -0.25208 0.628359 0.684232
1541977103.301985 1.859227 -0.416815 0.886916 -0.270242 -0.252205 0.6281 0.684728
1541977103.306996 1.858759 -0.416282 0.886826 -0.26957 -0.253133 0.627556 0.685149
1541977103.312005 1.858243 -0.415646 0.886787 -0.269179 -0.253331 0.627014 0.685726
1541977103.317011 1.857695 -0.415041 0.886639 -0.268759 -0.252977 0.626004 0.686943
1541977103.32201 1.857025 -0.414339 0.886584 -0.26789 -0.252937 0.625749 0.687529
1541977103.327002 1.856346 -0.413544 0.886464 -0.266534 -0.252742 0.625238 0.688592
1541977103.331993 1.855601 -0.412702 0.886324 -0.265483 -0.25339 0.625494 0.688527
1541977103.336979 1.854896 -0.411883 0.886183 -0.265069 -0.253189 0.623887 0.690216
1541977103.341963 1.853993 -0.410803 0.886045 -0.261876 -0.253362 0.625682 0.689747
1541977103.34695 1.853256 -0.40991 0.885874 -0.262625 -0.252604 0.623275 0.691915
1541977103.351937 1.852449 -0.408986 0.885662 -0.26254 -0.254115 0.62138 0.693098
1541977103.356928 1.851606 -0.407909 0.885558 -0.262183 -0.254748 0.621048 0.693299
1541977103.361918 1.8507 -0.40674 0.885385 -0.260441 -0.254306 0.620395 0.694701
1541977103.366912 1.849687 -0.405402 0.885178 -0.257791 -0.255413 0.622116 0.693743
1541977103.37191 1.848896 -0.404388 0.884984 -0.259402 -0.254817 0.618917 0.696219
1541977103.376914 1.84796 -0.403034 0.884884 -0.258269 -0.255772 0.617873 0.697217
1541977103.38192 1.84701 -0.401637 0.884774 -0.256545 -0.256318 0.617339 0.698125
1541977103.386927 1.846077 -0.400269 0.88458 -0.255275 -0.256263 0.616067 0.699733
1541977103.391937 1.845167 -0.398858 0.884446 -0.254342 -0.256462 0.614445 0.701423
1541977103.396954 1.844259 -0.397251 0.884469 -0.253717 -0.257609 0.613219 0.702302
1541977103.401967 1.843349 -0.395728 0.884346 -0.252479 -0.257527 0.611604 0.704184
1541977103.406976 1.842409 -0.394139 0.884251 -0.251331 -0.257208 0.609575 0.706467
1541977103.411978 1.84148 -0.392396 0.884201 -0.248937 -0.257687 0.608448 0.708109
1541977103.416979 1.840617 -0.390744 0.884084 -0.248195 -0.256866 0.606547 0.710295
1541977103.421976 1.839723 -0.38906 0.884073 -0.248083 -0.257026 0.60483 0.71174
1541977103.42697 1.838832 -0.387248 0.883944 -0.245436 -0.257578 0.6036 0.713499
1541977103.431963 1.837993 -0.38549 0.883797 -0.244631 -0.25711 0.601929 0.715354
1541977103.436955 1.837239 -0.38356 0.883718 -0.242799 -0.25754 0.599873 0.717548
1541977103.441946 1.836344 -0.381833 0.883511 -0.242938 -0.255956 0.598634 0.7191
1541977103.446937 1.83561 -0.380011 0.883289 -0.242432 -0.256015 0.596019 0.721419
1541977103.451929 1.834825 -0.37802 0.883168 -0.24085 -0.256475 0.594832 0.722764
1541977103.456927 1.833997 -0.37618 0.88293 -0.24067 -0.255215 0.593369 0.72447
1541977103.461928 1.833321 -0.374272 0.882557 -0.239198 -0.25514 0.591928 0.726161
1541977103.466929 1.832734 -0.37238 0.88227 -0.239038 -0.256484 0.590035 0.727279
1541977103.471931 1.831989 -0.370417 0.881882 -0.236681 -0.256435 0.58988 0.728193
1541977103.476943 1.831327 -0.368476 0.881492 -0.235374 -0.256221 0.588424 0.729868
1541977103.481953 1.830686 -0.366592 0.881082 -0.23509 -0.256258 0.58716 0.730963
1541977103.486962 1.83009 -0.364624 0.880689 -0.235281 -0.257723 0.585805 0.731474
1541977103.491973 1.829406 -0.362652 0.880181 -0.232902 -0.257296 0.585096 0.732952
1541977103.49698 1.828812 -0.360817 0.879687 -0.23255 -0.258128 0.583299 0.734202
1541977103.501981 1.828217 -0.3589 0.879228 -0.231657 -0.258591 0.582629 0.734853
1541977103.506979 1.82764 -0.356966 0.878627 -0.230952 -0.258859 0.581362 0.735983
1541977103.511976 1.827076 -0.355127 0.878067 -0.229187 -0.25991 0.579516 0.737619
1541977103.516973 1.826549 -0.353319 0.877415 -0.229197 -0.260201 0.578474 0.738331
1541977103.521969 1.826092 -0.351586 0.876791 -0.229025 -0.25973 0.576382 0.740184
1541977103.526962 1.825475 -0.349692 0.876057 -0.228239 -0.260485 0.57694 0.739726
1541977103.531951 1.824945 -0.347644 0.875482 -0.225051 -0.261818 0.575081 0.741678
1541977103.536943 1.824374 -0.345793 0.874709 -0.223961 -0.261301 0.575383 0.741956
1541977103.54194 1.82389 -0.343972 0.87394 -0.222549 -0.260955 0.575029 0.742776
1541977103.546939 1.823476 -0.342281 0.87314 -0.222462 -0.261124 0.573392 0.744007
1541977103.55194 1.823032 -0.340519 0.872378 -0.222138 -0.261167 0.573303 0.744157
1541977103.556944 1.8227 -0.338768 0.871538 -0.222537 -0.26142 0.572126 0.744855
1541977103.56195 1.822277 -0.337066 0.87068 -0.220929 -0.261769 0.571131 0.745974
1541977103.566954 1.821833 -0.33532 0.869799 -0.220275 -0.261489 0.571676 0.745848
1541977103.57197 1.821663 -0.333645 0.868925 -0.221641 -0.263096 0.569388 0.746628
1541977103.576983 1.82125 -0.331974 0.867961 -0.219971 -0.26276 0.569008 0.747529
1541977103.58199 1.82094 -0.330268 0.8669 -0.219598 -0.262518 0.569002 0.747729
1541977103.586991 1.820687 -0.328602 0.865908 -0.219246 -0.262653 0.567535 0.748898
1541977103.591989 1.820442 -0.326927 0.864951 -0.218652 -0.263586 0.567246 0.748963
1541977103.596984 1.820252 -0.325325 0.863911 -0.219416 -0.26389 0.566645 0.749087
1541977103.601978 1.819993 -0.32373 0.862865 -0.219107 -0.263546 0.565645 0.750054
1541977103.606969 1.81985 -0.322139 0.861713 -0.220012 -0.262922 0.565505 0.750113
1541977103.611959 1.819532 -0.32061 0.860654 -0.219606 -0.261252 0.565859 0.750549
1541977103.616954 1.819382 -0.318956 0.859591 -0.219363 -0.261461 0.565026 0.751175
1541977103.621948 1.819116 -0.31749 0.858493 -0.219807 -0.259771 0.565049 0.751614
1541977103.626942 1.81895 -0.315937 0.857432 -0.220546 -0.259748 0.564258 0.752
1541977103.631934 1.818738 -0.314419 0.856315 -0.221155 -0.258884 0.564089 0.752245
1541977103.636928 1.818484 -0.312936 0.855154 -0.221954 -0.257723 0.564309 0.752243
1541977103.641919 1.818256 -0.311304 0.854061 -0.221393 -0.257297 0.56379 0.752944
1541977103.646914 1.817894 -0.309806 0.852954 -0.220617 -0.255676 0.564752 0.753003
1541977103.65191 1.817685 -0.308349 0.851943 -0.221844 -0.255727 0.563773 0.753359
1541977103.656909 1.817399 -0.306726 0.850787 -0.221202 -0.255105 0.564131 0.75349
1541977103.661909 1.817163 -0.305305 0.849709 -0.222117 -0.254643 0.563436 0.753897
1541977103.666914 1.816866 -0.303706 0.848661 -0.221509 -0.254302 0.563554 0.754103
1541977103.671923 1.816531 -0.302233 0.847549 -0.221414 -0.253136 0.563914 0.754254
1541977103.676936 1.816263 -0.300717 0.8465 -0.221615 -0.253345 0.563673 0.754305
1541977103.681949 1.815924 -0.299221 0.845397 -0.22084 -0.252444 0.563982 0.754603
1541977103.686956 1.815673 -0.297726 0.844395 -0.221063 -0.253632 0.563408 0.754568
1541977103.69196 1.815415 -0.296289 0.843348 -0.221392 -0.253307 0.562263 0.755435
1541977103.696962 1.814996 -0.294749 0.842219 -0.220419 -0.253013 0.563346 0.755011
1541977103.701959 1.814724 -0.293352 0.841152 -0.221595 -0.25312 0.56272 0.755098
1541977103.706954 1.814361 -0.291904 0.840054 -0.221863 -0.252205 0.562504 0.755485
1541977103.711947 1.813969 -0.290427 0.838965 -0.221547 -0.251603 0.562625 0.755689
1541977103.716939 1.813652 -0.288979 0.837949 -0.22297 -0.251627 0.562148 0.755617
1541977103.721931 1.813278 -0.287619 0.836915 -0.224453 -0.251069 0.561372 0.755941
1541977103.726929 1.812783 -0.28611 0.835691 -0.223722 -0.248565 0.562977 0.755791
1541977103.731931 1.812441 -0.284695 0.834624 -0.225745 -0.248464 0.562062 0.755905
1541977103.736933 1.811988 -0.283273 0.8336 -0.226739 -0.247125 0.562468 0.755743
1541977103.741935 1.811412 -0.281642 0.832542 -0.225773 -0.245125 0.563425 0.755971
1541977103.746939 1.810879 -0.280255 0.831582 -0.226419 -0.244279 0.563514 0.755985
1541977103.751944 1.810363 -0.278749 0.830629 -0.226295 -0.243098 0.563353 0.756523
1541977103.75695 1.809753 -0.277272 0.82965 -0.225662 -0.24188 0.56406 0.756576
1541977103.761961 1.809258 -0.275869 0.828706 -0.226562 -0.241305 0.564138 0.756432
1541977103.76697 1.808642 -0.274424 0.827801 -0.226622 -0.239924 0.564439 0.756629
1541977103.771977 1.808086 -0.273022 0.826902 -0.22601 -0.239975 0.564016 0.757111
1541977103.776983 1.807494 -0.271576 0.826096 -0.226478 -0.239768 0.564182 0.756913
1541977103.781983 1.806809 -0.270064 0.825134 -0.224502 -0.23905 0.564755 0.757302
1541977103.786979 1.80616 -0.268751 0.824283 -0.224851 -0.238963 0.565303 0.756816
1541977103.791976 1.805529 -0.267342 0.823392 -0.225229 -0.239173 0.565426 0.756545
1541977103.796978 1.804839 -0.265957 0.822531 -0.224387 -0.239095 0.565531 0.756742
1541977103.801977 1.804161 -0.264561 0.821606 -0.224711 -0.239221 0.5658 0.756405
1541977103.806972 1.803501 -0.263167 0.820709 -0.224189 -0.240023 0.565683 0.756393
1541977103.81197 1.802824 -0.26184 0.819851 -0.225398 -0.240518 0.566434 0.755314
1541977103.81697 1.802101 -0.260416 0.81894 -0.224444 -0.241789 0.566381 0.755232
1541977103.821967 1.801276 -0.259046 0.818006 -0.22408 -0.240872 0.567386 0.754879
1541977103.826964 1.800514 -0.257685 0.81704 -0.223958 -0.241658 0.567835 0.754326
1541977103.83196 1.799771 -0.256409 0.816119 -0.225158 -0.241509 0.567168 0.754518
1541977103.836961 1.798906 -0.254965 0.81512 -0.224341 -0.241588 0.56852 0.753718
1541977103.841962 1.798093 -0.253606 0.814172 -0.224773 -0.241297 0.568778 0.753488
1541977103.846957 1.79727 -0.252108 0.813114 -0.224603 -0.241873 0.569608 0.752727
1541977103.851951 1.796406 -0.250622 0.812168 -0.223906 -0.242518 0.569722 0.752641
1541977103.856946 1.795586 -0.249278 0.811142 -0.225208 -0.242806 0.570176 0.751815
1541977103.861945 1.794663 -0.247796 0.810109 -0.225474 -0.242803 0.570823 0.751245
1541977103.866939 1.793746 -0.246258 0.809096 -0.225115 -0.24323 0.571488 0.750708
1541977103.871943 1.792764 -0.244706 0.808022 -0.225309 -0.242354 0.572899 0.749858
1541977103.876946 1.791814 -0.243142 0.807041 -0.224755 -0.242395 0.573117 0.749844
1541977103.881947 1.790888 -0.24151 0.805983 -0.226099 -0.242565 0.57361 0.749008
1541977103.886947 1.789925 -0.239911 0.805052 -0.226228 -0.242597 0.573436 0.749092
1541977103.891948 1.788913 -0.238186 0.804018 -0.225958 -0.241498 0.574167 0.748968
1541977103.896956 1.787944 -0.236441 0.803062 -0.225512 -0.241658 0.574534 0.74877
1541977103.901962 1.786998 -0.234653 0.8021 -0.22566 -0.242279 0.574356 0.748661
1541977103.906966 1.785996 -0.232883 0.801187 -0.225228 -0.241717 0.574278 0.749033
1541977103.911968 1.784946 -0.231106 0.800293 -0.224715 -0.241907 0.574195 0.749189
1541977103.91697 1.783948 -0.229229 0.799418 -0.224415 -0.241721 0.574224 0.749317
1541977103.921968 1.782905 -0.227318 0.798494 -0.223613 -0.24141 0.573879 0.749921
1541977103.926963 1.781889 -0.225357 0.797447 -0.223339 -0.240956 0.574127 0.749959
1541977103.931956 1.780833 -0.223422 0.796559 -0.223191 -0.23978 0.573954 0.750512
1541977103.936947 1.779761 -0.221411 0.795638 -0.223172 -0.240225 0.573807 0.750487
1541977103.941941 1.778578 -0.219411 0.794573 -0.222265 -0.237882 0.574165 0.751229
1541977103.946936 1.777562 -0.217403 0.793623 -0.222917 -0.23781 0.573532 0.751542
1541977103.951929 1.776375 -0.215261 0.792643 -0.221662 -0.236556 0.573536 0.752305
1541977103.956921 1.775196 -0.213179 0.791683 -0.222096 -0.234503 0.574132 0.752366
1541977103.961915 1.774015 -0.211019 0.790658 -0.221663 -0.233955 0.573588 0.753079
1541977103.966913 1.772836 -0.20884 0.789624 -0.222052 -0.232947 0.573487 0.753353
1541977103.971923 1.771579 -0.206671 0.788566 -0.222351 -0.231456 0.574025 0.753315
1541977103.976937 1.770341 -0.204471 0.787533 -0.222477 -0.229305 0.573942 0.753999
1541977103.98195 1.769134 -0.202177 0.786552 -0.222457 -0.229219 0.573093 0.754676
1541977103.98697 1.767859 -0.199893 0.785502 -0.222831 -0.228336 0.573325 0.754657
1541977103.991985 1.766483 -0.197551 0.784327 -0.223379 -0.226139 0.574156 0.754525
1541977103.996994 1.765119 -0.195198 0.783297 -0.222996 -0.225191 0.57384 0.755162
1541977104.001997 1.763802 -0.192901 0.782257 -0.224069 -0.22509 0.573155 0.755395
1541977104.006996 1.762338 -0.190473 0.781233 -0.223228 -0.22474 0.573514 0.755475
1541977104.01199 1.760783 -0.188127 0.780182 -0.222933 -0.223532 0.574036 0.755524
1541977104.01698 1.759265 -0.185659 0.779161 -0.222668 -0.22308 0.574298 0.755537
1541977104.021969 1.757693 -0.183181 0.778152 -0.221661 -0.222265 0.57473 0.755744
1541977104.026959 1.756093 -0.180779 0.777111 -0.222366 -0.221153 0.575411 0.755346
1541977104.031947 1.754439 -0.17831 0.776183 -0.22185 -0.220773 0.575722 0.755371
1541977104.036947 1.752818 -0.175774 0.775271 -0.221407 -0.220114 0.575595 0.75579
1541977104.041948 1.751191 -0.173241 0.774433 -0.221026 -0.220316 0.575661 0.755793
1541977104.046943 1.749381 -0.170762 0.773407 -0.220618 -0.217628 0.577527 0.755268
1541977104.051941 1.747587 -0.16819 0.772514 -0.219426 -0.216334 0.578005 0.755621
1541977104.056942 1.745844 -0.16555 0.771685 -0.218943 -0.215575 0.578195 0.755832
1541977104.061945 1.743915 -0.162963 0.770881 -0.216625 -0.214348 0.579212 0.75607
1541977104.066949 1.742067 -0.160366 0.769986 -0.216458 -0.212788 0.580287 0.755735
1541977104.071964 1.740149 -0.157734 0.769162 -0.215327 -0.212258 0.581275 0.755447
1541977104.076976 1.738303 -0.15502 0.768288 -0.214109 -0.212264 0.581192 0.755855
1541977104.081983 1.736383 -0.152418 0.767401 -0.21363 -0.212021 0.582184 0.755295
1541977104.086985 1.734398 -0.149812 0.766496 -0.212747 -0.21128 0.583478 0.754754
1541977104.09198 1.732272 -0.147226 0.765551 -0.211364 -0.20934 0.585036 0.754477
1541977104.096975 1.730365 -0.144499 0.764675 -0.210823 -0.211079 0.585096 0.754097
1541977104.101966 1.728389 -0.141923 0.763758 -0.210685 -0.210897 0.585966 0.75351
1541977104.106959 1.726305 -0.139277 0.762813 -0.21024 -0.210485 0.587748 0.752361
1541977104.111955 1.724231 -0.136606 0.761874 -0.209488 -0.209647 0.588441 0.752263
1541977104.116949 1.722216 -0.133953 0.760927 -0.209744 -0.209986 0.589326 0.751404
1541977104.121943 1.720192 -0.131277 0.760063 -0.210655 -0.209446 0.590458 0.75041
1541977104.126944 1.718165 -0.128528 0.759198 -0.209863 -0.209122 0.591237 0.750109
1541977104.131947 1.716117 -0.125804 0.758374 -0.209361 -0.209449 0.592034 0.74953
1541977104.136951 1.714084 -0.12303 0.757553 -0.211013 -0.208666 0.593655 0.748001
1541977104.141957 1.712059 -0.120363 0.756802 -0.21083 -0.207796 0.594718 0.74745
1541977104.146961 1.710006 -0.117652 0.756205 -0.210614 -0.206714 0.595664 0.747058
1541977104.151963 1.707934 -0.11484 0.755576 -0.209893 -0.205816 0.59625 0.747041
1541977104.156966 1.705856 -0.112141 0.755058 -0.209452 -0.204986 0.597906 0.746069
1541977104.161971 1.703755 -0.10946 0.754595 -0.2089 -0.203284 0.599257 0.745605
1541977104.166975 1.70179 -0.10682 0.754192 -0.208779 -0.204069 0.600207 0.74466
1541977104.171982 1.699661 -0.104126 0.753933 -0.206343 -0.202626 0.600736 0.745306
1541977104.176992 1.697542 -0.101463 0.753637 -0.204817 -0.202017 0.602123 0.744773
1541977104.181999 1.695376 -0.098887 0.753366 -0.20328 -0.201596 0.604156 0.743661
1541977104.187005 1.693261 -0.09637 0.753098 -0.202434 -0.199701 0.605932 0.742958
1541977104.192009 1.691181 -0.093726 0.752921 -0.199674 -0.20111 0.606778 0.742635
1541977104.197018 1.689051 -0.091184 0.752662 -0.198212 -0.199598 0.609017 0.7416
1541977104.202018 1.686996 -0.088724 0.752442 -0.196825 -0.199974 0.610189 0.740904
1541977104.20701 1.684917 -0.086295 0.75226 -0.196016 -0.199458 0.611099 0.740508
1541977104.211997 1.682892 -0.083751 0.752071 -0.194118 -0.199762 0.613137 0.73924
1541977104.216982 1.680826 -0.081322 0.751915 -0.192677 -0.199734 0.614628 0.738386
1541977104.221974 1.678794 -0.07894 0.751709 -0.190953 -0.199855 0.616472 0.737263
1541977104.226967 1.676853 -0.07652 0.751575 -0.189605 -0.20059 0.616965 0.736999
1541977104.231957 1.674904 -0.074103 0.751425 -0.188872 -0.201106 0.618672 0.735615
1541977104.236951 1.672909 -0.071804 0.751154 -0.186557 -0.201061 0.620596 0.734596
1541977104.241948 1.671074 -0.069483 0.751103 -0.186459 -0.201828 0.621765 0.733421
1541977104.246943 1.669076 -0.067119 0.750887 -0.183581 -0.201809 0.623765 0.732453
1541977104.251938 1.667201 -0.064898 0.750734 -0.182194 -0.201947 0.625297 0.731455
1541977104.256937 1.66546 -0.062723 0.750617 -0.182319 -0.203514 0.625655 0.730683
1541977104.261938 1.663614 -0.060512 0.75047 -0.180849 -0.20262 0.627096 0.730061
1541977104.266938 1.661852 -0.058299 0.750334 -0.179245 -0.203569 0.628609 0.728891
1541977104.271939 1.660137 -0.05614 0.750143 -0.177505 -0.204575 0.629693 0.728099
1541977104.276952 1.658372 -0.053982 0.749956 -0.175884 -0.203188 0.631594 0.727233
1541977104.281962 1.656726 -0.05184 0.74982 -0.17448 -0.203151 0.63252 0.726777
1541977104.286969 1.655074 -0.049855 0.749598 -0.172729 -0.203137 0.634077 0.725842
1541977104.291975 1.653459 -0.047833 0.749428 -0.171172 -0.201877 0.634605 0.726101
1541977104.296988 1.651832 -0.045826 0.749188 -0.170377 -0.201216 0.636205 0.72507
1541977104.301998 1.650312 -0.043815 0.748909 -0.168801 -0.201759 0.636985 0.724603
1541977104.307001 1.64872 -0.041884 0.748621 -0.167649 -0.200668 0.637833 0.724428
1541977104.311995 1.647159 -0.03998 0.748317 -0.166907 -0.201127 0.639413 0.723077
1541977104.316985 1.645681 -0.038148 0.747949 -0.165504 -0.200768 0.639448 0.723469
1541977104.321977 1.644078 -0.036304 0.74744 -0.164292 -0.200554 0.641141 0.722305
1541977104.326965 1.642484 -0.034514 0.746998 -0.163004 -0.200789 0.642202 0.721589
1541977104.331952 1.641147 -0.032764 0.746505 -0.163235 -0.203321 0.642405 0.720646
1541977104.336942 1.639528 -0.031156 0.745908 -0.163344 -0.202138 0.644089 0.71945
1541977104.341931 1.637971 -0.029539 0.745278 -0.162377 -0.201753 0.644618 0.719303
1541977104.346924 1.636401 -0.027928 0.74455 -0.161966 -0.201525 0.64615 0.718084
1541977104.351911 1.634941 -0.026363 0.74392 -0.163073 -0.203181 0.646874 0.716714
1541977104.356901 1.633364 -0.024957 0.743241 -0.162945 -0.202165 0.648132 0.715893
1541977104.361899 1.631886 -0.023485 0.742465 -0.163337 -0.20274 0.648883 0.714961
1541977104.366904 1.6303 -0.022053 0.741743 -0.16399 -0.20258 0.650434 0.713445
1541977104.37192 1.628696 -0.020746 0.741012 -0.163884 -0.202279 0.651873 0.71224
1541977104.37694 1.627154 -0.019349 0.740403 -0.163675 -0.203134 0.652819 0.711178
1541977104.381961 1.625604 -0.01817 0.739644 -0.164341 -0.203548 0.653682 0.710113
1541977104.386988 1.62396 -0.017031 0.738861 -0.164348 -0.203358 0.655256 0.708714
1541977104.392006 1.622304 -0.015793 0.738293 -0.163508 -0.204212 0.657143 0.706913
1541977104.397018 1.620793 -0.014657 0.737676 -0.16416 -0.204432 0.657333 0.706521
1541977104.402022 1.619161 -0.013704 0.736837 -0.164676 -0.204699 0.659113 0.704663
1541977104.407019 1.617488 -0.01256 0.736267 -0.164332 -0.205367 0.660847 0.702923
1541977104.412009 1.615861 -0.011535 0.73559 -0.162977 -0.205711 0.662067 0.701989
1541977104.416998 1.614263 -0.010518 0.735003 -0.163008 -0.207063 0.662765 0.700925
1541977104.421985 1.612601 -0.009546 0.734294 -0.162593 -0.206888 0.664622 0.699312
1541977104.426972 1.610995 -0.0086 0.733647 -0.162375 -0.207527 0.66596 0.6979
1541977104.431958 1.60958 -0.007715 0.732987 -0.163221 -0.208812 0.666086 0.697198
1541977104.436945 1.607966 -0.006729 0.732309 -0.162299 -0.208857 0.667794 0.695765
1541977104.441934 1.606494 -0.005875 0.731558 -0.162664 -0.208726 0.668198 0.695331
1541977104.446925 1.605007 -0.004859 0.730907 -0.16327 -0.209819 0.669232 0.693864
1541977104.45192 1.603607 -0.00406 0.73011 -0.164356 -0.209038 0.669997 0.693105
