# timestamp[secs] tx ty tz qx qy qz qw
0.015322 0.0 -0.0 -0.0 -0.0 0.0 -0.0 1.0
0.020332 0.000162 0.00041 -0.000246 0.000676 -0.00022 0.000463 1.0
0.025334 0.000253 0.000632 -0.000362 0.001093 -0.000422 0.000684 0.999999
0.030333 0.00034 0.000843 -0.000484 0.001498 -0.000571 0.000884 0.999998
0.035334 0.000508 0.001261 -0.000716 0.002175 -0.000796 0.001304 0.999996
0.040322 0.000589 0.001462 -0.000816 0.002488 -0.000801 0.001566 0.999995
0.045307 0.000753 0.001868 -0.001028 0.003119 -0.000898 0.002025 0.999993
0.050293 0.00091 0.002272 -0.001225 0.003805 -0.00085 0.002501 0.999989
0.055276 0.001078 0.002659 -0.001421 0.004463 -0.000919 0.003 0.999985
0.060255 0.001251 0.003046 -0.001606 0.005119 -0.000995 0.003478 0.99998
0.065245 0.001332 0.003242 -0.001699 0.005415 -0.000981 0.003708 0.999978
0.070243 0.001496 0.003587 -0.00187 0.005856 -0.000952 0.004217 0.999974
0.075245 0.001657 0.003919 -0.002014 0.006253 -0.000842 0.004763 0.999969
0.080243 0.001813 0.004239 -0.002149 0.006685 -0.00074 0.005247 0.999964
0.085249 0.001892 0.004376 -0.002211 0.006819 -0.000784 0.005445 0.999962
0.090257 0.002228 0.004955 -0.002495 0.007442 -0.00107 0.006249 0.999952
0.09527 0.002386 0.00521 -0.002616 0.00766 -0.001275 0.006584 0.999948
0.100282 0.002538 0.005435 -0.002734 0.007788 -0.001552 0.006862 0.999945
0.105301 0.002681 0.005632 -0.002856 0.007883 -0.001866 0.007115 0.999942
0.110316 0.002819 0.005812 -0.002981 0.007918 -0.002253 0.007285 0.99994
0.115329 0.002951 0.005957 -0.003109 0.007822 -0.002736 0.007479 0.999938
0.120345 0.003064 0.006083 -0.003228 0.007699 -0.003119 0.007642 0.999936
0.125357 0.003154 0.006205 -0.003336 0.007625 -0.00339 0.007809 0.999935
0.130365 0.003255 0.006346 -0.003497 0.007428 -0.003785 0.00799 0.999933
0.135377 0.003306 0.006435 -0.003603 0.007327 -0.003955 0.008107 0.999932
0.140381 0.003338 0.006522 -0.003698 0.007249 -0.004017 0.00817 0.999932
0.145378 0.003356 0.006597 -0.003795 0.007159 -0.004054 0.008275 0.999932
0.150364 0.003348 0.006627 -0.003843 0.007133 -0.003972 0.008318 0.999932
0.155347 0.003342 0.006694 -0.003938 0.00709 -0.003866 0.008394 0.999932
0.160328 0.003333 0.006746 -0.004039 0.00701 -0.003809 0.008501 0.999932
0.165309 0.003312 0.006784 -0.004141 0.006891 -0.00371 0.00861 0.999932
0.170296 0.003275 0.006816 -0.004239 0.006742 -0.003546 0.008716 0.999933
0.175288 0.003229 0.006832 -0.004342 0.006543 -0.003376 0.008802 0.999934
0.18028 0.003169 0.006838 -0.00445 0.006355 -0.003186 0.00889 0.999935
0.185274 0.003143 0.006844 -0.004499 0.006254 -0.003073 0.008957 0.999936
0.190271 0.003079 0.006833 -0.004627 0.006085 -0.002994 0.008998 0.999937
0.195269 0.003003 0.006812 -0.004761 0.005934 -0.002902 0.009053 0.999937
0.200277 0.002918 0.00678 -0.004905 0.00577 -0.002853 0.009078 0.999938
0.205283 0.002772 0.006722 -0.005134 0.005545 -0.00279 0.009051 0.99994
0.210287 0.002681 0.00661 -0.005334 0.005179 -0.003024 0.009049 0.999941
0.215296 0.002583 0.006476 -0.005546 0.004766 -0.003275 0.009029 0.999943
0.220312 0.00247 0.006317 -0.005771 0.004253 -0.003502 0.008946 0.999945
0.225324 0.002339 0.006133 -0.006012 0.003685 -0.00372 0.008864 0.999947
0.230341 0.002101 0.005806 -0.006446 0.002775 -0.004066 0.0086 0.999951
0.235349 0.001917 0.005565 -0.006753 0.002128 -0.004133 0.008399 0.999954
0.240351 0.001722 0.005306 -0.007091 0.001456 -0.004226 0.008126 0.999957
0.245346 0.001492 0.005066 -0.007447 0.00102 -0.004096 0.007816 0.999961
0.250341 0.001359 0.00493 -0.007669 0.000831 -0.004012 0.007621 0.999963
0.255329 0.001101 0.004667 -0.008095 0.00045 -0.003864 0.007216 0.999966
0.260315 0.000838 0.004382 -0.008561 7.3e-05 -0.003785 0.00682 0.99997
0.2653 0.000548 0.004084 -0.009062 -0.000274 -0.003539 0.006343 0.999974
0.270295 0.00025 0.003767 -0.009608 -0.000613 -0.003338 0.005809 0.999977
0.275286 -6.2e-05 0.00343 -0.010194 -0.000914 -0.003085 0.005209 0.999981
0.280276 -0.000372 0.003075 -0.010835 -0.001161 -0.002966 0.004543 0.999985
0.285268 -0.000528 0.002905 -0.011141 -0.001282 -0.002873 0.004265 0.999986
0.290265 -0.000858 0.00251 -0.011844 -0.001571 -0.002621 0.003543 0.999989
0.295268 -0.001189 0.002091 -0.012598 -0.001758 -0.002417 0.002731 0.999992
0.300271 -0.001527 0.001643 -0.013384 -0.001956 -0.002113 0.001871 0.999994
0.305277 -0.002023 0.000945 -0.014627 -0.00224 -0.00182 0.000457 0.999996
0.31029 -0.00238 0.000435 -0.015509 -0.002388 -0.001249 -0.000584 0.999996
0.315302 -0.002698 -0.000114 -0.016442 -0.002599 -0.00109 -0.001592 0.999995
0.320311 -0.003039 -0.000679 -0.017401 -0.002789 -0.000625 -0.002715 0.999992
0.325319 -0.003373 -0.001276 -0.018395 -0.002892 -0.000219 -0.003958 0.999988
0.330327 -0.00398 -0.002596 -0.020514 -0.00331 0.000338 -0.006406 0.999974
0.335334 -0.004133 -0.002915 -0.021035 -0.003425 0.000431 -0.007006 0.999969
0.340337 -0.004436 -0.003617 -0.022127 -0.003639 0.000808 -0.008229 0.999959
0.345334 -0.004694 -0.004338 -0.02325 -0.003834 0.000859 -0.009463 0.999948
0.350329 -0.004963 -0.005079 -0.024372 -0.004059 0.001239 -0.010734 0.999933
0.355318 -0.005076 -0.005481 -0.024944 -0.004238 0.001418 -0.01134 0.999926
0.360309 -0.005291 -0.006264 -0.026079 -0.004531 0.001575 -0.012532 0.99991
0.3653 -0.00549 -0.007073 -0.027221 -0.004924 0.001743 -0.013683 0.999893
0.370293 -0.005676 -0.007903 -0.028352 -0.005343 0.00198 -0.014781 0.999875
0.375291 -0.005766 -0.008303 -0.028928 -0.005466 0.001982 -0.015358 0.999865
0.380288 -0.005917 -0.009173 -0.03005 -0.005957 0.002257 -0.016433 0.999845
0.385287 -0.006033 -0.010056 -0.031153 -0.006532 0.002392 -0.017458 0.999823
0.390291 -0.006129 -0.010982 -0.032238 -0.007262 0.002545 -0.018423 0.999801
0.395296 -0.006226 -0.01238 -0.033853 -0.0083 0.002512 -0.019811 0.999766
0.400302 -0.006269 -0.013366 -0.034874 -0.009164 0.002592 -0.020634 0.999742
0.405307 -0.006283 -0.014355 -0.03588 -0.009981 0.00254 -0.021459 0.999717
0.410323 -0.006292 -0.015377 -0.036845 -0.010946 0.002639 -0.022293 0.999688
0.415332 -0.006287 -0.016398 -0.037768 -0.011943 0.002753 -0.023101 0.999658
0.420348 -0.006271 -0.017432 -0.03865 -0.012939 0.002979 -0.023877 0.999627
0.425357 -0.006195 -0.018968 -0.039878 -0.014346 0.003145 -0.02487 0.999583
0.430359 -0.006152 -0.019976 -0.040646 -0.015173 0.003531 -0.025552 0.999552
0.435356 -0.006086 -0.020977 -0.041381 -0.015991 0.003823 -0.02622 0.999521
0.440352 -0.005993 -0.021972 -0.042052 -0.016849 0.004045 -0.026785 0.999491
0.445345 -0.005919 -0.022456 -0.042333 -0.017204 0.004083 -0.027017 0.999479
0.450335 -0.005787 -0.023431 -0.042928 -0.017984 0.004227 -0.027538 0.99945
0.455325 -0.005626 -0.024406 -0.043475 -0.018724 0.004266 -0.027954 0.999425
0.460313 -0.00545 -0.025365 -0.043966 -0.019402 0.004334 -0.028358 0.9994
0.465305 -0.00526 -0.026312 -0.044393 -0.020084 0.004498 -0.028748 0.999375
0.4703 -0.005032 -0.027264 -0.044769 -0.020841 0.004469 -0.029023 0.999351
0.475297 -0.004919 -0.027749 -0.044978 -0.021264 0.004385 -0.029171 0.999339
0.480296 -0.004651 -0.028689 -0.045264 -0.02204 0.004219 -0.029293 0.999319
0.485297 -0.004366 -0.029631 -0.045493 -0.022847 0.004061 -0.029372 0.999299
0.4903 -0.004065 -0.03057 -0.045667 -0.023699 0.003898 -0.029406 0.999279
0.495299 -0.003599 -0.031968 -0.045856 -0.025076 0.003665 -0.029378 0.999247
0.5003 -0.003263 -0.032883 -0.045896 -0.025936 0.003407 -0.029226 0.99923
0.505299 -0.002922 -0.033795 -0.045883 -0.026858 0.003161 -0.029038 0.999212
0.51031 -0.002548 -0.034693 -0.04583 -0.027773 0.002664 -0.028773 0.999197
0.515319 -0.002181 -0.035574 -0.045734 -0.028641 0.002243 -0.028516 0.99918
0.520337 -0.001822 -0.036438 -0.045589 -0.02951 0.001974 -0.028259 0.999163
0.525355 -0.001444 -0.037291 -0.045408 -0.030418 0.001509 -0.027965 0.999145
0.530378 -0.001059 -0.038128 -0.045188 -0.031272 0.000966 -0.027584 0.99913
0.535394 -0.000314 -0.03973 -0.04461 -0.033214 -0.000182 -0.026575 0.999095
0.540405 -0.000119 -0.040134 -0.044482 -0.033651 -0.000515 -0.026365 0.999086
0.545405 0.000218 -0.040901 -0.044146 -0.034542 -0.00093 -0.02579 0.99907
0.550404 0.000545 -0.041661 -0.043789 -0.0355 -0.001346 -0.025162 0.999052
0.555395 0.000856 -0.042402 -0.043422 -0.036461 -0.001767 -0.02453 0.999032
0.560377 0.000978 -0.042749 -0.043224 -0.036896 -0.00189 -0.024219 0.999024
0.565354 0.00124 -0.04345 -0.042832 -0.037729 -0.002168 -0.023564 0.999008
0.570339 0.001472 -0.044129 -0.042434 -0.038517 -0.002395 -0.02294 0.998992
0.575318 0.001686 -0.044797 -0.042027 -0.039391 -0.002633 -0.022326 0.998971
0.580296 0.001855 -0.045434 -0.041603 -0.040148 -0.002646 -0.021753 0.998953
0.585282 0.001999 -0.046055 -0.041169 -0.04091 -0.002605 -0.021245 0.998934
0.590267 0.002119 -0.046658 -0.040739 -0.04166 -0.002574 -0.020763 0.998913
0.595254 0.002189 -0.046964 -0.040527 -0.042053 -0.002572 -0.020557 0.998901
0.600242 0.002268 -0.047526 -0.040087 -0.042752 -0.002472 -0.020121 0.99888
0.605246 0.00232 -0.048067 -0.039645 -0.04348 -0.002296 -0.019648 0.998858
0.610253 0.00235 -0.048593 -0.039204 -0.04426 -0.002086 -0.019215 0.998833
0.615262 0.002364 -0.049349 -0.038533 -0.045295 -0.001707 -0.018546 0.9988
0.620274 0.002343 -0.049812 -0.038092 -0.04592 -0.001448 -0.018071 0.998781
0.625284 0.002285 -0.050238 -0.037646 -0.046469 -0.001 -0.017597 0.998764
0.630288 0.002202 -0.050639 -0.037201 -0.046974 -0.000418 -0.017066 0.99875
0.635296 0.00211 -0.051023 -0.036759 -0.047451 1.7e-05 -0.016461 0.998738
0.640304 0.001998 -0.051385 -0.036323 -0.047882 0.000479 -0.01595 0.998726
0.64531 0.001859 -0.051719 -0.035884 -0.048248 0.001037 -0.015446 0.998715
0.650312 0.001691 -0.052025 -0.035443 -0.048599 0.001765 -0.014989 0.998704
0.655314 0.001528 -0.052318 -0.035009 -0.04896 0.002286 -0.014609 0.998691
0.660314 0.001159 -0.05285 -0.034103 -0.049905 0.003394 -0.013924 0.998651
0.66532 0.001073 -0.052991 -0.033882 -0.050157 0.003608 -0.013754 0.99864
0.670319 0.000872 -0.053228 -0.033421 -0.050607 0.004241 -0.013578 0.998617
0.675317 0.000668 -0.053438 -0.032963 -0.050964 0.004831 -0.013402 0.998599
0.680316 0.00067 -0.053406 -0.032971 -0.050929 0.004715 -0.013481 0.9986
0.68531 0.000377 -0.053709 -0.03229 -0.051485 0.005441 -0.013214 0.998571
0.690303 0.000185 -0.05388 -0.031842 -0.051881 0.005824 -0.013039 0.998551
0.695299 -1.3e-05 -0.054034 -0.031385 -0.052266 0.006295 -0.012804 0.998531
0.700291 -0.000215 -0.054163 -0.030927 -0.052607 0.006828 -0.012659 0.998512
0.705282 -0.000308 -0.054233 -0.030706 -0.05276 0.006979 -0.012602 0.998503
0.710277 -0.000472 -0.054337 -0.030274 -0.053196 0.007135 -0.012401 0.998482
0.715279 -0.000635 -0.054409 -0.029839 -0.053556 0.007372 -0.012179 0.998463
0.720287 -0.000789 -0.054465 -0.029391 -0.053962 0.007662 -0.011922 0.998442
0.725294 -0.001024 -0.054513 -0.028717 -0.054534 0.008251 -0.011463 0.998412
0.730301 -0.001183 -0.054488 -0.028259 -0.054778 0.008799 -0.011198 0.998397
0.735309 -0.001302 -0.054441 -0.027808 -0.055102 0.009097 -0.010922 0.99838
0.740318 -0.001492 -0.054231 -0.026875 -0.055697 0.009649 -0.010211 0.998349
0.745324 -0.001554 -0.054183 -0.026644 -0.055787 0.009895 -0.010066 0.998343
0.750322 -0.001652 -0.054035 -0.026167 -0.055905 0.010318 -0.009638 0.998336
0.755315 -0.001746 -0.053854 -0.025697 -0.055985 0.010755 -0.009277 0.998331
0.76032 -0.001811 -0.053657 -0.025229 -0.056116 0.011015 -0.008904 0.998324
0.765319 -0.001834 -0.053523 -0.024998 -0.056068 0.01111 -0.008679 0.998327
0.770313 -0.001872 -0.053288 -0.024536 -0.056174 0.0112 -0.008246 0.998324
0.775309 -0.001931 -0.053024 -0.02407 -0.056233 0.011546 -0.007832 0.99832
0.780304 -0.001975 -0.052735 -0.02362 -0.056221 0.011784 -0.007352 0.998322
0.785298 -0.002018 -0.052425 -0.023177 -0.056238 0.012082 -0.006977 0.99832
0.790295 -0.002052 -0.051904 -0.022542 -0.056198 0.012275 -0.006301 0.998324
0.795294 -0.002059 -0.051937 -0.022534 -0.056179 0.012297 -0.006331 0.998325
0.800295 -0.002071 -0.051368 -0.021916 -0.056173 0.012377 -0.005594 0.998329
0.805294 -0.002082 -0.051186 -0.021702 -0.056164 0.012453 -0.005321 0.99833
0.810296 -0.002077 -0.050962 -0.021514 -0.056085 0.012437 -0.005092 0.998336
0.815297 -0.002092 -0.050119 -0.020724 -0.055992 0.012688 -0.004216 0.998342
0.820294 -0.002073 -0.049864 -0.020542 -0.055983 0.012605 -0.003979 0.998344
0.825295 -0.002064 -0.049592 -0.020357 -0.055859 0.012666 -0.003757 0.998351
0.830315 -0.002019 -0.048551 -0.019632 -0.055328 0.012587 -0.002859 0.998385
0.835333 -0.001968 -0.047973 -0.0193 -0.054995 0.012392 -0.002388 0.998407
0.840344 -0.001906 -0.047031 -0.01881 -0.054422 0.012333 -0.001812 0.99844
0.845347 -0.001829 -0.046414 -0.01851 -0.054189 0.011994 -0.001371 0.998458
0.850346 -0.001748 -0.04576 -0.018232 -0.053804 0.011589 -0.000895 0.998484
0.855346 -0.001675 -0.045079 -0.017957 -0.053339 0.011317 -0.000426 0.998512
0.860341 -0.001643 -0.044712 -0.017826 -0.053097 0.01128 -0.000215 0.998526
0.865334 -0.001565 -0.043998 -0.017559 -0.052662 0.011013 0.00029 0.998552
0.87033 -0.001491 -0.043272 -0.01729 -0.052278 0.01084 0.000804 0.998573
0.875327 -0.001424 -0.042512 -0.017039 -0.051743 0.010732 0.00133 0.998602
0.880321 -0.001339 -0.041742 -0.016795 -0.051355 0.010457 0.001825 0.998624
0.885313 -0.001249 -0.040947 -0.016555 -0.050898 0.010142 0.00233 0.99865
0.890303 -0.001202 -0.040104 -0.016297 -0.050233 0.010269 0.002877 0.998681
0.895292 -0.001149 -0.039249 -0.016043 -0.049597 0.010378 0.003378 0.99871
0.900282 -0.001082 -0.038379 -0.015796 -0.04901 0.010343 0.003817 0.998737
0.905274 -0.001012 -0.037498 -0.015549 -0.048444 0.010265 0.004289 0.998764
0.910266 -0.000978 -0.037061 -0.015434 -0.04813 0.010205 0.004503 0.998779
0.915255 -0.000905 -0.036148 -0.015199 -0.047518 0.010121 0.004935 0.998807
0.920255 -0.000848 -0.035212 -0.014957 -0.046837 0.010144 0.005296 0.998837
0.925259 -0.000777 -0.034258 -0.01473 -0.046046 0.010059 0.005732 0.998872
0.930278 -0.00069 -0.032809 -0.014397 -0.044969 0.010112 0.006228 0.998918
0.935298 -0.000604 -0.031819 -0.014188 -0.044256 0.009866 0.006627 0.99895
0.940324 -0.00054 -0.030789 -0.01399 -0.04329 0.009837 0.006929 0.99899
0.945348 -0.000454 -0.029768 -0.013813 -0.042476 0.009624 0.007325 0.999024
0.950364 -0.000266 -0.028228 -0.013581 -0.041383 0.008789 0.007738 0.999075
0.955366 -0.000166 -0.027176 -0.013421 -0.040595 0.008498 0.008069 0.999107
0.960364 -5.2e-05 -0.026113 -0.013266 -0.039847 0.008104 0.008434 0.999137
0.965352 8.6e-05 -0.025027 -0.013123 -0.039012 0.007497 0.008813 0.999172
0.970343 0.000119 -0.024455 -0.013038 -0.038497 0.007597 0.008983 0.999189
0.975323 0.00024 -0.023353 -0.012891 -0.037723 0.007197 0.009378 0.999218
0.980297 0.000353 -0.022237 -0.012742 -0.036947 0.006888 0.009855 0.999245
0.985273 0.000443 -0.021078 -0.012581 -0.035969 0.006811 0.010316 0.999276
0.990253 0.000545 -0.019907 -0.012434 -0.035035 0.006586 0.010803 0.999306
0.995233 0.000604 -0.018696 -0.012271 -0.033888 0.006781 0.011357 0.999338
1.000222 0.000661 -0.018107 -0.012195 -0.03342 0.006637 0.011623 0.999352
1.005215 0.00074 -0.01688 -0.012037 -0.032302 0.006694 0.012153 0.999382
1.010214 0.000841 -0.015656 -0.011894 -0.031291 0.006463 0.012664 0.999409
1.015222 0.000953 -0.014414 -0.01176 -0.030269 0.006142 0.013173 0.999436
1.02024 0.001085 -0.012526 -0.011532 -0.028646 0.006026 0.013863 0.999475
1.025258 0.00122 -0.011253 -0.011408 -0.027575 0.005435 0.014246 0.999503
1.030274 0.001326 -0.009941 -0.011262 -0.026289 0.005159 0.014681 0.999533
1.035287 0.001446 -0.008614 -0.011114 -0.025029 0.004779 0.01491 0.999564
1.040299 0.001633 -0.006588 -0.010892 -0.023046 0.004128 0.015323 0.999608
1.045307 0.00176 -0.005219 -0.010741 -0.021696 0.003713 0.015545 0.999637
1.050309 0.001935 -0.003862 -0.010603 -0.020624 0.00277 0.015672 0.999661
1.055303 0.002114 -0.002476 -0.010474 -0.019356 0.001806 0.015746 0.999687
1.060294 0.002201 -0.001774 -0.010408 -0.018791 0.00132 0.015774 0.999698
1.065285 0.002365 -0.000369 -0.010263 -0.017522 0.000505 0.015899 0.99972
1.070275 0.002535 0.001044 -0.01012 -0.016252 -0.000369 0.015994 0.99974
1.075265 0.002704 0.002461 -0.009972 -0.014981 -0.001247 0.016178 0.999756
1.080252 0.002861 0.003902 -0.009812 -0.013589 -0.002061 0.016343 0.999772
1.085242 0.002961 0.004608 -0.00975 -0.013072 -0.002674 0.016351 0.999777
1.090238 0.0031 0.006079 -0.009585 -0.011562 -0.003348 0.016594 0.99979
1.095238 0.003205 0.007573 -0.009403 -0.009877 -0.003739 0.017017 0.999799
1.100242 0.003296 0.009083 -0.009211 -0.008193 -0.003985 0.017491 0.999806
1.105259 0.003435 0.011377 -0.0089 -0.005452 -0.00434 0.018163 0.999811
1.11027 0.003509 0.012924 -0.008675 -0.003639 -0.004457 0.018782 0.999807
1.115284 0.003596 0.014492 -0.008447 -0.001701 -0.004729 0.01947 0.999798
1.120294 0.003672 0.01607 -0.008195 0.000296 -0.004889 0.020151 0.999785
1.125303 0.00374 0.017646 -0.00793 0.002368 -0.005013 0.020877 0.999767
1.130314 0.003807 0.01923 -0.007643 0.004547 -0.005158 0.021607 0.999743
1.135325 0.003878 0.020796 -0.007333 0.00667 -0.005351 0.022397 0.999713
1.140334 0.00396 0.023113 -0.006841 0.009744 -0.005627 0.023437 0.999662
1.145337 0.004015 0.02465 -0.006499 0.011797 -0.005833 0.02415 0.999622
1.150334 0.004051 0.026154 -0.006132 0.013722 -0.005913 0.024774 0.999581
1.155331 0.004094 0.027641 -0.005766 0.015613 -0.006118 0.025417 0.999536
1.160318 0.004112 0.028357 -0.005567 0.016477 -0.006212 0.025763 0.999513
1.165304 0.004149 0.029799 -0.005171 0.018201 -0.006374 0.026403 0.999465
1.170287 0.004177 0.031222 -0.004758 0.019917 -0.006464 0.02703 0.999415
1.17527 0.004221 0.032622 -0.004344 0.021561 -0.006787 0.027696 0.999361
1.180257 0.00426 0.033986 -0.003908 0.023094 -0.007041 0.028399 0.999305
1.185248 0.004268 0.034676 -0.003691 0.02389 -0.007036 0.028763 0.999276
1.190241 0.004277 0.03602 -0.003217 0.025479 -0.007038 0.029415 0.999218
1.195239 0.004304 0.037325 -0.002748 0.026876 -0.007253 0.030162 0.999157
1.200242 0.004292 0.038601 -0.002242 0.028189 -0.007071 0.0309 0.9991
1.205253 0.004312 0.0405 -0.001493 0.030226 -0.007256 0.03205 0.999003
1.21027 0.004328 0.041688 -0.001004 0.031287 -0.007563 0.032876 0.998941
1.215284 0.004308 0.042862 -0.000481 0.032364 -0.00747 0.033647 0.998882
1.220298 0.004289 0.044006 4.4e-05 0.033355 -0.007441 0.034561 0.998818
1.225314 0.004286 0.04511 0.00055 0.034193 -0.007692 0.035523 0.998754
1.230323 0.004225 0.046742 0.001325 0.035551 -0.007705 0.036796 0.998661
1.235325 0.004194 0.047819 0.001828 0.036515 -0.007941 0.037616 0.998593
1.240326 0.004133 0.048853 0.002349 0.037223 -0.007897 0.038448 0.998536
1.245324 0.004052 0.04989 0.002887 0.038084 -0.007707 0.039218 0.998475
1.250317 0.004005 0.050388 0.003152 0.038517 -0.007677 0.039591 0.998444
1.255309 0.003909 0.051391 0.003677 0.039405 -0.007505 0.040324 0.998381
1.260304 0.003818 0.052385 0.004193 0.04036 -0.007504 0.040996 0.998316
1.265297 0.003691 0.053354 0.004742 0.041255 -0.007082 0.041663 0.998255
1.270289 0.003571 0.054313 0.005284 0.042286 -0.00679 0.042335 0.998185
1.275277 0.003447 0.055243 0.005823 0.043275 -0.0065 0.043014 0.998116
1.28026 0.003314 0.056146 0.006372 0.044196 -0.006139 0.043698 0.998048
1.285256 0.003246 0.056608 0.006646 0.04473 -0.005956 0.044007 0.998012
1.290255 0.003104 0.057496 0.007205 0.045783 -0.005505 0.044695 0.997936
1.295256 0.002975 0.058344 0.007751 0.046684 -0.005195 0.045359 0.997866
1.300254 0.002836 0.059187 0.008305 0.047685 -0.004798 0.04603 0.99779
1.305257 0.002774 0.059561 0.008573 0.048002 -0.004699 0.046369 0.997759
1.310269 0.002522 0.061132 0.009657 0.049584 -0.00426 0.047678 0.997622
1.315277 0.002404 0.061857 0.010193 0.05021 -0.004191 0.048339 0.997559
1.320289 0.002291 0.062539 0.010722 0.050681 -0.004159 0.048995 0.997504
1.325301 0.00217 0.063202 0.011254 0.051129 -0.004112 0.049608 0.997451
1.330308 0.002031 0.063852 0.011788 0.051677 -0.003973 0.050075 0.9974
1.335317 0.001909 0.064471 0.012317 0.052036 -0.004058 0.050503 0.997359
1.340331 0.001696 0.065341 0.013113 0.052557 -0.004037 0.051164 0.997298
1.345338 0.001541 0.065906 0.013649 0.052916 -0.003923 0.051557 0.997259
1.35034 0.001369 0.066434 0.014182 0.053185 -0.00375 0.051906 0.997228
1.355337 0.001197 0.066956 0.014707 0.053571 -0.003661 0.052253 0.997189
1.360331 0.001109 0.067172 0.014956 0.053633 -0.003676 0.052468 0.997175
1.365321 0.000935 0.067658 0.015469 0.053985 -0.003665 0.052818 0.997137
1.370314 0.000753 0.068101 0.015979 0.054235 -0.003592 0.053256 0.997101
1.375306 0.000556 0.068525 0.016486 0.054453 -0.003488 0.053622 0.997069
1.380294 0.000351 0.068945 0.016988 0.054775 -0.003397 0.053905 0.997037
1.385281 0.000137 0.069337 0.017478 0.055072 -0.003312 0.054185 0.997006
1.390271 -9.7e-05 0.069714 0.017977 0.055288 -0.00308 0.05441 0.996982
1.395261 -0.00032 0.070079 0.018472 0.055541 -0.002982 0.054693 0.996953
1.400257 -0.000549 0.070412 0.018964 0.05572 -0.00287 0.054978 0.996927
1.40525 -0.000785 0.070735 0.019453 0.055948 -0.002753 0.055233 0.996901
1.410243 -0.000905 0.07089 0.019694 0.055992 -0.002688 0.055327 0.996893
1.415242 -0.001157 0.071182 0.020176 0.056114 -0.00255 0.055531 0.996876
1.420245 -0.001406 0.071446 0.020654 0.056196 -0.002438 0.055846 0.996854
1.425249 -0.001651 0.071683 0.02113 0.056214 -0.00236 0.056213 0.996832
1.430255 -0.002016 0.072001 0.021838 0.056161 -0.002292 0.05684 0.9968
1.435271 -0.002287 0.072179 0.022307 0.056113 -0.002051 0.05718 0.996784
1.440302 -0.002561 0.07235 0.022765 0.056111 -0.001876 0.057483 0.996767
1.445325 -0.002844 0.072513 0.023215 0.056151 -0.001677 0.057786 0.996747
1.450343 -0.003131 0.072648 0.023652 0.056086 -0.001537 0.058035 0.996737
1.455352 -0.003422 0.07277 0.024076 0.056061 -0.001425 0.058304 0.996723
1.460359 -0.00374 0.072888 0.024504 0.056053 -0.001132 0.058497 0.996712
1.46536 -0.004062 0.073011 0.024928 0.056121 -0.00084 0.05866 0.996699
1.470362 -0.004375 0.073106 0.025335 0.056089 -0.000653 0.058854 0.996689
1.475364 -0.004688 0.073184 0.025741 0.055979 -0.000449 0.059076 0.996683
1.480363 -0.005168 0.073281 0.026341 0.055902 1.4e-05 0.05941 0.996667
1.485366 -0.005487 0.073353 0.02674 0.055946 0.000285 0.059625 0.996652
1.490365 -0.005808 0.073417 0.027132 0.056006 0.000552 0.059825 0.996636
1.495366 -0.006127 0.073466 0.027512 0.056039 0.0008 0.060015 0.996623
1.500363 -0.006284 0.073476 0.027694 0.056037 0.000905 0.060124 0.996616
1.505349 -0.006599 0.073503 0.028067 0.056011 0.001139 0.060306 0.996607
1.51033 -0.006918 0.073529 0.028435 0.056069 0.001434 0.060469 0.996593
1.515307 -0.007244 0.073545 0.028796 0.056191 0.001801 0.060658 0.996574
1.520286 -0.007559 0.073554 0.029152 0.056268 0.002059 0.060837 0.996558
1.525266 -0.007863 0.07354 0.029494 0.056312 0.002192 0.061044 0.996543
1.530254 -0.008167 0.0735 0.029827 0.0563 0.00237 0.06129 0.996528
1.535247 -0.008327 0.073488 0.030003 0.056299 0.002561 0.061385 0.996522
1.540248 -0.00863 0.073427 0.03033 0.056272 0.002766 0.061619 0.996508
1.54525 -0.008929 0.073364 0.030645 0.056286 0.002897 0.06181 0.996495
1.550249 -0.009224 0.073287 0.030951 0.056354 0.003005 0.062026 0.996478
1.555258 -0.009644 0.073158 0.031398 0.056432 0.00288 0.062389 0.996451
1.560279 -0.009938 0.073031 0.031692 0.05626 0.00296 0.062567 0.996449
1.565297 -0.010245 0.072897 0.031979 0.05611 0.003215 0.062644 0.996452
1.570308 -0.010573 0.072767 0.032274 0.056103 0.003665 0.062701 0.996448
1.575322 -0.01105 0.07254 0.03268 0.055994 0.004175 0.06267 0.996454
1.580332 -0.011362 0.072371 0.032938 0.05586 0.00447 0.062687 0.996459
1.585333 -0.011671 0.07219 0.033179 0.055702 0.004738 0.062713 0.996465
1.590326 -0.011992 0.071994 0.033405 0.055492 0.005129 0.062677 0.996477
1.59531 -0.012148 0.071889 0.033498 0.055438 0.005259 0.062611 0.996483
1.600289 -0.012466 0.071708 0.033709 0.05554 0.005575 0.062492 0.996483
1.605265 -0.01277 0.071499 0.033902 0.055508 0.005787 0.062485 0.996484
1.610247 -0.012912 0.071399 0.033997 0.055448 0.005801 0.062447 0.99649
1.615236 -0.013192 0.071169 0.034158 0.055257 0.005853 0.06239 0.996504
1.620235 -0.013482 0.070934 0.034321 0.055176 0.006044 0.062417 0.996505
1.625244 -0.013777 0.070714 0.034481 0.055228 0.006321 0.06236 0.996504
1.630258 -0.014214 0.070369 0.034704 0.05523 0.006688 0.062187 0.996513
1.635277 -0.014496 0.070128 0.034847 0.055231 0.006968 0.06216 0.996512
1.640297 -0.014764 0.069844 0.034965 0.054931 0.00724 0.06219 0.996525
1.645321 -0.015028 0.069577 0.03508 0.054829 0.007474 0.06211 0.996534
1.650341 -0.015302 0.0693 0.035191 0.054708 0.007815 0.062 0.996545
1.655367 -0.0157 0.068846 0.035321 0.054506 0.008277 0.061749 0.996568
1.66038 -0.015953 0.068504 0.035393 0.054177 0.008498 0.061646 0.99659
1.665379 -0.016191 0.068138 0.035443 0.053743 0.008604 0.061592 0.996616
1.670366 -0.016436 0.06777 0.035487 0.053373 0.008822 0.061433 0.996644
1.675345 -0.016561 0.067572 0.035497 0.053132 0.008964 0.061281 0.996665
1.680313 -0.016792 0.06719 0.035514 0.052732 0.008986 0.061049 0.9967
1.685278 -0.017024 0.066792 0.035517 0.052281 0.009082 0.060829 0.996737
1.690246 -0.017251 0.066389 0.035505 0.051885 0.009167 0.060612 0.99677
1.695219 -0.017482 0.065982 0.035483 0.051508 0.009325 0.060312 0.996806
1.700204 -0.017591 0.065771 0.035471 0.051212 0.00931 0.060203 0.996828
1.7052 -0.017823 0.065356 0.035424 0.050821 0.009564 0.059866 0.996866
1.710203 -0.018048 0.064945 0.035369 0.05047 0.00983 0.059499 0.996903
1.715212 -0.018253 0.064528 0.035293 0.050064 0.009933 0.059206 0.99694
1.720228 -0.018563 0.063914 0.035165 0.049615 0.010215 0.058771 0.996985
1.725247 -0.018773 0.063516 0.03507 0.049444 0.010583 0.058446 0.997009
1.73027 -0.018972 0.063111 0.034964 0.049207 0.010946 0.058184 0.997032
1.735295 -0.019145 0.062697 0.034843 0.04882 0.01118 0.058025 0.997058
1.740326 -0.019312 0.062288 0.034716 0.048475 0.011408 0.057824 0.997084
1.74535 -0.019477 0.061879 0.034574 0.048219 0.011683 0.057621 0.997105
1.750366 -0.019685 0.061276 0.034309 0.047909 0.011869 0.057321 0.997135
1.75537 -0.019824 0.060878 0.034133 0.047655 0.012134 0.057128 0.997155
1.760364 -0.019944 0.060484 0.033948 0.047348 0.012243 0.056886 0.997182
1.765356 -0.020066 0.060081 0.033754 0.046996 0.012436 0.056607 0.997212
1.770342 -0.020121 0.05989 0.033652 0.046894 0.01255 0.056457 0.997224
1.775323 -0.020222 0.05949 0.033443 0.04666 0.012653 0.056223 0.997247
1.780307 -0.020307 0.05909 0.033217 0.046357 0.012632 0.05595 0.997277
1.785293 -0.020382 0.058703 0.032986 0.046109 0.01259 0.055641 0.997306
1.790279 -0.020455 0.0583 0.032765 0.045784 0.012711 0.055375 0.997334
1.795267 -0.020502 0.058103 0.032662 0.045627 0.012826 0.055213 0.997349
1.800265 -0.020572 0.057693 0.032441 0.045345 0.012992 0.05494 0.997375
1.805268 -0.020642 0.057285 0.032205 0.045078 0.013214 0.054657 0.9974
1.810274 -0.020678 0.056889 0.031956 0.04491 0.013179 0.054444 0.997419
1.815286 -0.020728 0.056282 0.031577 0.044523 0.013211 0.054035 0.997458
1.820294 -0.020748 0.055887 0.031318 0.044352 0.013253 0.053755 0.997481
1.825298 -0.020767 0.055477 0.031064 0.044089 0.013415 0.053543 0.997502
1.830306 -0.020755 0.055087 0.030783 0.043889 0.013242 0.053311 0.997525
1.835318 -0.020731 0.054705 0.0305 0.043684 0.01306 0.053049 0.99755
1.840325 -0.020679 0.054102 0.03009 0.043267 0.01297 0.052842 0.997581
1.845327 -0.020666 0.0539 0.029953 0.043101 0.012962 0.052719 0.997595
1.850329 -0.020634 0.053504 0.029689 0.042836 0.013025 0.052555 0.997614
1.855326 -0.020578 0.053115 0.029416 0.042628 0.012953 0.052441 0.99763
1.860325 -0.020541 0.052917 0.029274 0.04247 0.012867 0.052372 0.997641
1.865332 -0.020456 0.052329 0.028878 0.04205 0.012868 0.052144 0.997671
1.870346 -0.020399 0.051939 0.028616 0.041822 0.01297 0.051964 0.997689
1.875363 -0.020292 0.051346 0.028229 0.041518 0.01303 0.051739 0.997712
1.880372 -0.020206 0.050953 0.027961 0.041298 0.012943 0.051593 0.99773
1.885373 -0.020107 0.050541 0.027683 0.041062 0.01279 0.051513 0.997746
1.890365 -0.020019 0.050137 0.02742 0.040859 0.012767 0.051373 0.997762
1.895356 -0.019964 0.049926 0.027285 0.040748 0.012696 0.051289 0.997771
1.900349 -0.019868 0.049499 0.027024 0.040493 0.01272 0.051156 0.997788
1.905342 -0.019762 0.049077 0.026752 0.040274 0.01264 0.050997 0.997806
1.910334 -0.019638 0.048629 0.026472 0.039964 0.012422 0.05093 0.997825
1.915326 -0.019517 0.048183 0.026199 0.039641 0.01226 0.050811 0.997846
1.920317 -0.019399 0.047711 0.025918 0.03921 0.012194 0.050645 0.997872
1.92531 -0.019284 0.04723 0.025636 0.038791 0.012222 0.050497 0.997896
1.930297 -0.019226 0.047004 0.025501 0.03859 0.012199 0.050356 0.997911
1.935293 -0.019101 0.046498 0.025209 0.038041 0.012174 0.050215 0.997939
1.940292 -0.018971 0.045962 0.024902 0.037367 0.012141 0.050079 0.997972
1.945298 -0.01884 0.04544 0.024587 0.036811 0.012091 0.049901 0.998002
1.950299 -0.018772 0.045178 0.024415 0.036633 0.012101 0.049797 0.998014
1.955304 -0.018507 0.044094 0.023755 0.035385 0.01217 0.04944 0.998076
1.960308 -0.018342 0.043542 0.023361 0.034775 0.01199 0.049202 0.998111
1.965323 -0.018168 0.04298 0.022948 0.034039 0.01175 0.048839 0.998157
1.970343 -0.018012 0.042432 0.022525 0.033463 0.011739 0.048464 0.998195
1.97536 -0.017767 0.041674 0.021829 0.033098 0.01173 0.047911 0.998234
1.980368 -0.017578 0.041157 0.021316 0.032632 0.011494 0.047409 0.998276
1.985369 -0.017392 0.040633 0.020794 0.032136 0.011425 0.046926 0.998316
1.990363 -0.017192 0.04013 0.020244 0.031853 0.011281 0.046446 0.998349
1.995354 -0.017063 0.03989 0.01993 0.031786 0.011007 0.046201 0.998366
2.000349 -0.016851 0.039405 0.019346 0.031673 0.010906 0.045723 0.998392
2.005338 -0.016621 0.038917 0.018738 0.031596 0.010776 0.045287 0.998416
2.010326 -0.016352 0.038423 0.018098 0.031428 0.010376 0.044829 0.998446
2.01532 -0.016077 0.037933 0.017436 0.031319 0.010009 0.04436 0.998474
2.020307 -0.015796 0.037432 0.016757 0.031234 0.009704 0.04388 0.998501
2.025306 -0.015518 0.036918 0.016085 0.031232 0.009617 0.043507 0.998519
2.030303 -0.015197 0.036392 0.015363 0.03112 0.009112 0.043097 0.998545
2.035298 -0.014867 0.035834 0.014619 0.03087 0.008622 0.042636 0.998576
2.040296 -0.014574 0.035263 0.0139 0.030765 0.008643 0.042241 0.998596
2.045293 -0.014245 0.034649 0.013156 0.030428 0.008349 0.041789 0.998628
2.050287 -0.013864 0.034006 0.012349 0.029763 0.007423 0.041189 0.99868
2.05528 -0.013491 0.033325 0.011541 0.029097 0.006692 0.040559 0.998731
2.060272 -0.013112 0.032586 0.010728 0.028097 0.005952 0.03989 0.998791
2.065264 -0.012734 0.031837 0.009907 0.027213 0.005176 0.039202 0.998847
2.070258 -0.012532 0.031474 0.009486 0.026754 0.004646 0.038868 0.998875
2.075255 -0.012169 0.030669 0.008665 0.02573 0.004015 0.038111 0.998934
2.080254 -0.011808 0.02984 0.007844 0.024769 0.003405 0.037303 0.998991
2.085258 -0.011407 0.028947 0.006982 0.023397 0.002271 0.036389 0.999061
2.090262 -0.010883 0.027597 0.005745 0.02159 0.001386 0.035136 0.999148
2.09526 -0.010599 0.026688 0.00496 0.020645 0.001407 0.034316 0.999197
2.100269 -0.01032 0.025761 0.00417 0.019707 0.001418 0.033457 0.999245
2.10528 -0.010039 0.024793 0.003405 0.018534 0.001495 0.032644 0.999294
2.11029 -0.009768 0.023828 0.002638 0.017425 0.001622 0.031789 0.999341
2.115297 -0.0095 0.022859 0.00189 0.016279 0.00181 0.030962 0.999386
2.120299 -0.009247 0.021911 0.001185 0.015308 0.002275 0.030119 0.999427
2.125308 -0.008812 0.020483 0.00015 0.013983 0.002496 0.029 0.999478
2.130313 -0.008497 0.019525 -0.000528 0.013051 0.002425 0.028257 0.999513
2.135316 -0.00817 0.018577 -0.001183 0.012152 0.002337 0.027522 0.999545
2.14031 -0.007834 0.017637 -0.001807 0.01129 0.002274 0.026716 0.999577
2.145301 -0.007655 0.017173 -0.002089 0.010891 0.00221 0.026345 0.999591
2.150294 -0.007294 0.016233 -0.00268 0.010041 0.001948 0.025698 0.999617
2.155286 -0.006928 0.015292 -0.003237 0.009179 0.00167 0.025024 0.999643
2.16028 -0.006545 0.014353 -0.003772 0.008364 0.001197 0.024401 0.999667
2.165276 -0.006169 0.013414 -0.004266 0.007565 0.000785 0.023756 0.999689
2.170267 -0.005797 0.012462 -0.004731 0.006661 0.000386 0.023082 0.999711
2.175258 -0.005433 0.011505 -0.005172 0.005741 5e-06 0.022331 0.999734
2.18025 -0.00506 0.01053 -0.005585 0.004711 -0.000588 0.021545 0.999757
2.185246 -0.004874 0.010052 -0.005804 0.004275 -0.000864 0.021252 0.999765
2.190242 -0.004504 0.009059 -0.006185 0.003145 -0.001678 0.020372 0.999786
2.195236 -0.004149 0.008037 -0.006527 0.001792 -0.002458 0.019353 0.999808
2.200242 -0.003803 0.006999 -0.006845 0.000322 -0.003306 0.018289 0.999827
2.205312 -0.003332 0.005406 -0.007297 -0.002172 -0.004266 0.016596 0.999851
2.210376 -0.00306 0.004324 -0.007557 -0.003975 -0.004753 0.015395 0.999862
2.215421 -0.002745 0.002663 -0.007864 -0.007124 -0.004963 0.013758 0.999868
2.220444 -0.002571 0.00155 -0.00805 -0.009286 -0.004953 0.012711 0.999864
2.225439 -0.002431 0.000429 -0.008213 -0.011585 -0.004777 0.011757 0.999852
2.230407 -0.00233 -0.000671 -0.008358 -0.013752 -0.004405 0.010832 0.999837
2.235355 -0.002319 -0.001201 -0.008412 -0.014851 -0.004059 0.010413 0.999827
2.240287 -0.002279 -0.002276 -0.008534 -0.01701 -0.003399 0.0096 0.999803
2.245215 -0.002259 -0.003328 -0.008647 -0.019175 -0.002764 0.008852 0.999773
2.250168 -0.002237 -0.00387 -0.008702 -0.020341 -0.002491 0.008427 0.999754
2.25516 -0.002268 -0.004889 -0.008788 -0.022433 -0.001622 0.007668 0.999718
2.260157 -0.002286 -0.00588 -0.008885 -0.024593 -0.001087 0.006987 0.999673
2.265158 -0.002327 -0.006812 -0.008966 -0.026431 -0.00043 0.006318 0.999631
2.27019 -0.002417 -0.008157 -0.009081 -0.02902 0.000661 0.005277 0.999565
2.27524 -0.002462 -0.008981 -0.009161 -0.030519 0.001044 0.004585 0.999523
2.280298 -0.002532 -0.009734 -0.00922 -0.031717 0.001615 0.003855 0.999488
2.285341 -0.002592 -0.010429 -0.009287 -0.03267 0.001966 0.00304 0.99946
2.290364 -0.002638 -0.011063 -0.009364 -0.033337 0.002032 0.002268 0.99944
2.295367 -0.002717 -0.01164 -0.00943 -0.033752 0.002366 0.001522 0.999426
2.300392 -0.002853 -0.012413 -0.009525 -0.034218 0.002776 0.000425 0.99941
2.305411 -0.002943 -0.012896 -0.009588 -0.034504 0.002997 -0.000295 0.9994
2.310416 -0.003044 -0.013338 -0.009661 -0.034662 0.003205 -0.000918 0.999394
2.315398 -0.003123 -0.013763 -0.009755 -0.034874 0.003068 -0.001522 0.999386
2.320356 -0.003181 -0.013951 -0.009806 -0.035007 0.003056 -0.001771 0.999381
2.325334 -0.003304 -0.014333 -0.009905 -0.035154 0.00315 -0.002298 0.999374
2.330298 -0.003449 -0.014697 -0.010006 -0.035361 0.003319 -0.002799 0.999365
2.335255 -0.003611 -0.01504 -0.010113 -0.035587 0.003501 -0.003261 0.999355
2.34022 -0.003784 -0.015364 -0.010233 -0.035813 0.003575 -0.003694 0.999345
2.345191 -0.003851 -0.015531 -0.010298 -0.035957 0.003515 -0.003929 0.999339
2.350184 -0.004067 -0.01583 -0.010435 -0.036152 0.003692 -0.004291 0.99933
2.355177 -0.004331 -0.01611 -0.010564 -0.036314 0.004068 -0.004608 0.999322
2.360183 -0.004636 -0.016372 -0.010698 -0.036526 0.004669 -0.004957 0.999309
2.365229 -0.005109 -0.016743 -0.010907 -0.03675 0.005457 -0.005492 0.999295
2.370293 -0.005454 -0.016973 -0.011052 -0.036993 0.005932 -0.005914 0.99928
2.375345 -0.005823 -0.017189 -0.011195 -0.037195 0.006442 -0.006274 0.999268
2.38038 -0.00647 -0.017462 -0.011417 -0.037376 0.007747 -0.006987 0.999247
2.385394 -0.006893 -0.017635 -0.011577 -0.037542 0.008352 -0.007429 0.999233
2.390382 -0.007324 -0.017789 -0.011743 -0.037678 0.008958 -0.007949 0.999218
2.395351 -0.007763 -0.017917 -0.011911 -0.037675 0.009462 -0.008482 0.999209
2.400311 -0.007763 -0.017917 -0.011911 -0.037675 0.009462 -0.008482 0.999209
2.405285 -0.008217 -0.018026 -0.012083 -0.037684 0.01 -0.00891 0.9992
2.410317 -0.008925 -0.018111 -0.012346 -0.037455 0.010862 -0.009494 0.999194
2.415336 -0.009402 -0.018156 -0.01252 -0.0373 0.011457 -0.009896 0.999189
2.42034 -0.010111 -0.018195 -0.012786 -0.036979 0.012176 -0.01034 0.999188
2.425335 -0.010612 -0.018175 -0.012956 -0.036601 0.012909 -0.010597 0.99919
2.430317 -0.010872 -0.018148 -0.013043 -0.036394 0.013303 -0.010652 0.999192
2.435297 -0.011117 -0.018139 -0.013131 -0.036222 0.013599 -0.010801 0.999193
2.440266 -0.01163 -0.018095 -0.013296 -0.035952 0.014366 -0.01092 0.999191
2.445274 -0.012167 -0.018037 -0.013456 -0.035606 0.015306 -0.011034 0.999188
2.450306 -0.012703 -0.017969 -0.013624 -0.035184 0.016121 -0.011096 0.999189
2.455349 -0.013521 -0.017876 -0.013889 -0.034634 0.017448 -0.011206 0.999185
2.46037 -0.01431 -0.01778 -0.014176 -0.034272 0.018311 -0.011254 0.999181
2.46537 -0.014837 -0.01771 -0.014364 -0.034016 0.018817 -0.011274 0.999181
2.470382 -0.015374 -0.017634 -0.014545 -0.033749 0.01942 -0.011294 0.999178
2.475372 -0.015913 -0.017554 -0.014734 -0.033418 0.019981 -0.011316 0.999178
2.480339 -0.016181 -0.017508 -0.014817 -0.033272 0.020251 -0.011293 0.999177
2.485293 -0.016702 -0.017431 -0.014999 -0.033057 0.020587 -0.01134 0.999177
2.490239 -0.017237 -0.017349 -0.015176 -0.032833 0.021047 -0.011361 0.999175
2.495228 -0.017786 -0.017246 -0.015329 -0.032504 0.021676 -0.011395 0.999172
2.50021 -0.018055 -0.017197 -0.015413 -0.032319 0.021898 -0.011419 0.999172
2.50522 -0.018616 -0.017102 -0.015554 -0.032104 0.022584 -0.011511 0.999163
2.510224 -0.019168 -0.017019 -0.015684 -0.03199 0.023247 -0.011615 0.99915
2.515221 -0.01972 -0.016939 -0.01581 -0.031865 0.023857 -0.011767 0.999138
2.52022 -0.020005 -0.016899 -0.015856 -0.031778 0.02429 -0.011839 0.99913
2.52524 -0.021131 -0.016721 -0.016081 -0.0314 0.025799 -0.012151 0.9991
2.530277 -0.021687 -0.016639 -0.016169 -0.031279 0.026578 -0.012284 0.999082
2.535306 -0.022213 -0.016562 -0.016262 -0.031246 0.027049 -0.012388 0.999069
2.54033 -0.022756 -0.01647 -0.016336 -0.031053 0.027745 -0.012443 0.999055
2.545374 -0.023303 -0.016373 -0.016401 -0.030831 0.028532 -0.01249 0.999039
2.550417 -0.023837 -0.016268 -0.016455 -0.030565 0.029278 -0.01247 0.999026
2.555434 -0.024832 -0.016065 -0.016552 -0.03013 0.030279 -0.012385 0.99901
2.560445 -0.025085 -0.01602 -0.016577 -0.030066 0.03052 -0.012359 0.999005
2.565463 -0.025573 -0.015923 -0.016602 -0.029887 0.031077 -0.012317 0.998994
2.570451 -0.026052 -0.015825 -0.016608 -0.029726 0.031671 -0.012274 0.998981
2.575437 -0.026512 -0.015735 -0.016602 -0.029616 0.032185 -0.012254 0.998968
2.580414 -0.026741 -0.01569 -0.016573 -0.029595 0.03252 -0.012258 0.998958
2.585369 -0.027188 -0.0156 -0.016545 -0.029439 0.033012 -0.012237 0.998946
2.590339 -0.027618 -0.015518 -0.016507 -0.029343 0.033371 -0.012197 0.998938
2.595305 -0.028047 -0.015443 -0.016444 -0.029266 0.033782 -0.012138 0.998927
2.600279 -0.028265 -0.015404 -0.016414 -0.02927 0.034059 -0.012154 0.998917
2.605288 -0.028692 -0.015339 -0.016316 -0.029167 0.034554 -0.012138 0.998903
2.610284 -0.029131 -0.015271 -0.016201 -0.029013 0.035179 -0.012167 0.998886
2.615295 -0.029556 -0.015215 -0.016079 -0.028847 0.035629 -0.012177 0.998874
2.620293 -0.029771 -0.015198 -0.015997 -0.028806 0.03592 -0.012238 0.998864
2.625302 -0.030613 -0.01511 -0.015714 -0.028506 0.036817 -0.012337 0.998839
2.630295 -0.031036 -0.0151 -0.015532 -0.028559 0.037319 -0.012443 0.998818
2.635307 -0.031446 -0.015097 -0.015343 -0.028713 0.037692 -0.01263 0.998797
2.640301 -0.031853 -0.015103 -0.015144 -0.02884 0.038012 -0.012784 0.998779
2.64535 -0.03225 -0.01513 -0.014931 -0.029165 0.038218 -0.012944 0.99876
2.650371 -0.032879 -0.015199 -0.014561 -0.029692 0.038825 -0.013195 0.998718
2.655367 -0.033296 -0.01525 -0.014313 -0.029986 0.039139 -0.013383 0.998694
2.660399 -0.0337 -0.015319 -0.014056 -0.030369 0.039283 -0.013617 0.998674
2.665398 -0.034125 -0.015394 -0.01377 -0.030677 0.039673 -0.013907 0.998645
2.670369 -0.034341 -0.01546 -0.013605 -0.030911 0.039902 -0.014077 0.998626
2.675317 -0.034767 -0.015565 -0.013298 -0.031254 0.04027 -0.014368 0.998597
2.680255 -0.035205 -0.015687 -0.01296 -0.031687 0.040783 -0.014726 0.998557
2.685201 -0.035623 -0.01583 -0.012615 -0.032212 0.041134 -0.015158 0.998519
2.690157 -0.036039 -0.015987 -0.012266 -0.032724 0.041446 -0.015551 0.998484
2.695126 -0.036254 -0.016057 -0.012092 -0.032916 0.04165 -0.015771 0.998465
2.70011 -0.036656 -0.016247 -0.011722 -0.033588 0.041866 -0.016224 0.998427
2.705111 -0.037061 -0.016453 -0.011339 -0.034254 0.04213 -0.016661 0.998386
2.710126 -0.037465 -0.016672 -0.010954 -0.034996 0.042372 -0.017194 0.998341
2.715147 -0.038055 -0.017017 -0.01037 -0.036217 0.042626 -0.01796 0.998273
2.720175 -0.038421 -0.017278 -0.009991 -0.03713 0.042565 -0.018444 0.998233
2.725207 -0.038795 -0.017545 -0.009605 -0.037968 0.042551 -0.018847 0.998195
2.73024 -0.039169 -0.01783 -0.009214 -0.038901 0.042599 -0.019411 0.998146
2.735269 -0.039535 -0.018137 -0.008825 -0.039877 0.042584 -0.019962 0.998097
2.740292 -0.039904 -0.018454 -0.008439 -0.040901 0.04265 -0.020536 0.998041
2.74531 -0.040477 -0.01895 -0.007858 -0.042373 0.042983 -0.021293 0.99795
2.750319 -0.040855 -0.019296 -0.007481 -0.043325 0.043186 -0.021824 0.997889
2.755319 -0.041223 -0.019667 -0.007122 -0.044417 0.043289 -0.022445 0.997822
2.760312 -0.041593 -0.020059 -0.006771 -0.045565 0.043465 -0.023068 0.997749
2.765301 -0.041755 -0.020277 -0.00662 -0.046253 0.043328 -0.023389 0.997716
2.770286 -0.042117 -0.020698 -0.006289 -0.047548 0.043436 -0.024019 0.997635
2.775269 -0.042498 -0.021115 -0.005964 -0.048712 0.043756 -0.024576 0.997551
2.780253 -0.042868 -0.021548 -0.005661 -0.049879 0.044025 -0.025157 0.997467
2.78524 -0.043205 -0.022016 -0.005395 -0.051219 0.044018 -0.025818 0.997383
2.790229 -0.043555 -0.02248 -0.005139 -0.052416 0.044133 -0.026422 0.9973
2.795222 -0.043726 -0.022714 -0.005006 -0.053106 0.044129 -0.026765 0.997254
2.800216 -0.044085 -0.023184 -0.004773 -0.054201 0.044429 -0.027351 0.997166
2.805218 -0.044429 -0.02367 -0.004571 -0.055299 0.044579 -0.02795 0.997082
2.810224 -0.044785 -0.024157 -0.004386 -0.056353 0.04498 -0.028645 0.996986
2.815231 -0.045259 -0.024895 -0.004168 -0.057797 0.045083 -0.029584 0.996871
2.820239 -0.045573 -0.025405 -0.004059 -0.058823 0.045229 -0.030231 0.996785
2.825248 -0.045896 -0.025913 -0.003959 -0.059779 0.045513 -0.030849 0.996696
2.830259 -0.046192 -0.026435 -0.0039 -0.060758 0.045657 -0.031443 0.996612
2.835266 -0.046484 -0.026958 -0.003875 -0.061756 0.045778 -0.032139 0.996523
2.840273 -0.046788 -0.027475 -0.003872 -0.06261 0.046102 -0.032819 0.996432
2.845282 -0.047065 -0.028012 -0.003908 -0.063436 0.046186 -0.033432 0.996356
2.850287 -0.047485 -0.028825 -0.004022 -0.064653 0.046578 -0.03452 0.996222
2.855291 -0.047757 -0.029371 -0.004122 -0.065348 0.046844 -0.035196 0.996141
2.860291 -0.048006 -0.029918 -0.004265 -0.065976 0.047003 -0.035923 0.996066
2.865283 -0.048254 -0.030471 -0.004424 -0.066584 0.047279 -0.036715 0.995984
2.870274 -0.048351 -0.030774 -0.004521 -0.066953 0.047379 -0.037073 0.995941
2.875265 -0.048564 -0.03136 -0.004697 -0.067669 0.047618 -0.037739 0.995856
2.880256 -0.048671 -0.031651 -0.004786 -0.06802 0.047682 -0.038108 0.995815
2.885248 -0.048893 -0.032227 -0.00498 -0.068554 0.048312 -0.038784 0.995722
2.89025 -0.049074 -0.032821 -0.005214 -0.069051 0.048624 -0.039472 0.995645
2.895261 -0.049228 -0.033438 -0.005457 -0.069611 0.04894 -0.040149 0.995564
2.900272 -0.049438 -0.034381 -0.005826 -0.070504 0.049437 -0.041168 0.995435
2.905281 -0.049525 -0.035054 -0.006093 -0.071201 0.049523 -0.041744 0.995357
2.910299 -0.049601 -0.035728 -0.006378 -0.071892 0.049635 -0.042368 0.995275
2.915313 -0.04963 -0.03643 -0.006706 -0.072504 0.049412 -0.043106 0.99521
2.920332 -0.049604 -0.037167 -0.007051 -0.073311 0.048763 -0.043801 0.995153
2.925346 -0.049531 -0.038322 -0.007599 -0.074674 0.047954 -0.045073 0.995034
2.930354 -0.049463 -0.039097 -0.007983 -0.07555 0.047289 -0.045912 0.994961
2.935358 -0.049368 -0.039886 -0.008389 -0.076444 0.046476 -0.04678 0.994891
2.940354 -0.049252 -0.040682 -0.008823 -0.077381 0.045577 -0.047716 0.994816
2.945346 -0.049181 -0.041083 -0.009059 -0.077798 0.045113 -0.048227 0.99478
2.950332 -0.049035 -0.041874 -0.009542 -0.0785 0.044013 -0.049242 0.994724
2.95532 -0.048894 -0.042661 -0.010032 -0.079209 0.043178 -0.05026 0.994653
2.960306 -0.048748 -0.043445 -0.010548 -0.079828 0.04235 -0.051319 0.994585
2.965295 -0.048588 -0.044214 -0.011097 -0.080273 0.041389 -0.052291 0.994539
2.970288 -0.048507 -0.04461 -0.011358 -0.080637 0.040878 -0.0528 0.994504
2.975285 -0.048347 -0.045364 -0.011949 -0.080953 0.040107 -0.053893 0.994451
2.980282 -0.048188 -0.046112 -0.012572 -0.081213 0.039428 -0.054996 0.994397
2.985288 -0.048016 -0.046845 -0.013232 -0.08127 0.038672 -0.056003 0.994366
2.990295 -0.047769 -0.047921 -0.014245 -0.081322 0.037932 -0.057551 0.994302
2.995302 -0.047597 -0.048642 -0.014967 -0.081269 0.037488 -0.058464 0.99427
3.00031 -0.047388 -0.04937 -0.015729 -0.081255 0.036835 -0.059355 0.994242
3.005314 -0.04717 -0.050086 -0.016507 -0.081148 0.03636 -0.060277 0.994213
3.010322 -0.046927 -0.050831 -0.017305 -0.08121 0.035728 -0.061055 0.994183
3.01534 -0.046671 -0.051561 -0.01812 -0.081093 0.035125 -0.061762 0.994171
3.020353 -0.046216 -0.052699 -0.019388 -0.081089 0.034032 -0.062849 0.994141
3.02536 -0.045904 -0.053471 -0.020236 -0.081079 0.033305 -0.063494 0.994125
3.030361 -0.045558 -0.054234 -0.021095 -0.08102 0.032437 -0.064178 0.994115
3.035357 -0.045212 -0.055009 -0.021957 -0.0809 0.031741 -0.064778 0.994108
3.040349 -0.045019 -0.055399 -0.022392 -0.080831 0.031316 -0.065121 0.994105
3.045337 -0.044637 -0.056192 -0.023268 -0.080781 0.030382 -0.065704 0.9941
3.050324 -0.044243 -0.056988 -0.024139 -0.080722 0.029499 -0.066325 0.99409
3.055313 -0.043821 -0.057795 -0.025023 -0.080732 0.028441 -0.066919 0.99408
3.060299 -0.043403 -0.058601 -0.025906 -0.080652 0.027483 -0.067497 0.994075
3.065286 -0.042982 -0.059411 -0.026781 -0.080534 0.026631 -0.068088 0.994067
3.070277 -0.042766 -0.059813 -0.027227 -0.080449 0.026111 -0.068385 0.994067
3.07527 -0.04231 -0.060643 -0.028124 -0.080402 0.024998 -0.068972 0.994059
3.080267 -0.041846 -0.061467 -0.029018 -0.080325 0.023847 -0.069614 0.994049
3.085277 -0.041374 -0.062311 -0.029905 -0.080282 0.022678 -0.070088 0.994046
3.090288 -0.040662 -0.063557 -0.031247 -0.080084 0.020945 -0.07089 0.994044
3.095297 -0.0402 -0.064394 -0.032126 -0.079892 0.019969 -0.071521 0.994034
3.100306 -0.039723 -0.065232 -0.033004 -0.079679 0.01888 -0.072038 0.994035
3.10531 -0.03925 -0.066063 -0.033886 -0.079423 0.017698 -0.072479 0.994045
3.110314 -0.038813 -0.066874 -0.034742 -0.079052 0.016949 -0.073029 0.994047
3.115328 -0.03837 -0.067708 -0.035587 -0.078841 0.016113 -0.073394 0.994051
3.120341 -0.037945 -0.068538 -0.036429 -0.078569 0.015372 -0.073817 0.994053
3.125355 -0.037389 -0.069784 -0.037605 -0.078201 0.014948 -0.074191 0.994061
3.130362 -0.036999 -0.070639 -0.038389 -0.078098 0.014377 -0.074251 0.994073
3.135356 -0.036645 -0.071478 -0.039134 -0.077866 0.014178 -0.074356 0.994086
3.140343 -0.036338 -0.072312 -0.039829 -0.077601 0.014466 -0.074568 0.994087
3.145327 -0.036183 -0.072752 -0.040146 -0.077597 0.014495 -0.074547 0.994088
3.150315 -0.035861 -0.073628 -0.040803 -0.077582 0.014445 -0.074471 0.994096
3.155304 -0.035557 -0.074493 -0.04142 -0.077518 0.014543 -0.074522 0.994096
3.160296 -0.035254 -0.075364 -0.042003 -0.077558 0.014643 -0.074555 0.994088
3.16529 -0.035097 -0.075809 -0.04231 -0.077562 0.014617 -0.074483 0.994094
3.170286 -0.034796 -0.076681 -0.042836 -0.077612 0.014718 -0.07462 0.994078
3.17529 -0.034502 -0.077547 -0.043312 -0.077673 0.014937 -0.074793 0.994057
3.180294 -0.034173 -0.078437 -0.043761 -0.077953 0.014755 -0.074986 0.994024
3.185299 -0.033642 -0.07979 -0.044391 -0.078575 0.014144 -0.075165 0.99397
3.190302 -0.033066 -0.081121 -0.044858 -0.079214 0.013259 -0.075511 0.993905
3.195305 -0.032682 -0.082001 -0.045136 -0.079624 0.012737 -0.075753 0.993861
3.200304 -0.032292 -0.08288 -0.045365 -0.080149 0.012192 -0.076059 0.993802
3.205303 -0.031861 -0.083767 -0.045563 -0.080719 0.011276 -0.076244 0.993753
3.210297 -0.03165 -0.084193 -0.045609 -0.080976 0.010887 -0.076271 0.993734
3.215299 -0.03122 -0.085056 -0.045734 -0.081605 0.010022 -0.076431 0.993679
3.220295 -0.030787 -0.08592 -0.045816 -0.082351 0.009179 -0.076599 0.993613
3.225288 -0.03037 -0.086751 -0.045855 -0.08301 0.008506 -0.076714 0.993555
3.230282 -0.030159 -0.087175 -0.045894 -0.083328 0.008122 -0.076854 0.993521
3.235279 -0.029753 -0.087991 -0.045868 -0.084116 0.007628 -0.076859 0.993458
3.240279 -0.029332 -0.0888 -0.045814 -0.085002 0.006972 -0.07683 0.99339
3.24528 -0.028914 -0.089581 -0.045736 -0.085819 0.006319 -0.076666 0.993337
3.250283 -0.028724 -0.089944 -0.045667 -0.086329 0.006136 -0.07658 0.9933
3.255293 -0.027924 -0.09146 -0.045431 -0.088455 0.005179 -0.076387 0.993133
3.260302 -0.027581 -0.092128 -0.045253 -0.089289 0.005144 -0.076123 0.993079
3.265312 -0.027218 -0.092784 -0.045077 -0.090337 0.004871 -0.075935 0.993
3.27032 -0.026858 -0.093401 -0.044894 -0.091392 0.004535 -0.075791 0.992916
3.275326 -0.02652 -0.093955 -0.044693 -0.092378 0.004372 -0.075665 0.992835
3.28033 -0.026031 -0.094654 -0.044377 -0.093661 0.004245 -0.075566 0.992723
3.285333 -0.025689 -0.095075 -0.044169 -0.094455 0.004055 -0.075652 0.992642
3.290333 -0.025355 -0.095429 -0.04396 -0.09515 0.003917 -0.075772 0.992567
3.29533 -0.025006 -0.095739 -0.043763 -0.095901 0.003627 -0.075779 0.992496
3.300321 -0.024832 -0.095818 -0.043666 -0.096129 0.003523 -0.075779 0.992474
3.305312 -0.024486 -0.096027 -0.043468 -0.096684 0.003318 -0.075818 0.992418
3.310304 -0.02413 -0.096173 -0.043277 -0.097191 0.003019 -0.075824 0.992369
3.315302 -0.023953 -0.09627 -0.043181 -0.097464 0.002869 -0.075849 0.99234
3.320302 -0.023586 -0.096318 -0.043017 -0.097811 0.002515 -0.075849 0.992307
3.325305 -0.023207 -0.096311 -0.042868 -0.098198 0.002075 -0.07588 0.992268
3.330304 -0.022841 -0.096241 -0.042727 -0.098527 0.001728 -0.07575 0.992246
3.335304 -0.022277 -0.09605 -0.042543 -0.098948 0.001093 -0.075656 0.992212
3.340305 -0.021898 -0.095817 -0.042454 -0.099261 0.000704 -0.075718 0.992176
3.345315 -0.021532 -0.095509 -0.042384 -0.099471 0.000428 -0.075723 0.992155
3.350326 -0.02116 -0.095143 -0.042343 -0.099733 9.6e-05 -0.075762 0.992126
3.355336 -0.020615 -0.094427 -0.042344 -0.100145 -0.000367 -0.076073 0.99206
3.360339 -0.020258 -0.093906 -0.042364 -0.10045 -0.000678 -0.076213 0.992019
3.365336 -0.019904 -0.09332 -0.042423 -0.100698 -0.000981 -0.076463 0.991974
3.370332 -0.01957 -0.092662 -0.042514 -0.100785 -0.001149 -0.076633 0.991952
3.375325 -0.019407 -0.09226 -0.042608 -0.100751 -0.001226 -0.07675 0.991946
3.380313 -0.019066 -0.091514 -0.042762 -0.100818 -0.001546 -0.07691 0.991927
3.385304 -0.01872 -0.090692 -0.042967 -0.100847 -0.001921 -0.077205 0.9919
3.390294 -0.018386 -0.089787 -0.04321 -0.100678 -0.002159 -0.077508 0.991893
3.395287 -0.018219 -0.089381 -0.043313 -0.100706 -0.002314 -0.077526 0.991888
3.400283 -0.017888 -0.088367 -0.043625 -0.10037 -0.002547 -0.077854 0.991896
3.40528 -0.017528 -0.087282 -0.044006 -0.100025 -0.003046 -0.078266 0.991897
3.410281 -0.017181 -0.086124 -0.044425 -0.099589 -0.003419 -0.07857 0.991916
3.415295 -0.016656 -0.084285 -0.045118 -0.098812 -0.00398 -0.079166 0.991944
3.420312 -0.016301 -0.082901 -0.045669 -0.097953 -0.004283 -0.079738 0.991982
3.425327 -0.015938 -0.081462 -0.046264 -0.097007 -0.00466 -0.080178 0.992038
3.430338 -0.01558 -0.079962 -0.046909 -0.09601 -0.004956 -0.080569 0.992102
3.435345 -0.015201 -0.078401 -0.047599 -0.095067 -0.005369 -0.080969 0.992158
3.440353 -0.014846 -0.076762 -0.048311 -0.093754 -0.005472 -0.081265 0.992258
3.445367 -0.014052 -0.073215 -0.049909 -0.091081 -0.006106 -0.08205 0.992439
3.45038 -0.013851 -0.072356 -0.050295 -0.090452 -0.006332 -0.08227 0.992477
3.455384 -0.013422 -0.070525 -0.051136 -0.0891 -0.006818 -0.082538 0.992574
3.460379 -0.012998 -0.068624 -0.051996 -0.087664 -0.007153 -0.082846 0.992673
3.465368 -0.012553 -0.066652 -0.052879 -0.086014 -0.007518 -0.083171 0.992788
3.470351 -0.01232 -0.065609 -0.053336 -0.085111 -0.007646 -0.083269 0.992856
3.475337 -0.011866 -0.063553 -0.054229 -0.083372 -0.007885 -0.083522 0.992981
3.480324 -0.011387 -0.061457 -0.055143 -0.081679 -0.008243 -0.083773 0.993098
3.485311 -0.01089 -0.059311 -0.056065 -0.079888 -0.008637 -0.083934 0.993226
3.490299 -0.010405 -0.057102 -0.056981 -0.077864 -0.008742 -0.084084 0.993373
3.495291 -0.010155 -0.056026 -0.057442 -0.076981 -0.008899 -0.084137 0.993436
3.500284 -0.009655 -0.053751 -0.05837 -0.074923 -0.008979 -0.084255 0.993583
3.505283 -0.009126 -0.051442 -0.059307 -0.072864 -0.009182 -0.084378 0.993724
3.51029 -0.008577 -0.049111 -0.060242 -0.070866 -0.009498 -0.084515 0.993854
3.515307 -0.007748 -0.045553 -0.061657 -0.067612 -0.009861 -0.084806 0.994052
3.520323 -0.007179 -0.043119 -0.062594 -0.065318 -0.0101 -0.084915 0.994194
3.525335 -0.006596 -0.040645 -0.063531 -0.062867 -0.010349 -0.084972 0.994344
3.530348 -0.005988 -0.038136 -0.064478 -0.060337 -0.010809 -0.085067 0.994488
3.535356 -0.00538 -0.0356 -0.0654 -0.057777 -0.011128 -0.085082 0.994635
3.540355 -0.004449 -0.031733 -0.066753 -0.053701 -0.011574 -0.084889 0.994875
3.545359 -0.003798 -0.02913 -0.067655 -0.05093 -0.012097 -0.084719 0.995029
3.550361 -0.003151 -0.026498 -0.068534 -0.048114 -0.012509 -0.084508 0.995182
3.555357 -0.002511 -0.023828 -0.069393 -0.045176 -0.012732 -0.084389 0.995327
3.560354 -0.002179 -0.022477 -0.069808 -0.043706 -0.012899 -0.084345 0.995394
3.565347 -0.001529 -0.01979 -0.070644 -0.040772 -0.013163 -0.08428 0.995521
3.570338 -0.000866 -0.017092 -0.071458 -0.037802 -0.013451 -0.084104 0.995649
3.575333 -0.000192 -0.014385 -0.072243 -0.034798 -0.01381 -0.083858 0.995774
3.58033 0.000495 -0.011654 -0.07301 -0.031676 -0.014241 -0.083571 0.995896
3.585323 0.001179 -0.008909 -0.073743 -0.028642 -0.014545 -0.083275 0.996009
3.590314 0.001856 -0.006156 -0.074441 -0.025595 -0.014761 -0.082929 0.996117
3.595305 0.002546 -0.003401 -0.075111 -0.022537 -0.015125 -0.08246 0.996225
3.600292 0.002895 -0.002033 -0.075461 -0.021014 -0.015356 -0.082249 0.996272
3.605282 0.003591 0.000717 -0.076075 -0.017981 -0.015767 -0.081624 0.996376
3.610277 0.004294 0.003461 -0.07665 -0.01499 -0.016224 -0.080845 0.996482
3.615285 0.004997 0.006205 -0.077182 -0.012078 -0.016745 -0.080056 0.996577
3.620293 0.005334 0.007578 -0.077404 -0.010636 -0.016894 -0.079654 0.996623
3.625301 0.00671 0.013064 -0.078369 -0.004857 -0.017705 -0.078111 0.996776
3.630311 0.007698 0.01717 -0.0789 -0.000475 -0.018037 -0.076815 0.996882
3.635316 0.008356 0.019899 -0.079216 0.002355 -0.018311 -0.075972 0.996939
3.640313 0.009013 0.022618 -0.079493 0.005158 -0.018563 -0.07513 0.996988
3.645307 0.009673 0.025341 -0.079731 0.007982 -0.018958 -0.074286 0.997025
3.650298 0.009992 0.026699 -0.079807 0.009387 -0.019131 -0.073834 0.997043
3.655286 0.010633 0.029407 -0.079986 0.012181 -0.019454 -0.072865 0.997078
3.660269 0.011273 0.032101 -0.080126 0.014912 -0.019921 -0.07184 0.997106
3.665254 0.011904 0.034794 -0.08022 0.017611 -0.020401 -0.070825 0.997125
3.670245 0.012224 0.03614 -0.08028 0.018952 -0.020633 -0.070332 0.99713
3.675239 0.012836 0.038811 -0.080323 0.021624 -0.021114 -0.069284 0.997139
3.680234 0.01344 0.041467 -0.080325 0.02436 -0.021606 -0.068101 0.997147
3.685239 0.014018 0.044126 -0.08029 0.027136 -0.022047 -0.066903 0.997147
3.690246 0.014293 0.045449 -0.080239 0.028554 -0.02232 -0.066246 0.997145
3.695256 0.015396 0.050725 -0.080083 0.034057 -0.023164 -0.063757 0.997115
3.700266 0.015888 0.053356 -0.079943 0.037001 -0.023326 -0.062564 0.997082
3.705276 0.016357 0.055961 -0.079781 0.039925 -0.023487 -0.061238 0.997048
3.710283 0.016809 0.058548 -0.079591 0.042787 -0.023726 -0.059894 0.997005
3.715288 0.017241 0.061122 -0.079394 0.045576 -0.024011 -0.058638 0.996949
3.720292 0.017641 0.063671 -0.079181 0.048356 -0.024182 -0.057247 0.996895
3.725294 0.018 0.066174 -0.078938 0.050957 -0.024094 -0.055815 0.996849
3.730294 0.018345 0.068658 -0.078682 0.053531 -0.024094 -0.054264 0.996799
3.73529 0.018673 0.071122 -0.078412 0.056068 -0.02414 -0.052671 0.996744
3.740293 0.018961 0.073575 -0.078125 0.058685 -0.023985 -0.051001 0.996684
3.745308 0.019236 0.075996 -0.077839 0.061206 -0.023922 -0.049258 0.996622
3.750325 0.019482 0.078396 -0.077528 0.063696 -0.023738 -0.047362 0.996562
3.755346 0.019706 0.080765 -0.077199 0.066077 -0.023586 -0.045482 0.996498
3.760357 0.019969 0.084267 -0.07667 0.069758 -0.02316 -0.042731 0.996379
3.765362 0.020125 0.086575 -0.076304 0.072202 -0.022833 -0.040929 0.996288
3.770361 0.020261 0.088841 -0.075932 0.074653 -0.02255 -0.039127 0.996187
3.775353 0.020376 0.09106 -0.075535 0.07698 -0.022174 -0.037331 0.996087
3.780338 0.020401 0.092124 -0.075316 0.078221 -0.021853 -0.036473 0.996029
3.785324 0.020466 0.094291 -0.07488 0.080664 -0.021241 -0.034815 0.995907
3.790305 0.020521 0.096391 -0.074432 0.083031 -0.020728 -0.033181 0.995779
3.795288 0.020544 0.098443 -0.073962 0.085461 -0.020021 -0.03158 0.99564
3.800275 0.020571 0.099492 -0.073738 0.086699 -0.01979 -0.030751 0.995563
3.805268 0.020571 0.101441 -0.073245 0.089035 -0.019101 -0.029177 0.995418
3.810261 0.020558 0.103321 -0.072743 0.091383 -0.018484 -0.027626 0.995261
3.81527 0.020534 0.105117 -0.072215 0.093575 -0.017899 -0.025993 0.995112
3.82028 0.020458 0.107716 -0.071403 0.096786 -0.016982 -0.023744 0.994877
3.82529 0.020387 0.109285 -0.070844 0.098734 -0.016486 -0.022163 0.99473
3.830297 0.020279 0.110756 -0.070268 0.100555 -0.015856 -0.020622 0.994591
3.835303 0.020166 0.112123 -0.06969 0.102244 -0.015517 -0.019221 0.994453
3.840309 0.020007 0.113388 -0.069095 0.103809 -0.015016 -0.017864 0.994323
3.845323 0.019816 0.114523 -0.068482 0.105065 -0.014435 -0.016529 0.994223
3.850334 0.019449 0.115928 -0.067536 0.106428 -0.013545 -0.014794 0.994118
3.855337 0.019183 0.116774 -0.066893 0.107212 -0.01293 -0.013672 0.994058
3.860336 0.018882 0.117504 -0.066235 0.107779 -0.012278 -0.012568 0.99402
3.865335 0.018536 0.118127 -0.065559 0.108188 -0.011493 -0.011607 0.993996
3.870328 0.01834 0.118324 -0.065206 0.108204 -0.011175 -0.011161 0.994003
3.875317 0.01795 0.11879 -0.064504 0.108415 -0.010328 -0.010181 0.994
3.880308 0.017533 0.119146 -0.063784 0.10837 -0.009476 -0.009268 0.994022
3.8853 0.017094 0.119406 -0.063044 0.108168 -0.00866 -0.008424 0.994059
3.890289 0.016624 0.11958 -0.062281 0.107909 -0.007777 -0.007621 0.994101
3.895281 0.016396 0.119697 -0.061907 0.107805 -0.007328 -0.007222 0.994119
3.900275 0.01589 0.119739 -0.061109 0.10733 -0.006451 -0.006561 0.994181
3.905279 0.01536 0.119695 -0.060306 0.106751 -0.005592 -0.005978 0.994252
3.910286 0.014799 0.119571 -0.059476 0.106054 -0.004647 -0.005411 0.994335
3.915297 0.013946 0.119281 -0.058197 0.104736 -0.003352 -0.00461 0.994484
3.920304 0.013364 0.11898 -0.057319 0.10377 -0.002706 -0.004142 0.994589
3.925309 0.012733 0.118631 -0.056413 0.102788 -0.001831 -0.003818 0.994694
3.930314 0.012105 0.118227 -0.05549 0.101747 -0.001133 -0.003453 0.994804
3.935317 0.01146 0.117758 -0.054564 0.100638 -0.000475 -0.003028 0.994918
3.940317 0.010787 0.117254 -0.053605 0.099487 0.000267 -0.002752 0.995035
3.945326 0.01013 0.116706 -0.052633 0.098262 0.000709 -0.002431 0.995157
3.950333 0.009051 0.115787 -0.051129 0.096414 0.001832 -0.00211 0.995337
3.955333 0.008303 0.115148 -0.050109 0.095152 0.002709 -0.00201 0.995457
3.960331 0.00755 0.114487 -0.049074 0.093993 0.003476 -0.001946 0.995565
3.965328 0.006762 0.113765 -0.048017 0.092582 0.00438 -0.001839 0.995694
3.970328 0.006364 0.113364 -0.047485 0.091764 0.004631 -0.001828 0.995768
3.975326 0.005543 0.112595 -0.046414 0.090253 0.00551 -0.001843 0.995902
3.980321 0.004717 0.111788 -0.045333 0.088623 0.006226 -0.001824 0.996044
3.985317 0.003846 0.110953 -0.044245 0.087035 0.007109 -0.001962 0.996178
3.990313 0.002967 0.110084 -0.043152 0.085326 0.007895 -0.002096 0.99632
3.995309 0.002042 0.109186 -0.042045 0.083621 0.00887 -0.002291 0.996456
4.000306 0.001103 0.108253 -0.040935 0.081772 0.009765 -0.002454 0.9966
4.005307 0.00015 0.10728 -0.039828 0.079763 0.010491 -0.002637 0.996755
4.010302 -0.000831 0.106301 -0.038724 0.077797 0.01124 -0.002913 0.996902
4.015294 -0.001854 0.1053 -0.037605 0.075823 0.012156 -0.003242 0.997042
4.020285 -0.002874 0.104291 -0.036495 0.073863 0.012789 -0.003604 0.99718
4.025282 -0.003389 0.103787 -0.035937 0.072905 0.013259 -0.003804 0.997243
4.030282 -0.004457 0.102736 -0.034818 0.070765 0.01408 -0.004138 0.997385
4.035279 -0.005548 0.101675 -0.033709 0.06868 0.014772 -0.004557 0.997519
4.040285 -0.006651 0.100591 -0.032611 0.066559 0.015275 -0.00502 0.997653
4.045301 -0.008339 0.098967 -0.030961 0.063326 0.016075 -0.005795 0.997847
4.050317 -0.010145 0.097366 -0.029315 0.060418 0.017221 -0.007091 0.997999
4.05533 -0.011361 0.096292 -0.028221 0.058454 0.018011 -0.007867 0.998097
4.060329 -0.012599 0.095217 -0.027146 0.056525 0.018754 -0.008711 0.998187
4.065323 -0.013866 0.094154 -0.02607 0.054682 0.019622 -0.009661 0.998264
4.070315 -0.014529 0.093636 -0.025529 0.053803 0.020258 -0.010196 0.998294
4.075309 -0.015832 0.092588 -0.024452 0.052021 0.021337 -0.011185 0.998355
4.080296 -0.017137 0.091565 -0.023381 0.050283 0.022367 -0.012214 0.99841
4.085282 -0.018469 0.090535 -0.022312 0.04854 0.023573 -0.01317 0.998456
4.090274 -0.019807 0.089509 -0.021252 0.0468 0.024713 -0.014063 0.9985
4.095269 -0.021153 0.088491 -0.020207 0.045069 0.02584 -0.014954 0.998538
4.100256 -0.021826 0.087984 -0.01968 0.044239 0.026419 -0.015464 0.998552
4.105258 -0.023211 0.08699 -0.018618 0.042601 0.027876 -0.016405 0.998568
4.11026 -0.02459 0.086019 -0.017577 0.041076 0.029095 -0.017336 0.998582
4.115261 -0.025966 0.085057 -0.016549 0.039538 0.030214 -0.018205 0.998595
4.120265 -0.028069 0.083614 -0.014992 0.037094 0.032323 -0.019448 0.9986
4.125274 -0.029467 0.08269 -0.013981 0.035687 0.033464 -0.020312 0.998596
4.130284 -0.030885 0.081784 -0.012948 0.034218 0.03489 -0.021166 0.998581
4.135293 -0.032267 0.080892 -0.011945 0.032811 0.03581 -0.021934 0.998579
4.140297 -0.033662 0.080022 -0.010943 0.031393 0.036845 -0.022653 0.998571
4.145307 -0.035075 0.079177 -0.009928 0.030051 0.038212 -0.023364 0.998544
4.150315 -0.036484 0.078349 -0.008917 0.028727 0.039538 -0.024031 0.998516
4.155324 -0.03857 0.077192 -0.007414 0.026985 0.041278 -0.025078 0.998468
4.160325 -0.039955 0.076447 -0.006407 0.025777 0.042421 -0.025743 0.998435
4.165322 -0.041355 0.075743 -0.005407 0.024841 0.043769 -0.026403 0.998384
4.17032 -0.042755 0.075058 -0.004396 0.023763 0.045227 -0.027036 0.998328
4.175316 -0.043462 0.074751 -0.003892 0.023307 0.046027 -0.027379 0.998293
4.180309 -0.044829 0.074087 -0.00291 0.022205 0.04715 -0.02799 0.998249
4.185308 -0.046186 0.073455 -0.001936 0.021143 0.048184 -0.028568 0.998206
4.190306 -0.047551 0.072861 -0.000961 0.020208 0.049371 -0.029167 0.99815
4.195302 -0.048902 0.072295 1e-05 0.019327 0.050468 -0.029683 0.998097
4.200299 -0.049586 0.072 0.000499 0.018822 0.051092 -0.029945 0.998067
4.205299 -0.051611 0.071251 0.001936 0.017749 0.053033 -0.030811 0.99796
4.210299 -0.052941 0.070765 0.002888 0.01696 0.054216 -0.031338 0.997893
4.2153 -0.054262 0.070318 0.003832 0.01625 0.055441 -0.031819 0.997823
4.2203 -0.054899 0.070143 0.004293 0.016064 0.056056 -0.032011 0.997785
4.225299 -0.05684 0.069553 0.005695 0.015135 0.057825 -0.032507 0.997683
4.230296 -0.058126 0.06925 0.006627 0.014845 0.059226 -0.032619 0.997601
4.235292 -0.05877 0.069074 0.007096 0.0146 0.059849 -0.032758 0.997563
4.240289 -0.06004 0.068841 0.00802 0.014408 0.061342 -0.032741 0.997476
4.245287 -0.061266 0.068641 0.008923 0.014332 0.06268 -0.032376 0.997405
4.25029 -0.062468 0.068456 0.009831 0.014265 0.064055 -0.031931 0.997333
4.255301 -0.064234 0.068241 0.011167 0.014239 0.065992 -0.031047 0.997235
4.260306 -0.065367 0.068159 0.01205 0.01428 0.067184 -0.030443 0.997174
4.265313 -0.067019 0.068151 0.013338 0.014794 0.069074 -0.029858 0.997055
4.270315 -0.068081 0.068155 0.014179 0.015071 0.070055 -0.02943 0.996995
4.275314 -0.069127 0.068194 0.015004 0.01546 0.071147 -0.029011 0.996924
4.280314 -0.070142 0.068271 0.015814 0.015892 0.072037 -0.028697 0.996862
4.285307 -0.070637 0.068356 0.016203 0.016169 0.072519 -0.028447 0.99683
4.290298 -0.071631 0.068505 0.016989 0.016615 0.073453 -0.028127 0.996763
4.295289 -0.072621 0.068719 0.017771 0.017228 0.07451 -0.027993 0.996678
4.300281 -0.073592 0.06897 0.01854 0.017876 0.075542 -0.027686 0.996598
4.305273 -0.074077 0.069071 0.018925 0.018217 0.075998 -0.02752 0.996562
4.31027 -0.075027 0.069363 0.01968 0.018917 0.077171 -0.027236 0.996466
4.315269 -0.075953 0.069685 0.020428 0.019605 0.078351 -0.026964 0.996368
4.320271 -0.076837 0.070034 0.021158 0.020299 0.079315 -0.026738 0.996284
4.325274 -0.077252 0.070237 0.02151 0.020672 0.079794 -0.026581 0.996242
4.330278 -0.078993 0.071032 0.022961 0.022246 0.082157 -0.026206 0.996026
4.335281 -0.079803 0.071445 0.023655 0.023109 0.083244 -0.025593 0.995932
4.340282 -0.080573 0.071852 0.024322 0.023846 0.08417 -0.025006 0.995852
4.34529 -0.0813 0.072275 0.024962 0.024633 0.084829 -0.024309 0.995794
4.350311 -0.082006 0.072729 0.025597 0.025541 0.085494 -0.023581 0.995732
4.355338 -0.082681 0.073196 0.02621 0.026498 0.086075 -0.022866 0.995674
4.360359 -0.083362 0.073694 0.026826 0.027704 0.086916 -0.022279 0.995581
4.365376 -0.084306 0.074469 0.027717 0.029467 0.087843 -0.021496 0.995466
4.370382 -0.084895 0.074974 0.028294 0.030605 0.088238 -0.020968 0.995408
4.375381 -0.085482 0.075501 0.028882 0.031892 0.088889 -0.020467 0.99532
4.380373 -0.086046 0.076017 0.029464 0.033125 0.089457 -0.01996 0.99524
4.385358 -0.086304 0.076269 0.029752 0.033704 0.08975 -0.019782 0.995197
4.39034 -0.086831 0.076784 0.030318 0.034977 0.090276 -0.019491 0.995112
4.395321 -0.087353 0.077301 0.030896 0.03623 0.090966 -0.019262 0.995008
4.400302 -0.087827 0.077787 0.031454 0.037418 0.091398 -0.018995 0.99493
4.405291 -0.088296 0.078262 0.032015 0.038467 0.091989 -0.018846 0.994838
4.410279 -0.088732 0.078717 0.032559 0.039566 0.092403 -0.018631 0.994761
4.415266 -0.089149 0.079153 0.03309 0.040652 0.092846 -0.018505 0.994678
4.420253 -0.089368 0.079382 0.033362 0.041235 0.093089 -0.018486 0.994632
4.425252 -0.089755 0.079785 0.03388 0.042154 0.093522 -0.018434 0.994554
4.430255 -0.090115 0.08016 0.034374 0.042989 0.093735 -0.018349 0.994499
4.435264 -0.090462 0.080502 0.034857 0.043752 0.094042 -0.018204 0.99444
4.440272 -0.090941 0.080968 0.035545 0.044642 0.094226 -0.017852 0.994389
4.445285 -0.091234 0.081253 0.035981 0.045288 0.094388 -0.017574 0.99435
4.450299 -0.091514 0.081519 0.036405 0.045821 0.09465 -0.017412 0.994303
4.455322 -0.091792 0.081774 0.036828 0.046224 0.095038 -0.017253 0.99425
4.46034 -0.092034 0.082006 0.037212 0.046684 0.095202 -0.017026 0.994217
4.465353 -0.092404 0.082307 0.037754 0.04719 0.096077 -0.016963 0.99411
4.470358 -0.092644 0.082492 0.038107 0.047402 0.096683 -0.016977 0.994041
4.475355 -0.092873 0.082662 0.038442 0.047628 0.097308 -0.017058 0.993968
4.480342 -0.093075 0.082793 0.038741 0.047734 0.097729 -0.017149 0.99392
4.485334 -0.093151 0.082827 0.038856 0.04773 0.097766 -0.017176 0.993916
4.490326 -0.093326 0.082918 0.039109 0.047758 0.098026 -0.017192 0.993889
4.495319 -0.093486 0.082979 0.039333 0.047726 0.098237 -0.017291 0.993868
4.500309 -0.093637 0.083019 0.039536 0.047643 0.098505 -0.017467 0.993842
4.505301 -0.09376 0.083027 0.039703 0.047492 0.098582 -0.017565 0.99384
4.510293 -0.09388 0.083015 0.039854 0.047292 0.098761 -0.017681 0.99383
4.515283 -0.09397 0.082978 0.039969 0.047091 0.098809 -0.01778 0.993832
4.520277 -0.094046 0.082918 0.040054 0.046825 0.098853 -0.017877 0.993839
4.525273 -0.094105 0.08284 0.040112 0.046525 0.09892 -0.018016 0.993844
4.530271 -0.094148 0.082807 0.040154 0.046378 0.099028 -0.018094 0.993839
4.535272 -0.094174 0.082701 0.04017 0.045975 0.099054 -0.018323 0.99385
4.540271 -0.094179 0.082582 0.040162 0.045579 0.099083 -0.018549 0.993862
4.545273 -0.094163 0.08246 0.040132 0.045218 0.099081 -0.018792 0.993874
4.550276 -0.094095 0.082262 0.040052 0.044684 0.098926 -0.019253 0.993905
4.555295 -0.093999 0.082118 0.039951 0.044348 0.098653 -0.01959 0.99394
4.560311 -0.09387 0.081962 0.039819 0.043965 0.098265 -0.019936 0.993989
4.565331 -0.093512 0.081675 0.039471 0.043231 0.097487 -0.020599 0.994084
4.570343 -0.093436 0.081604 0.039395 0.043079 0.097327 -0.020778 0.994103
4.575347 -0.09323 0.081477 0.039194 0.04285 0.096934 -0.021077 0.994145
4.580342 -0.092994 0.081353 0.038966 0.042662 0.096469 -0.021342 0.994192
4.585331 -0.092727 0.081233 0.038714 0.04246 0.095941 -0.021523 0.994248
4.590314 -0.092578 0.081186 0.03858 0.042384 0.095814 -0.021631 0.994261
4.595294 -0.092286 0.081086 0.038311 0.042241 0.095372 -0.021792 0.994306
4.600273 -0.091958 0.080991 0.038018 0.042144 0.094795 -0.021951 0.994362
4.605259 -0.09161 0.080904 0.037718 0.042103 0.094308 -0.022112 0.994407
4.610252 -0.091443 0.080856 0.037565 0.042092 0.09403 -0.022173 0.994432
4.615245 -0.091056 0.080787 0.037247 0.042161 0.093495 -0.02233 0.994476
4.620242 -0.090653 0.080724 0.036913 0.042259 0.093034 -0.02243 0.994513
4.625244 -0.090216 0.080662 0.036561 0.042301 0.092414 -0.022479 0.994568
4.630264 -0.089536 0.080578 0.036025 0.042413 0.091489 -0.022588 0.994646
4.635286 -0.089053 0.080534 0.035659 0.042526 0.091017 -0.022671 0.994683
4.640306 -0.088564 0.080495 0.035286 0.042662 0.090622 -0.022613 0.994714
4.645319 -0.087759 0.080412 0.034658 0.042641 0.089584 -0.022453 0.994813
4.650324 -0.087206 0.080362 0.034227 0.042691 0.088825 -0.022347 0.994881
4.655324 -0.086629 0.080305 0.033786 0.042606 0.087955 -0.02233 0.994962
4.660316 -0.086058 0.080258 0.033337 0.042704 0.087237 -0.022299 0.995022
4.665309 -0.085751 0.080224 0.033093 0.042712 0.086732 -0.022292 0.995066
4.670298 -0.08516 0.080167 0.032626 0.042813 0.085999 -0.022309 0.995125
4.675283 -0.084547 0.080097 0.032135 0.042912 0.085043 -0.022285 0.995203
4.680271 -0.084242 0.080062 0.031894 0.04288 0.084574 -0.022321 0.995244
4.685269 -0.083638 0.080001 0.031413 0.043097 0.083909 -0.022413 0.995289
4.69027 -0.083038 0.079917 0.030925 0.043223 0.08338 -0.022442 0.995327
4.695277 -0.082422 0.079811 0.030416 0.043307 0.082767 -0.022455 0.995374
4.700283 -0.081482 0.079623 0.029636 0.043428 0.081836 -0.022503 0.995445
4.705287 -0.080547 0.07938 0.028796 0.043451 0.081042 -0.02248 0.995509
4.710291 -0.079894 0.079205 0.028207 0.043476 0.080186 -0.022415 0.995579
4.715289 -0.079261 0.079011 0.027606 0.043442 0.079552 -0.022427 0.995631
4.720284 -0.078936 0.078914 0.027304 0.04347 0.079162 -0.022403 0.995662
4.725282 -0.078617 0.078799 0.026974 0.043382 0.078781 -0.022432 0.995695
4.730284 -0.077976 0.07857 0.026328 0.043234 0.078042 -0.022502 0.995758
4.735289 -0.077327 0.078323 0.025653 0.043013 0.077228 -0.022607 0.995829
4.740293 -0.076 0.07779 0.024215 0.042688 0.075212 -0.02297 0.995989
4.745295 -0.075343 0.077505 0.023478 0.042542 0.074306 -0.023095 0.99606
4.750294 -0.074692 0.077184 0.022717 0.042297 0.073451 -0.023243 0.99613
4.75529 -0.074019 0.076856 0.021924 0.042079 0.07248 -0.023496 0.996205
4.760283 -0.07367 0.076689 0.0215 0.042132 0.071912 -0.023668 0.99624
4.765276 -0.072999 0.076343 0.020681 0.042136 0.071002 -0.023933 0.996298
4.770269 -0.0723 0.075973 0.019823 0.04207 0.069834 -0.024179 0.996378
4.775264 -0.071605 0.075595 0.018947 0.042055 0.068758 -0.024494 0.996446
4.780261 -0.071264 0.075413 0.018524 0.042036 0.068298 -0.024624 0.996475
4.785257 -0.07058 0.075015 0.017639 0.042035 0.067521 -0.024888 0.996521
4.790257 -0.069888 0.074593 0.016718 0.041999 0.066703 -0.025164 0.996571
4.795259 -0.06919 0.074173 0.01577 0.042075 0.065916 -0.025546 0.99661
4.800261 -0.068131 0.073481 0.014327 0.042055 0.064623 -0.025805 0.996689
4.805267 -0.067402 0.072979 0.013312 0.041851 0.063616 -0.02602 0.996757
4.810274 -0.066691 0.07246 0.012295 0.041694 0.062856 -0.026169 0.996808
4.81528 -0.065964 0.071913 0.011258 0.041588 0.061967 -0.026191 0.996867
4.820284 -0.06485 0.071015 0.009647 0.041212 0.060487 -0.026251 0.996972
4.825291 -0.064097 0.070407 0.008545 0.041019 0.059405 -0.026306 0.997044
4.830289 -0.063349 0.069768 0.007442 0.040779 0.058456 -0.026322 0.997109
4.835287 -0.062602 0.069124 0.006322 0.040534 0.057523 -0.026426 0.997171
4.840283 -0.062225 0.068787 0.00575 0.04036 0.057113 -0.026442 0.997201
4.84528 -0.061473 0.068134 0.004608 0.04015 0.056337 -0.026613 0.997249
4.850272 -0.060705 0.067461 0.003435 0.039858 0.05538 -0.026743 0.997311
4.855265 -0.059943 0.066768 0.002249 0.039598 0.05455 -0.026866 0.997364
4.860258 -0.059172 0.066084 0.001034 0.039478 0.053668 -0.027008 0.997413
4.865252 -0.058401 0.065365 -0.000178 0.039161 0.052894 -0.027037 0.997466
4.870246 -0.058016 0.065015 -0.000777 0.039055 0.052496 -0.027122 0.997488
4.875244 -0.057222 0.064295 -0.00203 0.03886 0.051478 -0.027189 0.997547
4.88024 -0.056438 0.063538 -0.003282 0.038504 0.050792 -0.027254 0.997594
4.885243 -0.055629 0.06277 -0.004565 0.038196 0.049927 -0.027481 0.997644
4.890248 -0.054396 0.061568 -0.006503 0.037688 0.04836 -0.027466 0.997741
4.895254 -0.053566 0.060754 -0.007805 0.037388 0.047451 -0.027621 0.997791
4.900259 -0.052737 0.059921 -0.009101 0.037124 0.046617 -0.027753 0.997837
4.905274 -0.051883 0.059055 -0.010423 0.036769 0.045622 -0.027994 0.997889
4.910299 -0.051036 0.058171 -0.01174 0.036393 0.044814 -0.028245 0.997933
4.915322 -0.050169 0.057278 -0.013062 0.036109 0.043776 -0.028438 0.997983
4.920335 -0.049317 0.056372 -0.014381 0.035942 0.042862 -0.028539 0.998026
4.925341 -0.048471 0.055453 -0.015699 0.035715 0.042098 -0.028734 0.998061
4.930346 -0.04718 0.054019 -0.0177 0.035258 0.040731 -0.028821 0.998132
4.935349 -0.046316 0.053032 -0.019039 0.034855 0.039806 -0.028862 0.998182
4.940348 -0.045459 0.052056 -0.02039 0.034642 0.038941 -0.028906 0.998222
4.945344 -0.044582 0.051048 -0.021739 0.034262 0.037957 -0.028912 0.998273
4.950338 -0.044138 0.050528 -0.022416 0.0341 0.037459 -0.028931 0.998297
4.95533 -0.043269 0.049491 -0.023774 0.033679 0.03658 -0.02892 0.998344
4.96032 -0.042387 0.048435 -0.025138 0.033232 0.035546 -0.028854 0.998399
4.96531 -0.041509 0.047367 -0.026496 0.03283 0.034608 -0.028813 0.998446
4.970301 -0.040639 0.046293 -0.027859 0.03249 0.033709 -0.028892 0.998486
4.97529 -0.039764 0.045174 -0.029221 0.031862 0.032689 -0.028774 0.998543
4.98028 -0.039319 0.044631 -0.029905 0.031639 0.032149 -0.028771 0.998568
4.985278 -0.038438 0.043496 -0.031265 0.031102 0.031082 -0.028744 0.998619
4.990282 -0.037599 0.042348 -0.032614 0.030645 0.03037 -0.028745 0.998655
4.995287 -0.036752 0.041178 -0.033987 0.030022 0.029458 -0.0288 0.9987
5.000297 -0.03546 0.039415 -0.036049 0.029226 0.02784 -0.028935 0.998766
5.005304 -0.034608 0.038217 -0.037448 0.028638 0.026662 -0.029007 0.998813
5.010312 -0.033397 0.036395 -0.039548 0.027664 0.025369 -0.029079 0.998872
5.015317 -0.032598 0.035201 -0.040951 0.027166 0.024615 -0.029229 0.9989
5.020318 -0.03179 0.033991 -0.04239 0.026577 0.023494 -0.029278 0.998942
5.025317 -0.030979 0.032778 -0.043843 0.025916 0.022215 -0.02933 0.998987
5.030311 -0.030619 0.032186 -0.044567 0.025696 0.021872 -0.029401 0.998998
5.035305 -0.029857 0.030988 -0.046012 0.025176 0.020925 -0.029443 0.99903
5.040298 -0.029156 0.029813 -0.047451 0.024748 0.020411 -0.029568 0.999048
5.04529 -0.028446 0.028636 -0.04891 0.024299 0.01963 -0.029709 0.99907
5.05029 -0.028074 0.028044 -0.049643 0.024071 0.019106 -0.029744 0.999085
5.055289 -0.027392 0.026871 -0.051109 0.023639 0.01836 -0.029872 0.999105
5.060287 -0.026741 0.025715 -0.052587 0.023312 0.017691 -0.030043 0.99912
5.065289 -0.026148 0.024558 -0.05403 0.022906 0.017519 -0.030194 0.999128
5.070292 -0.025023 0.022288 -0.056937 0.022548 0.017216 -0.030223 0.999141
5.075295 -0.024502 0.021146 -0.058384 0.02226 0.017276 -0.030231 0.999146
5.080294 -0.024217 0.020568 -0.059125 0.022089 0.017048 -0.030215 0.999154
5.085293 -0.023717 0.019427 -0.060573 0.021815 0.017073 -0.030044 0.999165
5.09029 -0.023468 0.018845 -0.061297 0.021607 0.017011 -0.029967 0.999173
5.095293 -0.022987 0.017702 -0.062738 0.021422 0.017082 -0.029863 0.999178
5.1003 -0.022267 0.015966 -0.064898 0.020917 0.017068 -0.029665 0.999195
5.105307 -0.021548 0.014161 -0.067044 0.019999 0.016695 -0.029504 0.999225
5.110308 -0.021085 0.01294 -0.068471 0.019307 0.016446 -0.029479 0.999244
5.115311 -0.020631 0.011723 -0.069891 0.018679 0.016088 -0.029404 0.999264
5.120308 -0.020224 0.01048 -0.071275 0.018075 0.015946 -0.0292 0.999283
5.125301 -0.020062 0.009857 -0.071949 0.017819 0.016019 -0.02907 0.99929
5.130297 -0.019695 0.008613 -0.073317 0.017258 0.015936 -0.028906 0.999306
5.13529 -0.019489 0.007983 -0.074011 0.016845 0.015783 -0.028821 0.999318
5.140283 -0.019162 0.00673 -0.075358 0.016321 0.015722 -0.028672 0.999332
5.145288 -0.018888 0.005489 -0.076684 0.015751 0.015959 -0.02848 0.999343
5.150291 -0.018633 0.004233 -0.078007 0.015332 0.016056 -0.028285 0.999353
5.155295 -0.018323 0.002389 -0.079946 0.014855 0.016737 -0.027981 0.999358
5.160302 -0.018144 0.001178 -0.081232 0.014471 0.017203 -0.028005 0.999355
5.165307 -0.017973 -3e-05 -0.082517 0.014004 0.017507 -0.028076 0.999354
5.170307 -0.01777 -0.001789 -0.084401 0.013509 0.018116 -0.028313 0.999344
5.175312 -0.017649 -0.002955 -0.085647 0.0132 0.018547 -0.028453 0.999336
5.180312 -0.017536 -0.004116 -0.086874 0.012932 0.018877 -0.028741 0.999325
5.185308 -0.017441 -0.005254 -0.088087 0.012596 0.019303 -0.029055 0.999312
5.190304 -0.017406 -0.005827 -0.08867 0.012457 0.019472 -0.029269 0.999304
5.195302 -0.017334 -0.006967 -0.089855 0.012212 0.019856 -0.029606 0.99929
5.200298 -0.017286 -0.008114 -0.091012 0.011864 0.020347 -0.030064 0.99927
5.205298 -0.01725 -0.009272 -0.092142 0.011507 0.020874 -0.030579 0.999248
5.210299 -0.017241 -0.010435 -0.093254 0.011099 0.021475 -0.031198 0.999221
5.215295 -0.017226 -0.011636 -0.094345 0.010545 0.021841 -0.031701 0.999203
5.22029 -0.017238 -0.012856 -0.095401 0.009871 0.022375 -0.032298 0.999179
5.225286 -0.017253 -0.0141 -0.096451 0.009037 0.022758 -0.032822 0.999161
5.230278 -0.017262 -0.014715 -0.096973 0.008695 0.023027 -0.033127 0.999148
5.235274 -0.017303 -0.016012 -0.097974 0.007603 0.023479 -0.033654 0.999129
5.240276 -0.017364 -0.017342 -0.098946 0.006366 0.024034 -0.03432 0.999102
5.24528 -0.017425 -0.018681 -0.099905 0.005107 0.024437 -0.034891 0.999079
5.250285 -0.017536 -0.02073 -0.101315 0.003012 0.025106 -0.035618 0.999046
5.25529 -0.017629 -0.022114 -0.102228 0.00147 0.025611 -0.036185 0.999016
5.260292 -0.017716 -0.023494 -0.103131 2.3e-05 0.02593 -0.036716 0.998989
5.265293 -0.017824 -0.024865 -0.104008 -0.00144 0.02645 -0.037361 0.998951
5.270298 -0.017954 -0.026199 -0.10488 -0.002625 0.027096 -0.038121 0.998902
5.275308 -0.018064 -0.027544 -0.105745 -0.003985 0.027412 -0.038802 0.998863
5.280315 -0.018185 -0.028885 -0.106592 -0.005382 0.027786 -0.039613 0.998814
5.285328 -0.018464 -0.031493 -0.108228 -0.007779 0.028506 -0.041627 0.998696
5.290338 -0.018533 -0.032144 -0.108641 -0.008338 0.028741 -0.042078 0.998666
5.295341 -0.018682 -0.033441 -0.10945 -0.009538 0.029108 -0.043237 0.998595
5.300336 -0.018834 -0.034722 -0.110241 -0.01056 0.02949 -0.044384 0.998523
5.305329 -0.018975 -0.036027 -0.111026 -0.011875 0.029817 -0.04545 0.998451
5.310316 -0.019046 -0.03667 -0.111412 -0.012398 0.030019 -0.046 0.998413
5.315301 -0.01918 -0.037963 -0.112187 -0.013578 0.030382 -0.047047 0.998338
5.320292 -0.019323 -0.03925 -0.112953 -0.01467 0.030954 -0.048092 0.998255
5.325284 -0.01944 -0.040544 -0.11372 -0.015853 0.031308 -0.049074 0.998178
5.330275 -0.019508 -0.041193 -0.114095 -0.016486 0.031566 -0.049639 0.998132
5.335272 -0.019599 -0.042501 -0.114862 -0.017788 0.031863 -0.050447 0.99806
5.340271 -0.019683 -0.04381 -0.115617 -0.019125 0.03233 -0.051174 0.997983
5.345275 -0.019755 -0.045119 -0.116371 -0.020608 0.032788 -0.052023 0.997895
5.350286 -0.019803 -0.04708 -0.117524 -0.022693 0.033046 -0.053114 0.997784
5.355296 -0.019816 -0.048367 -0.118301 -0.023971 0.033288 -0.053913 0.997703
5.360303 -0.019781 -0.049655 -0.119096 -0.025311 0.03318 -0.054645 0.997633
5.365311 -0.019718 -0.05094 -0.119915 -0.026548 0.032879 -0.055309 0.997575
5.370318 -0.019579 -0.052809 -0.121173 -0.028289 0.032461 -0.05656 0.99747
5.375322 -0.019459 -0.05403 -0.122035 -0.029319 0.032005 -0.057425 0.997406
5.380321 -0.019314 -0.055239 -0.12293 -0.030236 0.031394 -0.058116 0.997358
5.385316 -0.019259 -0.055846 -0.123358 -0.030732 0.031274 -0.058555 0.997321
5.390316 -0.019169 -0.056411 -0.123833 -0.030978 0.030942 -0.058871 0.997305
5.395316 -0.018995 -0.057563 -0.12476 -0.031673 0.030262 -0.059553 0.997263
5.400318 -0.018811 -0.058685 -0.125719 -0.032261 0.029598 -0.060246 0.997223
5.40532 -0.018549 -0.060319 -0.127161 -0.032982 0.028897 -0.06135 0.997153
5.410323 -0.01826 -0.061846 -0.128696 -0.033239 0.028218 -0.062275 0.997106
5.415328 -0.018059 -0.062851 -0.129741 -0.033401 0.027686 -0.062816 0.997082
5.420325 -0.017844 -0.063831 -0.130809 -0.033443 0.027103 -0.063445 0.997057
5.425323 -0.017628 -0.064792 -0.131887 -0.033602 0.026577 -0.064141 0.997021
5.430317 -0.017522 -0.065246 -0.132448 -0.033525 0.026389 -0.064492 0.997006
5.43531 -0.017309 -0.066164 -0.133565 -0.033425 0.025905 -0.065193 0.996976
5.440302 -0.017101 -0.067064 -0.134682 -0.033288 0.025556 -0.065941 0.996941
5.445296 -0.016858 -0.067945 -0.135845 -0.033035 0.024872 -0.066673 0.996918
5.450292 -0.016635 -0.068802 -0.137005 -0.032719 0.024489 -0.067462 0.996884
5.455287 -0.016395 -0.069642 -0.138178 -0.032298 0.024029 -0.068205 0.996859
5.460281 -0.016158 -0.070467 -0.139364 -0.031878 0.023663 -0.069003 0.996826
5.465281 -0.015917 -0.071265 -0.140561 -0.03132 0.023376 -0.069757 0.996798
5.47028 -0.015663 -0.072047 -0.141782 -0.030617 0.023018 -0.070435 0.996781
5.475278 -0.01539 -0.07282 -0.143004 -0.029977 0.022597 -0.071036 0.996767
5.480278 -0.015261 -0.073215 -0.14361 -0.029693 0.022436 -0.071391 0.996754
5.48528 -0.014968 -0.073966 -0.144856 -0.028958 0.022025 -0.071889 0.996749
5.490279 -0.014686 -0.07471 -0.146076 -0.028255 0.021902 -0.072235 0.996747
5.495277 -0.014371 -0.075447 -0.147319 -0.027626 0.021488 -0.072528 0.996752
5.500279 -0.013881 -0.076525 -0.149192 -0.026489 0.020954 -0.072989 0.996761
5.505284 -0.01353 -0.077242 -0.150427 -0.02587 0.020597 -0.07313 0.996774
5.510291 -0.013173 -0.077941 -0.15165 -0.025236 0.020357 -0.073212 0.996789
5.515302 -0.012807 -0.078629 -0.152874 -0.024661 0.020193 -0.073439 0.99679
5.520308 -0.012408 -0.079308 -0.154102 -0.024014 0.01976 -0.073576 0.996805
5.525311 -0.011757 -0.080309 -0.155933 -0.022989 0.019006 -0.073779 0.996828
5.530315 -0.011312 -0.080965 -0.157149 -0.022163 0.018456 -0.073888 0.996849
5.535316 -0.010868 -0.08162 -0.158345 -0.021483 0.017984 -0.07398 0.996866
5.54031 -0.01041 -0.08226 -0.159537 -0.02078 0.017442 -0.074163 0.996877
5.545307 -0.01041 -0.08226 -0.159537 -0.02078 0.017442 -0.074163 0.996877
5.55031 -0.009689 -0.08319 -0.161318 -0.019444 0.016369 -0.074413 0.996904
5.555311 -0.009194 -0.083817 -0.162506 -0.018547 0.015516 -0.074529 0.996926
5.56031 -0.008708 -0.084433 -0.163669 -0.017719 0.014879 -0.07469 0.996938
5.56531 -0.008467 -0.08473 -0.164244 -0.017304 0.014585 -0.07481 0.996941
5.570309 -0.007749 -0.08564 -0.165969 -0.016088 0.013733 -0.07505 0.996955
5.575307 -0.007271 -0.086244 -0.16711 -0.015324 0.013157 -0.075185 0.996965
5.580298 -0.006783 -0.086845 -0.168245 -0.014509 0.012463 -0.07525 0.996981
5.585293 -0.006312 -0.087435 -0.169368 -0.013653 0.011963 -0.07529 0.996996
5.590289 -0.005852 -0.088037 -0.17047 -0.012971 0.011592 -0.075341 0.997006
5.595285 -0.005398 -0.088639 -0.171554 -0.012349 0.011322 -0.075254 0.997024
5.600285 -0.004942 -0.08923 -0.172635 -0.011719 0.010928 -0.075143 0.997044
5.60528 -0.004497 -0.089821 -0.173699 -0.011129 0.010637 -0.074961 0.997068
5.610274 -0.004062 -0.090402 -0.174751 -0.010486 0.010439 -0.074686 0.997097
5.615272 -0.003616 -0.090972 -0.175811 -0.009847 0.010032 -0.074519 0.99712
5.620267 -0.003193 -0.091532 -0.176833 -0.009249 0.009914 -0.074197 0.997151
5.625265 -0.002986 -0.091818 -0.177346 -0.008969 0.009933 -0.074091 0.997162
5.630261 -0.002558 -0.092372 -0.178359 -0.008476 0.009687 -0.073808 0.997189
5.63526 -0.002147 -0.092909 -0.179353 -0.00798 0.009627 -0.073484 0.997218
5.640265 -0.001728 -0.093427 -0.180356 -0.007344 0.009328 -0.073241 0.997244
5.645267 -0.001133 -0.094186 -0.181831 -0.006403 0.009243 -0.072871 0.997278
5.650271 -0.000726 -0.094695 -0.182794 -0.005898 0.008905 -0.072637 0.997301
5.655283 -0.000344 -0.095187 -0.183737 -0.00524 0.008775 -0.07238 0.997325
5.660295 4.4e-05 -0.095679 -0.184677 -0.004637 0.00848 -0.072286 0.997337
5.665305 0.000417 -0.096164 -0.185597 -0.003949 0.008267 -0.072121 0.997354
5.670319 0.000799 -0.096662 -0.186518 -0.003363 0.007766 -0.072064 0.997364
5.675326 0.00133 -0.097428 -0.187832 -0.002758 0.007327 -0.072044 0.997371
5.68033 0.001665 -0.097938 -0.188698 -0.002281 0.007193 -0.072024 0.997374
5.685331 0.002 -0.098457 -0.189558 -0.001881 0.006947 -0.072031 0.997376
5.690329 0.002324 -0.098993 -0.190394 -0.001718 0.00671 -0.071955 0.997384
5.695323 0.002461 -0.099258 -0.190801 -0.00156 0.006752 -0.071907 0.997387
5.700315 0.002764 -0.099798 -0.191626 -0.001458 0.006514 -0.071839 0.997394
5.705306 0.003048 -0.100332 -0.192445 -0.00128 0.006385 -0.071774 0.9974
5.710293 0.003316 -0.100867 -0.193252 -0.00115 0.006258 -0.071623 0.997411
5.715282 0.003557 -0.101396 -0.194051 -0.000987 0.006284 -0.071508 0.99742
5.720276 0.003791 -0.101921 -0.19485 -0.000865 0.006147 -0.071393 0.997429
5.725272 0.003921 -0.102193 -0.195246 -0.00088 0.006026 -0.071288 0.997437
5.730267 0.00412 -0.102707 -0.196032 -0.000788 0.005975 -0.071279 0.997438
5.735263 0.004309 -0.103207 -0.196813 -0.000599 0.005895 -0.071289 0.997438
5.740266 0.004487 -0.1037 -0.197584 -0.000506 0.005735 -0.071306 0.997438
5.745275 0.004723 -0.104417 -0.198732 -0.000228 0.005601 -0.071545 0.997422
5.750288 0.004847 -0.104859 -0.19947 7.3e-05 0.005688 -0.071886 0.997397
5.755299 0.004966 -0.105276 -0.200206 0.000426 0.005574 -0.072361 0.997363
5.760303 0.005077 -0.105687 -0.200921 0.000721 0.00546 -0.072851 0.997328
5.765313 0.005177 -0.106071 -0.20162 0.001144 0.005344 -0.073323 0.997293
5.770322 0.005283 -0.106593 -0.202638 0.002019 0.005309 -0.074118 0.997233
5.775327 0.005359 -0.106937 -0.20331 0.002466 0.005128 -0.074682 0.997191
5.780326 0.005413 -0.107256 -0.203963 0.003027 0.005126 -0.075115 0.997157
5.785325 0.005454 -0.107569 -0.204595 0.003534 0.005114 -0.07552 0.997125
5.790318 0.005462 -0.107719 -0.204884 0.003737 0.005208 -0.07563 0.997115
5.79531 0.005491 -0.108028 -0.205484 0.004197 0.00528 -0.075869 0.997095
5.800303 0.005505 -0.108321 -0.206068 0.004717 0.005432 -0.076083 0.997076
5.805298 0.005502 -0.108609 -0.206622 0.005199 0.005665 -0.076264 0.997058
5.810294 0.005491 -0.1089 -0.207144 0.005546 0.005925 -0.076454 0.99704
5.815285 0.005471 -0.109201 -0.207639 0.005755 0.006202 -0.076611 0.997025
5.820271 0.005436 -0.109503 -0.2081 0.005924 0.006563 -0.076789 0.997008
5.825264 0.005419 -0.109651 -0.20834 0.006078 0.006765 -0.076855 0.997001
5.83025 0.005376 -0.109958 -0.208765 0.006187 0.007039 -0.07705 0.996983
5.835252 0.005326 -0.110267 -0.209162 0.006348 0.00728 -0.077269 0.996963
5.840256 0.005269 -0.110589 -0.209518 0.006337 0.007515 -0.077566 0.996939
5.845263 0.005169 -0.111084 -0.210007 0.006187 0.007938 -0.07808 0.996896
5.850276 0.005097 -0.111422 -0.210291 0.006005 0.008088 -0.078453 0.996867
5.855289 0.005019 -0.11176 -0.210546 0.005757 0.008202 -0.078827 0.996838
5.860308 0.004922 -0.112084 -0.210765 0.005597 0.00844 -0.079216 0.996806
5.865329 0.004834 -0.112413 -0.21095 0.005331 0.008495 -0.079609 0.996776
5.870348 0.004658 -0.112887 -0.211143 0.004707 0.008749 -0.080312 0.99672
5.875357 0.004532 -0.113192 -0.211235 0.004273 0.008952 -0.080783 0.996682
5.880356 0.004398 -0.11349 -0.21129 0.003792 0.009128 -0.081215 0.996648
5.885347 0.004268 -0.113779 -0.211312 0.003281 0.009212 -0.081611 0.996616
5.89033 0.004198 -0.113912 -0.211281 0.003002 0.009249 -0.081827 0.996599
5.895312 0.004059 -0.114172 -0.211247 0.002555 0.009368 -0.08226 0.996564
5.900293 0.003916 -0.11442 -0.211184 0.002095 0.009469 -0.082664 0.99653
5.90528 0.003757 -0.114649 -0.211081 0.001624 0.009727 -0.083076 0.996494
5.910266 0.003681 -0.114774 -0.211035 0.001337 0.009835 -0.083278 0.996477
5.915256 0.003526 -0.114985 -0.210878 0.000833 0.010047 -0.083596 0.996449
5.920252 0.003366 -0.11518 -0.210695 0.000336 0.010309 -0.083865 0.996424
5.925255 0.003197 -0.115365 -0.210473 -0.000242 0.010668 -0.084104 0.9964
5.930268 0.002941 -0.115625 -0.210103 -0.001132 0.011171 -0.084374 0.996371
5.93528 0.00276 -0.115787 -0.209806 -0.001761 0.011546 -0.084471 0.996357
5.940288 0.002569 -0.115951 -0.209471 -0.00249 0.011994 -0.084501 0.996348
5.945296 0.002378 -0.11612 -0.209105 -0.003364 0.01235 -0.084511 0.99634
5.950305 0.002185 -0.116284 -0.208713 -0.004194 0.012637 -0.08447 0.996337
5.955309 0.001982 -0.116452 -0.208287 -0.005179 0.01294 -0.084437 0.996331
5.960313 0.001661 -0.116673 -0.207587 -0.006506 0.013247 -0.084595 0.996306
5.965314 0.001434 -0.116818 -0.207092 -0.007472 0.013514 -0.08478 0.99628
5.970315 0.0012 -0.116965 -0.206567 -0.008537 0.01376 -0.084933 0.996255
5.975314 0.00096 -0.117103 -0.206013 -0.009609 0.013897 -0.085157 0.996224
5.980307 0.000824 -0.11716 -0.205705 -0.010148 0.014051 -0.085354 0.9962
5.985298 0.000569 -0.117279 -0.205119 -0.011195 0.014204 -0.085705 0.996156
5.990283 0.000303 -0.117387 -0.204506 -0.012332 0.014356 -0.086151 0.996102
5.995273 2.7e-05 -0.117485 -0.20387 -0.013393 0.014509 -0.086653 0.996043
6.000263 -0.000249 -0.117578 -0.203215 -0.014556 0.014554 -0.087157 0.995982
6.005258 -0.000384 -0.117631 -0.202895 -0.015159 0.014585 -0.087366 0.995954
6.010254 -0.000687 -0.1177 -0.202207 -0.016366 0.014763 -0.087962 0.99588
6.015255 -0.000991 -0.11775 -0.201501 -0.017562 0.014834 -0.088637 0.995799
6.020259 -0.001299 -0.117777 -0.200781 -0.018742 0.014908 -0.089313 0.995716
6.025267 -0.001767 -0.117797 -0.199673 -0.020681 0.014876 -0.090205 0.995597
6.030272 -0.002115 -0.117761 -0.198901 -0.021829 0.015151 -0.090781 0.995516
6.035279 -0.002461 -0.117689 -0.198112 -0.023046 0.015396 -0.091294 0.995438
6.040295 -0.002828 -0.117587 -0.197283 -0.02437 0.015884 -0.091721 0.99536
6.045306 -0.003179 -0.117445 -0.196455 -0.025422 0.016216 -0.092004 0.995302
6.050312 -0.003527 -0.117267 -0.195608 -0.026522 0.01655 -0.092187 0.995251
6.055315 -0.003878 -0.117044 -0.19475 -0.027506 0.016946 -0.092329 0.995204
6.060316 -0.004438 -0.116606 -0.193415 -0.028683 0.018133 -0.092539 0.995131
6.06532 -0.004781 -0.116296 -0.192514 -0.029543 0.018637 -0.092541 0.995096
6.07032 -0.005134 -0.115949 -0.191602 -0.030263 0.019193 -0.092516 0.995066
6.075317 -0.005478 -0.115565 -0.190687 -0.030805 0.019708 -0.092539 0.995037
6.080313 -0.005652 -0.115341 -0.190208 -0.031079 0.019957 -0.092534 0.995024
6.085308 -0.006002 -0.114922 -0.189254 -0.031755 0.020527 -0.092569 0.994988
6.090299 -0.006359 -0.114467 -0.188284 -0.032295 0.021148 -0.092668 0.994948
6.095296 -0.006711 -0.114001 -0.187291 -0.032993 0.021665 -0.092745 0.994907
6.10029 -0.006881 -0.113772 -0.186804 -0.033291 0.02188 -0.092711 0.994896
6.105279 -0.007207 -0.113274 -0.185797 -0.033877 0.022072 -0.092811 0.994862
6.110281 -0.007568 -0.112747 -0.184754 -0.034438 0.022616 -0.092939 0.994819
6.115286 -0.007914 -0.112207 -0.183692 -0.035025 0.022957 -0.09306 0.994779
6.120296 -0.008443 -0.111369 -0.182076 -0.035895 0.023488 -0.093339 0.99471
6.125305 -0.008816 -0.110767 -0.180961 -0.036366 0.023938 -0.093536 0.994663
6.130309 -0.00918 -0.110159 -0.179828 -0.036934 0.024274 -0.093683 0.994621
6.135313 -0.009756 -0.109191 -0.178071 -0.037723 0.02501 -0.093956 0.994547
6.140315 -0.010152 -0.108533 -0.176889 -0.038302 0.025552 -0.094097 0.994498
6.145313 -0.010543 -0.107847 -0.175691 -0.038879 0.026021 -0.094303 0.994444
6.150311 -0.010953 -0.107128 -0.174479 -0.039305 0.026706 -0.09445 0.994395
6.155305 -0.011145 -0.106746 -0.173859 -0.039562 0.026933 -0.094538 0.99437
6.160298 -0.011543 -0.106008 -0.172629 -0.040094 0.02746 -0.094579 0.994331
6.165294 -0.011933 -0.105257 -0.171384 -0.04063 0.027888 -0.094546 0.9943
6.170289 -0.012332 -0.10447 -0.170134 -0.041004 0.028387 -0.094503 0.994275
6.175283 -0.012747 -0.103656 -0.168866 -0.041378 0.029063 -0.094479 0.994242
6.18028 -0.012943 -0.103259 -0.168241 -0.041569 0.029281 -0.094459 0.994229
6.185277 -0.013347 -0.102408 -0.166954 -0.041823 0.029804 -0.094407 0.994208
6.190277 -0.013739 -0.101538 -0.16567 -0.041943 0.03019 -0.094298 0.994202
6.195278 -0.014129 -0.10064 -0.164353 -0.042138 0.030608 -0.094335 0.994177
6.200287 -0.01476 -0.099275 -0.162355 -0.042161 0.03161 -0.094087 0.994168
6.205297 -0.015174 -0.098324 -0.160995 -0.0421 0.032255 -0.093977 0.994161
6.210308 -0.0156 -0.097353 -0.159606 -0.041986 0.03307 -0.093826 0.994153
6.21532 -0.016237 -0.095859 -0.157476 -0.041658 0.034369 -0.093566 0.994147
6.220325 -0.016657 -0.094845 -0.156036 -0.041469 0.035277 -0.09354 0.994126
6.225326 -0.017075 -0.093841 -0.154576 -0.041445 0.036099 -0.093322 0.994118
6.230321 -0.01749 -0.092845 -0.153105 -0.041466 0.036857 -0.093039 0.994116
6.235319 -0.017688 -0.092341 -0.152346 -0.041571 0.037173 -0.092928 0.99411
6.240308 -0.018087 -0.091325 -0.150843 -0.041672 0.037915 -0.092794 0.99409
6.245296 -0.018499 -0.09029 -0.149314 -0.041658 0.038894 -0.092611 0.99407
6.250284 -0.018888 -0.089251 -0.147762 -0.041745 0.039773 -0.092546 0.994038
6.255274 -0.01908 -0.088737 -0.146997 -0.04181 0.040104 -0.092497 0.994026
6.260266 -0.019458 -0.087713 -0.145415 -0.041969 0.040921 -0.092234 0.994011
6.265273 -0.019817 -0.086702 -0.14382 -0.042248 0.041591 -0.091787 0.994012
6.27028 -0.020161 -0.085669 -0.142197 -0.042428 0.04236 -0.091399 0.994008
6.275287 -0.020667 -0.084107 -0.139732 -0.042654 0.043666 -0.090775 0.993999
6.280295 -0.02098 -0.083052 -0.138047 -0.042756 0.044568 -0.090347 0.993993
6.285308 -0.021235 -0.082024 -0.136343 -0.043169 0.044982 -0.089763 0.99401
6.29032 -0.021482 -0.081008 -0.134616 -0.043546 0.045435 -0.088927 0.994048
6.295335 -0.021819 -0.07945 -0.131956 -0.043984 0.046317 -0.087828 0.994086
6.300345 -0.022029 -0.078404 -0.130175 -0.044296 0.046876 -0.08718 0.994103
6.305348 -0.022218 -0.077364 -0.128384 -0.044604 0.047259 -0.086539 0.994127
6.310343 -0.022388 -0.076335 -0.126576 -0.044971 0.047593 -0.085845 0.994155
6.315334 -0.022454 -0.075832 -0.125664 -0.045132 0.047649 -0.085436 0.99418
6.32032 -0.022595 -0.074826 -0.123835 -0.045567 0.04779 -0.084483 0.994235
6.325308 -0.022736 -0.073805 -0.122003 -0.045855 0.048026 -0.083762 0.994271
6.330308 -0.022867 -0.072783 -0.120164 -0.046144 0.048224 -0.083105 0.994303
6.335308 -0.022979 -0.071765 -0.118329 -0.046506 0.048271 -0.082498 0.994335
6.340304 -0.02309 -0.070748 -0.116479 -0.046893 0.048369 -0.081845 0.994366
6.345304 -0.023189 -0.069728 -0.114623 -0.047188 0.048444 -0.081203 0.994401
6.350304 -0.023275 -0.068712 -0.11276 -0.04753 0.048518 -0.080532 0.994435
6.355302 -0.023355 -0.067683 -0.110895 -0.047891 0.048561 -0.079907 0.994466
6.360301 -0.023431 -0.06664 -0.109028 -0.048252 0.048652 -0.079307 0.994492
6.3653 -0.023498 -0.065591 -0.107161 -0.048613 0.048762 -0.07884 0.994507
6.370295 -0.023537 -0.065071 -0.10623 -0.048759 0.048835 -0.078582 0.994516
6.375291 -0.023596 -0.064022 -0.104364 -0.049162 0.048905 -0.077929 0.994544
6.380287 -0.023653 -0.062952 -0.102493 -0.049448 0.049049 -0.077219 0.994578
6.385293 -0.023724 -0.061862 -0.100617 -0.049583 0.049439 -0.076515 0.994607
6.390296 -0.023825 -0.060218 -0.097808 -0.049928 0.049911 -0.075274 0.994661
6.395299 -0.023902 -0.059084 -0.095929 -0.049911 0.050447 -0.074307 0.994707
6.400302 -0.023976 -0.057944 -0.094052 -0.049845 0.050912 -0.073287 0.994763
6.405305 -0.024044 -0.056795 -0.092183 -0.049755 0.051308 -0.072092 0.994834
6.410308 -0.024138 -0.055633 -0.090305 -0.04961 0.052046 -0.070971 0.994884
6.415309 -0.024232 -0.054475 -0.088437 -0.049512 0.052721 -0.069757 0.994939
6.420315 -0.024366 -0.052743 -0.085678 -0.049353 0.053463 -0.067977 0.99503
6.425316 -0.024456 -0.051588 -0.083838 -0.049233 0.054099 -0.066893 0.995075
6.430315 -0.024567 -0.050442 -0.082008 -0.049057 0.054884 -0.065876 0.995109
6.435311 -0.024581 -0.050435 -0.082013 -0.049021 0.055073 -0.065897 0.995099
6.440308 -0.024751 -0.048716 -0.079272 -0.048849 0.056308 -0.064288 0.995143
6.4453 -0.024878 -0.047568 -0.077461 -0.048715 0.057316 -0.063316 0.995155
6.450294 -0.02497 -0.046424 -0.075672 -0.048654 0.058066 -0.062332 0.995176
6.455291 -0.02502 -0.04585 -0.074774 -0.048572 0.058427 -0.06186 0.995189
6.460289 -0.02511 -0.044706 -0.072999 -0.048474 0.059305 -0.060913 0.9952
6.46529 -0.025165 -0.043575 -0.071243 -0.04854 0.059949 -0.059906 0.995219
6.470293 -0.025227 -0.042414 -0.069512 -0.048357 0.060696 -0.058937 0.995241
6.475301 -0.025272 -0.040668 -0.066958 -0.04811 0.061415 -0.057324 0.995303
6.480309 -0.025255 -0.039482 -0.065296 -0.047798 0.061642 -0.056215 0.995367
6.485314 -0.0252 -0.038284 -0.063665 -0.047464 0.061547 -0.055058 0.995454
6.490318 -0.025122 -0.036431 -0.061256 -0.046536 0.06161 -0.053201 0.995594
6.495319 -0.025042 -0.035181 -0.059678 -0.04582 0.061409 -0.051967 0.995705
6.500317 -0.024993 -0.033897 -0.058095 -0.044936 0.061558 -0.050819 0.995796
6.505319 -0.024914 -0.032626 -0.056534 -0.044102 0.061379 -0.049626 0.995904
6.510317 -0.024889 -0.031978 -0.055767 -0.04357 0.061421 -0.049153 0.995948
6.515312 -0.024829 -0.030691 -0.054222 -0.042681 0.061406 -0.048148 0.996037
6.520306 -0.024775 -0.0294 -0.052698 -0.041729 0.061322 -0.04718 0.996129
6.525299 -0.024745 -0.028107 -0.051187 -0.040688 0.061401 -0.04629 0.996209
6.530293 -0.024718 -0.02682 -0.049683 -0.039743 0.06144 -0.045379 0.996286
6.535292 -0.024707 -0.025549 -0.048192 -0.038832 0.061507 -0.044526 0.996357
6.540287 -0.024725 -0.024288 -0.046706 -0.037936 0.061802 -0.043688 0.99641
6.545286 -0.024732 -0.023044 -0.045247 -0.037103 0.061906 -0.042855 0.996471
6.550276 -0.024758 -0.021816 -0.043793 -0.036423 0.062191 -0.041974 0.996516
6.555265 -0.024769 -0.020604 -0.042373 -0.035824 0.062212 -0.04104 0.996575
6.560258 -0.024776 -0.020001 -0.041656 -0.035516 0.062221 -0.040602 0.996604
6.565255 -0.024807 -0.018814 -0.040249 -0.035068 0.062569 -0.039676 0.996635
6.570255 -0.024839 -0.017631 -0.03885 -0.034574 0.062889 -0.038642 0.996673
6.575259 -0.024857 -0.016449 -0.037495 -0.03401 0.063102 -0.037569 0.99672
6.580263 -0.024885 -0.014679 -0.035467 -0.033356 0.063596 -0.035974 0.996769
6.585272 -0.02489 -0.013492 -0.034158 -0.032777 0.063886 -0.034824 0.996811
6.590274 -0.024868 -0.012296 -0.032876 -0.03212 0.063925 -0.033633 0.99687
6.595283 -0.024857 -0.011082 -0.031605 -0.031293 0.064271 -0.032532 0.996911
6.600292 -0.024809 -0.009861 -0.030362 -0.030387 0.064251 -0.031429 0.996976
6.605302 -0.024747 -0.008624 -0.029157 -0.029371 0.064206 -0.030443 0.99704
6.610308 -0.024676 -0.007385 -0.027961 -0.02828 0.064159 -0.029601 0.9971
6.615312 -0.024516 -0.005518 -0.026233 -0.026413 0.063589 -0.028481 0.99722
6.620317 -0.02437 -0.004301 -0.025113 -0.02536 0.062849 -0.027991 0.997308
6.625317 -0.024223 -0.003074 -0.024021 -0.0242 0.0621 -0.027618 0.997394
6.630313 -0.024066 -0.001871 -0.022935 -0.023126 0.061199 -0.02729 0.997484
6.635305 -0.023992 -0.001284 -0.022413 -0.022577 0.060734 -0.027117 0.99753
6.640297 -0.023848 -0.0001 -0.021358 -0.021374 0.059878 -0.026779 0.997617
6.645294 -0.023716 0.001062 -0.020304 -0.020264 0.059193 -0.02636 0.997693
6.650288 -0.023575 0.002199 -0.019275 -0.019227 0.058308 -0.025979 0.997775
6.65528 -0.023454 0.003314 -0.01825 -0.018213 0.057665 -0.025522 0.997844
6.660272 -0.023362 0.004401 -0.017231 -0.01724 0.057228 -0.025039 0.997898
6.665267 -0.023316 0.004967 -0.016719 -0.016657 0.05699 -0.024748 0.997929
6.670259 -0.023265 0.006006 -0.015696 -0.015697 0.05692 -0.023949 0.997968
6.675255 -0.023241 0.007029 -0.014687 -0.014751 0.057082 -0.023129 0.997993
6.680258 -0.023225 0.00801 -0.013685 -0.014027 0.05727 -0.02226 0.998012
6.685267 -0.023213 0.009453 -0.012202 -0.012966 0.057594 -0.020956 0.998036
6.690276 -0.023238 0.010359 -0.011223 -0.012357 0.058082 -0.019978 0.998035
6.695285 -0.023255 0.011229 -0.010278 -0.011952 0.058345 -0.019059 0.998043
6.700293 -0.023277 0.012073 -0.009331 -0.01161 0.058649 -0.018242 0.998044
6.705291 -0.023306 0.01291 -0.008406 -0.011201 0.058967 -0.017412 0.998045
6.710301 -0.02333 0.013713 -0.007486 -0.010887 0.059233 -0.016601 0.998047
6.715312 -0.023359 0.014511 -0.006581 -0.010442 0.059541 -0.015819 0.998046
6.720318 -0.023396 0.015284 -0.005678 -0.010079 0.059911 -0.014865 0.998042
6.725321 -0.023469 0.016432 -0.004325 -0.009185 0.060628 -0.013572 0.998026
6.730322 -0.023514 0.01718 -0.003424 -0.008587 0.061058 -0.012753 0.998016
6.735328 -0.02354 0.017899 -0.002543 -0.008002 0.061311 -0.012041 0.998014
6.740325 -0.023594 0.018603 -0.001643 -0.007422 0.06188 -0.011435 0.99799
6.745321 -0.023594 0.018924 -0.001213 -0.007182 0.061863 -0.011308 0.997995
6.750305 -0.02362 0.019587 -0.000333 -0.006644 0.062112 -0.010823 0.997988
6.755281 -0.023654 0.020219 0.000551 -0.006177 0.062418 -0.01045 0.997976
6.760262 -0.02366 0.020814 0.001419 -0.005823 0.06243 -0.010353 0.997979
6.76525 -0.023669 0.021125 0.001855 -0.005652 0.062534 -0.010223 0.997974
6.770243 -0.023671 0.021675 0.002719 -0.005413 0.062504 -0.010247 0.997977
6.775243 -0.023659 0.022179 0.003569 -0.005271 0.062307 -0.010361 0.997989
6.780249 -0.023669 0.022667 0.00443 -0.005161 0.062287 -0.010413 0.997991
6.785256 -0.023665 0.023346 0.005709 -0.005053 0.062065 -0.010642 0.998003
6.790268 -0.023667 0.023739 0.006561 -0.005208 0.061939 -0.010851 0.998007
6.795282 -0.023667 0.024089 0.007416 -0.00546 0.061808 -0.011128 0.998011
6.800294 -0.023683 0.024411 0.008263 -0.005671 0.061735 -0.011242 0.998013
6.805304 -0.023705 0.024687 0.009112 -0.006084 0.061681 -0.011358 0.998013
6.810311 -0.023764 0.024948 0.009966 -0.006499 0.06195 -0.011472 0.997992
6.815314 -0.023801 0.025158 0.010808 -0.007119 0.061963 -0.011603 0.997986
6.820323 -0.023864 0.025337 0.011653 -0.007901 0.062156 -0.011692 0.997967
6.825334 -0.023968 0.025532 0.012905 -0.009204 0.06235 -0.011933 0.997941
6.830338 -0.024054 0.025652 0.013731 -0.010003 0.062578 -0.012164 0.997916
6.835337 -0.024146 0.025738 0.014571 -0.010991 0.062882 -0.0125 0.997882
6.840333 -0.024236 0.025808 0.015394 -0.011927 0.06304 -0.012916 0.997856
6.845324 -0.024296 0.025825 0.015809 -0.012382 0.063251 -0.013173 0.997834
6.850307 -0.024387 0.025853 0.016632 -0.013493 0.063369 -0.013673 0.997805
6.855289 -0.0245 0.025879 0.017457 -0.014493 0.063706 -0.014224 0.997762
6.860269 -0.024602 0.025889 0.018269 -0.015482 0.063846 -0.014781 0.99773
6.86526 -0.024719 0.02589 0.019088 -0.016455 0.064165 -0.015373 0.997685
6.870251 -0.024827 0.025878 0.019896 -0.017437 0.064402 -0.016029 0.997643
6.875244 -0.024934 0.025852 0.020702 -0.018451 0.064584 -0.016608 0.997603
6.880237 -0.025059 0.025829 0.0215 -0.019393 0.064937 -0.017233 0.997552
6.885231 -0.025115 0.025809 0.021901 -0.019944 0.065065 -0.017556 0.997527
6.890228 -0.025227 0.025772 0.02269 -0.020908 0.06532 -0.018237 0.997479
6.895229 -0.025345 0.025738 0.023476 -0.021806 0.065666 -0.018947 0.997423
6.900235 -0.025457 0.025686 0.024248 -0.022786 0.065937 -0.019595 0.997371
6.905245 -0.02563 0.025599 0.025393 -0.024203 0.066402 -0.020593 0.997287
6.910261 -0.025769 0.025536 0.026156 -0.025126 0.066954 -0.021322 0.997212
6.915268 -0.025901 0.025475 0.02691 -0.026048 0.067454 -0.022042 0.997139
6.920276 -0.026015 0.025394 0.027645 -0.027102 0.06771 -0.022729 0.997078
6.925279 -0.026174 0.025254 0.02871 -0.028795 0.068008 -0.023864 0.996984
6.930277 -0.026279 0.025154 0.029418 -0.029919 0.068243 -0.024586 0.996917
6.935283 -0.026388 0.025061 0.030123 -0.031 0.068525 -0.025366 0.996845
6.940279 -0.02649 0.024972 0.030823 -0.032155 0.068789 -0.026244 0.996767
6.945274 -0.026496 0.024904 0.031136 -0.032855 0.068456 -0.026716 0.996755
6.950271 -0.02655 0.024793 0.031795 -0.034041 0.068222 -0.027572 0.996708
6.955268 -0.026602 0.024674 0.032449 -0.03533 0.068043 -0.028492 0.996649
6.960267 -0.026652 0.024578 0.033099 -0.036436 0.06793 -0.029424 0.99659
6.965262 -0.026693 0.024488 0.033745 -0.03751 0.067745 -0.03033 0.996536
6.970262 -0.026733 0.024401 0.034381 -0.038516 0.067621 -0.031296 0.996476
6.975258 -0.026754 0.024355 0.034699 -0.039043 0.067529 -0.031777 0.996447
6.980256 -0.026776 0.024284 0.035313 -0.039942 0.067243 -0.032732 0.996399
6.985257 -0.02678 0.024213 0.0359 -0.040764 0.066757 -0.033602 0.99637
6.990257 -0.026821 0.02418 0.036503 -0.04134 0.066738 -0.034475 0.996317
6.995259 -0.026847 0.024135 0.037385 -0.042278 0.066395 -0.035817 0.996254
7.000263 -0.026848 0.024099 0.037939 -0.042854 0.065966 -0.036617 0.996229
7.005262 -0.026863 0.024074 0.038471 -0.043356 0.065641 -0.037461 0.996197
7.010263 -0.026868 0.024046 0.038974 -0.043812 0.065123 -0.038314 0.996178
7.015265 -0.026871 0.024005 0.039454 -0.044299 0.064584 -0.039153 0.996159
7.020268 -0.026881 0.023954 0.039929 -0.044906 0.064128 -0.040019 0.996127
7.025272 -0.026889 0.023899 0.040379 -0.045471 0.063586 -0.040852 0.996103
7.030279 -0.026903 0.023848 0.040777 -0.045886 0.062949 -0.041653 0.996091
7.035288 -0.026924 0.023796 0.041146 -0.046236 0.062366 -0.042522 0.996075
7.040291 -0.026972 0.023698 0.041624 -0.046633 0.061457 -0.043681 0.996062
7.045292 -0.027014 0.023621 0.04192 -0.046968 0.060926 -0.044376 0.996049
7.050294 -0.027073 0.023547 0.042189 -0.047206 0.060516 -0.045052 0.996032
7.055291 -0.027146 0.023473 0.042414 -0.047329 0.060129 -0.045668 0.996022
7.060285 -0.027197 0.023423 0.04249 -0.047425 0.05999 -0.045946 0.996013
7.065273 -0.027285 0.023327 0.042652 -0.047552 0.059614 -0.046525 0.996002
7.070262 -0.02738 0.023218 0.042778 -0.047645 0.059219 -0.047072 0.995996
7.075252 -0.027488 0.023086 0.042866 -0.047842 0.058829 -0.047594 0.995985
7.080244 -0.027604 0.022937 0.042905 -0.048014 0.0584 -0.048077 0.995978
7.085237 -0.02766 0.022872 0.042945 -0.048105 0.058226 -0.048289 0.995974
7.09023 -0.0278 0.02271 0.042914 -0.048107 0.057801 -0.048727 0.995977
7.095231 -0.027964 0.022524 0.042833 -0.048137 0.057437 -0.049215 0.995973
7.100235 -0.028135 0.022304 0.042707 -0.048248 0.056978 -0.049673 0.995971
7.105241 -0.028411 0.021949 0.042455 -0.04837 0.056257 -0.050295 0.995975
7.110247 -0.028652 0.02169 0.042205 -0.048342 0.056007 -0.050791 0.995965
7.115253 -0.028904 0.021418 0.041892 -0.048199 0.055643 -0.051233 0.99597
7.120265 -0.029191 0.021121 0.04155 -0.048167 0.055557 -0.051651 0.995955
7.125278 -0.029489 0.020815 0.041142 -0.04804 0.055381 -0.052106 0.995947
7.13029 -0.029799 0.020494 0.040685 -0.047872 0.055142 -0.052354 0.995955
7.135296 -0.030334 0.020001 0.039871 -0.047358 0.055331 -0.052946 0.995938
7.140298 -0.030686 0.019662 0.039285 -0.046969 0.055384 -0.053258 0.995937
7.145298 -0.031038 0.01931 0.038645 -0.046542 0.055385 -0.053443 0.995947
7.150293 -0.031399 0.018938 0.037977 -0.046127 0.055575 -0.053674 0.995943
7.155291 -0.031576 0.018745 0.037588 -0.045867 0.055636 -0.053837 0.995943
7.160291 -0.031922 0.018361 0.036839 -0.045324 0.055654 -0.054052 0.995955
7.165283 -0.032102 0.018169 0.036484 -0.045117 0.055718 -0.054128 0.995957
7.170277 -0.032451 0.017759 0.035683 -0.044572 0.055927 -0.054407 0.995955
7.175274 -0.032768 0.017326 0.034849 -0.043977 0.055928 -0.054553 0.995973
7.180274 -0.033063 0.016867 0.03398 -0.043441 0.055827 -0.054631 0.995998
7.185285 -0.033491 0.016145 0.032632 -0.042627 0.055618 -0.054933 0.996028
7.190296 -0.033755 0.01561 0.031696 -0.04218 0.055394 -0.055085 0.996051
7.195302 -0.033996 0.015048 0.030736 -0.041618 0.055073 -0.055183 0.996087
7.200303 -0.03424 0.014451 0.029757 -0.041205 0.054795 -0.055379 0.996109
7.205308 -0.034459 0.013832 0.028757 -0.040817 0.054393 -0.055615 0.996134
7.21032 -0.034788 0.012851 0.027183 -0.040375 0.053665 -0.056193 0.996159
7.215327 -0.035002 0.012184 0.026112 -0.040068 0.05312 -0.056539 0.996181
7.220325 -0.03522 0.011525 0.025019 -0.039697 0.052681 -0.057039 0.99619
7.225321 -0.035439 0.010868 0.023907 -0.039235 0.052379 -0.057454 0.996201
7.230316 -0.035532 0.010531 0.023321 -0.039013 0.052147 -0.057654 0.99621
7.235305 -0.035745 0.009853 0.022187 -0.038574 0.051913 -0.057946 0.996223
7.240296 -0.035946 0.009194 0.021033 -0.037994 0.051725 -0.058308 0.996234
7.245295 -0.036117 0.008523 0.019844 -0.037403 0.051329 -0.058644 0.996257
7.250288 -0.036231 0.0082 0.019269 -0.037056 0.051374 -0.058839 0.996256
7.25529 -0.036389 0.007531 0.018077 -0.036405 0.051233 -0.059012 0.996277
7.260293 -0.036529 0.006855 0.016881 -0.035675 0.051124 -0.059083 0.996305
7.265295 -0.036646 0.006155 0.015688 -0.034977 0.051065 -0.058981 0.996338
7.270298 -0.0368 0.005094 0.013894 -0.033975 0.050983 -0.058726 0.996392
7.275301 -0.036816 0.00436 0.012678 -0.033448 0.050517 -0.058568 0.996443
7.2803 -0.03682 0.003594 0.01148 -0.033008 0.050204 -0.05834 0.996487
7.28531 -0.036788 0.002807 0.010291 -0.032587 0.049753 -0.058 0.996543
7.290317 -0.036723 0.002007 0.009089 -0.032181 0.049158 -0.057751 0.996601
7.295329 -0.036557 0.00077 0.007305 -0.031661 0.048045 -0.05759 0.996681
7.300333 -0.036428 -8.2e-05 0.00612 -0.031477 0.047178 -0.057518 0.996732
7.305329 -0.036271 -0.000937 0.004931 -0.031269 0.046137 -0.057611 0.996782
7.310329 -0.036119 -0.001813 0.003756 -0.031104 0.045224 -0.05775 0.996821
7.315323 -0.036024 -0.002269 0.003159 -0.031148 0.044567 -0.057862 0.996843
7.320314 -0.035853 -0.003157 0.001972 -0.030954 0.043421 -0.058007 0.996891
7.325311 -0.035691 -0.004049 0.000799 -0.030846 0.042468 -0.058184 0.996925
7.330303 -0.035529 -0.004948 -0.000382 -0.030724 0.04144 -0.058393 0.99696
7.335305 -0.035365 -0.005849 -0.001564 -0.03072 0.040448 -0.05865 0.996986
7.340304 -0.035199 -0.006745 -0.002756 -0.030589 0.03941 -0.058862 0.997019
7.345303 -0.03506 -0.007621 -0.003937 -0.030399 0.038712 -0.059049 0.997041
7.350303 -0.034926 -0.008501 -0.00513 -0.030204 0.038057 -0.059159 0.997065
7.355299 -0.034804 -0.009347 -0.006327 -0.02986 0.037587 -0.059224 0.99709
7.360297 -0.034682 -0.010187 -0.007524 -0.0295 0.037128 -0.059217 0.997118
7.365294 -0.034563 -0.011013 -0.00874 -0.029144 0.036716 -0.059114 0.99715
7.370292 -0.034454 -0.011835 -0.009962 -0.028776 0.036377 -0.059144 0.997171
7.375289 -0.034328 -0.012649 -0.011197 -0.028412 0.035884 -0.059136 0.9972
7.380287 -0.034226 -0.013446 -0.012435 -0.027955 0.035594 -0.059175 0.997221
7.385285 -0.034182 -0.013847 -0.01304 -0.027762 0.035565 -0.059105 0.997232
7.390283 -0.034057 -0.014644 -0.014299 -0.027344 0.035012 -0.059129 0.997261
7.395284 -0.033951 -0.015414 -0.015553 -0.026757 0.034669 -0.059293 0.99728
7.400283 -0.033819 -0.016217 -0.016811 -0.026461 0.03402 -0.059519 0.997296
7.405286 -0.033621 -0.017404 -0.018708 -0.02589 0.033104 -0.060002 0.997313
7.410291 -0.033467 -0.018203 -0.019962 -0.025557 0.032312 -0.060148 0.997339
7.415297 -0.033324 -0.018981 -0.021199 -0.02508 0.031771 -0.060183 0.997366
7.4203 -0.033148 -0.019764 -0.022444 -0.024744 0.031024 -0.060141 0.997401
7.425305 -0.032981 -0.020529 -0.023673 -0.024335 0.030627 -0.06009 0.997426
7.430307 -0.032771 -0.0213 -0.02491 -0.02407 0.029912 -0.059944 0.997463
7.435318 -0.032564 -0.022035 -0.026148 -0.023572 0.02939 -0.059618 0.99751
7.440323 -0.03225 -0.023125 -0.02799 -0.022889 0.028876 -0.058982 0.997579
7.445325 -0.032031 -0.023845 -0.029225 -0.022429 0.02848 -0.058586 0.997624
7.450328 -0.031782 -0.024578 -0.030468 -0.022113 0.027779 -0.0583 0.997667
7.455324 -0.03154 -0.025314 -0.031703 -0.021717 0.027137 -0.057982 0.997712
7.460314 -0.031409 -0.025685 -0.032325 -0.021606 0.026568 -0.057915 0.997734
7.465302 -0.031167 -0.02642 -0.033567 -0.021276 0.025682 -0.05776 0.997773
7.470284 -0.031048 -0.026782 -0.034183 -0.021077 0.025342 -0.057553 0.997798
7.47527 -0.030811 -0.027522 -0.035426 -0.020757 0.024341 -0.057534 0.997831
7.480272 -0.030574 -0.028251 -0.036663 -0.020315 0.023243 -0.057631 0.997861
7.485284 -0.03036 -0.028978 -0.037893 -0.019948 0.022309 -0.057847 0.997877
7.490298 -0.030032 -0.03005 -0.039743 -0.01931 0.020662 -0.058252 0.997901
7.495307 -0.029845 -0.030724 -0.040961 -0.018768 0.019845 -0.058666 0.997904
7.500312 -0.029663 -0.031393 -0.042176 -0.01814 0.019047 -0.059025 0.99791
7.505315 -0.029492 -0.032033 -0.043373 -0.017476 0.018509 -0.05926 0.997918
7.510325 -0.029254 -0.032944 -0.045123 -0.016533 0.018127 -0.059302 0.997939
7.515329 -0.029083 -0.03355 -0.046294 -0.015928 0.017821 -0.059287 0.997955
7.520326 -0.028897 -0.034135 -0.047459 -0.015265 0.017469 -0.059118 0.997981
7.525322 -0.028725 -0.034713 -0.048601 -0.014645 0.017364 -0.058863 0.998008
7.530316 -0.028626 -0.034996 -0.049163 -0.014314 0.017307 -0.058689 0.998024
7.535308 -0.028428 -0.035568 -0.050302 -0.013611 0.017069 -0.058316 0.998059
7.540298 -0.028243 -0.036144 -0.051403 -0.013054 0.017112 -0.057854 0.998093
7.545291 -0.028143 -0.036427 -0.051968 -0.012733 0.017003 -0.057627 0.998112
7.55029 -0.02792 -0.037018 -0.053067 -0.01228 0.016782 -0.057114 0.998151
7.555289 -0.027673 -0.037628 -0.054155 -0.011877 0.016333 -0.056582 0.998194
7.560291 -0.027422 -0.038229 -0.055225 -0.011429 0.015905 -0.056056 0.998236
7.565292 -0.027282 -0.038548 -0.055734 -0.011342 0.01566 -0.055776 0.998256
7.570292 -0.026743 -0.0398 -0.057819 -0.01076 0.01467 -0.054707 0.998337
7.575294 -0.026435 -0.040446 -0.058828 -0.010631 0.01391 -0.054239 0.998375
7.580305 -0.026104 -0.04109 -0.05983 -0.01043 0.013007 -0.053821 0.998411
7.585312 -0.025775 -0.041726 -0.060816 -0.010186 0.012091 -0.053455 0.998445
7.590319 -0.025283 -0.042646 -0.06226 -0.009706 0.010803 -0.053173 0.99848
7.595322 -0.024945 -0.043259 -0.063218 -0.009451 0.009823 -0.052994 0.998502
7.600319 -0.02461 -0.043847 -0.064183 -0.009027 0.008742 -0.052918 0.99852
7.605319 -0.024288 -0.044414 -0.065142 -0.008582 0.007705 -0.052904 0.998533
7.610309 -0.024135 -0.044678 -0.065613 -0.008284 0.007199 -0.052917 0.998539
7.615294 -0.023831 -0.045223 -0.066553 -0.007793 0.006293 -0.05288 0.998551
7.620278 -0.023541 -0.045746 -0.067494 -0.007269 0.005393 -0.05286 0.998561
7.625265 -0.02339 -0.046016 -0.067963 -0.007002 0.004912 -0.052894 0.998564
7.63026 -0.023116 -0.046507 -0.068898 -0.006366 0.00412 -0.052924 0.99857
7.635268 -0.022863 -0.046977 -0.06983 -0.005728 0.00344 -0.052869 0.998579
7.640275 -0.022639 -0.047444 -0.070734 -0.005178 0.003044 -0.052721 0.998591
7.645279 -0.022308 -0.048119 -0.072091 -0.004254 0.00245 -0.052469 0.998611
7.650282 -0.022108 -0.048545 -0.07299 -0.003738 0.002249 -0.052164 0.998629
7.65529 -0.021928 -0.048957 -0.073866 -0.00309 0.002224 -0.05183 0.998649
7.660294 -0.021747 -0.049356 -0.074753 -0.002456 0.002175 -0.051574 0.998664
7.665301 -0.021584 -0.049759 -0.075619 -0.001924 0.002312 -0.051137 0.998687
7.670309 -0.021411 -0.050151 -0.07648 -0.001283 0.002347 -0.05071 0.99871
7.675311 -0.02124 -0.050525 -0.077343 -0.000624 0.002352 -0.050353 0.998729
7.680308 -0.021051 -0.050909 -0.078194 -9.4e-05 0.002235 -0.050033 0.998745
7.685307 -0.020858 -0.051276 -0.07904 0.000678 0.002038 -0.049737 0.99876
7.690317 -0.020643 -0.051647 -0.079892 0.00116 0.001651 -0.049575 0.998768
7.695323 -0.020424 -0.052023 -0.08071 0.001664 0.001269 -0.049297 0.998782
7.700325 -0.020305 -0.052206 -0.081133 0.001952 0.000944 -0.04922 0.998786
7.705322 -0.020185 -0.052389 -0.081549 0.002187 0.000615 -0.04913 0.99879
7.710327 -0.020042 -0.052575 -0.081972 0.002435 9e-05 -0.049113 0.99879
