# timestamp[secs] tx ty tz qx qy qz qw
0.04943311635220126 -0.0 -0.0 -0.0 -0.0 -0.0 -0.0 1.0
0.09945011635220126 -0.0 -0.0 -0.0 -0.0 -0.0 -0.0 1.0
0.14946711635220125 -0.0 -0.0 -0.0 -0.0 -0.0 -0.0 1.0
0.19948411635220126 -0.004715458955615759 -0.00018631340935826302 0.0083836130797863 -0.009792955592274666 -0.011506415903568268 0.0026772578712552786 0.9998823404312134
0.24950111635220126 -0.004715458955615759 -0.00018631340935826302 0.0083836130797863 -0.009792955592274666 -0.011506415903568268 0.0026772578712552786 0.9998823404312134
0.29951911635220124 -0.004715458955615759 -0.00018631340935826302 0.0083836130797863 -0.009792955592274666 -0.011506415903568268 0.0026772578712552786 0.9998823404312134
0.3495361163522013 -0.004715458955615759 -0.00018631340935826302 0.0083836130797863 -0.009792955592274666 -0.011506415903568268 0.0026772578712552786 0.9998823404312134
0.39955311635220125 -0.004715458955615759 -0.00018631340935826302 0.0083836130797863 -0.009792955592274666 -0.011506415903568268 0.0026772578712552786 0.9998823404312134
0.4495701163522013 0.03945813328027725 -0.001231952803209424 -0.0009286642307415605 -0.010101821273565292 -0.011041582562029362 0.011718513444066048 0.9998193979263306
0.49958811635220124 0.03945813328027725 -0.001231952803209424 -0.0009286642307415605 -0.010101821273565292 -0.011041582562029362 0.011718513444066048 0.9998193979263306
0.5496051163522012 0.03945813328027725 -0.001231952803209424 -0.0009286642307415605 -0.010101821273565292 -0.011041582562029362 0.011718513444066048 0.9998193979263306
0.5996221163522012 0.07955161482095718 -0.0031190277077257633 0.000936174183152616 -0.013934836722910404 -0.008357023820281029 0.008303089998662472 0.9998335242271423
0.6496391163522012 0.07955161482095718 -0.0031190277077257633 0.000936174183152616 -0.013934836722910404 -0.008357023820281029 0.008303089998662472 0.9998335242271423
0.6996571163522012 0.10675815492868423 -0.00832691416144371 0.004356390796601772 -0.017532121390104294 -0.005508165806531906 0.004444300662726164 0.9998212456703186
0.7496741163522012 0.10675815492868423 -0.00832691416144371 0.004356390796601772 -0.017532121390104294 -0.005508165806531906 0.004444300662726164 0.9998212456703186
0.7996911163522012 0.10675815492868423 -0.00832691416144371 0.004356390796601772 -0.017532121390104294 -0.005508165806531906 0.004444300662726164 0.9998212456703186
0.8497081163522012 0.14219489693641663 -0.015432089567184448 0.006478055380284786 -0.014640506356954575 -0.0018858928233385086 -0.0029058000072836876 0.9998868703842163
0.8997261163522012 0.14219489693641663 -0.015432089567184448 0.006478055380284786 -0.014640506356954575 -0.0018858928233385086 -0.0029058000072836876 0.9998868703842163
0.9497431163522012 0.14219489693641663 -0.015432089567184448 0.006478055380284786 -0.014640506356954575 -0.0018858928233385086 -0.0029058000072836876 0.9998868703842163
0.9997601163522012 0.1880359798669815 -0.023529304191470146 0.008866192772984505 -0.00991483498364687 -0.001272776280529797 -0.0078117214143276215 0.999919593334198
1.0497771163522012 0.1880359798669815 -0.023529304191470146 0.008866192772984505 -0.00991483498364687 -0.001272776280529797 -0.0078117214143276215 0.999919593334198
1.0997941163522011 0.1880359798669815 -0.023529304191470146 0.008866192772984505 -0.00991483498364687 -0.001272776280529797 -0.0078117214143276215 0.999919593334198
1.1498121163522013 0.1880359798669815 -0.023529304191470146 0.008866192772984505 -0.00991483498364687 -0.001272776280529797 -0.0078117214143276215 0.999919593334198
1.1998291163522012 0.21159100532531738 -0.02940405160188675 0.0114424554631114 -0.005958946887403727 0.0022376065608114004 -0.012482610531151295 0.9999018311500549
1.2498461163522012 0.21377155184745789 -0.02758759818971157 0.0145407197996974 -0.005185303278267384 0.0032616963144391775 -0.01040821336209774 0.9999271035194397
1.2998631163522012 0.2061871737241745 -0.028946716338396072 0.019164733588695526 -0.00693582883104682 0.00587351294234395 -0.01173759438097477 0.9998898506164551
1.3498811163522013 0.19787602126598358 -0.030919784680008888 0.021601639688014984 -0.00966150127351284 0.005542813800275326 -0.012971345335245132 0.9998538494110107
1.3998981163522013 0.18553119897842407 -0.026617657393217087 0.02542451024055481 -0.01044196542352438 0.002869834890589118 -0.013185841031372547 0.9998544454574585
1.4499151163522013 0.17082950472831726 -0.02671721577644348 0.02849193662405014 -0.013582385145127773 -0.0009407346369698644 -0.014156381599605083 0.9998071789741516
1.4999321163522013 0.1549730747938156 -0.023245254531502724 0.03202963247895241 -0.014437604695558548 -0.0029774922877550125 -0.014481598511338234 0.9997864961624146
1.5499501163522011 0.13428226113319397 -0.023393142968416214 0.03638638183474541 -0.01619395613670349 -0.004187625367194414 -0.016058271750807762 0.999731183052063
1.5999671163522011 0.1114581823348999 -0.02259569801390171 0.040143951773643494 -0.016678819432854652 -0.005063657648861408 -0.0160786472260952 0.9997188448905945
1.649984116352201 0.08501740545034409 -0.023396499454975128 0.04550716280937195 -0.017002012580633163 -0.004647090565413237 -0.013137421570718288 0.9997583627700806
1.7000011163522013 0.06404095143079758 -0.023647520691156387 0.04788956418633461 -0.016227813437581062 -0.005193695425987244 -0.011921918019652367 0.9997837543487549
1.7500181163522013 0.04095033183693886 -0.0229503121227026 0.05187731608748436 -0.014883243478834629 -0.006213202606886625 -0.010985568165779114 0.9998096227645874
1.8000361163522012 0.017223799601197243 -0.023731110617518425 0.05509963259100914 -0.01508830115199089 -0.010336934588849545 -0.00919012539088726 0.9997904896736145
1.8500531163522012 -0.011111956089735031 -0.026808425784111023 0.05771886929869652 -0.016326162964105606 -0.014894525520503521 -0.009334969334304333 0.9997122883796692
1.9000701163522011 -0.032471876591444016 -0.02903701178729534 0.057260751724243164 -0.017424464225769043 -0.02258307859301567 -0.009323797188699245 0.9995496869087219
1.950087116352201 -0.05453481525182724 -0.02888423763215542 0.05778436362743378 -0.016499845311045647 -0.029791351407766342 -0.008825594559311867 0.9993810653686523
2.0001051163522012 -0.07301917672157288 -0.031290169805288315 0.058280400931835175 -0.016736319288611412 -0.03433861956000328 -0.00961988978087902 0.9992238283157349
2.050122116352201 -0.08622681349515915 -0.03506018966436386 0.054470229893922806 -0.015782127156853676 -0.040600717067718506 -0.00876653753221035 0.9990123510360718
2.1001391163522016 -0.0968598872423172 -0.03665350750088692 0.05175701901316643 -0.014235690236091614 -0.045633334666490555 -0.00934299174696207 0.9988131523132324
2.1501561163522016 -0.10223621129989624 -0.03928118199110031 0.04866579547524452 -0.012833897955715656 -0.0518747940659523 -0.009624461643397808 0.9985247850418091
2.2001741163522013 -0.10821424424648285 -0.03966878354549408 0.046936772763729095 -0.0105156684294343 -0.05358181148767471 -0.010928199626505375 0.9984483122825623
2.2501911163522013 -0.10723722726106644 -0.046502552926540375 0.04426565393805504 -0.013123545795679092 -0.054535169154405594 -0.014444946311414242 0.9983211755752563
2.3002081163522012 -0.10758455842733383 -0.047830019146203995 0.042811665683984756 -0.012840699404478073 -0.05256792530417442 -0.018151452764868736 0.9983698129653931
2.3502251163522017 -0.102040134370327 -0.05212441831827164 0.03918032348155975 -0.01290376577526331 -0.05060863867402077 -0.01986912079155445 0.9984375834465027
2.4002431163522013 -0.09351541846990585 -0.05030187964439392 0.03795843571424484 -0.011172094382345676 -0.04992729052901268 -0.02201884239912033 0.9984476566314697
2.4502601163522013 -0.08393338322639465 -0.051268480718135834 0.03743835911154747 -0.01036033220589161 -0.04569292813539505 -0.02428525686264038 0.9986065626144409
2.5002771163522013 -0.07115954905748367 -0.05056797340512276 0.03641350939869881 -0.008912988007068634 -0.04309344291687012 -0.02377006970345974 0.9987485408782959
2.5502941163522013 -0.05211109668016434 -0.05087929219007492 0.03489605337381363 -0.007944999262690544 -0.04136817902326584 -0.02342860959470272 0.9988376498222351
2.6003111163522012 -0.03350910544395447 -0.053249821066856384 0.0343746580183506 -0.007489325013011694 -0.03859321027994156 -0.022383470088243484 0.9989762306213379
2.6503291163522014 -0.010167056694626808 -0.05338341370224953 0.036377593874931335 -0.005534723866730928 -0.03638793155550957 -0.019724953919649124 0.9991277456283569
2.7003461163522013 0.01190468855202198 -0.055482588708400726 0.03483235090970993 -0.0032298914156854153 -0.03145747259259224 -0.020933212712407112 0.9992806911468506
2.7503631163522013 0.03498587757349014 -0.056534528732299805 0.03476586192846298 -0.0007213869830593467 -0.02984055131673813 -0.021275760605931282 0.9993279576301575
2.8003801163522013 0.0525914691388607 -0.05856615677475929 0.036057740449905396 0.00016695706290192902 -0.027523890137672424 -0.025375446304678917 0.9992990493774414
2.8503981163522014 0.06830669194459915 -0.05800500884652138 0.03767508268356323 0.0015937975840643048 -0.027307160198688507 -0.030254103243350983 0.9991679191589355
2.9004151163522014 0.08414853364229202 -0.058071818202733994 0.038287337869405746 0.002856714418157935 -0.0275246761739254 -0.037251297384500504 0.9989227652549744
2.9504321163522014 0.09263723343610764 -0.056838035583496094 0.04063707962632179 0.003345880890265107 -0.027574647217988968 -0.0445336252450943 0.9986217021942139
3.0004491163522014 0.10496910661458969 -0.051118385046720505 0.040305111557245255 0.006065095774829388 -0.030674094334244728 -0.051253724843263626 0.9981960654258728
3.0504671163522015 0.10837411135435104 -0.044205475598573685 0.04053366556763649 0.0077565256506204605 -0.02998957224190235 -0.05809599906206131 0.997830331325531
3.1004841163522014 0.11179530620574951 -0.0256500206887722 0.04161033406853676 0.013979113660752773 -0.033346179872751236 -0.06105184927582741 0.9974794983863831
3.1505011163522014 0.11272913962602615 -0.012581855989992619 0.04215807467699051 0.01564769819378853 -0.03701281175017357 -0.06139504909515381 0.997304379940033
3.2005181163522014 0.11508648842573166 0.0008538943948224187 0.0459226630628109 0.014632275328040123 -0.04085801541805267 -0.05933191999793053 0.997294545173645
3.2505351163522014 0.11847754567861557 0.015471919439733028 0.04920694977045059 0.01373937726020813 -0.04163254797458649 -0.05591995269060135 0.99747234582901
3.3005531163522015 0.12237188220024109 0.031946223229169846 0.05284082517027855 0.01216176338493824 -0.041443321853876114 -0.05009613186120987 0.9978101253509521
3.3505701163522015 0.12419953942298889 0.047600194811820984 0.05671444162726402 0.009913432411849499 -0.041435956954956055 -0.04464850202202797 0.9980939030647278
3.4005871163522015 0.12549814581871033 0.06462828814983368 0.061065010726451874 0.007436173502355814 -0.04058326035737991 -0.03906857967376709 0.998384416103363
3.4506041163522014 0.126951664686203 0.07563495635986328 0.06580071896314621 0.0018864901503548026 -0.040660832077264786 -0.03319816291332245 0.998619556427002
3.5006221163522016 0.12514042854309082 0.08538874983787537 0.07034401595592499 -0.0021254615858197212 -0.039852313697338104 -0.0311347134411335 0.9987182021141052
3.5506391163522015 0.12133006006479263 0.09136135876178741 0.07360834628343582 -0.006141749210655689 -0.04030698537826538 -0.029123300686478615 0.998744010925293
3.6006561163522015 0.11811069399118423 0.09775806963443756 0.07495997846126556 -0.0064432667568326 -0.04043631628155708 -0.026862837374210358 0.9988002181053162
3.6506731163522015 0.11716743558645248 0.09042123705148697 0.07621578127145767 -0.007696107029914856 -0.04177050665020943 -0.026028458029031754 0.9987585544586182
3.7006911163522016 0.11477600783109665 0.0852891206741333 0.0710698813199997 -0.00501214200630784 -0.04355762153863907 -0.0235139187425375 0.9987616539001465
3.7507081163522016 0.11300463229417801 0.07138817012310028 0.0675937756896019 -0.0024343598634004593 -0.04548638314008713 -0.020166492089629173 0.9987584948539734
3.8007251163522016 0.1093263179063797 0.05795552209019661 0.06328332424163818 0.003498201258480549 -0.04758204519748688 -0.015716034919023514 0.998737633228302
3.8507421163522015 0.10111892223358154 0.03886205330491066 0.05931381508708 0.008672259747982025 -0.04772603511810303 -0.014152164570987225 0.9987226128578186
3.9007601163522017 0.09268762171268463 0.025734659284353256 0.05474802479147911 0.018010618165135384 -0.05103246867656708 -0.01228321436792612 0.9984590411186218
3.9507771163522016 0.08564546704292297 0.011864149942994118 0.04963039606809616 0.025450153276324272 -0.055398356169462204 -0.012836557812988758 0.9980573654174805
4.000794116352202 0.07462238520383835 -0.0007891471032053232 0.05033387988805771 0.029890822246670723 -0.05503230169415474 -0.011551165021955967 0.9979702234268188
4.050811116352201 0.06344835460186005 -0.011793254874646664 0.050934500992298126 0.0318530909717083 -0.04921037703752518 -0.008640654385089874 0.9982430338859558
4.100828116352202 0.052952248603105545 -0.018723363056778908 0.05704120174050331 0.03282058238983154 -0.04202590510249138 -0.003978203050792217 0.9985693693161011
4.150846116352201 0.03845022991299629 -0.026544008404016495 0.06173856183886528 0.03146958723664284 -0.03686576709151268 0.0006725027342326939 0.998824417591095
4.200863116352202 0.027658764272928238 -0.03501207381486893 0.06834094971418381 0.029443461447954178 -0.02845974639058113 0.004673310089856386 0.9991503357887268
4.250880116352201 0.011246701702475548 -0.03823937103152275 0.076604925096035 0.030864687636494637 -0.021677067503333092 0.008425377309322357 0.9992530345916748
4.300897116352202 -0.0021874038502573967 -0.0435149259865284 0.08185268193483353 0.03208521008491516 -0.018479246646165848 0.01147509552538395 0.9992484450340271
4.350915116352201 -0.01810026913881302 -0.0497586764395237 0.08536186814308167 0.03415895253419876 -0.019229689612984657 0.015269198454916477 0.9991147518157959
4.400932116352202 -0.030662670731544495 -0.052721645683050156 0.08610889315605164 0.03782434016466141 -0.022212663665413857 0.017976051196455956 0.9988757967948914
4.450949116352201 -0.04231489822268486 -0.055111855268478394 0.08631150424480438 0.04063798859715462 -0.024739248678088188 0.018876969814300537 0.9986892938613892
4.500966116352202 -0.052027665078639984 -0.057203780859708786 0.08569719642400742 0.04211273789405823 -0.028725018724799156 0.020551325753331184 0.9984884262084961
4.550984116352201 -0.061401091516017914 -0.05521820858120918 0.08419986069202423 0.04428449273109436 -0.033190470188856125 0.02195216715335846 0.9982261061668396
4.601001116352202 -0.07110782712697983 -0.05275505781173706 0.0810457095503807 0.04509331285953522 -0.041011564433574677 0.022330019623041153 0.997890830039978
4.651018116352201 -0.07418739050626755 -0.04823967441916466 0.07747843861579895 0.04493189603090286 -0.050445571541786194 0.023405451327562332 0.9974409937858582
4.701035116352202 -0.0777914747595787 -0.043488748371601105 0.0743333175778389 0.04370308667421341 -0.058985188603401184 0.022582221776247025 0.9970460534095764
4.751052116352201 -0.07807061821222305 -0.03680597245693207 0.07325033843517303 0.04088713601231575 -0.0643705278635025 0.021137652918696404 0.9968640208244324
4.801070116352202 -0.07203623652458191 -0.033431556075811386 0.0710611641407013 0.036534156650304794 -0.06707572191953659 0.02178914286196232 0.9968407154083252
4.851087116352201 -0.062496595084667206 -0.027020025998353958 0.06893493980169296 0.03313561528921127 -0.06954600661993027 0.02005838043987751 0.9968265295028687
4.901104116352202 -0.049212392419576645 -0.023470431566238403 0.06337681412696838 0.029134193435311317 -0.0691821500658989 0.01879015378654003 0.9970015287399292
4.951121116352201 -0.03063986822962761 -0.019540119916200638 0.060745637863874435 0.0242947805672884 -0.06886465102434158 0.017399905249476433 0.9971783757209778
5.001139116352202 -0.014974618330597878 -0.016690613701939583 0.05860131233930588 0.019879722967743874 -0.06224928796291351 0.01582205668091774 0.9977372288703918
5.051156116352201 0.007256962358951569 -0.014509184285998344 0.05310574546456337 0.01580164209008217 -0.0585983470082283 0.015030895359814167 0.998043417930603
5.101173116352202 0.02998572587966919 -0.010617305524647236 0.04855915531516075 0.01324482262134552 -0.05400603637099266 0.014152434654533863 0.9983524680137634
5.151190116352201 0.05478561669588089 -0.008152415044605732 0.041438452899456024 0.011037532240152359 -0.050954706966876984 0.013796843588352203 0.9985446333885193
5.201208116352201 0.0774034857749939 -0.007294497452676296 0.03847908601164818 0.00845987070351839 -0.04650020971894264 0.012768440879881382 0.9988009333610535
5.2512251163522015 0.10148935765028 -0.00864461064338684 0.03464074060320854 0.00626495573669672 -0.042492084205150604 0.010992711409926414 0.9990167021751404
5.301242116352202 0.12150004506111145 -0.010995054617524147 0.032050419598817825 0.004973933100700378 -0.039813075214624405 0.006963851395994425 0.9991704821586609
5.351259116352201 0.1420155018568039 -0.014447130262851715 0.029483919963240623 0.004248357843607664 -0.040227845311164856 0.0013333138776943088 0.9991806149482727
5.401277116352201 0.15413585305213928 -0.02174452133476734 0.030143320560455322 0.002474248642101884 -0.04144091531634331 -0.005069742910563946 0.999125063419342
5.4512941163522015 0.16651467978954315 -0.028476689010858536 0.02861117012798786 0.0017465774435549974 -0.045889195054769516 -0.009998195804655552 0.998894989490509
5.501311116352201 0.17542831599712372 -0.0327586755156517 0.030626356601715088 0.00225594500079751 -0.050752826035022736 -0.01381040271371603 0.9986132383346558
5.5513281163522015 0.18710801005363464 -0.042878471314907074 0.031616874039173126 0.00024636666057631373 -0.055937260389328 -0.01771714724600315 0.9982770681381226
5.601345116352201 0.1927470862865448 -0.05524652451276779 0.035263996571302414 -0.0014500828692689538 -0.05795628949999809 -0.02182050235569477 0.9980795979499817
5.651363116352202 0.2002769410610199 -0.06329729408025742 0.039473675191402435 8.14097365946509e-05 -0.06062297523021698 -0.023172849789261818 0.9978917241096497
5.701380116352201 0.20475858449935913 -0.07441926747560501 0.04577590897679329 0.0012972800759598613 -0.058848608285188675 -0.025700537487864494 0.9979352355003357
5.7513971163522015 0.20952799916267395 -0.08182128518819809 0.050591763108968735 0.004856584593653679 -0.06006143242120743 -0.026500552892684937 0.9978310465812683
5.801414116352201 0.2115045040845871 -0.08892563730478287 0.0565681979060173 0.008551117032766342 -0.058775175362825394 -0.027459802106022835 0.9978569149971008
5.851432116352202 0.20718538761138916 -0.09521336853504181 0.06383402645587921 0.011753137223422527 -0.0570075549185276 -0.029966313391923904 0.9978547692298889
5.901449116352201 0.20502969622612 -0.1020469218492508 0.07135021686553955 0.013338342308998108 -0.05763524770736694 -0.03188861161470413 0.9977391958236694
5.951466116352202 0.1960311383008957 -0.10291589796543121 0.08012424409389496 0.01566396653652191 -0.056590355932712555 -0.03179777041077614 0.9977680444717407
6.001483116352201 0.18141581118106842 -0.10598839074373245 0.09369045495986938 0.014650708995759487 -0.05468980595469475 -0.03294883668422699 0.997852087020874
6.051501116352202 0.17315436899662018 -0.11402549594640732 0.10323522239923477 0.010776613838970661 -0.05739382654428482 -0.03320334851741791 0.997741162776947
6.101518116352201 0.16349422931671143 -0.11597073823213577 0.11446146667003632 0.008328142575919628 -0.0681656002998352 -0.03143586590886116 0.9971439242362976
6.151535116352202 0.14897675812244415 -0.12040608376264572 0.12433405220508575 0.0026258223224431276 -0.07737237215042114 -0.030346691608428955 0.9965368509292603
6.201552116352201 0.1336517035961151 -0.12514565885066986 0.1349119246006012 -0.0033576958812773228 -0.08531074225902557 -0.030109351500868797 0.9958937168121338
6.251569116352202 0.11429255455732346 -0.1254855841398239 0.14644955098628998 -0.0077170757576823235 -0.08833485841751099 -0.03332071378827095 0.9955034852027893
6.301587116352201 0.09816166758537292 -0.12223156541585922 0.15595337748527527 -0.010594272054731846 -0.0927220806479454 -0.039410751312971115 0.9948554039001465
6.351604116352202 0.07992281764745712 -0.12206915020942688 0.16307637095451355 -0.014237197116017342 -0.09747202694416046 -0.04554570093750954 0.994093656539917
6.401621116352201 0.06418836861848831 -0.12179142981767654 0.16698361933231354 -0.016671329736709595 -0.10253556072711945 -0.05210397019982338 0.9932239651679993
6.451638116352202 0.04776079207658768 -0.11960513889789581 0.17015279829502106 -0.018323449417948723 -0.10984481871128082 -0.05828393995761871 0.9920693039894104
6.501656116352201 0.03567736595869064 -0.1180211678147316 0.16914744675159454 -0.020059268921613693 -0.1190347820520401 -0.06400976330041885 0.9906216263771057
6.551673116352202 0.02254723384976387 -0.11652533710002899 0.1660049557685852 -0.022936958819627762 -0.12983088195323944 -0.0695633590221405 0.9888269901275635
6.601690116352201 0.010521242395043373 -0.11472207307815552 0.1624535173177719 -0.02599545754492283 -0.13957124948501587 -0.07459255307912827 0.987056314945221
6.651707116352202 -0.001419369364157319 -0.11147385835647583 0.15585601329803467 -0.029344310984015465 -0.15001176297664642 -0.0798458606004715 0.9850178360939026
6.701725116352201 -0.013794109225273132 -0.10760897397994995 0.15076102316379547 -0.03295100852847099 -0.1589677929878235 -0.08592987060546875 0.9829850792884827
6.751742116352202 -0.024144692346453667 -0.10238649696111679 0.1407572627067566 -0.03461913764476776 -0.16692329943180084 -0.09232190996408463 0.9810274839401245
6.801759116352201 -0.0318252369761467 -0.0956125557422638 0.13087043166160583 -0.03506161645054817 -0.17409159243106842 -0.09655100107192993 0.9793573021888733
6.851776116352202 -0.038452401757240295 -0.08584241569042206 0.1196528896689415 -0.033744171261787415 -0.17857781052589417 -0.10028696805238724 0.978219747543335
6.901794116352201 -0.04102565348148346 -0.07573869824409485 0.10562040656805038 -0.03202482685446739 -0.18296223878860474 -0.10179610550403595 0.9773110747337341
6.951811116352202 -0.04064413905143738 -0.06693319976329803 0.08962103724479675 -0.03195539861917496 -0.18676087260246277 -0.1007690578699112 0.976701021194458
7.001828116352201 -0.04132198914885521 -0.0572991669178009 0.0739327073097229 -0.032960712909698486 -0.18832086026668549 -0.09947803616523743 0.976500391960144
7.051845116352202 -0.03764311224222183 -0.04518156126141548 0.0547453835606575 -0.033262405544519424 -0.189348965883255 -0.09636249393224716 0.9766037464141846
7.101862116352201 -0.03538019210100174 -0.035347770899534225 0.03898046538233757 -0.03484772518277168 -0.18829689919948578 -0.09455657750368118 0.9769283533096313
7.151880116352201 -0.027422728016972542 -0.0239417627453804 0.021027449518442154 -0.03546609356999397 -0.18811634182929993 -0.09091895818710327 0.9772861003875732
7.201897116352201 -0.01866872049868107 -0.013670317828655243 0.005344462115317583 -0.03573931008577347 -0.1856282651424408 -0.08861123025417328 0.9779636859893799
7.251914116352202 -0.010344944894313812 -0.006136449985206127 -0.010171917267143726 -0.03658090904355049 -0.17937207221984863 -0.08399809896945953 0.9795059561729431
7.301931116352201 -0.0014421031810343266 0.001976603642106056 -0.02369007095694542 -0.03672527149319649 -0.17210222780704498 -0.07790375500917435 0.981306791305542
7.351949116352201 0.011424477212131023 0.006944695953279734 -0.03748290240764618 -0.0371522419154644 -0.16373392939567566 -0.07034026086330414 0.9832920432090759
7.4019661163522015 0.025456804782152176 0.01069564651697874 -0.048110783100128174 -0.03759392723441124 -0.1543819159269333 -0.06343470513820648 0.9852558374404907
7.451983116352201 0.038894280791282654 0.014019138179719448 -0.05677025020122528 -0.03813190385699272 -0.1429372876882553 -0.056802019476890564 0.9873644113540649
7.502000116352201 0.05533832311630249 0.01805146224796772 -0.06363684684038162 -0.03818783164024353 -0.13134142756462097 -0.05070355534553528 0.989302933216095
7.552018116352201 0.07056272029876709 0.019675374031066895 -0.06677497178316116 -0.0394156239926815 -0.11989447474479675 -0.0433548167347908 0.9910560846328735
7.6020351163522015 0.08657433837652206 0.02042182721197605 -0.0691775381565094 -0.04134104773402214 -0.1065792441368103 -0.03558829054236412 0.9928067922592163
7.652052116352201 0.10214348137378693 0.020624015480279922 -0.0684092789888382 -0.0427485853433609 -0.09490349888801575 -0.028407694771885872 0.9941624402999878
7.7020691163522015 0.11542385071516037 0.02045929804444313 -0.06416859477758408 -0.04362696781754494 -0.08124732226133347 -0.021871963515877724 0.9954984784126282
7.752086116352201 0.130338653922081 0.01880287192761898 -0.0600106380879879 -0.04382839426398277 -0.07120800763368607 -0.015856726095080376 0.9963719844818115
7.802104116352202 0.14259116351604462 0.014340209774672985 -0.052956655621528625 -0.04433624818921089 -0.06153104081749916 -0.009685306809842587 0.9970729947090149
7.852121116352201 0.1525694876909256 0.008668210357427597 -0.04522719234228134 -0.044532254338264465 -0.05256117880344391 -0.00415652384981513 0.9976156949996948
7.9021381163522015 0.16330868005752563 0.0022904928773641586 -0.03621121868491173 -0.04358354210853577 -0.04586595669388771 0.0002505579905118793 0.9979963898658752
7.952155116352201 0.1691538542509079 -0.00589321693405509 -0.025486288592219353 -0.04329269379377365 -0.03788011893630028 0.003096250584349036 0.9983392953872681
8.002173116352202 0.17214199900627136 -0.011215975508093834 -0.014852951280772686 -0.03870997577905655 -0.03381018340587616 0.006203714292496443 0.998659074306488
8.052190116352202 0.17416754364967346 -0.020015567541122437 -0.0023255618289113045 -0.03575349226593971 -0.02950446307659149 0.007824109867215157 0.9988943934440613
8.1022071163522 0.17498081922531128 -0.027721267193555832 0.011916645802557468 -0.03167545050382614 -0.02741132117807865 0.011485635302960873 0.9990562796592712
8.152224116352201 0.17553098499774933 -0.03759102150797844 0.02505819872021675 -0.028331680223345757 -0.025485046207904816 0.015279858373105526 0.9991568326950073
8.2022421163522 0.1749134510755539 -0.04871056228876114 0.040977779775857925 -0.025071701034903526 -0.022750863805413246 0.01883421279489994 0.999249279499054
8.252259116352201 0.17391712963581085 -0.05757427588105202 0.05600640922784805 -0.020866038277745247 -0.01860961690545082 0.021494822576642036 0.9993780255317688
8.302276116352202 0.17509102821350098 -0.06739440560340881 0.07074921578168869 -0.01774636097252369 -0.01313993614166975 0.024293234571814537 0.9994609951972961
8.352293116352202 0.17352023720741272 -0.07777665555477142 0.08606905490159988 -0.015554448589682579 -0.010265408083796501 0.025436554104089737 0.9995027780532837
8.4023111163522 0.17024880647659302 -0.08403106033802032 0.10131990909576416 -0.012055660597980022 -0.006640682928264141 0.02651890739798546 0.9995536208152771
8.4523281163522 0.16819460690021515 -0.09332149475812912 0.11205068975687027 -0.01002743374556303 -0.006993994582444429 0.02762692980468273 0.9995435476303101
8.5023451163522 0.16190806031227112 -0.10074378550052643 0.12287982553243637 -0.007276465184986591 -0.005043327808380127 0.027503961697220802 0.9995825290679932
8.552362116352201 0.15456317365169525 -0.10432635247707367 0.13241276144981384 -0.0032751988619565964 -0.004935713484883308 0.02681054174900055 0.9996230602264404
8.6023791163522 0.1449299454689026 -0.10805265605449677 0.1386374533176422 -0.0007681700517423451 -0.0071517652831971645 0.024878768250346184 0.9996646046638489
8.652397116352201 0.1361602246761322 -0.110079824924469 0.1414279341697693 0.0019891036208719015 -0.009640837088227272 0.02260885201394558 0.999695897102356
8.7024141163522 0.12588408589363098 -0.10950929671525955 0.14720508456230164 0.0029142042621970177 -0.016162900254130363 0.019633591175079346 0.9996723532676697
8.7524311163522 0.11685027927160263 -0.10875261574983597 0.14681604504585266 0.003341816132888198 -0.023426253348588943 0.017834294587373734 0.9995608925819397
8.8024481163522 0.10595253109931946 -0.10925953835248947 0.14538821578025818 0.0017677538562566042 -0.03125426173210144 0.014344969764351845 0.9994069933891296
8.8524661163522 0.09288875013589859 -0.10636819899082184 0.14220663905143738 0.0005004560807719827 -0.03878369554877281 0.011156505905091763 0.9991852641105652
8.902483116352201 0.07834469527006149 -0.10218479484319687 0.13696321845054626 -0.0011944914003834128 -0.04613952338695526 0.0056559075601398945 0.9989182949066162
8.952500116352201 0.06481360644102097 -0.09741657972335815 0.13072757422924042 -0.0034947905223816633 -0.05592414736747742 0.0012096697464585304 0.998428225517273
9.0025171163522 0.05078824609518051 -0.09270359575748444 0.1210116446018219 -0.0054180617444217205 -0.061908040195703506 -0.004059520550072193 0.9980589747428894
9.0525351163522 0.036847177892923355 -0.08401767909526825 0.11022945493459702 -0.005962861701846123 -0.0690789744257927 -0.008261926472187042 0.9975591897964478
9.1025521163522 0.024791061878204346 -0.07694337517023087 0.09562145918607712 -0.006774445530027151 -0.07701567560434341 -0.011692614294588566 0.9969383478164673
9.1525691163522 0.013003778643906116 -0.0703134685754776 0.08257894963026047 -0.007708834949880838 -0.0828874483704567 -0.014545890502631664 0.9964229464530945
9.202586116352201 0.002640854800119996 -0.06266074627637863 0.06609873473644257 -0.007302076555788517 -0.08672627806663513 -0.01649775356054306 0.9960688352584839
9.252603116352201 -0.006289899814873934 -0.053571633994579315 0.051096029579639435 -0.006739818956702948 -0.08906330913305283 -0.01789977215230465 0.9958423376083374
9.302621116352201 -0.011012891307473183 -0.04404832422733307 0.03251156955957413 -0.005376786459237337 -0.09153670817613602 -0.01791897788643837 0.9956259727478027
9.3526381163522 -0.014606060460209846 -0.03823094815015793 0.019133109599351883 -0.005946641322225332 -0.09132028371095657 -0.015787258744239807 0.995678722858429
9.4026551163522 -0.01716284081339836 -0.029886288568377495 0.009959359653294086 -0.006221784744411707 -0.08945844322443008 -0.014564125798642635 0.9958646893501282
9.4526721163522 -0.014447452500462532 -0.02676110900938511 -0.0013616110663861036 -0.009401394054293633 -0.08860364556312561 -0.010564013384282589 0.9959666132926941
9.5026901163522 -0.01138695515692234 -0.01821870543062687 -0.006461840122938156 -0.010464339517056942 -0.08691056817770004 -0.007795275654643774 0.9961307048797607
9.5527071163522 -0.008543642237782478 -0.013730606064200401 -0.014110890217125416 -0.01186886616051197 -0.08156221359968185 -0.003954958636313677 0.9965897798538208
9.602724116352201 -0.004914098884910345 -0.010042179375886917 -0.02094840258359909 -0.013049110770225525 -0.07548446208238602 -0.0024825569707900286 0.9970585703849792
9.6527411163522 0.003090832382440567 -0.008765993639826775 -0.02482561022043228 -0.013318379409611225 -0.06527218967676163 0.0015008999034762383 0.99777752161026
9.702759116352201 0.008376198820769787 -0.009447733871638775 -0.026590365916490555 -0.012877630069851875 -0.0572960190474987 0.004321699030697346 0.9982648491859436
9.7527761163522 0.016193050891160965 -0.01247949805110693 -0.025366362184286118 -0.012919921427965164 -0.050376687198877335 0.007213310804218054 0.9986207485198975
9.8027931163522 0.023836825042963028 -0.014245384372770786 -0.024513397365808487 -0.011748305521905422 -0.04351053759455681 0.010536469519138336 0.9989283084869385
9.8528101163522 0.0313626229763031 -0.01971198245882988 -0.02231961488723755 -0.010891212150454521 -0.03707823529839516 0.012312507256865501 0.9991772174835205
9.9028281163522 0.03819833695888519 -0.02711625024676323 -0.0164331067353487 -0.00994507409632206 -0.02975313551723957 0.013514813035726547 0.9994164705276489
9.9528451163522 0.04142216593027115 -0.03601780906319618 -0.00910069327801466 -0.008485010825097561 -0.02638573944568634 0.012302020564675331 0.9995401501655579
10.002862116352201 0.04527166485786438 -0.04373040795326233 0.0009447384509257972 -0.005947907920926809 -0.022966476157307625 0.012549687176942825 0.9996398687362671
10.0528791163522 0.050291985273361206 -0.05544859915971756 0.010812883265316486 -0.004483173601329327 -0.02339455671608448 0.01078856736421585 0.9996581077575684
10.1028961163522 0.05539634823799133 -0.0647466704249382 0.02365257777273655 -0.0011683304328471422 -0.022641656920313835 0.010504335165023804 0.9996878504753113
10.1529141163522 0.057412371039390564 -0.07491908967494965 0.0379456989467144 0.0023462120443582535 -0.021189654245972633 0.009499886073172092 0.9997276663780212
10.2029311163522 0.05805600434541702 -0.08330320566892624 0.051693353801965714 0.008426085114479065 -0.020180143415927887 0.007589911576360464 0.9997320771217346
10.2529481163522 0.061180587857961655 -0.08976934850215912 0.06627804785966873 0.01499980129301548 -0.020621009171009064 0.007588477805256844 0.9996461272239685
10.302965116352201 0.06018907576799393 -0.09605066478252411 0.08175035566091537 0.019584694877266884 -0.02446829341351986 0.006711259484291077 0.9994862675666809
10.3529831163522 0.0616682767868042 -0.10758701711893082 0.0982498973608017 0.02068904973566532 -0.02408272586762905 0.007212094496935606 0.9994698166847229
10.403000116352201 0.061522286385297775 -0.11432463675737381 0.11321951448917389 0.022006863728165627 -0.026977350935339928 0.00842960737645626 0.9993582367897034
10.4530171163522 0.058928340673446655 -0.1154571920633316 0.1265162229537964 0.023915866389870644 -0.03208688274025917 0.00888647511601448 0.9991593956947327
10.5030341163522 0.05544859915971756 -0.12093251198530197 0.13862262666225433 0.021315228193998337 -0.036020565778017044 0.007333361543715 0.9990968108177185
10.5530521163522 0.048820409923791885 -0.1203000620007515 0.14764350652694702 0.020181242376565933 -0.04096024110913277 0.004414346069097519 0.9989472031593323
10.6030691163522 0.04239710420370102 -0.12079107016324997 0.1568601131439209 0.017037244513630867 -0.04503095522522926 1.5241972505464219e-05 0.99884033203125
10.6530861163522 0.03689856827259064 -0.11825906485319138 0.16210253536701202 0.013391080312430859 -0.051709871739149094 -0.005491116549819708 0.9985573291778564
10.703103116352201 0.029434725642204285 -0.11419273167848587 0.16215737164020538 0.009574507363140583 -0.05760733783245087 -0.011636569164693356 0.9982255697250366
10.7531201163522 0.022173497825860977 -0.10441262274980545 0.16243404150009155 0.007360273972153664 -0.06296617537736893 -0.0171236302703619 0.9978416562080383
10.803138116352201 0.016398988664150238 -0.09391320496797562 0.1615954488515854 0.005111955106258392 -0.06807614117860794 -0.019800417125225067 0.9974705576896667
10.8531551163522 0.011696163564920425 -0.08795217424631119 0.15597093105316162 1.3884434338251594e-05 -0.07179044187068939 -0.023150598630309105 0.9971510171890259
10.9031721163522 0.0068579139187932014 -0.07738751918077469 0.14572635293006897 -0.003957037813961506 -0.0782148465514183 -0.02516964264214039 0.9966109395027161
10.9531891163522 -0.00025470962282270193 -0.06291750818490982 0.13847960531711578 -0.006979492027312517 -0.0807131975889206 -0.028226274996995926 0.996313214302063
11.0032071163522 -0.0015000206185504794 -0.04972070828080177 0.12424290925264359 -0.010821285657584667 -0.0865248292684555 -0.029552500694990158 0.9957525134086609
11.053224116352201 -0.005651118699461222 -0.046378567814826965 0.111867256462574 -0.019129835069179535 -0.08859572559595108 -0.028450671583414078 0.995477557182312
11.103241116352201 -0.00791607890278101 -0.030083011835813522 0.09712798148393631 -0.023750727996230125 -0.09007115662097931 -0.029390526935458183 0.9952182769775391
11.1532581163522 -0.011864389292895794 -0.016622068360447884 0.08076018840074539 -0.029487626627087593 -0.08994770050048828 -0.028671545907855034 0.9950969815254211
11.2032761163522 -0.011431735940277576 -0.0004616824444383383 0.06617274135351181 -0.03321380913257599 -0.08733362704515457 -0.028348367661237717 0.9952216148376465
11.2532931163522 -0.004357664380222559 0.00926558580249548 0.05069848895072937 -0.03783196583390236 -0.08704240620136261 -0.025807008147239685 0.9951514601707458
11.3033101163522 -0.0024639610201120377 0.02069075033068657 0.03598596900701523 -0.04084330052137375 -0.08207208663225174 -0.02217181771993637 0.9955422878265381
11.353327116352201 0.00465278560295701 0.030295023694634438 0.0225741695612669 -0.04174862802028656 -0.0777510479092598 -0.01632511056959629 0.995964527130127
11.4033451163522 0.008753634057939053 0.03570585325360298 0.00967145524919033 -0.04111718758940697 -0.06840545684099197 -0.00991157628595829 0.9967606663703918
11.453362116352201 0.017607368528842926 0.033942922949790955 -0.004443999845534563 -0.040250733494758606 -0.05844050645828247 -0.006109277717769146 0.9974604249000549
11.5033791163522 0.029038123786449432 0.02803691104054451 -0.011783535592257977 -0.038676995784044266 -0.05134480074048042 -0.0025429115630686283 0.9979285597801208
11.5533961163522 0.044649913907051086 0.03037411905825138 -0.020919179543852806 -0.033233948051929474 -0.04743843898177147 -0.0003823360602837056 0.9983211755752563
11.6034131163522 0.048655539751052856 0.026715844869613647 -0.028574811294674873 -0.030855901539325714 -0.04013870283961296 0.0017487029545009136 0.9987160563468933
11.6534311163522 0.06137917563319206 0.021298661828041077 -0.03391830623149872 -0.02854860946536064 -0.03372940421104431 0.004010580480098724 0.9990151524543762
11.7034481163522 0.07347987592220306 0.011760933324694633 -0.037762269377708435 -0.02722025476396084 -0.027506746351718903 0.00584790762513876 0.9992339015007019
11.753465116352201 0.07945230603218079 0.004057568497955799 -0.03718680888414383 -0.02521301992237568 -0.02259569987654686 0.0071760681457817554 0.9994009733200073
11.8034821163522 0.08696485310792923 -0.005506942979991436 -0.039408691227436066 -0.021745571866631508 -0.01923338696360588 0.009112938307225704 0.9995370507240295
11.853500116352201 0.09537512809038162 -0.013363593257963657 -0.038541119545698166 -0.01764477789402008 -0.016426770016551018 0.011312874034047127 0.9996454119682312
11.9035171163522 0.1008538082242012 -0.02028798498213291 -0.03371690213680267 -0.01255149208009243 -0.011893672868609428 0.014451408758759499 0.9997460842132568
11.9535341163522 0.10978523641824722 -0.03213553503155708 -0.031121481209993362 -0.009377039037644863 -0.009199483320116997 0.01731059141457081 0.9997639060020447
12.0035511163522 0.11452382057905197 -0.041154634207487106 -0.023654861375689507 -0.005903363693505526 -0.0070751383900642395 0.019960585981607437 0.9997583627700806
12.0535691163522 0.12227257341146469 -0.05114390328526497 -0.015930838882923126 -0.003060456132516265 -0.007539668120443821 0.02059265598654747 0.9997549057006836
12.1035861163522 0.12065569311380386 -0.059441834688186646 -0.008433269336819649 -3.634619861259125e-05 -0.004589323420077562 0.02162727527320385 0.9997556209564209
12.153603116352201 0.12404444068670273 -0.0687771812081337 -0.00037326026358641684 0.0018737753853201866 -0.004369077738374472 0.021303722634911537 0.9997618198394775
12.2036201163522 0.12927314639091492 -0.07620753347873688 0.01070000696927309 0.004794119391590357 -0.004438855219632387 0.021870870143175125 0.9997394680976868
12.2536371163522 0.12444902211427689 -0.07793869078159332 0.023727061226963997 0.009252007119357586 -0.003090872662141919 0.02165602706372738 0.9997179508209229
12.3036551163522 0.12280379980802536 -0.08405612409114838 0.034171104431152344 0.011120336130261421 -0.006046305876225233 0.020589469000697136 0.9997079372406006
12.3536721163522 0.11914927512407303 -0.08787558227777481 0.04162830486893654 0.013003997504711151 -0.011704863980412483 0.019826970994472504 0.9996504187583923
12.4036891163522 0.11412426829338074 -0.08463556319475174 0.05436094477772713 0.01581515744328499 -0.018672823905944824 0.015390080399811268 0.9995821118354797
12.453706116352201 0.10414887219667435 -0.09025067836046219 0.06349258869886398 0.01462276466190815 -0.02386203035712242 0.012168006040155888 0.9995342493057251
12.5037241163522 0.09807176887989044 -0.09420522302389145 0.07699447870254517 0.012157902121543884 -0.032754331827163696 0.009170169942080975 0.999347448348999
12.553741116352201 0.08753093332052231 -0.09706944227218628 0.08781668543815613 0.011231616139411926 -0.03946567326784134 0.006019155494868755 0.999139666557312
12.6037581163522 0.08209645003080368 -0.09871784597635269 0.09759959578514099 0.01008402556180954 -0.04710066691040993 0.005238909740000963 0.9988255500793457
12.6537751163522 0.07109877467155457 -0.10148876905441284 0.10381925851106644 0.009429228492081165 -0.05275136977434158 0.0028661913238465786 0.9985590577125549
12.7037931163522 0.06416289508342743 -0.105165995657444 0.11587580293416977 0.007733688689768314 -0.05805344879627228 0.0021284448448568583 0.9982813000679016
12.7538101163522 0.05594933032989502 -0.10599605739116669 0.12201575934886932 0.0074252295307815075 -0.062385089695453644 -0.00041767381480894983 0.9980244636535645
12.8038271163522 0.048111993819475174 -0.10743836313486099 0.12623032927513123 0.00705014169216156 -0.06652849912643433 -0.0013450289843603969 0.9977587461471558
12.853844116352201 0.04054498299956322 -0.10655028373003006 0.13166555762290955 0.006904736626893282 -0.07306143641471863 -0.0031928489916026592 0.9972984790802002
12.903862116352201 0.033956315368413925 -0.10590984672307968 0.13023945689201355 0.0063364095985889435 -0.07910069078207016 -0.002454478293657303 0.9968435168266296
12.953879116352201 0.02746024914085865 -0.10212749242782593 0.13180950284004211 0.0049202521331608295 -0.08287942409515381 -0.0037547838874161243 0.9965404272079468
13.0038961163522 0.02570703811943531 -0.09584939479827881 0.12917418777942657 0.0037485200446099043 -0.08997124433517456 -0.002931219292804599 0.9959330558776855
13.0539131163522 0.021480318158864975 -0.08813782781362534 0.12799349427223206 0.0015251587610691786 -0.09326165914535522 -0.002894169883802533 0.9956363439559937
13.1039301163522 0.021669114008545876 -0.07276531308889389 0.12354954332113266 0.00015388325846288353 -0.0987168401479721 -0.005272698123008013 0.9951015710830688
13.1539481163522 0.022335240617394447 -0.06581436842679977 0.11536470800638199 -0.005788164678961039 -0.10114838927984238 -0.006547863129526377 0.9948329925537109
13.203965116352201 0.02796996384859085 -0.05655933544039726 0.11160718649625778 -0.011929991655051708 -0.10339049249887466 -0.007725588046014309 0.9945393204689026
13.253982116352201 0.03411152958869934 -0.04756210371851921 0.10729031264781952 -0.01857173442840576 -0.10369260609149933 -0.008391981944441795 0.9944006204605103
13.3039991163522 0.04476229473948479 -0.040474507957696915 0.10082284361124039 -0.025018326938152313 -0.10253919661045074 -0.007433040998876095 0.9943864941596985
13.3540171163522 0.057209838181734085 -0.034029003232717514 0.0945868119597435 -0.030478186905384064 -0.10309356451034546 -0.00592008326202631 0.9941869974136353
13.4040341163522 0.06920181959867477 -0.026750538498163223 0.08391542732715607 -0.03272779658436775 -0.10200217366218567 -0.005616083741188049 0.9942298531532288
13.4540511163522 0.0852602943778038 -0.02115311659872532 0.0747373104095459 -0.03413806110620499 -0.10685377568006516 -0.0051042442210018635 0.9936754107475281
13.504068116352201 0.0998758003115654 -0.01479477621614933 0.06069401651620865 -0.032820601016283035 -0.10943621397018433 -0.004799828864634037 0.9934402108192444
13.5540861163522 0.1179942861199379 -0.0138498330488801 0.04874315857887268 -0.031952153891325 -0.11224423348903656 -0.0077124712988734245 0.9931369423866272
13.604103116352201 0.13526052236557007 -0.012625465169548988 0.033686041831970215 -0.029411954805254936 -0.11451473832130432 -0.01097130123525858 0.9929255247116089
13.6541201163522 0.15162168443202972 -0.008879994042217731 0.020270276814699173 -0.0261705219745636 -0.11635930091142654 -0.017673712223768234 0.9927050471305847
13.7041371163522 0.17017227411270142 -0.009753532707691193 0.008559593930840492 -0.024568747729063034 -0.11737065017223358 -0.023835493251681328 0.9924980401992798
13.7541541163522 0.18884988129138947 -0.01311446912586689 -0.0012085548369213939 -0.02341628074645996 -0.11494424939155579 -0.028785448521375656 0.9926786422729492
13.8041721163522 0.20832602679729462 -0.01657680794596672 -0.011301178485155106 -0.0225362628698349 -0.11297716945409775 -0.032720547169446945 0.9928029775619507
13.8541891163522 0.2262011468410492 -0.018338695168495178 -0.018343033269047737 -0.020772404968738556 -0.10833123326301575 -0.034353408962488174 0.9933039546012878
13.904206116352201 0.24239033460617065 -0.02034003660082817 -0.022737689316272736 -0.01966622658073902 -0.10301484912633896 -0.033860765397548676 0.9939088225364685
13.9542231163522 0.2564114034175873 -0.025442833080887794 -0.027695661410689354 -0.01909646950662136 -0.09978921711444855 -0.032820671796798706 0.9942837953567505
14.004241116352201 0.27024346590042114 -0.027488965541124344 -0.032140180468559265 -0.015851840376853943 -0.09961801022291183 -0.031143272295594215 0.9944119453430176
14.0542581163522 0.28370577096939087 -0.03459462523460388 -0.03249599412083626 -0.014538127928972244 -0.09863054007291794 -0.02878866158425808 0.9946014285087585
14.1042751163522 0.2952667772769928 -0.03974958136677742 -0.03681136667728424 -0.010837634094059467 -0.09878070652484894 -0.028035510331392288 0.994655191898346
14.1542921163522 0.299956351518631 -0.04418899118900299 -0.03775513172149658 -0.0064377496019005775 -0.099204882979393 -0.02786526270210743 0.994655966758728
14.2043101163522 0.2979107201099396 -0.04842656850814819 -0.03764292970299721 -0.0018957166466861963 -0.10029586404561996 -0.02769586816430092 0.9945703148841858
14.2543271163522 0.29352104663848877 -0.04952074587345123 -0.038694169372320175 0.004118362441658974 -0.10177738219499588 -0.028707722201943398 0.9943843483924866
14.304344116352201 0.29011276364326477 -0.0565914586186409 -0.03947765752673149 0.007571627385914326 -0.10579679161310196 -0.02919366955757141 0.9939302802085876
14.3543611163522 0.28667375445365906 -0.05723036825656891 -0.03925032541155815 0.013166639022529125 -0.11111407727003098 -0.030221495777368546 0.9932608604431152
14.404379116352201 0.27972716093063354 -0.06062677875161171 -0.037345755845308304 0.01637549325823784 -0.11587842553853989 -0.030368557199835777 0.9926640391349792
14.4543961163522 0.2703351676464081 -0.06470755487680435 -0.03648209944367409 0.018141688778996468 -0.12309243530035019 -0.03170803561806679 0.9917226433753967
14.5044131163522 0.2567272484302521 -0.06262484192848206 -0.03510987013578415 0.020452149212360382 -0.12897107005119324 -0.031414102762937546 0.9909396767616272
14.5544301163522 0.24066480994224548 -0.06565912812948227 -0.03806842491030693 0.020559746772050858 -0.13534396886825562 -0.03231534734368324 0.9900581240653992
14.604447116352201 0.22846096754074097 -0.06212110444903374 -0.03803544491529465 0.021371029317378998 -0.14195199310779572 -0.03373138606548309 0.989067792892456
14.6544651163522 0.21219660341739655 -0.06340289115905762 -0.03706764429807663 0.01861642859876156 -0.14592134952545166 -0.03348645195364952 0.988554060459137
14.704482116352201 0.19746586680412292 -0.05716797336935997 -0.03786611184477806 0.018186412751674652 -0.14952757954597473 -0.0335216224193573 0.9880217909812927
14.7544991163522 0.187174990773201 -0.054711438715457916 -0.03488104045391083 0.015628602355718613 -0.15137602388858795 -0.03269122168421745 0.9878119230270386
14.8045161163522 0.17208944261074066 -0.048501137644052505 -0.03468704596161842 0.012791339308023453 -0.1503918468952179 -0.031651731580495834 0.9880368709564209
14.8545341163522 0.16176773607730865 -0.04280835762619972 -0.03696111589670181 0.009602339006960392 -0.15147767961025238 -0.029883328825235367 0.9879622459411621
14.9045511163522 0.15644991397857666 -0.035249702632427216 -0.03783803805708885 0.006333489902317524 -0.1528046578168869 -0.026447806507349014 0.9878821969032288
14.9545681163522 0.15028607845306396 -0.027669966220855713 -0.038527414202690125 0.003624062752351165 -0.1497817039489746 -0.022788207978010178 0.9884498119354248
15.004585116352201 0.14752322435379028 -0.019248301163315773 -0.03814898803830147 0.001448285416699946 -0.1444043219089508 -0.0205015167593956 0.989305317401886
15.054603116352201 0.149897500872612 -0.014239795506000519 -0.041093774139881134 -0.0009444633033126593 -0.1417814940214157 -0.01565036177635193 0.9897738695144653
15.104620116352201 0.14975066483020782 -0.008128780871629715 -0.046486996114254 -0.0028209066949784756 -0.13428644835948944 -0.011067718267440796 0.9908767342567444
15.1546371163522 0.15268108248710632 -0.0017362692160531878 -0.04801928624510765 -0.004037832375615835 -0.12710103392601013 -0.006610824726521969 0.9918595552444458
15.2046541163522 0.1594787985086441 0.0031259828247129917 -0.052358876913785934 -0.006597448140382767 -0.1176643818616867 -0.00300429156050086 0.9930269718170166
15.2546711163522 0.16821378469467163 0.005376821383833885 -0.05359778180718422 -0.009618721902370453 -0.10738589614629745 0.0010584391420707107 0.9941703081130981
15.3046891163522 0.1783141940832138 0.00710537051782012 -0.05743397772312164 -0.012782187201082706 -0.10042334347963333 0.002813574392348528 0.9948587417602539
15.354706116352201 0.1890157014131546 0.005845449864864349 -0.05891877040266991 -0.01667957194149494 -0.09076963365077972 0.004958277102559805 0.9957199096679688
15.404723116352201 0.20000329613685608 0.006630376446992159 -0.05793897807598114 -0.018350817263126373 -0.08356436342000961 0.005910176318138838 0.9963158965110779
15.4547401163522 0.21255701780319214 0.007772261276841164 -0.05640136078000069 -0.019473448395729065 -0.07675375789403915 0.004300011787563562 0.9968506693840027
15.5047581163522 0.22918812930583954 0.0014560772106051445 -0.057487379759550095 -0.02105548419058323 -0.073982372879982 0.0027961074374616146 0.9970333576202393
15.5547751163522 0.24158325791358948 -0.000928102876059711 -0.056002262979745865 -0.019851017743349075 -0.07346632331609726 0.00037003119359724224 0.9971000552177429
15.6047921163522 0.2543831467628479 -0.010956630110740662 -0.05104270204901695 -0.020347045734524727 -0.07258236408233643 -0.003881407668814063 0.9971473217010498
15.654809116352201 0.26441630721092224 -0.021475784480571747 -0.05063717067241669 -0.018873540684580803 -0.0741310864686966 -0.005688858218491077 0.9970536828041077
15.7048271163522 0.2761175036430359 -0.026960112154483795 -0.04917982965707779 -0.014457231387495995 -0.07410544902086258 -0.009026025421917439 0.997104823589325
15.754844116352201 0.28620025515556335 -0.032995592802762985 -0.045579466968774796 -0.010333018377423286 -0.07498755306005478 -0.010503624565899372 0.997075617313385
15.8048611163522 0.2938596308231354 -0.04250530153512955 -0.042158715426921844 -0.007898228242993355 -0.07605191320180893 -0.011281846091151237 0.9970088005065918
15.8548781163522 0.2993989884853363 -0.050409141927957535 -0.03832315281033516 -0.0050849756225943565 -0.07761553674936295 -0.013258498162031174 0.9968823194503784
15.9048961163522 0.3059645891189575 -0.057415205985307693 -0.03653281554579735 -0.002810477279126644 -0.08132167905569077 -0.015156250447034836 0.9965687394142151
15.9549131163522 0.3057464361190796 -0.05966717749834061 -0.030604857951402664 0.001308917417190969 -0.08319288492202759 -0.01794874109327793 0.9963710308074951
16.0049301163522 0.3037585914134979 -0.06391141563653946 -0.02630583569407463 0.004066388588398695 -0.08696168661117554 -0.02026989497244358 0.9959971308708191
16.0549471163522 0.299853652715683 -0.06775377690792084 -0.018664265051484108 0.005713209509849548 -0.09010645002126694 -0.023415101692080498 0.9956404566764832
16.1049641163522 0.2925199568271637 -0.07139617204666138 -0.014027087949216366 0.0071647814474999905 -0.09397672116756439 -0.02608596161007881 0.9952068328857422
16.1549821163522 0.28306031227111816 -0.07635629177093506 -0.008279292844235897 0.007742778398096561 -0.09704063832759857 -0.028049709275364876 0.9948550462722778
16.2049991163522 0.27104052901268005 -0.07742967456579208 -0.003922533243894577 0.009579126723110676 -0.10228148847818375 -0.03058457560837269 0.994239091873169
16.255016116352202 0.2583659589290619 -0.08082251995801926 0.0018214178271591663 0.009913479909300804 -0.1073957085609436 -0.03271900489926338 0.9936283826828003
16.3050331163522 0.24704685807228088 -0.08424690365791321 0.004285720176994801 0.010491653345525265 -0.11183778196573257 -0.03337639942765236 0.9931104183197021
16.3550511163522 0.23171156644821167 -0.08867613971233368 0.008887924253940582 0.010585849173367023 -0.11460783332586288 -0.034290414303541183 0.9927624464035034
16.4050681163522 0.21455757319927216 -0.08921994268894196 0.013051415793597698 0.01147326361387968 -0.11494260281324387 -0.03492966294288635 0.9926915764808655
16.4550851163522 0.19788900017738342 -0.0930313840508461 0.02108556032180786 0.011415584944188595 -0.11392579972743988 -0.034751396626234055 0.9928156733512878
16.5051021163522 0.1791342943906784 -0.09846021980047226 0.026699569076299667 0.010398765094578266 -0.11205600202083588 -0.03192388638854027 0.9931345582008362
16.5551201163522 0.16550691425800323 -0.10226786881685257 0.031361691653728485 0.010206015780568123 -0.11213851720094681 -0.028541335836052895 0.9932301640510559
16.6051371163522 0.14975222945213318 -0.10293491929769516 0.03614155203104019 0.01149838138371706 -0.11216659843921661 -0.024410901591181755 0.993323028087616
16.6551541163522 0.13576121628284454 -0.10107404738664627 0.038501955568790436 0.012797310948371887 -0.11356949806213379 -0.02210373617708683 0.9932017922401428
16.7051711163522 0.11890140920877457 -0.10189228504896164 0.040193066000938416 0.01346548367291689 -0.11267221719026566 -0.019631709903478622 0.9933470487594604
16.7551881163522 0.10900101810693741 -0.10474421083927155 0.042227208614349365 0.01169367041438818 -0.11197597533464432 -0.01530104037374258 0.9935243129730225
16.8052061163522 0.09942766278982162 -0.09627445042133331 0.0401998832821846 0.014136587269604206 -0.11267106235027313 -0.014677248895168304 0.993423342704773
16.8552231163522 0.09453632682561874 -0.09310450404882431 0.04019518941640854 0.0114973783493042 -0.1144593134522438 -0.013788347132503986 0.9932657480239868
16.9052401163522 0.08714771270751953 -0.08361897617578506 0.03620857000350952 0.010800751857459545 -0.11305950582027435 -0.014160973019897938 0.993428647518158
16.9552571163522 0.08185499906539917 -0.07522120326757431 0.034307342022657394 0.006487180013209581 -0.11310999095439911 -0.016623172909021378 0.9934222102165222
17.005275116352202 0.07825741916894913 -0.06675446033477783 0.030351929366588593 -0.0001803078775992617 -0.11324808746576309 -0.01868019998073578 0.9933911561965942
17.055292116352202 0.0729600042104721 -0.053625963628292084 0.02476143091917038 -0.006475435104221106 -0.11317794024944305 -0.02117067016661167 0.9933280348777771
17.1053091163522 0.070653036236763 -0.03730757534503937 0.020396722480654716 -0.012438245117664337 -0.11358875781297684 -0.019568046554923058 0.9932572841644287
17.1553261163522 0.07140526175498962 -0.024018574506044388 0.012056590989232063 -0.01800740696489811 -0.1145099401473999 -0.018652688711881638 0.9930837154388428
17.2053441163522 0.07512524724006653 -0.009044415317475796 0.00421128049492836 -0.023044295608997345 -0.11394377797842026 -0.01596129685640335 0.9930916428565979
17.2553611163522 0.08029516786336899 0.0034221664536744356 -0.006155326496809721 -0.03008659929037094 -0.11200132220983505 -0.013113054446876049 0.9931659698486328
17.305378116352202 0.08791311830282211 0.02018781378865242 -0.016209937632083893 -0.03499109297990799 -0.1072109043598175 -0.009647930040955544 0.9935735464096069
17.355395116352202 0.09735357016324997 0.03136445954442024 -0.026115940883755684 -0.0417337529361248 -0.09929833561182022 -0.0036141197197139263 0.9941756129264832
17.4054131163522 0.10922688245773315 0.040200263261795044 -0.038300324231386185 -0.046540677547454834 -0.09204559028148651 0.0033298851922154427 0.9946610331535339
17.4554301163522 0.12115160375833511 0.045590031892061234 -0.047024842351675034 -0.05093841627240181 -0.08309055119752884 0.011063524521887302 0.9951778650283813
17.5054471163522 0.13747096061706543 0.04902217164635658 -0.05426326021552086 -0.052888523787260056 -0.07283809781074524 0.01723218336701393 0.9957913756370544
17.5554641163522 0.1531832069158554 0.0495946891605854 -0.06481070071458817 -0.052428558468818665 -0.059557877480983734 0.022643620148301125 0.9965899586677551
17.605481116352202 0.16906964778900146 0.048667386174201965 -0.07461570203304291 -0.05069701746106148 -0.0487469881772995 0.02754305861890316 0.9971434473991394
17.6554991163522 0.18420623242855072 0.04856178164482117 -0.08282531797885895 -0.04805215448141098 -0.03694405406713486 0.03192367032170296 0.9976507425308228
17.7055161163522 0.19954082369804382 0.04464050009846687 -0.08490175008773804 -0.04704134911298752 -0.024088826030492783 0.03432746231555939 0.9980123043060303
17.7555331163522 0.2138681411743164 0.03895266726613045 -0.08980122953653336 -0.044822607189416885 -0.013612302020192146 0.03542177006602287 0.998274028301239
17.8055501163522 0.22544695436954498 0.034505657851696014 -0.09178625792264938 -0.04246836155653 -0.003269490320235491 0.036502305418252945 0.9984254240989685
17.8555681163522 0.237264022231102 0.027648814022541046 -0.09412451833486557 -0.04001057893037796 0.0034278081730008125 0.037624917924404144 0.9984847903251648
17.9055851163522 0.2471405565738678 0.01489104051142931 -0.09389076381921768 -0.03833671659231186 0.01000536885112524 0.03734436258673668 0.9985167384147644
17.9556021163522 0.2507319748401642 0.010076307691633701 -0.08876132220029831 -0.033166177570819855 0.016675738617777824 0.03797861933708191 0.9985888004302979
18.0056191163522 0.2580563426017761 -0.0014330537524074316 -0.08434218913316727 -0.029474623501300812 0.02115771733224392 0.03753647580742836 0.9986363649368286
18.0556371163522 0.25729554891586304 -0.009131910279393196 -0.07536180317401886 -0.02478383667767048 0.027679599821567535 0.037845492362976074 0.9985926747322083
18.105654116352202 0.2557850778102875 -0.020303763449192047 -0.06552918255329132 -0.021682213991880417 0.03052504174411297 0.03717716783285141 0.9986070990562439
18.1556711163522 0.25354138016700745 -0.0324237197637558 -0.05140179395675659 -0.020434308797121048 0.032913435250520706 0.0357326939702034 0.9986101984977722
18.2056881163522 0.2478613257408142 -0.03626502677798271 -0.035261426120996475 -0.01643066480755806 0.033093586564064026 0.035587213933467865 0.9986833333969116
18.2557051163522 0.23897114396095276 -0.05212666466832161 -0.01851295679807663 -0.018752556294202805 0.035288844257593155 0.03350671008229256 0.9986392259597778
18.3057231163522 0.23119914531707764 -0.06225563585758209 -0.0015101851895451546 -0.018250424414873123 0.035982128232717514 0.03335434943437576 0.9986289143562317
18.3557401163522 0.22384217381477356 -0.07613947242498398 0.016965216025710106 -0.01946527324616909 0.03646445274353027 0.03317561373114586 0.9985944628715515
18.405757116352202 0.21706622838974 -0.08595065772533417 0.03164589777588844 -0.018706340342760086 0.036812372505664825 0.0349188856780529 0.9985367655754089
18.4557741163522 0.20875738561153412 -0.09725045412778854 0.050158824771642685 -0.017503805458545685 0.037455253303050995 0.03801481053233147 0.9984216094017029
18.5057921163522 0.1987176090478897 -0.10730168223381042 0.06769493222236633 -0.015534826554358006 0.03971026837825775 0.03890634700655937 0.9983326196670532
18.5558091163522 0.1908418834209442 -0.11626265943050385 0.0828842744231224 -0.01368649024516344 0.03882017731666565 0.04138488322496414 0.9982950687408447
18.6058261163522 0.18014946579933167 -0.12425465136766434 0.09624981880187988 -0.012133346870541573 0.03895144537091255 0.04168117791414261 0.9982977509498596
18.6558431163522 0.16619423031806946 -0.12879905104637146 0.10897636413574219 -0.010460692457854748 0.03821443021297455 0.04218882694840431 0.9983237981796265
18.7058611163522 0.15544745326042175 -0.13473649322986603 0.12061098217964172 -0.010103875771164894 0.03515224903821945 0.04127956181764603 0.9984779953956604
18.7558781163522 0.14190034568309784 -0.13603715598583221 0.1277811974287033 -0.008657422848045826 0.032941658049821854 0.039144162088632584 0.9986529350280762
18.8058951163522 0.12716646492481232 -0.13985836505889893 0.1369072049856186 -0.009893478825688362 0.02972523495554924 0.037418097257614136 0.9988085627555847
18.8559121163522 0.11242576688528061 -0.13994361460208893 0.14179565012454987 -0.009734771214425564 0.027119385078549385 0.036437246948480606 0.9989204406738281
18.905930116352202 0.09644721448421478 -0.14282473921775818 0.14565083384513855 -0.011434732005000114 0.022623764351010323 0.035262517631053925 0.9990565776824951
18.9559471163522 0.08097153902053833 -0.14508570730686188 0.14829027652740479 -0.013767044991254807 0.02030874975025654 0.034346189349889755 0.9991088509559631
19.0059641163522 0.06403215229511261 -0.143144890666008 0.15000386536121368 -0.01323055848479271 0.015013668686151505 0.03248053416609764 0.9992719888687134
19.0559811163522 0.04529419168829918 -0.14348387718200684 0.14999225735664368 -0.0128633426502347 0.011074770241975784 0.031348828226327896 0.9993643760681152
19.1059981163522 0.02722526527941227 -0.14393121004104614 0.14675968885421753 -0.01140077318996191 0.0037710436154156923 0.02845081500709057 0.9995231032371521
19.156016116352202 0.006658342666924 -0.1426997184753418 0.14326417446136475 -0.009731470607221127 -0.0036339585203677416 0.026318281888961792 0.9995996952056885
19.206033116352202 -0.013392416760325432 -0.14071594178676605 0.13952744007110596 -0.008126761764287949 -0.010192289017140865 0.022021876648068428 0.9996725916862488
19.2560501163522 -0.03613558039069176 -0.13909941911697388 0.13493621349334717 -0.007905061356723309 -0.017223883420228958 0.01759987324476242 0.9996655583381653
19.3060671163522 -0.05703183636069298 -0.13697732985019684 0.12974688410758972 -0.008320147171616554 -0.025198182091116905 0.014682507142424583 0.9995400309562683
19.3560851163522 -0.07505079358816147 -0.13364747166633606 0.12715038657188416 -0.00911979004740715 -0.03122135065495968 0.011930958367884159 0.999399721622467
19.4061021163522 -0.09301602095365524 -0.13072143495082855 0.12244307994842529 -0.009975092485547066 -0.03633325546979904 0.0116775156930089 0.9992217421531677
19.456119116352202 -0.1089240089058876 -0.12959612905979156 0.11893196403980255 -0.011215184815227985 -0.04186685383319855 0.012713301926851273 0.998979389667511
19.506136116352202 -0.12377460300922394 -0.1268143653869629 0.1165357381105423 -0.011253578588366508 -0.04821415990591049 0.015438830479979515 0.998654305934906
19.5561541163522 -0.13736379146575928 -0.12703245878219604 0.11583209782838821 -0.011356805451214314 -0.04958322271704674 0.01943373680114746 0.998516321182251
19.6061711163522 -0.14730320870876312 -0.1270078420639038 0.11651339381933212 -0.010109889321029186 -0.045677147805690765 0.0227049607783556 0.9986470341682434
19.6561881163522 -0.14889463782310486 -0.12347997725009918 0.11924517154693604 -0.006479058414697647 -0.04265008866786957 0.027672164142131805 0.9986857771873474
19.7062051163522 -0.1531469225883484 -0.12158183753490448 0.11804349720478058 -0.0023504046257585287 -0.03691251948475838 0.030864320695400238 0.9988390207290649
19.756222116352202 -0.15759851038455963 -0.12226495146751404 0.11681067198514938 -0.0006117955781519413 -0.02829044684767723 0.03329404816031456 0.9990449547767639
19.8062401163522 -0.15786950290203094 -0.1214400976896286 0.1146400198340416 0.0011078829411417246 -0.020574772730469704 0.034945566207170486 0.9991768598556519
19.8562571163522 -0.15500549972057343 -0.12280724942684174 0.11623106151819229 0.00023374678858090192 -0.009226619265973568 0.0357314758002758 0.9993188381195068
19.9062741163522 -0.14941328763961792 -0.12217450886964798 0.11561297625303268 -5.001780664315447e-05 -0.00039012081106193364 0.036640238016843796 0.9993284344673157
19.9562911163522 -0.1418536752462387 -0.11702324450016022 0.11450400203466415 0.001169891213066876 0.006935455836355686 0.038807280361652374 0.9992219805717468
20.0063091163522 -0.13513237237930298 -0.11885654926300049 0.11055144667625427 -0.0011912310728803277 0.013592910021543503 0.0415346585214138 0.9990439414978027
20.0563261163522 -0.12315581738948822 -0.11592791974544525 0.11054401099681854 -0.0028914341237396 0.019571227952837944 0.044153567403554916 0.9988288879394531
20.1063431163522 -0.10950051248073578 -0.11353415250778198 0.11068899929523468 -0.003975430503487587 0.024628804996609688 0.04700217768549919 0.998583197593689
20.1563601163522 -0.09741699695587158 -0.10973091423511505 0.10739336907863617 -0.004089113790541887 0.027324846014380455 0.04827499017119408 0.9984518885612488
20.2063781163522 -0.08210772275924683 -0.1067386269569397 0.1034087985754013 -0.0042281802743673325 0.02675497904419899 0.04812720790505409 0.9984739422798157
20.256395116352202 -0.06822621822357178 -0.09846305847167969 0.0993569865822792 -0.001334280939772725 0.023779893293976784 0.04628433287143707 0.9986443519592285
20.3064121163522 -0.05194069445133209 -0.0952548086643219 0.0929732397198677 -0.00043874874245375395 0.01959282159805298 0.04618929326534271 0.9987404346466064
20.3564291163522 -0.033446189016103745 -0.09676750749349594 0.08534808456897736 -0.002725617028772831 0.01242854818701744 0.0448247492313385 0.9989138245582581
20.4064471163522 -0.015803087502717972 -0.09056444466114044 0.08021798729896545 -0.001662819180637598 0.006968365516513586 0.04023052006959915 0.9991647601127625
20.4564641163522 0.0050629423931241035 -0.08630990982055664 0.07567324489355087 -0.0033948684576898813 -0.002478427952155471 0.03502298519015312 0.9993777275085449
20.5064811163522 0.02282083034515381 -0.08454404026269913 0.07085609436035156 -0.006137988995760679 -0.01057339459657669 0.027056699618697166 0.9995591640472412
20.556498116352202 0.042472656816244125 -0.0825767070055008 0.06067618355154991 -0.00905673298984766 -0.016613423824310303 0.017476487904787064 0.9996682405471802
20.6065151163522 0.06478864699602127 -0.07959631085395813 0.05154861509799957 -0.011207063682377338 -0.026256557554006577 0.00800387468189001 0.9995604157447815
20.6565331163522 0.08309037238359451 -0.07762175798416138 0.04305848851799965 -0.01409817673265934 -0.030448859557509422 -0.0011249640956521034 0.9994363188743591
20.7065501163522 0.10513696819543839 -0.07307859510183334 0.03468594327569008 -0.015749618411064148 -0.04034615680575371 -0.008460599929094315 0.9990258812904358
20.7565671163522 0.1229194849729538 -0.07227098941802979 0.02910519391298294 -0.01984684355556965 -0.045227404683828354 -0.014961845241487026 0.9986674785614014
20.8065841163522 0.1448824405670166 -0.07066106051206589 0.022958435118198395 -0.02343132346868515 -0.048427436500787735 -0.0206904299557209 0.9983375072479248
20.8566021163522 0.1652812659740448 -0.06945342570543289 0.018428822979331017 -0.02613796293735504 -0.04833082854747772 -0.023905111476778984 0.9982031583786011
20.9066191163522 0.1857057511806488 -0.07018427550792694 0.016920143738389015 -0.028759052976965904 -0.04653708636760712 -0.0245045218616724 0.998201847076416
20.9566361163522 0.2073131650686264 -0.06327442079782486 0.010770182125270367 -0.02546585537493229 -0.045352641493082047 -0.021985378116369247 0.9984043836593628
21.0066531163522 0.2280450463294983 -0.0639389306306839 0.012771649286150932 -0.023951686918735504 -0.04343100264668465 -0.01773187890648842 0.9986119270324707
21.056671116352202 0.24744099378585815 -0.06586918979883194 0.015129986219108105 -0.022701984271407127 -0.04157610982656479 -0.013231229968369007 0.9987897872924805
21.1066881163522 0.2686551809310913 -0.06790117174386978 0.01930331438779831 -0.022692475467920303 -0.040655385702848434 -0.007475835736840963 0.9988875985145569
21.1567051163522 0.28580424189567566 -0.0665920227766037 0.023669825866818428 -0.022923415526747704 -0.03961731493473053 -0.002712945220991969 0.9989482760429382
21.2067221163522 0.30214768648147583 -0.07024206221103668 0.030932432040572166 -0.027371972799301147 -0.03922734037041664 0.000977199524641037 0.99885493516922
21.2567391163522 0.3139113783836365 -0.07586824148893356 0.03927696496248245 -0.03282056003808975 -0.03792277351021767 0.0007634973153471947 0.9987412691116333
21.306757116352202 0.3261595070362091 -0.07598060369491577 0.04783545434474945 -0.03485550731420517 -0.03689385578036308 0.001362815615721047 0.9987102746963501
21.356774116352202 0.3395110070705414 -0.07727271318435669 0.05594727024435997 -0.034048497676849365 -0.03629836067557335 -0.0009550813119858503 0.9987603425979614
21.4067911163522 0.34331393241882324 -0.08411193639039993 0.06479489058256149 -0.035326018929481506 -0.035975806415081024 -0.004339204169809818 0.9987186789512634
21.4568081163522 0.34466978907585144 -0.08689235150814056 0.07482344657182693 -0.03446459397673607 -0.03736240044236183 -0.006156952586025 0.9986883401870728
21.5068261163522 0.34597644209861755 -0.08966876566410065 0.08380702137947083 -0.0330582857131958 -0.04078183323144913 -0.008814667351543903 0.9985821843147278
21.5568431163522 0.3443896472454071 -0.09000617265701294 0.08947859704494476 -0.031017526984214783 -0.044794995337724686 -0.010238789953291416 0.9984620809555054
21.606860116352202 0.3478739261627197 -0.0927145928144455 0.09074681252241135 -0.02923308126628399 -0.05127284303307533 -0.01236663106828928 0.9981801509857178
21.656877116352202 0.34086093306541443 -0.0905165895819664 0.09220029413700104 -0.02719731628894806 -0.05747520551085472 -0.014452489092946053 0.9978718161582947
21.7068951163522 0.3349704146385193 -0.09211932122707367 0.09097357094287872 -0.026965036988258362 -0.06306600570678711 -0.015618869103491306 0.99752277135849
21.7569121163522 0.3283311128616333 -0.09242594987154007 0.09097803384065628 -0.025950497016310692 -0.07004653662443161 -0.018438460305333138 0.9970356822013855
21.8069291163522 0.3152240514755249 -0.09232938289642334 0.08915713429450989 -0.026800988242030144 -0.07616505026817322 -0.021795721724629402 0.9964966773986816
21.8569461163522 0.30269187688827515 -0.09145723283290863 0.08062799274921417 -0.027537526562809944 -0.08307936787605286 -0.026678558439016342 0.9958050847053528
21.9069641163522 0.2873968780040741 -0.09554574638605118 0.07496403902769089 -0.03176860883831978 -0.09097586572170258 -0.03141698241233826 0.9948503375053406
21.9569811163522 0.27230215072631836 -0.0818450078368187 0.07388073951005936 -0.028850069269537926 -0.09590519964694977 -0.03334240987896919 0.9944134950637817
22.0069981163522 0.2606378495693207 -0.07717990130186081 0.0646137073636055 -0.02777329832315445 -0.10350477695465088 -0.03479752689599991 0.9936320781707764
22.0570151163522 0.24526643753051758 -0.07263567298650742 0.05623963475227356 -0.02730483189225197 -0.10840484499931335 -0.03600076958537102 0.993079423904419
22.1070321163522 0.23071491718292236 -0.06509923189878464 0.04397886246442795 -0.024462666362524033 -0.11266151815652847 -0.037958938628435135 0.9926067590713501
22.1570501163522 0.2166648954153061 -0.06112108379602432 0.03317099064588547 -0.024944782257080078 -0.11768802255392075 -0.03858854994177818 0.9919869899749756
22.2070671163522 0.20335045456886292 -0.05705265328288078 0.02483423426747322 -0.0248024370521307 -0.12044132500886917 -0.035469379276037216 0.9917765259742737
22.2570841163522 0.19101126492023468 -0.050208792090415955 0.017835000529885292 -0.023050231859087944 -0.12405966967344284 -0.032669201493263245 0.9914689660072327
22.3071011163522 0.17950010299682617 -0.046140022575855255 0.010773418471217155 -0.022296465933322906 -0.12668216228485107 -0.028483470901846886 0.991283655166626
22.3571191163522 0.17067255079746246 -0.0425247997045517 0.0025162366218864918 -0.01969422772526741 -0.12867988646030426 -0.024980593472719193 0.9911758899688721
22.407136116352202 0.16096684336662292 -0.03896317631006241 -0.00022911326959729195 -0.017491161823272705 -0.1305614858865738 -0.018502110615372658 0.9911133050918579
22.4571531163522 0.1545502245426178 -0.03822965919971466 -0.00593384075909853 -0.015809424221515656 -0.1319391429424286 -0.012870444916188717 0.9910482168197632
22.5071701163522 0.146042138338089 -0.04242517799139023 -0.01194807793945074 -0.016134796664118767 -0.13129822909832 -0.009767728857696056 0.9911634922027588
22.5571881163522 0.13247562944889069 -0.04308247193694115 -0.014803740195930004 -0.01790938712656498 -0.13168613612651825 -0.007890528999269009 0.9910982847213745
22.6072051163522 0.12315225601196289 -0.035351820290088654 -0.014997987076640129 -0.01657421886920929 -0.13202553987503052 -0.007247995585203171 0.9910812973976135
22.6572221163522 0.12396689504384995 -0.041820406913757324 -0.017341766506433487 -0.020687367767095566 -0.1343095749616623 -0.005376244429498911 0.9907088875770569
22.707239116352202 0.11511466652154922 -0.037544991821050644 -0.017370987683534622 -0.02077142335474491 -0.13417679071426392 -0.006941209547221661 0.9907153844833374
22.7572561163522 0.11088532954454422 -0.0403619110584259 -0.013667884282767773 -0.022236941382288933 -0.13446961343288422 -0.00534627353772521 0.9906538128852844
22.8072741163522 0.10396388918161392 -0.04028122127056122 -0.008256266824901104 -0.021642310544848442 -0.1352541446685791 -0.001461136038415134 0.9905734658241272
22.8572911163522 0.09701111167669296 -0.04714825376868248 -0.009000017307698727 -0.022265519946813583 -0.13216178119182587 0.0022462005726993084 0.990975558757782
22.9073081163522 0.08398875594139099 -0.048654742538928986 -0.003303167410194874 -0.019450180232524872 -0.12721876800060272 0.005817949306219816 0.9916669726371765
22.9573251163522 0.0810282826423645 -0.05027863010764122 -0.000979109900072217 -0.017405765131115913 -0.12269293516874313 0.010743995197117329 0.99223393201828
23.0073431163522 0.07439499348402023 -0.04998273029923439 0.0006821051938459277 -0.014362627640366554 -0.1132378876209259 0.015007217414677143 0.9933507442474365
23.0573601163522 0.06429936736822128 -0.054727714508771896 0.004934247117489576 -0.014296355657279491 -0.10589349269866943 0.020479299128055573 0.9940637946128845
23.1073771163522 0.06825705617666245 -0.05565371736884117 0.0055110096000134945 -0.013207481242716312 -0.09787347167730331 0.023109417408704758 0.9948428869247437
23.1573941163522 0.06655869632959366 -0.05991623178124428 0.008715185336768627 -0.014688782393932343 -0.0874163806438446 0.02446112595498562 0.9957631826400757
23.207412116352202 0.07249025255441666 -0.059059321880340576 0.010002458468079567 -0.01420537754893303 -0.07894345372915268 0.02594337798655033 0.9964402318000793
23.2574291163522 0.07651901990175247 -0.057344283908605576 0.011505752801895142 -0.0138420844450593 -0.06643684208393097 0.023845257237553596 0.9974096417427063
23.3074461163522 0.08550038188695908 -0.06097639352083206 0.011804034002125263 -0.015769075602293015 -0.06049121171236038 0.023651450872421265 0.9977639317512512
23.3574631163522 0.09356963634490967 -0.06137561425566673 0.012092139571905136 -0.017270807176828384 -0.05354418233036995 0.022738004103302956 0.9981572031974792
23.4074811163522 0.10634800791740417 -0.06571637839078903 0.014071679674088955 -0.020524373278021812 -0.05392859876155853 0.022368550300598145 0.998083233833313
23.457498116352202 0.11194261908531189 -0.06013656035065651 0.016654787585139275 -0.019068993628025055 -0.05028466507792473 0.01902950368821621 0.9983715415000916
23.507515116352202 0.12644879519939423 -0.069517120718956 0.018599621951580048 -0.0218647550791502 -0.05216183885931969 0.0168705303221941 0.9982567429542542
23.5575321163522 0.13086074590682983 -0.06845550239086151 0.01691967248916626 -0.02079649083316326 -0.05502769351005554 0.010931217111647129 0.9982084035873413
23.6075491163522 0.14773081243038177 -0.07059361785650253 0.013540202751755714 -0.020662231370806694 -0.05730709433555603 0.0059468247927725315 0.9981250762939453
23.6575671163522 0.16078975796699524 -0.06994195282459259 0.011931371875107288 -0.020396225154399872 -0.0573381669819355 0.0009480934240855277 0.9981459975242615
23.7075841163522 0.17993925511837006 -0.07208212465047836 0.01160471886396408 -0.02175932005047798 -0.05852719768881798 -0.0023085512220859528 0.9980460405349731
23.757601116352202 0.19627590477466583 -0.06340914219617844 0.010501286014914513 -0.019447483122348785 -0.06017349287867546 -0.006160070188343525 0.9979795217514038
23.807618116352202 0.2119007408618927 -0.07407024502754211 0.009449119679629803 -0.023545196279883385 -0.060457538813352585 -0.0062298765406012535 0.9978736042976379
23.8576361163522 0.22948680818080902 -0.07247405499219894 0.007527138106524944 -0.022659508511424065 -0.059589825570583344 -0.008051370270550251 0.9979332685470581
23.9076531163522 0.24678899347782135 -0.06845004111528397 0.005457407329231501 -0.020808426663279533 -0.059243083000183105 -0.007978488691151142 0.9979948401451111
23.9576701163522 0.2553211748600006 -0.07056444138288498 0.004314018413424492 -0.020973827689886093 -0.05557125434279442 -0.009286017157137394 0.998191237449646
24.0076871163522 0.2705800533294678 -0.06404789537191391 0.0016696654492989182 -0.018488356843590736 -0.05421241745352745 -0.007654791232198477 0.9983289241790771
24.0577051163522 0.2822778522968292 -0.06379076838493347 -0.0026288998778909445 -0.01828198879957199 -0.05332377552986145 -0.004851349163800478 0.9983981251716614
24.1077221163522 0.2890756130218506 -0.059913866221904755 -0.00346397515386343 -0.016741519793868065 -0.049906324595212936 -0.0023823310621082783 0.99861079454422
24.1577391163522 0.2986745238304138 -0.06406744569540024 -0.003679177723824978 -0.019131937995553017 -0.049199871718883514 0.0028339026030153036 0.9986017346382141
24.2077561163522 0.3054693639278412 -0.05895167961716652 -0.005770255345851183 -0.017768332734704018 -0.048002902418375015 0.005551476962864399 0.9986737370491028
24.2577731163522 0.3103882670402527 -0.05978888273239136 -0.0039028218016028404 -0.020332204177975655 -0.04683515802025795 0.008444824256002903 0.9986600279808044
24.3077911163522 0.3055309057235718 -0.05692937970161438 -0.0074730440974235535 -0.020779766142368317 -0.04636300355195999 0.01172051951289177 0.9986397624015808
24.3578081163522 0.3030330240726471 -0.05623861774802208 -0.013376554474234581 -0.022719712927937508 -0.04710644483566284 0.011784481815993786 0.9985619187355042
24.4078251163522 0.2981995642185211 -0.05406082421541214 -0.01698518730700016 -0.02381690964102745 -0.048453979194164276 0.014317736960947514 0.998438835144043
24.4578421163522 0.297760933637619 -0.0508185550570488 -0.018687410280108452 -0.024074742570519447 -0.052479591220617294 0.01653730496764183 0.9981948137283325
24.5078601163522 0.29482021927833557 -0.04860230162739754 -0.020138295367360115 -0.02556183561682701 -0.05440262705087662 0.018535396084189415 0.9980197548866272
24.557877116352202 0.2828827202320099 -0.044465769082307816 -0.021792905405163765 -0.02538149058818817 -0.0552063062787056 0.02010480687022209 0.9979498386383057
24.6078941163522 0.27505141496658325 -0.045499950647354126 -0.029349209740757942 -0.024873036891222 -0.05402873829007149 0.020158881321549416 0.9980260729789734
24.6579111163522 0.2638801634311676 -0.04708709195256233 -0.02956276386976242 -0.023810289800167084 -0.05506560206413269 0.020193981006741524 0.9979945421218872
24.7079291163522 0.2580524981021881 -0.05091317743062973 -0.03477996215224266 -0.021508818492293358 -0.05802595242857933 0.01934705302119255 0.9978958964347839
24.7579461163522 0.24748729169368744 -0.0523456409573555 -0.03654225543141365 -0.017009764909744263 -0.056385960429906845 0.019860969856381416 0.9980666041374207
24.8079631163522 0.23685328662395477 -0.05603150650858879 -0.04720531404018402 -0.013357577845454216 -0.05464845150709152 0.018889272585511208 0.9982376098632812
24.857980116352202 0.22707770764827728 -0.05362594500184059 -0.05345785245299339 -0.007564699277281761 -0.049774397164583206 0.018284214660525322 0.9985644817352295
24.9079981163522 0.219527006149292 -0.05194976180791855 -0.05947422236204147 -0.0016697351820766926 -0.046131376177072525 0.018659329041838646 0.9987597465515137
24.9580151163522 0.20652803778648376 -0.05372690409421921 -0.06056584417819977 0.00463141268119216 -0.039886653423309326 0.01852981373667717 0.9990216493606567
25.0080321163522 0.19025853276252747 -0.05692839249968529 -0.06699849665164948 0.008851142600178719 -0.03301067650318146 0.016800634562969208 0.9992745518684387
25.0580491163522 0.1738828718662262 -0.05986972153186798 -0.07473285496234894 0.012255621142685413 -0.02797744795680046 0.015383238904178143 0.9994150400161743
25.1080661163522 0.16869063675403595 -0.06020929291844368 -0.07895255833864212 0.014608488418161869 -0.028742773458361626 0.01394352875649929 0.9993828535079956
25.1580841163522 0.15049956738948822 -0.06338804960250854 -0.07838352024555206 0.012309986166656017 -0.027834555134177208 0.012715200893580914 0.9994559288024902
25.2081011163522 0.14150042831897736 -0.06250230222940445 -0.07863974571228027 0.012007537297904491 -0.02869032695889473 0.01243789866566658 0.9994388818740845
25.2581181163522 0.12326020747423172 -0.05832041800022125 -0.0797257348895073 0.01247877161949873 -0.027955563738942146 0.010878661647439003 0.9994720816612244
25.3081351163522 0.10775019973516464 -0.06011217087507248 -0.08083120733499527 0.01031254418194294 -0.028155826032161713 0.011261158622801304 0.9994869232177734
25.358153116352202 0.09111719578504562 -0.06625176966190338 -0.08266589045524597 0.006602886598557234 -0.030514832586050034 0.011845461092889309 0.9994423389434814
25.4081701163522 0.07710941880941391 -0.06522656977176666 -0.08254459500312805 0.00571202440187335 -0.03381754830479622 0.012237424962222576 0.999336838722229
25.4581871163522 0.066425621509552 -0.06553769111633301 -0.08028942346572876 0.004268141929060221 -0.03675878420472145 0.012443266808986664 0.999237596988678
25.5082041163522 0.05848068743944168 -0.060768742114305496 -0.07870622724294662 0.005468192044645548 -0.04212900623679161 0.013053545728325844 0.9990119338035583
25.5582221163522 0.04773340001702309 -0.059610117226839066 -0.07812711596488953 0.005924977827817202 -0.04639036953449249 0.012359210290014744 0.9988294243812561
25.608239116352202 0.03800776228308678 -0.059887535870075226 -0.07537689059972763 0.006040189415216446 -0.05283333733677864 0.011194595135748386 0.9985223412513733
25.658256116352202 0.031369227916002274 -0.061306197196245193 -0.07323481142520905 0.007145589683204889 -0.06034531071782112 0.008916154503822327 0.998112142086029
25.7082731163522 0.022783147171139717 -0.06233197823166847 -0.07177431136369705 0.00899437628686428 -0.06572630256414413 0.0074975877068936825 0.9977689981460571
25.7582901163522 0.018677780404686928 -0.06797734647989273 -0.06807130575180054 0.009645027108490467 -0.07103989273309708 0.0048979208804667 0.9974148869514465
25.8083081163522 0.013227728195488453 -0.07206825166940689 -0.061218198388814926 0.010894726030528545 -0.07144071161746979 0.0027667118702083826 0.9973815679550171
25.8583251163522 0.008727582171559334 -0.07078246772289276 -0.056575845927000046 0.013949381187558174 -0.07285948842763901 0.001198250101879239 0.9972439408302307
25.908342116352202 0.005427671130746603 -0.07907719165086746 -0.05176843702793121 0.013529142364859581 -0.07374007254838943 9.417266119271517e-05 0.9971857070922852
25.958359116352202 0.0034268307499587536 -0.07298672944307327 -0.046101149171590805 0.017710257321596146 -0.07627955079078674 -0.0004284892347641289 0.9969291090965271
26.0083771163522 0.012509693391621113 -0.08599478006362915 -0.03882114961743355 0.014181243255734444 -0.08096706867218018 -0.0005004885606467724 0.9966157674789429
26.0583941163522 0.015252186916768551 -0.08877506852149963 -0.01995345577597618 0.014234751462936401 -0.08207136392593384 -6.385991582646966e-05 0.9965248107910156
26.1084111163522 0.015552808530628681 -0.09388226270675659 -0.013156572356820107 0.01205077487975359 -0.08276001363992691 -0.0001583066477905959 0.9964966773986816
26.1584281163522 0.01965680532157421 -0.09414156526327133 -0.003251497633755207 0.012231450527906418 -0.07972569018602371 0.0003437509876675904 0.996741771697998
26.2084461163522 0.032347630709409714 -0.09470000118017197 0.008677784353494644 0.011958588846027851 -0.07589151710271835 0.0011718134628608823 0.9970437288284302
26.2584631163522 0.044725608080625534 -0.09747926145792007 0.01895875297486782 0.010880792513489723 -0.06840697675943375 0.004519918002188206 0.9975879788398743
26.3084801163522 0.05547880753874779 -0.10077950358390808 0.027078812941908836 0.010329211130738258 -0.057969193905591965 0.006735625211149454 0.9982422590255737
26.3584971163522 0.06504504382610321 -0.10525355488061905 0.0372161865234375 0.009569874033331871 -0.04589265584945679 0.010857884772121906 0.9988415241241455
26.408515116352202 0.08844053000211716 -0.10449405759572983 0.04439692571759224 0.011285878717899323 -0.034226007759571075 0.015560920350253582 0.9992293119430542
26.4585321163522 0.1032317504286766 -0.10892398655414581 0.05158047750592232 0.010980197228491306 -0.020837757736444473 0.019332092255353928 0.9995356202125549
26.5085491163522 0.11905422806739807 -0.11291448026895523 0.05959894135594368 0.010413234122097492 -0.008373226039111614 0.023719245567917824 0.9996293783187866
26.5585661163522 0.13399052619934082 -0.11857078969478607 0.06367901712656021 0.009717055596411228 0.004047674126923084 0.027519607916474342 0.999565839767456
26.6085831163522 0.1486770510673523 -0.12325149029493332 0.06949318200349808 0.008760723285377026 0.017264416441321373 0.03010859712958336 0.9993591904640198
26.6586011163522 0.15915003418922424 -0.12606526911258698 0.07389722764492035 0.008900581859052181 0.029621431604027748 0.031727731227874756 0.9990179538726807
26.708618116352202 0.16940812766551971 -0.13102254271507263 0.07738224416971207 0.00945516861975193 0.039188675582408905 0.03411158174276352 0.9986046552658081
26.7586351163522 0.17689280211925507 -0.1364867240190506 0.08494311571121216 0.010269079357385635 0.04959889501333237 0.035736918449401855 0.998076856136322
26.8086521163522 0.1849777102470398 -0.13991238176822662 0.0853605791926384 0.012598319910466671 0.060624878853559494 0.03793656453490257 0.9973599314689636
26.8586701163522 0.18804223835468292 -0.14763203263282776 0.09137579798698425 0.012722459621727467 0.07199380546808243 0.041271939873695374 0.9964696168899536
26.9086871163522 0.19470416009426117 -0.15152893960475922 0.09502647072076797 0.014447840861976147 0.08178558945655823 0.044904425740242004 0.9955330491065979
26.9587041163522 0.19529367983341217 -0.15761122107505798 0.1014537513256073 0.014149632304906845 0.0936601310968399 0.04778412729501724 0.9943562150001526
27.008721116352202 0.19562938809394836 -0.15998373925685883 0.10785011947154999 0.015257987193763256 0.10413920134305954 0.05081697925925255 0.9931464791297913
27.0587391163522 0.19577714800834656 -0.16216614842414856 0.11614380031824112 0.01620575599372387 0.11626645922660828 0.053889624774456024 0.9916226267814636
27.1087561163522 0.19224540889263153 -0.16396646201610565 0.12133084237575531 0.017326876521110535 0.12897323071956635 0.0587179996073246 0.9897565245628357
27.1587731163522 0.19014674425125122 -0.16537335515022278 0.1292649209499359 0.018460728228092194 0.13967376947402954 0.06409420818090439 0.9879485964775085
27.2087901163522 0.187195286154747 -0.16407771408557892 0.13923434913158417 0.020013637840747833 0.1535281538963318 0.07121977210044861 0.9853711724281311
27.2588071163522 0.18266303837299347 -0.16828829050064087 0.14705772697925568 0.019458647817373276 0.163829505443573 0.07749365270137787 0.983247697353363
27.3088251163522 0.17981866002082825 -0.16685903072357178 0.153015598654747 0.02028522454202175 0.17264454066753387 0.08447301387786865 0.9811456799507141
27.3588421163522 0.16949503123760223 -0.16288168728351593 0.16685573756694794 0.021129410713911057 0.17955511808395386 0.09085755050182343 0.9793152809143066
27.4088591163522 0.15725982189178467 -0.1657181829214096 0.17098090052604675 0.01962193101644516 0.18396174907684326 0.0934712141752243 0.9782823324203491
27.4588761163522 0.15602190792560577 -0.16891388595104218 0.18115046620368958 0.016129564493894577 0.1863652914762497 0.09732487052679062 0.9775151014328003
27.508894116352202 0.15257108211517334 -0.165438711643219 0.1816798895597458 0.015944253653287888 0.18218739330768585 0.09878396987915039 0.9781591296195984
27.5589111163522 0.14173851907253265 -0.16669496893882751 0.19217327237129211 0.012086620554327965 0.183207169175148 0.09970538318157196 0.97793048620224
27.6089281163522 0.1221986636519432 -0.16439573466777802 0.20469826459884644 0.011096852831542492 0.184090718626976 0.10064800083637238 0.9776796102523804
27.6589451163522 0.1152854785323143 -0.16708454489707947 0.21152177453041077 0.0072814105078577995 0.18124434351921082 0.10178685933351517 0.9781293869018555
27.7089631163522 0.10166355222463608 -0.16600383818149567 0.220734640955925 0.0068128881976008415 0.17914563417434692 0.10295674949884415 0.9783968925476074
27.758980116352202 0.09487739205360413 -0.16879452764987946 0.223214790225029 0.005173007491976023 0.1701284795999527 0.10250947624444962 0.980061948299408
27.808997116352202 0.07850433140993118 -0.172443687915802 0.2339724451303482 0.00354514317587018 0.16697576642036438 0.09808307141065598 0.9810638427734375
27.8590141163522 0.06648881733417511 -0.17313966155052185 0.2404589056968689 0.0039016876835376024 0.16047890484333038 0.0932222381234169 0.9826194643974304
27.9090321163522 0.05582404136657715 -0.1761428266763687 0.24822895228862762 0.002292356453835964 0.15436303615570068 0.0883367583155632 0.9840545654296875
27.9590491163522 0.04858395457267761 -0.18080385029315948 0.2524481415748596 0.0011275067226961255 0.1458907425403595 0.08527696877717972 0.9856178760528564
28.0090661163522 0.04184871166944504 -0.18441899120807648 0.2565433084964752 2.3892453100415878e-05 0.13677304983139038 0.08130232989788055 0.9872604012489319
28.059083116352202 0.03622109070420265 -0.1858959197998047 0.26184824109077454 0.0007553144241683185 0.1304241567850113 0.07759501785039902 0.9884169101715088
28.1091001163522 0.02865001931786537 -0.18904228508472443 0.26774197816848755 0.0009173297439701855 0.12628203630447388 0.0735778957605362 0.9892615079879761
28.1591181163522 0.022252582013607025 -0.1903134137392044 0.2708773612976074 0.00235023838467896 0.12162934243679047 0.0712662935256958 0.9900110960006714
28.2091351163522 0.018637990579009056 -0.19357144832611084 0.2746634781360626 0.0024424877483397722 0.1166536882519722 0.06994329392910004 0.990703821182251
28.2591521163522 0.016072198748588562 -0.19561393558979034 0.2773853540420532 0.0028961675707250834 0.11128409951925278 0.0694640576839447 0.9913537502288818
28.3091691163522 0.013026416301727295 -0.19567666947841644 0.27924996614456177 0.004079447593539953 0.10819139331579208 0.06715216487646103 0.9918511509895325
28.3591871163522 0.009446093812584877 -0.20220282673835754 0.28277507424354553 0.0023142320569604635 0.1061994880437851 0.06484046578407288 0.9922258257865906
28.4092041163522 0.010740463621914387 -0.20387986302375793 0.2806231379508972 0.0025008227676153183 0.10272704064846039 0.06293017417192459 0.9927138686180115
28.4592211163522 0.014881209470331669 -0.20481793582439423 0.2780251204967499 0.0026876276824623346 0.09943410009145737 0.06120133772492409 0.9931566119194031
28.5092381163522 0.017102515324950218 -0.20368967950344086 0.2777365744113922 0.0016625557327643037 0.09745362401008606 0.058927252888679504 0.9934926629066467
28.559256116352202 0.020218342542648315 -0.20154482126235962 0.26889172196388245 0.002165447920560837 0.09591879695653915 0.0574418343603611 0.9937280416488647
28.6092731163522 0.028919145464897156 -0.2022179216146469 0.2680349051952362 0.0022830311208963394 0.09410052001476288 0.05672082677483559 0.9939429759979248
28.6592901163522 0.0345023050904274 -0.2006722092628479 0.264346718788147 0.002942138584330678 0.09351996332406998 0.056189730763435364 0.994026243686676
28.7093071163522 0.03811003267765045 -0.20196908712387085 0.26449814438819885 0.0020698884036391973 0.0967777669429779 0.0555952787399292 0.9937499761581421
28.7593241163522 0.050282541662454605 -0.2035350501537323 0.257196843624115 0.0015368874883279204 0.09709792584180832 0.05625055357813835 0.9936828017234802
28.8093421163522 0.05468602105975151 -0.19579538702964783 0.25130558013916016 0.004426127299666405 0.09892160445451736 0.056755416095256805 0.9934656023979187
28.859359116352202 0.07210846245288849 -0.19017280638217926 0.24297191202640533 0.005637621972709894 0.09724470227956772 0.058420874178409576 0.993528425693512
28.9093761163522 0.09024492651224136 -0.18345367908477783 0.23170457780361176 0.007333914749324322 0.09366954118013382 0.06115825101733208 0.9936960935592651
28.9593931163522 0.10047078877687454 -0.17760084569454193 0.22102327644824982 0.007867108099162579 0.09239572286605835 0.06036169081926346 0.9938599467277527
29.0094111163522 0.10594907402992249 -0.1757701188325882 0.21549510955810547 0.005340994335711002 0.09105175733566284 0.05842878669500351 0.9941162467002869
29.0594281163522 0.12166930735111237 -0.16791214048862457 0.2029808759689331 0.005098404828459024 0.08619970828294754 0.05782944709062576 0.9945850968360901
29.1094451163522 0.13027329742908478 -0.15992023050785065 0.1937486082315445 0.004012295976281166 0.08569445461034775 0.05391903221607208 0.9948533773422241
29.159462116352202 0.1450408399105072 -0.16892607510089874 0.18268755078315735 -0.004989496432244778 0.08123808354139328 0.05194239318370819 0.9953278303146362
29.2094801163522 0.15143465995788574 -0.16180755198001862 0.17502516508102417 -0.006756270304322243 0.07841069996356964 0.04849898815155029 0.9957178235054016
29.2594971163522 0.15635377168655396 -0.15706415474414825 0.1672857403755188 -0.00989394448697567 0.07497750222682953 0.04704791307449341 0.9960256218910217
29.3095141163522 0.15946312248706818 -0.15121842920780182 0.1598595678806305 -0.011909479275345802 0.07047534734010696 0.04437287151813507 0.9964549541473389
29.3595311163522 0.1671433448791504 -0.14774668216705322 0.15248551964759827 -0.014425888657569885 0.06572070717811584 0.042947519570589066 0.9968090057373047
29.4095491163522 0.17074863612651825 -0.1402641236782074 0.14882832765579224 -0.013945125974714756 0.058204714208841324 0.04264839366078377 0.9972957968711853
29.4595661163522 0.16765330731868744 -0.13394491374492645 0.14458943903446198 -0.013314882293343544 0.05279569700360298 0.04213152453303337 0.9976273775100708
29.5095831163522 0.16599851846694946 -0.13051359355449677 0.14060434699058533 -0.013433755375444889 0.04698607698082924 0.04176630824804306 0.9979315400123596
29.5596001163522 0.16171146929264069 -0.12812721729278564 0.13939642906188965 -0.013410261832177639 0.03785211592912674 0.04228019714355469 0.9982984662055969
29.6096171163522 0.15685532987117767 -0.1257445365190506 0.13958211243152618 -0.013959642499685287 0.029104942455887794 0.04131373018026352 0.9986246824264526
29.6596351163522 0.14828842878341675 -0.12423192709684372 0.13979178667068481 -0.015060974285006523 0.022800521925091743 0.040845952928066254 0.9987917542457581
29.7096521163522 0.14345289766788483 -0.12472947686910629 0.1451086699962616 -0.01736590825021267 0.018464362248778343 0.040779564529657364 0.9988466501235962
29.7596691163522 0.13152290880680084 -0.12532375752925873 0.1516105681657791 -0.01899632066488266 0.015742573887109756 0.04160638526082039 0.9988294839859009
29.8096861163522 0.12289687991142273 -0.12317945063114166 0.16037516295909882 -0.020190445706248283 0.010465966537594795 0.041292570531368256 0.9988883137702942
29.8597041163522 0.11458058655261993 -0.12170520424842834 0.16538286209106445 -0.021754777058959007 0.008008087053894997 0.04000488668680191 0.9989305734634399
29.909721116352202 0.10382014513015747 -0.12408331781625748 0.17733021080493927 -0.025044631212949753 0.007648006081581116 0.03894556686282158 0.9988982081413269
29.9597381163522 0.08702018111944199 -0.12523823976516724 0.19147571921348572 -0.02749549224972725 0.012290525250136852 0.03668598458170891 0.9988729953765869
30.0097551163522 0.07325728237628937 -0.12911924719810486 0.2017635703086853 -0.03000304289162159 0.015566134825348854 0.03838992491364479 0.9986910223960876
30.0597731163522 0.06024225056171417 -0.125774085521698 0.22076278924942017 -0.028547395020723343 0.021219640970230103 0.03910376504063606 0.9986018538475037
30.1097901163522 0.05235614255070686 -0.13042901456356049 0.23393988609313965 -0.0289144366979599 0.02794565074145794 0.04367780312895775 0.9982360601425171
30.1598071163522 0.04143109172582626 -0.1412133127450943 0.2444559782743454 -0.02982882224023342 0.03386521711945534 0.050061747431755066 0.9977260231971741
30.209824116352202 0.033601727336645126 -0.1465035378932953 0.2591031491756439 -0.02885572239756584 0.03843928501009941 0.056345537304878235 0.9972537159919739
30.2598411163522 0.024705655872821808 -0.15296226739883423 0.2707526385784149 -0.027645673602819443 0.04385596886277199 0.06205209344625473 0.9967256784439087
30.3098591163522 0.017102008685469627 -0.15631869435310364 0.28074899315834045 -0.02622782625257969 0.048420391976833344 0.06620225310325623 0.9962855577468872
30.3598761163522 0.009579647332429886 -0.1625649482011795 0.28692713379859924 -0.026508575305342674 0.055582351982593536 0.0662732943892479 0.995899498462677
30.4098931163522 0.005562438163906336 -0.1686740517616272 0.2960383892059326 -0.02747812494635582 0.057913534343242645 0.07040625810623169 0.9954566955566406
30.4599101163522 -0.0029639059212058783 -0.17414699494838715 0.3061792552471161 -0.028709402307868004 0.06178630143404007 0.07063446938991547 0.995172917842865
30.5099281163522 -0.007252003066241741 -0.17728346586227417 0.3128308951854706 -0.028576351702213287 0.06197519600391388 0.07233928143978119 0.9950425028800964
30.5599451163522 -0.013464394956827164 -0.1845645308494568 0.3158625066280365 -0.030262116342782974 0.06168422847986221 0.07226952910423279 0.9950157999992371
30.6099621163522 -0.023375321179628372 -0.1853073239326477 0.3255118131637573 -0.029133081436157227 0.06486180424690247 0.07151155173778534 0.9949021935462952
30.6599791163522 -0.02430596388876438 -0.1924401968717575 0.3318732678890228 -0.031224707141518593 0.06374349445104599 0.07276017218828201 0.9948205351829529
30.709997116352202 -0.024297991767525673 -0.20127463340759277 0.33712902665138245 -0.03382875397801399 0.0642298012971878 0.07246223092079163 0.9947258234024048
30.7600141163522 -0.029630910605192184 -0.2030247151851654 0.34329795837402344 -0.03213532269001007 0.06840091198682785 0.07176688313484192 0.9945542812347412
30.8100311163522 -0.0245305635035038 -0.20861540734767914 0.3443202078342438 -0.031406283378601074 0.07272250950336456 0.07375974208116531 0.9941250681877136
30.8600481163522 -0.01705816388130188 -0.2115781158208847 0.34295791387557983 -0.02854575216770172 0.07820335775613785 0.07589437812566757 0.9936345219612122
30.9100661163522 -0.012972148135304451 -0.2161717563867569 0.3424277603626251 -0.026415990665555 0.08340517431497574 0.07806679606437683 0.9931018948554993
30.9600831163522 -0.005903184879571199 -0.2185545265674591 0.3402113914489746 -0.024502765387296677 0.08920032531023026 0.0783170834183693 0.9926275610923767
31.010100116352202 0.001364185125567019 -0.22164732217788696 0.33715128898620605 -0.024196147918701172 0.09582623094320297 0.07799357175827026 0.9920427799224854
31.0601171163522 0.011657731607556343 -0.22142352163791656 0.33184027671813965 -0.023289745673537254 0.09944689273834229 0.07800796627998352 0.9917070269584656
31.1101341163522 0.019226834177970886 -0.22007891535758972 0.32857733964920044 -0.024007713422179222 0.10720266401767731 0.07688294351100922 0.9909693598747253
31.1601521163522 0.03221939876675606 -0.21622851490974426 0.3255038559436798 -0.024863872677087784 0.11530228704214096 0.07739195227622986 0.9899988770484924
31.2101691163522 0.04339456558227539 -0.2135724276304245 0.32130998373031616 -0.026443129405379295 0.12373654544353485 0.07791804522275925 0.9888978004455566
31.2601861163522 0.05551382899284363 -0.21167205274105072 0.3164058327674866 -0.02744213677942753 0.13261036574840546 0.07928457111120224 0.9876109957695007
31.310203116352202 0.0676562488079071 -0.2088833749294281 0.30915504693984985 -0.02809598110616207 0.14138883352279663 0.08094549924135208 0.9862391352653503
31.3602211163522 0.07857263833284378 -0.20532888174057007 0.3036646246910095 -0.028425192460417747 0.14963261783123016 0.08251362293958664 0.9848825335502625
31.4102381163522 0.09198891371488571 -0.20155584812164307 0.2978067100048065 -0.02969103492796421 0.15570718050003052 0.0848611518740654 0.9837033748626709
31.4602551163522 0.10665608942508698 -0.1948692947626114 0.2918004095554352 -0.03175554424524307 0.16159674525260925 0.08588162809610367 0.9825998544692993
31.5102721163522 0.1176503375172615 -0.19085070490837097 0.2866557836532593 -0.03612913936376572 0.1690085381269455 0.08520940691232681 0.9812595248222351
31.5602901163522 0.12886743247509003 -0.18343426287174225 0.28344252705574036 -0.03958698362112045 0.16813094913959503 0.08509228378534317 0.9812870621681213
31.6103071163522 0.1343645453453064 -0.1810382753610611 0.28029513359069824 -0.04438990727066994 0.16602826118469238 0.082911916077137 0.9816261529922485
31.6603241163522 0.14096994698047638 -0.17313861846923828 0.27989035844802856 -0.04772692546248436 0.16441531479358673 0.0817437618970871 0.9818389415740967
31.7103411163522 0.13920004665851593 -0.16661395132541656 0.2822457551956177 -0.05067567899823189 0.16240552067756653 0.08075401932001114 0.9821075201034546
31.7603581163522 0.14304997026920319 -0.16070032119750977 0.2867039442062378 -0.05310419201850891 0.15716688334941864 0.08049269020557404 0.9828526973724365
31.8103761163522 0.14225755631923676 -0.16102391481399536 0.29593050479888916 -0.05874055251479149 0.1552094966173172 0.07881009578704834 0.982979416847229
31.8603931163522 0.14331160485744476 -0.16287805140018463 0.3073124587535858 -0.0638328418135643 0.15496569871902466 0.07674992084503174 0.9828634262084961
31.9104101163522 0.14523330330848694 -0.1505178064107895 0.31434139609336853 -0.05996086075901985 0.15190055966377258 0.07785873115062714 0.9834983348846436
31.9604271163522 0.1429186910390854 -0.15029902756214142 0.32595935463905334 -0.060299813747406006 0.14949026703834534 0.07670397311449051 0.9839375615119934
32.0104451163522 0.1403108537197113 -0.15712589025497437 0.3387632966041565 -0.061285991221666336 0.14482037723064423 0.07568269222974777 0.984653890132904
32.0604621163522 0.1386503428220749 -0.16359104216098785 0.353493869304657 -0.060518186539411545 0.14126691222190857 0.07466056197881699 0.9852953553199768
32.1104791163522 0.13895009458065033 -0.17042529582977295 0.37054431438446045 -0.05847710743546486 0.14127467572689056 0.07553625851869583 0.9853508472442627
32.1604961163522 0.14203618466854095 -0.17861513793468475 0.38496363162994385 -0.05582418292760849 0.13993105292320251 0.07784190028905869 0.9855169653892517
32.2105141163522 0.14399778842926025 -0.19071121513843536 0.4004928171634674 -0.05543237552046776 0.1443326771259308 0.07953093200922012 0.9847691059112549
32.2605311163522 0.15208952128887177 -0.19485506415367126 0.41742318868637085 -0.05180264264345169 0.14506767690181732 0.08444878458976746 0.9844492673873901
32.3105481163522 0.1582159847021103 -0.2035788893699646 0.43086203932762146 -0.05053495243191719 0.15023018419742584 0.08900828659534454 0.9833385348320007
32.3605651163522 0.1657363772392273 -0.21090272068977356 0.4444183111190796 -0.049648549407720566 0.15627561509609222 0.09222804009914398 0.9821441173553467
32.4105831163522 0.17418994009494781 -0.21561738848686218 0.4574425518512726 -0.04931772127747536 0.16382670402526855 0.09423209726810455 0.9807389974594116
32.460600116352204 0.18394874036312103 -0.22212256491184235 0.4676907956600189 -0.051296692341566086 0.17306649684906006 0.09521260857582092 0.9789541959762573
32.5106171163522 0.19315199553966522 -0.22458069026470184 0.47517693042755127 -0.0516221858561039 0.18111459910869598 0.09515020996332169 0.9774861335754395
32.5606341163522 0.2026626020669937 -0.22749009728431702 0.48047110438346863 -0.05324649438261986 0.19157128036022186 0.09462868422269821 0.9754540920257568
32.6106511163522 0.21028879284858704 -0.23009255528450012 0.48620447516441345 -0.05582616105675697 0.19917164742946625 0.0930817574262619 0.9739353060722351
32.6606691163522 0.21735453605651855 -0.23208564519882202 0.49017322063446045 -0.05920074135065079 0.20643284916877747 0.09247057884931564 0.9722808599472046
32.7106861163522 0.22082942724227905 -0.23092502355575562 0.49218299984931946 -0.06161246448755264 0.21235547959804535 0.09249234944581985 0.9708523154258728
32.760703116352204 0.2261703908443451 -0.22733664512634277 0.4925186038017273 -0.0639096274971962 0.21639756858348846 0.09422527253627777 0.9696438908576965
32.8107201163522 0.23177017271518707 -0.2273869812488556 0.49333393573760986 -0.06943625211715698 0.21752870082855225 0.09734835475683212 0.9687018394470215
32.8607381163522 0.2311202734708786 -0.22181490063667297 0.4926132559776306 -0.07153256982564926 0.2148512452840805 0.10106697678565979 0.9687659740447998
32.9107551163522 0.23258697986602783 -0.21266143023967743 0.4951428174972534 -0.07252206653356552 0.21271581947803497 0.10390301048755646 0.9688636064529419
32.9607721163522 0.2261417657136917 -0.20704969763755798 0.49899646639823914 -0.07396192103624344 0.20503097772598267 0.10525834560394287 0.970264196395874
33.0107891163522 0.21907319128513336 -0.2038908153772354 0.5017134547233582 -0.07591579854488373 0.19414538145065308 0.10586296766996384 0.9722846746444702
33.0608071163522 0.20816662907600403 -0.20166629552841187 0.5059514045715332 -0.07806726545095444 0.18184326589107513 0.10295963287353516 0.9748014807701111
33.1108241163522 0.1941353976726532 -0.19822494685649872 0.5085046887397766 -0.078372523188591 0.16783952713012695 0.10075445473194122 0.9775153398513794
33.1608411163522 0.17916956543922424 -0.1973811388015747 0.5106596946716309 -0.08081364631652832 0.15295055508613586 0.09460845589637756 0.9803696274757385
33.2108581163522 0.162611186504364 -0.19590657949447632 0.5134230256080627 -0.08281950652599335 0.13655881583690643 0.08864077180624008 0.9831762313842773
33.2608751163522 0.14436516165733337 -0.1926393359899521 0.515174925327301 -0.08397276699542999 0.12129833549261093 0.08163414895534515 0.9856830835342407
33.3108931163522 0.12715895473957062 -0.19203893840312958 0.5148096680641174 -0.08666487783193588 0.1045580804347992 0.07525070011615753 0.9878736138343811
33.3609101163522 0.10842160880565643 -0.19121478497982025 0.5145122408866882 -0.08863271772861481 0.086981862783432 0.06999079883098602 0.9897876977920532
33.4109271163522 0.09120319038629532 -0.18974237143993378 0.5139794945716858 -0.08936581015586853 0.071056067943573 0.06413054466247559 0.9913889765739441
33.4609441163522 0.0727655366063118 -0.18761445581912994 0.5118958353996277 -0.08890137821435928 0.05573813617229462 0.05886302888393402 0.9927361011505127
33.510962116352204 0.0555545873939991 -0.18815581500530243 0.5095094442367554 -0.08900917321443558 0.04165986552834511 0.05397581309080124 0.9936943650245667
33.5609791163522 0.037168238312006 -0.1866806149482727 0.507634162902832 -0.08722518384456635 0.029483117163181305 0.04883483424782753 0.9945540428161621
33.6109961163522 0.021249430254101753 -0.1887475997209549 0.5072042942047119 -0.08725857734680176 0.015513131394982338 0.04375789687037468 0.9951032996177673
33.6610131163522 0.005984137300401926 -0.18939681351184845 0.5060064196586609 -0.08551100641489029 0.0042398832738399506 0.03895530104637146 0.9955663681030273
33.7110311163522 -0.0074809277430176735 -0.19340388476848602 0.5060665607452393 -0.08545830100774765 -0.006328449118882418 0.03432662412524223 0.9957302212715149
33.7610481163522 -0.01655270904302597 -0.2002636194229126 0.5070350766181946 -0.08591938018798828 -0.015121152624487877 0.03252030536532402 0.9956563711166382
33.811065116352204 -0.02912820316851139 -0.2006118893623352 0.510612964630127 -0.08173029124736786 -0.018864011391997337 0.030449114739894867 0.9960106611251831
33.8610821163522 -0.03611362725496292 -0.20519354939460754 0.5134297013282776 -0.07909384369850159 -0.022695017978549004 0.029441101476550102 0.9961739182472229
33.9111001163522 -0.04271109029650688 -0.21212586760520935 0.5185866355895996 -0.0760807916522026 -0.02285182662308216 0.02747562900185585 0.996461033821106
33.9611171163522 -0.04426880180835724 -0.21745838224887848 0.525300145149231 -0.07165908068418503 -0.021726856008172035 0.026240337640047073 0.9968472719192505
34.0111341163522 -0.042047515511512756 -0.22785750031471252 0.5317124128341675 -0.06947854161262512 -0.021068530157208443 0.026596369221806526 0.9970062971115112
34.0611511163522 -0.04304921254515648 -0.232400581240654 0.5383397936820984 -0.06486248224973679 -0.019097138196229935 0.026853103190660477 0.9973500967025757
34.111168116352204 -0.04669656604528427 -0.2390168309211731 0.5451700687408447 -0.062488291412591934 -0.012921515852212906 0.02505417913198471 0.9976475834846497
34.1611861163522 -0.0425223633646965 -0.24819260835647583 0.5516737699508667 -0.06184394657611847 -0.0033527694176882505 0.026331450790166855 0.9977328181266785
34.2112031163522 -0.03644661232829094 -0.25220391154289246 0.5573623776435852 -0.05906655639410019 0.004455906338989735 0.0287435594946146 0.9978302717208862
34.2612201163522 -0.03157555311918259 -0.256046324968338 0.563776433467865 -0.05736479163169861 0.012656115926802158 0.03183281421661377 0.9977654218673706
34.3112371163522 -0.022981232032179832 -0.25904276967048645 0.5683446526527405 -0.05708679184317589 0.02023302949965 0.035626720637083054 0.9975281953811646
34.3612551163522 -0.01481577381491661 -0.2588437795639038 0.5711714625358582 -0.05715802684426308 0.02748415619134903 0.039226990193128586 0.9972155690193176
34.4112721163522 -0.010095499455928802 -0.25564730167388916 0.5748581290245056 -0.05818396061658859 0.03945091739296913 0.039761535823345184 0.9967333674430847
34.4612891163522 -0.0025534199085086584 -0.2546714246273041 0.5784565806388855 -0.06285017728805542 0.04699135199189186 0.042718350887298584 0.9960004091262817
34.5113061163522 0.003573158523067832 -0.2498333603143692 0.5811673402786255 -0.06746899336576462 0.055451650172472 0.04530537500977516 0.9951484799385071
34.5613241163522 0.008978511206805706 -0.24352796375751495 0.582841694355011 -0.07280420511960983 0.06138073280453682 0.04822550341486931 0.994286835193634
34.6113411163522 0.014673526398837566 -0.23857223987579346 0.5833336114883423 -0.0788193792104721 0.06509264558553696 0.05154559761285782 0.993425190448761
34.6613581163522 0.016372956335544586 -0.23075899481773376 0.584302544593811 -0.08270411938428879 0.06786368787288666 0.054794397205114365 0.992749810218811
34.7113751163522 0.018670931458473206 -0.22254912555217743 0.581607460975647 -0.08470418304204941 0.06229887902736664 0.058092448860406876 0.9927584528923035
34.7613921163522 0.015589797869324684 -0.21812602877616882 0.5776088833808899 -0.08840365707874298 0.05760370194911957 0.05854819715023041 0.9926927089691162
34.8114101163522 0.009518327191472054 -0.21080218255519867 0.5743712782859802 -0.08995680510997772 0.04883443936705589 0.05799362063407898 0.9930558204650879
34.8614271163522 0.0020964031573385 -0.208535835146904 0.5715537071228027 -0.09434296935796738 0.03638765588402748 0.05697295069694519 0.9932419061660767
34.9114441163522 -0.009001631289720535 -0.20183779299259186 0.5670367479324341 -0.09625566005706787 0.021873338147997856 0.053080786019563675 0.9936996102333069
34.9614611163522 -0.020902415737509727 -0.19576285779476166 0.5616297721862793 -0.09886229038238525 0.0051914700306952 0.0485408715903759 0.9939029216766357
35.0114791163522 -0.03495577722787857 -0.18970295786857605 0.557651698589325 -0.10244598984718323 -0.007631760556250811 0.04151153191924095 0.9938427209854126
35.0614961163522 -0.0467296727001667 -0.18437911570072174 0.5510702133178711 -0.10596459358930588 -0.02429029904305935 0.03684403374791145 0.9933901429176331
35.1115131163522 -0.058927468955516815 -0.18138371407985687 0.5432143211364746 -0.10982171446084976 -0.039521973580121994 0.03191390261054039 0.9926523566246033
35.1615301163522 -0.07297129184007645 -0.17653027176856995 0.5335623621940613 -0.11028437316417694 -0.0523124597966671 0.027737004682421684 0.9921348094940186
35.2115481163522 -0.0852547287940979 -0.1698983609676361 0.5225337147712708 -0.10769374668598175 -0.06340252608060837 0.02422920987010002 0.9918645024299622
35.2615651163522 -0.09612027555704117 -0.16844475269317627 0.5075841546058655 -0.10418838262557983 -0.0760759562253952 0.021849893033504486 0.9914029836654663
35.3115821163522 -0.10450021922588348 -0.1692960262298584 0.48980948328971863 -0.09994468092918396 -0.09333833307027817 0.019795604050159454 0.9904076457023621
35.3615991163522 -0.11479249596595764 -0.16548672318458557 0.47253552079200745 -0.09175662696361542 -0.10318778455257416 0.014602058567106724 0.9903129935264587
35.411617116352204 -0.11628969013690948 -0.1716974526643753 0.45348143577575684 -0.08762054145336151 -0.11119672656059265 0.012279186397790909 0.9898520708084106
35.4616341163522 -0.12121839076280594 -0.1726197600364685 0.4383038580417633 -0.0807536393404007 -0.11176501959562302 0.011606312356889248 0.9903801083564758
35.5116511163522 -0.12404536455869675 -0.17336732149124146 0.41984546184539795 -0.07412862032651901 -0.11087901145219803 0.010214883834123611 0.9910128712654114
35.5616681163522 -0.11726277321577072 -0.17413429915905 0.4103736877441406 -0.06838425993919373 -0.1070336177945137 0.009488415904343128 0.9918555617332458
35.6116851163522 -0.10924764722585678 -0.17261824011802673 0.3958914577960968 -0.061748143285512924 -0.0978311151266098 0.01001154538244009 0.9932351112365723
35.6617031163522 -0.09902181476354599 -0.1737561970949173 0.38625356554985046 -0.05784960091114044 -0.08570917695760727 0.010707438923418522 0.9945817589759827
35.711720116352204 -0.08996085077524185 -0.17172466218471527 0.3727375566959381 -0.05344809591770172 -0.07305052876472473 0.011479517444968224 0.9958288669586182
35.7617371163522 -0.07972517609596252 -0.1692524254322052 0.36023378372192383 -0.05124915391206741 -0.06018400192260742 0.012672514654695988 0.99679034948349
35.8117541163522 -0.07150665670633316 -0.16725580394268036 0.34606829285621643 -0.05058061704039574 -0.043451108038425446 0.014627943746745586 0.997667133808136
35.8617721163522 -0.06336988508701324 -0.15967589616775513 0.3327077627182007 -0.050356101244688034 -0.030397575348615646 0.018356744199991226 0.9980998635292053
35.9117891163522 -0.05706322193145752 -0.15242448449134827 0.3187786638736725 -0.051406458020210266 -0.019094834104180336 0.022792791947722435 0.9982351064682007
35.9618061163522 -0.049484431743621826 -0.14192718267440796 0.3056512475013733 -0.052204679697752 -0.00876382365822792 0.02538776770234108 0.9982752203941345
36.011823116352204 -0.04023820534348488 -0.13473312556743622 0.29230573773384094 -0.055081240832805634 -0.00044598415843211114 0.02989744395017624 0.9980341196060181
36.0618411163522 -0.037600237876176834 -0.12706902623176575 0.2791318893432617 -0.05739501118659973 0.00717604486271739 0.032857418060302734 0.9977849125862122
36.1118581163522 -0.031080948188900948 -0.11882425844669342 0.267724871635437 -0.060426242649555206 0.009561212733387947 0.03870972618460655 0.9973759651184082
36.1618751163522 -0.026921875774860382 -0.10858342051506042 0.2577393651008606 -0.06273381412029266 0.012823295779526234 0.04246614873409271 0.9970439672470093
36.2118921163522 -0.022002534940838814 -0.10276632010936737 0.2474798858165741 -0.06778905540704727 0.01460377685725689 0.04645026847720146 0.9965108036994934
36.2619091163522 -0.02694128267467022 -0.09333498030900955 0.24478816986083984 -0.07105616480112076 0.015321681275963783 0.04885156452655792 0.9961575269699097
36.3119271163522 -0.02321363426744938 -0.09041143953800201 0.23522861301898956 -0.07487190514802933 0.011938897892832756 0.05166081339120865 0.9957825541496277
36.3619441163522 -0.024820590391755104 -0.08524523675441742 0.22796329855918884 -0.0757012739777565 0.004198327194899321 0.05099872127175331 0.9958166480064392
36.4119611163522 -0.032158736139535904 -0.08219660818576813 0.2225683182477951 -0.07535941898822784 -0.005255172494798899 0.0482298918068409 0.9959755539894104
36.4619781163522 -0.03590081259608269 -0.08295223861932755 0.21824313700199127 -0.07616692036390305 -0.015190721489489079 0.0434422604739666 0.9960324764251709
36.5119961163522 -0.042201682925224304 -0.0816502496600151 0.2106390744447708 -0.07438076287508011 -0.025819428265094757 0.037138860672712326 0.996203601360321
36.5620131163522 -0.046586208045482635 -0.08238714933395386 0.20279662311077118 -0.0731094628572464 -0.03464660793542862 0.03152085095643997 0.9962234497070312
36.6120301163522 -0.04642795771360397 -0.08310728520154953 0.19277329742908478 -0.07004395872354507 -0.04328849911689758 0.026656797155737877 0.9962476491928101
36.6620471163522 -0.04398634284734726 -0.08609133213758469 0.1871132254600525 -0.06748110055923462 -0.04876871779561043 0.02215975895524025 0.9962815642356873
36.7120651163522 -0.03069695085287094 -0.0886583998799324 0.18076856434345245 -0.06301823258399963 -0.05448049679398537 0.017735062167048454 0.9963664412498474
36.762082116352204 -0.019341476261615753 -0.08633895963430405 0.1711353361606598 -0.05587099865078926 -0.05648887902498245 0.0122153852134943 0.9967639446258545
36.8120991163522 -0.0025912635028362274 -0.08746825158596039 0.1584552675485611 -0.04888283088803291 -0.05871626362204552 0.008097708225250244 0.9970442652702332
36.8621161163522 0.014834356494247913 -0.08862537890672684 0.14230065047740936 -0.0433010458946228 -0.06176487356424332 0.003263909835368395 0.9971456527709961
36.9121341163522 0.033559758216142654 -0.08819133788347244 0.13011977076530457 -0.03851652890443802 -0.05902142450213432 -0.0011234103003516793 0.9975128173828125
36.9621511163522 0.05606195703148842 -0.08374135941267014 0.11920616030693054 -0.03499150276184082 -0.05705295875668526 -0.005680762231349945 0.9977415800094604
37.0121681163522 0.07969892024993896 -0.0862361267209053 0.1075332909822464 -0.03624081611633301 -0.054791152477264404 -0.009761517867445946 0.9977921843528748
37.062185116352204 0.10047382116317749 -0.08330486714839935 0.09764577448368073 -0.037192944437265396 -0.05143162980675697 -0.011777279898524284 0.9979142546653748
37.1122021163522 0.12266381084918976 -0.08110629767179489 0.08919074386358261 -0.03969041630625725 -0.049157820641994476 -0.01413057092577219 0.9979020357131958
37.1622201163522 0.14669817686080933 -0.0774361789226532 0.08008982241153717 -0.043315306305885315 -0.045427460223436356 -0.015844929963350296 0.9979023933410645
37.2122371163522 0.1669846475124359 -0.07211726903915405 0.07337097823619843 -0.046669404953718185 -0.04308745265007019 -0.014821217395365238 0.9978706240653992
37.2622541163522 0.1879531592130661 -0.06762491911649704 0.06721922010183334 -0.051097020506858826 -0.0387457050383091 -0.011555093340575695 0.997874915599823
37.3122711163522 0.2093123346567154 -0.06353556364774704 0.06160714477300644 -0.05385276675224304 -0.03311459720134735 -0.007641189265996218 0.9979704022407532
37.3622891163522 0.22586026787757874 -0.05551962926983833 0.058048494160175323 -0.05358216166496277 -0.024561380967497826 -0.0011540204286575317 0.9982606768608093
37.4123061163522 0.2483207732439041 -0.05273665115237236 0.05256609618663788 -0.05378606170415878 -0.01987149938941002 0.00649702874943614 0.9983336329460144
37.4623231163522 0.2650653123855591 -0.04975057393312454 0.04593706876039505 -0.05316277593374252 -0.016347331926226616 0.01446120347827673 0.9983473420143127
37.5123401163522 0.2750523090362549 -0.044438693672418594 0.03995656222105026 -0.05122982710599899 -0.01146799698472023 0.021833887323737144 0.9983823895454407
37.5623581163522 0.2856144309043884 -0.04195363447070122 0.0347013957798481 -0.05049782991409302 -0.009844103828072548 0.029598915949463844 0.9982369542121887
37.6123751163522 0.29314354062080383 -0.03582767769694328 0.03301088511943817 -0.04913383349776268 -0.007484967354685068 0.036570947617292404 0.9980944395065308
37.6623921163522 0.2895785868167877 -0.03686099126935005 0.023802442476153374 -0.0487653873860836 -0.0050888387486338615 0.042214684188365936 0.9979047775268555
37.7124091163522 0.2935851812362671 -0.03169376775622368 0.02383558265864849 -0.04671747237443924 -0.01063584815710783 0.04606069251894951 0.9977889657020569
37.7624261163522 0.2826956510543823 -0.029049282893538475 0.02178061008453369 -0.045072898268699646 -0.012546313926577568 0.046232204884290695 0.9978344440460205
37.812444116352204 0.27758651971817017 -0.03255261108279228 0.017367921769618988 -0.0447688102722168 -0.021904155611991882 0.04294414445757866 0.9978335499763489
37.8624611163522 0.26405295729637146 -0.03163008391857147 0.01627643220126629 -0.04241775721311569 -0.028060931712388992 0.0390511229634285 0.9979420900344849
37.9124781163522 0.24960766732692719 -0.03326018527150154 0.014026239514350891 -0.04015335068106651 -0.03437766432762146 0.033949606120586395 0.9980247616767883
37.9624951163522 0.2372758388519287 -0.034765634685754776 0.006944602821022272 -0.03666503727436066 -0.03988543897867203 0.02945210598409176 0.9980969429016113
38.0125131163522 0.22413328289985657 -0.037051308900117874 0.0028595596086233854 -0.0319230891764164 -0.04449271783232689 0.02511223964393139 0.9981837272644043
38.0625301163522 0.20808014273643494 -0.0417250357568264 -0.0034618894569575787 -0.027469836175441742 -0.04824049398303032 0.020324047654867172 0.9982511401176453
38.112547116352204 0.19186143577098846 -0.043514423072338104 -0.009982723742723465 -0.021989978849887848 -0.04964477941393852 0.01660730130970478 0.9983867406845093
38.1625641163522 0.1799161285161972 -0.04512307047843933 -0.018806058913469315 -0.016680272296071053 -0.0501033291220665 0.013309778645634651 0.9985160231590271
38.2125821163522 0.16644775867462158 -0.04577135294675827 -0.022389525547623634 -0.013292519375681877 -0.04574808478355408 0.011422475799918175 0.9987992644309998
38.2625991163522 0.16613417863845825 -0.04943026229739189 -0.027949737384915352 -0.011626583524048328 -0.044557541608810425 0.011821845546364784 0.9988692402839661
38.3126161163522 0.16791370511054993 -0.05130462720990181 -0.026887724176049232 -0.011357542127370834 -0.039823371917009354 0.011522217653691769 0.9990757703781128
38.3626331163522 0.16855105757713318 -0.05080164223909378 -0.02667795494198799 -0.010045954957604408 -0.03248322382569313 0.01262713223695755 0.9993420243263245
38.4126511163522 0.17214159667491913 -0.05354396253824234 -0.02780388481914997 -0.009423809126019478 -0.02576480619609356 0.014348721131682396 0.9995206594467163
38.4626681163522 0.17697162926197052 -0.053028836846351624 -0.025077497586607933 -0.00843832641839981 -0.018759505823254585 0.01434233970940113 0.9996855854988098
38.5126851163522 0.19113615155220032 -0.057445261627435684 -0.026604680344462395 -0.009169531986117363 -0.016046566888689995 0.017508646473288536 0.9996758699417114
38.5627021163522 0.1962713599205017 -0.05405168607831001 -0.020715227350592613 -0.00856995303183794 -0.008830353617668152 0.02051989920437336 0.9997137784957886
38.6127191163522 0.20577041804790497 -0.056629084050655365 -0.013948768377304077 -0.011678936891257763 -0.002384360646829009 0.021748974919319153 0.999692440032959
38.6627371163522 0.21763993799686432 -0.05296758562326431 -0.007083123549818993 -0.014250006526708603 0.0024963277392089367 0.02500319853425026 0.9995827674865723
38.7127541163522 0.22795206308364868 -0.05241650715470314 0.004331617616117001 -0.019841762259602547 0.00826963223516941 0.026267604902386665 0.9994238615036011
38.7627711163522 0.24074572324752808 -0.05076955258846283 0.018025577068328857 -0.025997759774327278 0.011931992135941982 0.028590353205800056 0.999181866645813
38.8127881163522 0.25367096066474915 -0.0485135018825531 0.03431118652224541 -0.03246958553791046 0.01593717932701111 0.029546625912189484 0.9989088177680969
38.8628061163522 0.266973614692688 -0.04929296672344208 0.04820707067847252 -0.03873146325349808 0.019672758877277374 0.030944738537073135 0.9985767006874084
38.9128231163522 0.2797825038433075 -0.0470549575984478 0.06519752740859985 -0.04350542277097702 0.024192534387111664 0.032417673617601395 0.9982340335845947
38.9628401163522 0.28226369619369507 -0.05290314555168152 0.08121515810489655 -0.04928310215473175 0.027469832450151443 0.034010306000709534 0.9978276491165161
39.0128571163522 0.2958020567893982 -0.049146171659231186 0.0955519899725914 -0.05169537663459778 0.023370366543531418 0.035566385835409164 0.997755765914917
39.0628751163522 0.2934665083885193 -0.0500081405043602 0.11360104382038116 -0.05337618663907051 0.02466501295566559 0.03483583778142929 0.997661828994751
39.1128921163522 0.2847742438316345 -0.053388018161058426 0.11703551560640335 -0.05529390648007393 0.02458147518336773 0.0327761247754097 0.9976292252540588
39.1629091163522 0.2860623598098755 -0.056727148592472076 0.13137531280517578 -0.05532776191830635 0.020785748958587646 0.03257877007126808 0.9977201223373413
39.2129261163522 0.2815869450569153 -0.0627133920788765 0.14410077035427094 -0.05535529553890228 0.017998160794377327 0.03221169486641884 0.9977847337722778
39.2629431163522 0.2819499969482422 -0.07462521642446518 0.16053733229637146 -0.05681027099490166 0.015334757044911385 0.03246257081627846 0.997739315032959
39.3129611163522 0.28221750259399414 -0.08422213047742844 0.17410807311534882 -0.056347157806158066 0.014785614795982838 0.031338389962911606 0.9978098273277283
39.3629781163522 0.2802765965461731 -0.08932926505804062 0.1894107460975647 -0.05384034663438797 0.014553012326359749 0.03323589637875557 0.9978902339935303
39.4129951163522 0.27482089400291443 -0.09888923168182373 0.20419010519981384 -0.05180966481566429 0.01773814857006073 0.03374902158975601 0.9979289174079895
39.4630121163522 0.2746765911579132 -0.10844669491052628 0.2189081758260727 -0.048949234187603 0.023121701553463936 0.03525729477405548 0.9979110360145569
39.5130301163522 0.2726977467536926 -0.11708410829305649 0.236570805311203 -0.04565252736210823 0.032911524176597595 0.03970346599817276 0.9976253509521484
39.5630471163522 0.27691662311553955 -0.1265108734369278 0.25203245878219604 -0.04307550936937332 0.039033014327287674 0.04709527641534805 0.9971975684165955
39.6130641163522 0.2783418297767639 -0.1376962661743164 0.2673971951007843 -0.04310976713895798 0.047860100865364075 0.05319810286164284 0.9965044260025024
39.6630811163522 0.28019028902053833 -0.1496439129114151 0.2804182767868042 -0.04505166411399841 0.05983943119645119 0.05818337947130203 0.9954920411109924
39.713099116352204 0.2838338017463684 -0.1550249457359314 0.2943918704986572 -0.04555010050535202 0.06969644874334335 0.06041346490383148 0.9946948885917664
39.7631161163522 0.28902003169059753 -0.15871143341064453 0.3046523332595825 -0.045758333057165146 0.0791395902633667 0.06128932535648346 0.9939249753952026
39.8131331163522 0.29211822152137756 -0.1631985753774643 0.314882755279541 -0.04870515689253807 0.08729896694421768 0.0605236291885376 0.9931483864784241
39.8631501163522 0.2934716045856476 -0.1623678356409073 0.3248372972011566 -0.05213514715433121 0.09629248827695847 0.057391345500946045 0.9923285841941833
39.9131681163522 0.2964542806148529 -0.15990257263183594 0.33602994680404663 -0.05724465474486351 0.1072414219379425 0.05438445881009102 0.9910926818847656
39.9631851163522 0.30026429891586304 -0.15533368289470673 0.34885430335998535 -0.06387714296579361 0.11582735925912857 0.052402861416339874 0.9898271560668945
40.013202116352204 0.3002591133117676 -0.1495913714170456 0.3591974675655365 -0.07262411713600159 0.12372145056724548 0.04966245964169502 0.9884090423583984
40.0632191163522 0.2997016906738281 -0.1413675993680954 0.37120673060417175 -0.08204027265310287 0.1272220015525818 0.04994380846619606 0.9872130751609802
40.1132361163522 0.29597726464271545 -0.1357448697090149 0.3817141056060791 -0.09247051179409027 0.12953224778175354 0.05008525401353836 0.9859828352928162
40.1632541163522 0.2963472902774811 -0.12431018799543381 0.390921950340271 -0.09939031302928925 0.12520378828048706 0.054260995239019394 0.9856477379798889
40.2132711163522 0.2895861566066742 -0.11745283007621765 0.39786309003829956 -0.10634227842092514 0.12038450688123703 0.05667988210916519 0.9853863716125488
40.2632881163522 0.2784755825996399 -0.10957568883895874 0.4052198529243469 -0.11074350029230118 0.11423853039741516 0.0611952468752861 0.9853631854057312
40.313305116352204 0.26651689410209656 -0.10596616566181183 0.4122036099433899 -0.11527512222528458 0.1015867292881012 0.06421822309494019 0.9860364198684692
40.3633231163522 0.2545889616012573 -0.10268688201904297 0.4210948944091797 -0.11948895454406738 0.0905340239405632 0.06485728174448013 0.9865696430206299
40.4133401163522 0.24519966542720795 -0.10101611912250519 0.4265635907649994 -0.12256556749343872 0.07444614171981812 0.06556437164545059 0.987490177154541
40.4633571163522 0.23134011030197144 -0.10124284029006958 0.4332108199596405 -0.12535643577575684 0.0614481121301651 0.06447406113147736 0.988105833530426
40.5133741163522 0.2161213755607605 -0.10430172830820084 0.4380829930305481 -0.12632369995117188 0.04689329117536545 0.06185417249798775 0.9889476895332336
40.5633921163522 0.20660525560379028 -0.1064489409327507 0.44282108545303345 -0.12566021084785461 0.030656618997454643 0.056456368416547775 0.9899911284446716
40.6134091163522 0.19493885338306427 -0.11102490872144699 0.44542136788368225 -0.12305150926113129 0.022578947246074677 0.05050387233495712 0.9908571839332581
40.6634261163522 0.1931367665529251 -0.11620983481407166 0.4472469091415405 -0.11961360275745392 0.018122700974345207 0.04767109453678131 0.9915098547935486
40.7134431163522 0.19069483876228333 -0.12248776853084564 0.4530315399169922 -0.11525163799524307 0.02078365907073021 0.04876246303319931 0.991921067237854
40.7634601163522 0.19641231000423431 -0.1293746531009674 0.46027615666389465 -0.11250299960374832 0.024921126663684845 0.051499128341674805 0.9920030236244202
40.8134781163522 0.20480842888355255 -0.13569968938827515 0.47079700231552124 -0.11143077909946442 0.03587060794234276 0.054715290665626526 0.9916162490844727
40.8634951163522 0.21745380759239197 -0.13857993483543396 0.4818999469280243 -0.10932887345552444 0.048748333007097244 0.057357970625162125 0.9911512732505798
40.9135121163522 0.2365042120218277 -0.14228639006614685 0.4947667419910431 -0.10714889317750931 0.06328638643026352 0.06154397130012512 0.9903162717819214
40.9635291163522 0.258010596036911 -0.1470855474472046 0.5077050924301147 -0.10424577444791794 0.08236919343471527 0.0656500905752182 0.9889581203460693
41.0135471163522 0.28084975481033325 -0.15170834958553314 0.5204470753669739 -0.10109495371580124 0.1032523587346077 0.07203144580125809 0.9868790507316589
41.063564116352204 0.30470654368400574 -0.15788079798221588 0.5341028571128845 -0.09878173470497131 0.12301656603813171 0.07972327619791031 0.9842526912689209
41.1135811163522 0.32907652854919434 -0.16466011106967926 0.5451107621192932 -0.09703463315963745 0.14065757393836975 0.08918752521276474 0.9812468886375427
41.1635981163522 0.3534225821495056 -0.17012502253055573 0.5564350485801697 -0.09582342207431793 0.1576055884361267 0.09815051406621933 0.977928876876831
41.2136161163522 0.3750568628311157 -0.1750301718711853 0.5659853219985962 -0.09411083906888962 0.1733415424823761 0.10592705756425858 0.9746155142784119
41.2636331163522 0.39777886867523193 -0.17947323620319366 0.5756557583808899 -0.0935153067111969 0.1857369840145111 0.11348019540309906 0.9715343117713928
41.3136501163522 0.418075829744339 -0.1824578493833542 0.5835893750190735 -0.09225907176733017 0.20064666867256165 0.1182493194937706 0.9681148529052734
41.363667116352204 0.43476730585098267 -0.18673770129680634 0.5901626944541931 -0.0918184369802475 0.2108212411403656 0.12159183621406555 0.9655771851539612
41.4136851163522 0.4497288465499878 -0.187204971909523 0.5968723297119141 -0.08952707797288895 0.21842703223228455 0.12421280145645142 0.9637664556503296
41.4637021163522 0.4618360698223114 -0.19144225120544434 0.603813648223877 -0.08973564207553864 0.22202067077159882 0.12421759217977524 0.9629249572753906
41.5137191163522 0.4712103307247162 -0.19131173193454742 0.6106970310211182 -0.08805584907531738 0.22516107559204102 0.12495584785938263 0.9622550010681152
41.5637361163522 0.4778180718421936 -0.19368165731430054 0.6183967590332031 -0.08815760165452957 0.22617709636688232 0.1264026015996933 0.9618183970451355
41.6137531163522 0.4823142886161804 -0.19097988307476044 0.626102864742279 -0.08565260469913483 0.22401773929595947 0.1295166015625 0.9621357917785645
41.6637711163522 0.4799310564994812 -0.19374850392341614 0.6295327544212341 -0.08535266667604446 0.22199071943759918 0.1289236694574356 0.9627116918563843
41.7137881163522 0.47501230239868164 -0.19361038506031036 0.6349911689758301 -0.08388309925794601 0.2145656943321228 0.13016150891780853 0.9643563628196716
41.7638051163522 0.4648696184158325 -0.1961468756198883 0.6406378746032715 -0.0858340933918953 0.2088141143321991 0.12819012999534607 0.9657103419303894
41.8138221163522 0.4533340036869049 -0.19492900371551514 0.6461365222930908 -0.08582355082035065 0.19660253822803497 0.12688212096691132 0.9684434533119202
41.8638401163522 0.43875470757484436 -0.195656418800354 0.6534653902053833 -0.0882851630449295 0.18521955609321594 0.12518104910850525 0.9706848859786987
41.9138571163522 0.42199116945266724 -0.19672389328479767 0.6603577136993408 -0.09058231860399246 0.1741114854812622 0.12183710187673569 0.972952127456665
41.9638741163522 0.40263259410858154 -0.19774451851844788 0.6651697158813477 -0.09192446619272232 0.1611001342535019 0.11719627678394318 0.9756340384483337
42.0138911163522 0.3810632824897766 -0.1983846127986908 0.6703136563301086 -0.09173823148012161 0.1489027589559555 0.11120108515024185 0.9782875180244446
42.0639091163522 0.3593159019947052 -0.19818924367427826 0.6725767850875854 -0.09032842516899109 0.13291774690151215 0.10717898607254028 0.9811658263206482
42.113926116352204 0.3354155421257019 -0.1994781792163849 0.6743427515029907 -0.08959066867828369 0.11601193994283676 0.10187634825706482 0.9839390516281128
42.1639431163522 0.30947011709213257 -0.2002086043357849 0.6752123832702637 -0.08914651721715927 0.09903313964605331 0.09688273817300797 0.9863362908363342
42.2139601163522 0.28371718525886536 -0.20113596320152283 0.6752146482467651 -0.08990516513586044 0.08192934095859528 0.09209168702363968 0.9882934093475342
42.2639781163522 0.257114052772522 -0.20045515894889832 0.6729766726493835 -0.08997780084609985 0.06823566555976868 0.08588837087154388 0.9898843765258789
42.3139951163522 0.2287275791168213 -0.19907915592193604 0.6685137152671814 -0.08916105329990387 0.05225083976984024 0.08027855306863785 0.9914007782936096
42.3640121163522 0.19901922345161438 -0.19860504567623138 0.6638076305389404 -0.08908524364233017 0.03607003018260002 0.07498457282781601 0.9925423264503479
42.414029116352204 0.17130576074123383 -0.1967354267835617 0.6576426029205322 -0.08827444911003113 0.020456215366721153 0.07014694064855576 0.9934126734733582
42.4640461163522 0.14232726395130157 -0.19264855980873108 0.6518337726593018 -0.0868409276008606 0.006799814756959677 0.06658776104450226 0.993971049785614
42.5140641163522 0.11605604737997055 -0.19235481321811676 0.64554363489151 -0.08794181048870087 -0.007456396706402302 0.06448406726121902 0.9940083026885986
42.5640811163522 0.09100419282913208 -0.1889793425798416 0.64033043384552 -0.0877920538187027 -0.02122226543724537 0.06538441777229309 0.9937641024589539
42.6140981163522 0.06541658937931061 -0.1867249310016632 0.6341879963874817 -0.08873697370290756 -0.03259534388780594 0.06616400927305222 0.9933205246925354
42.6641151163522 0.04330945014953613 -0.18176107108592987 0.6286196708679199 -0.08857835084199905 -0.04391275346279144 0.06899029016494751 0.9927063584327698
42.7141331163522 0.022323984652757645 -0.18312802910804749 0.6247005462646484 -0.09260965138673782 -0.05212201178073883 0.07161983102560043 0.9917547106742859
42.7641501163522 0.006109539419412613 -0.1805953085422516 0.6209221482276917 -0.09438557922840118 -0.05934346094727516 0.0754135400056839 0.990899920463562
42.8141671163522 -0.010210597887635231 -0.17782734334468842 0.6204171776771545 -0.09639967232942581 -0.06479793787002563 0.07775462418794632 0.9901831150054932
42.8641841163522 -0.026321029290556908 -0.17822502553462982 0.620262622833252 -0.09993025660514832 -0.0643947571516037 0.07782367616891861 0.9898539185523987
42.9142021163522 -0.03868214786052704 -0.17840781807899475 0.6196484565734863 -0.10233920067548752 -0.06557419151067734 0.07924888283014297 0.9894172549247742
42.9642191163522 -0.05045624449849129 -0.18439611792564392 0.61997389793396 -0.10869770497083664 -0.06102386489510536 0.078379787504673 0.9890993237495422
43.0142361163522 -0.05536255985498428 -0.18216539919376373 0.6159559488296509 -0.10642855614423752 -0.06143711507320404 0.08005508035421371 0.9891864061355591
43.0642531163522 -0.06400644034147263 -0.17744658887386322 0.6120291352272034 -0.10306187719106674 -0.05443992838263512 0.07991299033164978 0.9899638891220093
43.1142701163522 -0.06306534260511398 -0.17565153539180756 0.6049081683158875 -0.09956779330968857 -0.04445335641503334 0.07944867014884949 0.9908573031425476
43.1642881163522 -0.055095791816711426 -0.17265649139881134 0.5967111587524414 -0.09663112461566925 -0.036599356681108475 0.08287571370601654 0.9911884665489197
43.2143051163522 -0.0457904115319252 -0.1634618490934372 0.5898158550262451 -0.0913199931383133 -0.01958397962152958 0.08559353649616241 0.9919430017471313
43.2643221163522 -0.028532490134239197 -0.15685731172561646 0.5775275826454163 -0.08772895485162735 -0.008664818480610847 0.08909217268228531 0.9921145439147949
43.3143391163522 -0.011255092918872833 -0.15026338398456573 0.564980149269104 -0.08466510474681854 0.0051335119642317295 0.09108386933803558 0.992224395275116
43.3643571163522 0.009051934815943241 -0.14296981692314148 0.5518079996109009 -0.08115896582603455 0.01830519177019596 0.09188197553157806 0.9922882318496704
43.4143741163522 0.03257162123918533 -0.13849227130413055 0.5395503044128418 -0.08029601722955704 0.027409406378865242 0.09405513107776642 0.9919450879096985
43.4643911163522 0.0581369511783123 -0.13225102424621582 0.5267792344093323 -0.0788174718618393 0.03911083564162254 0.0947142168879509 0.9916085600852966
43.5144081163522 0.0870780497789383 -0.12692661583423615 0.5151647329330444 -0.07864350080490112 0.04772459715604782 0.0966770276427269 0.9910556077957153
43.5644261163522 0.11982373148202896 -0.12095098197460175 0.5039007663726807 -0.07895037531852722 0.060230743139982224 0.0995744913816452 0.9900627136230469
43.6144431163522 0.15123885869979858 -0.1174735501408577 0.492949903011322 -0.07887446880340576 0.07119148224592209 0.1024632379412651 0.989046037197113
43.6644601163522 0.1842588186264038 -0.11228375136852264 0.48243772983551025 -0.07722477614879608 0.08188103139400482 0.10408453643321991 0.9881792664527893
43.7144771163522 0.21887801587581635 -0.11058459430932999 0.4700303375720978 -0.0755801573395729 0.09066900610923767 0.1039714515209198 0.9875508546829224
43.7644941163522 0.2518329918384552 -0.10790395736694336 0.4596077799797058 -0.07305964827537537 0.09826677292585373 0.10456758737564087 0.9869506359100342
43.8145121163522 0.2831779718399048 -0.10845109075307846 0.4507383108139038 -0.07214172929525375 0.10553385317325592 0.10502932220697403 0.9862185716629028
43.8645291163522 0.3119063377380371 -0.11012935638427734 0.44506269693374634 -0.07220678776502609 0.11111265420913696 0.10552983731031418 0.9855474233627319
43.9145461163522 0.3378639817237854 -0.11321932077407837 0.44155001640319824 -0.07260758429765701 0.1171547919511795 0.10527636855840683 0.9848450422286987
43.9645631163522 0.35927361249923706 -0.11883381009101868 0.4408401548862457 -0.07369795441627502 0.12362857162952423 0.10503655672073364 0.9839979410171509
44.014581116352204 0.37796109914779663 -0.1250629872083664 0.44205451011657715 -0.07301899045705795 0.1289636194705963 0.1051907017827034 0.9833471179008484
44.0645981163522 0.39156341552734375 -0.13370800018310547 0.44526100158691406 -0.07170607894659042 0.13298571109771729 0.10707131028175354 0.9827048778533936
44.1146151163522 0.40500718355178833 -0.1437763124704361 0.4495593309402466 -0.06961425393819809 0.13528062403202057 0.11091258376836777 0.9821158051490784
44.1646321163522 0.4132492244243622 -0.15272657573223114 0.4598931670188904 -0.06563501060009003 0.13384117186069489 0.11305366456508636 0.9823428392410278
44.2146501163522 0.4117383360862732 -0.16439306735992432 0.468475341796875 -0.06283382326364517 0.13368289172649384 0.11463402211666107 0.9823644161224365
44.2646671163522 0.40809956192970276 -0.17416471242904663 0.4814698100090027 -0.05986277014017105 0.1306113451719284 0.11468742787837982 0.9829567670822144
44.314684116352204 0.4015476107597351 -0.18575502932071686 0.4949609935283661 -0.059572555124759674 0.1254018247127533 0.11339101940393448 0.983802855014801
44.3647011163522 0.3904215097427368 -0.1911628395318985 0.5120072364807129 -0.05906635895371437 0.11998254805803299 0.11100057512521744 0.9847813248634338
44.4147191163522 0.3779190480709076 -0.2000771164894104 0.5295326709747314 -0.06217750906944275 0.11694232374429703 0.10917889326810837 0.9851590991020203
44.4647361163522 0.36012786626815796 -0.2058473825454712 0.5490652918815613 -0.06542609632015228 0.11824407428503036 0.10597676783800125 0.9851430654525757
44.5147531163522 0.34311744570732117 -0.2109156996011734 0.5670343041419983 -0.06923989206552505 0.12001059204339981 0.10181861370801926 0.9851072430610657
44.5647701163522 0.3213885426521301 -0.2147967517375946 0.5859045386314392 -0.07257365435361862 0.11894392222166061 0.09896226227283478 0.9852877855300903
44.6147871163522 0.29982179403305054 -0.2182822823524475 0.6029785871505737 -0.07554551213979721 0.11311465501785278 0.09710533916950226 0.985935389995575
44.6648051163522 0.2779392898082733 -0.22189092636108398 0.6199506521224976 -0.07923196256160736 0.10691602528095245 0.09690101444721222 0.9863576889038086
44.7148221163522 0.2569320797920227 -0.22652849555015564 0.6358322501182556 -0.08406509459018707 0.09821891784667969 0.09648987650871277 0.9869021773338318
44.7648391163522 0.2346690595149994 -0.2298969328403473 0.6520962119102478 -0.08920686691999435 0.09166716784238815 0.09483828395605087 0.9872410893440247
44.8148561163522 0.21254651248455048 -0.23189975321292877 0.6662029027938843 -0.09378907829523087 0.07881361991167068 0.09266704320907593 0.9881319999694824
44.8648741163522 0.19036242365837097 -0.23276236653327942 0.6779510974884033 -0.09896908700466156 0.06722243875265121 0.08778940886259079 0.9889283180236816
44.9148911163522 0.16571581363677979 -0.2326928824186325 0.6890550255775452 -0.10417070984840393 0.057012107223272324 0.08179019391536713 0.9895496368408203
44.9649081163522 0.14319689571857452 -0.231479674577713 0.6988115310668945 -0.10982976108789444 0.045418206602334976 0.07490059733390808 0.9900831580162048
45.0149251163522 0.1212245300412178 -0.23072180151939392 0.7069839835166931 -0.11527685821056366 0.03505925461649895 0.0670659989118576 0.9904465079307556
45.064943116352204 0.10013378411531448 -0.22839738428592682 0.7141638398170471 -0.12020538002252579 0.023827888071537018 0.05929003283381462 0.9906904697418213
45.1149601163522 0.08107287436723709 -0.22736060619354248 0.717540442943573 -0.12410591542720795 0.014682336710393429 0.05150114372372627 0.9908227920532227
45.1649771163522 0.061706334352493286 -0.22602173686027527 0.7185264229774475 -0.1275033950805664 0.006380350328981876 0.04506649821996689 0.9907932281494141
45.2149941163522 0.045522335916757584 -0.22315476834774017 0.7162519693374634 -0.1284966766834259 -0.002224207390099764 0.04074324294924736 0.9908701777458191
45.2650111163522 0.02870059572160244 -0.21898260712623596 0.7111987471580505 -0.12840546667575836 -0.009934982284903526 0.038264863193035126 0.9909335374832153
45.3150291163522 0.01776657998561859 -0.21410615742206573 0.701934814453125 -0.12761129438877106 -0.01865258626639843 0.03824616223573685 0.990911066532135
45.365046116352204 0.0044934432953596115 -0.20851440727710724 0.694033682346344 -0.12768469750881195 -0.022533928975462914 0.03836509957909584 0.9908163547515869
45.4150631163522 -0.0014965273439884186 -0.20600976049900055 0.6796576976776123 -0.12934477627277374 -0.028692010790109634 0.03923846408724785 0.9904075264930725
45.4650801163522 -0.012196561321616173 -0.19703252613544464 0.6649050116539001 -0.12828698754310608 -0.03034977987408638 0.039358243346214294 0.9904909133911133
45.5150981163522 -0.01848682016134262 -0.18676228821277618 0.6467294692993164 -0.1285850554704666 -0.03499557450413704 0.03991614654660225 0.9902766942977905
45.5651151163522 -0.02411874383687973 -0.17419296503067017 0.6274915337562561 -0.12957358360290527 -0.03795653581619263 0.03842376172542572 0.9900978207588196
45.6151321163522 -0.026470709592103958 -0.15785494446754456 0.609340488910675 -0.12993362545967102 -0.03467753902077675 0.03824044391512871 0.9901779890060425
45.665149116352204 -0.028478246182203293 -0.1463896930217743 0.587378203868866 -0.1326444447040558 -0.028134122490882874 0.038898106664419174 0.9900004267692566
45.7151671163522 -0.022177893668413162 -0.1328233778476715 0.5681426525115967 -0.13324692845344543 -0.01731172576546669 0.04116657376289368 0.9900762438774109
45.7651841163522 -0.01411757804453373 -0.11701089888811111 0.5482990741729736 -0.13072799146175385 -0.006451859138906002 0.04572581499814987 0.9903421998023987
45.8152011163522 -0.0009747850708663464 -0.10633590072393417 0.528874397277832 -0.12928257882595062 0.0064224558882415295 0.053429264575242996 0.9901465177536011
45.8652181163522 0.016821186989545822 -0.09672460705041885 0.5095958709716797 -0.12764565646648407 0.021001340821385384 0.062403373420238495 0.9896319508552551
45.9152361163522 0.03553243726491928 -0.09016750007867813 0.49200066924095154 -0.12659557163715363 0.033801767975091934 0.07310306280851364 0.9886794686317444
45.9652531163522 0.05788315832614899 -0.08176206052303314 0.4779660105705261 -0.12438017874956131 0.051073815673589706 0.08541514724493027 0.9872311353683472
46.0152701163522 0.08075129240751266 -0.07804431766271591 0.46381163597106934 -0.12361849844455719 0.061228953301906586 0.0975174754858017 0.9856266379356384
46.0652871163522 0.10062438249588013 -0.07398951053619385 0.45390334725379944 -0.12336623668670654 0.07821477204561234 0.10492277145385742 0.983694314956665
46.1153041163522 0.11766190081834793 -0.07124526798725128 0.44413644075393677 -0.12120519578456879 0.09332199394702911 0.10952946543693542 0.982142448425293
46.1653221163522 0.1334112584590912 -0.07024648040533066 0.4361764192581177 -0.1186261773109436 0.10565419495105743 0.11164938658475876 0.9809686541557312
46.2153391163522 0.1509781777858734 -0.07087743282318115 0.4294143319129944 -0.11558665335178375 0.11805158108472824 0.11168403923511505 0.9799134135246277
46.2653561163522 0.16518476605415344 -0.07786823064088821 0.4266784191131592 -0.11490295082330704 0.12775708734989166 0.11235868185758591 0.9786986708641052
46.3153731163522 0.17915765941143036 -0.08636589348316193 0.4254113435745239 -0.11426466703414917 0.13825911283493042 0.11247154325246811 0.9773321747779846
46.3653911163522 0.19081935286521912 -0.09591620415449142 0.4281166195869446 -0.11281397938728333 0.14435166120529175 0.11276138573884964 0.9765861630439758
46.415408116352204 0.19741179049015045 -0.10217685252428055 0.4322250485420227 -0.10832661390304565 0.15372489392757416 0.11190067231655121 0.9757624268531799
46.4654251163522 0.20539452135562897 -0.1153741329908371 0.43779000639915466 -0.10654766112565994 0.15987254679203033 0.11083397269248962 0.9750919342041016
46.5154421163522 0.2112538069486618 -0.12541081011295319 0.44753706455230713 -0.10307205468416214 0.16514641046524048 0.11005516350269318 0.9746747016906738
46.5654601163522 0.22013282775878906 -0.13472004234790802 0.4595462679862976 -0.09876061230897903 0.16797763109207153 0.10844011604785919 0.974818229675293
46.6154771163522 0.22654658555984497 -0.14392215013504028 0.4719582200050354 -0.09305065870285034 0.168039932847023 0.1071346178650856 0.9755134582519531
46.6654941163522 0.2334441840648651 -0.157557412981987 0.48417341709136963 -0.09048870950937271 0.1696353405714035 0.10625377297401428 0.9755746722221375
46.715511116352204 0.23754212260246277 -0.1690250039100647 0.5001330375671387 -0.08671307563781738 0.17015424370765686 0.10559521615505219 0.9758986234664917
46.7655281163522 0.24229194223880768 -0.18103067576885223 0.5159866213798523 -0.08367913216352463 0.16997608542442322 0.10433903336524963 0.9763295650482178
46.8155461163522 0.24492739140987396 -0.19007906317710876 0.5313935875892639 -0.07778389751911163 0.16976839303970337 0.1024286299943924 0.9770551323890686
46.8655631163522 0.24536459147930145 -0.20090794563293457 0.5458531975746155 -0.07342415302991867 0.1657714992761612 0.10142894834280014 0.9781824350357056
46.9155801163522 0.24425582587718964 -0.21149379014968872 0.5601914525032043 -0.06984087824821472 0.1629888415336609 0.09812639653682709 0.9792488217353821
46.9655971163522 0.2414916604757309 -0.21912625432014465 0.5730355381965637 -0.06541663408279419 0.1585484892129898 0.09547441452741623 0.9805446267127991
47.0156151163522 0.2335744947195053 -0.22873660922050476 0.5868179202079773 -0.06421590596437454 0.15530098974704742 0.09097868949174881 0.9815706610679626
47.0656321163522 0.22682148218154907 -0.2358107566833496 0.5974808931350708 -0.06282161176204681 0.15073177218437195 0.08691614121198654 0.982740581035614
47.1156491163522 0.21975642442703247 -0.24015793204307556 0.6083102226257324 -0.0626259371638298 0.14258213341236115 0.08211968094110489 0.9843803644180298
47.1656661163522 0.21110720932483673 -0.24083620309829712 0.6175095438957214 -0.06137220561504364 0.1367301642894745 0.07718505710363388 0.9856879711151123
47.2156841163522 0.2023099809885025 -0.24236245453357697 0.6264258623123169 -0.062482237815856934 0.12952874600887299 0.07289160043001175 0.9869169592857361
47.2657011163522 0.19221952557563782 -0.24151119589805603 0.633802592754364 -0.06461326777935028 0.12336011976003647 0.06893826276063919 0.9878537058830261
47.3157181163522 0.18378601968288422 -0.2417224794626236 0.6394473910331726 -0.06655920296907425 0.11761733889579773 0.06688350439071655 0.988565981388092
47.3657351163522 0.17648786306381226 -0.23710890114307404 0.6422520279884338 -0.06695611029863358 0.11121521890163422 0.06593525409698486 0.9893435835838318
47.4157531163522 0.1684798300266266 -0.23255006968975067 0.6451364755630493 -0.0686187669634819 0.10593608021736145 0.06535614281892776 0.9898473024368286
47.4657701163522 0.16163018345832825 -0.22661003470420837 0.6464928984642029 -0.0701398104429245 0.0976504236459732 0.06474770605564117 0.9906324148178101
47.5157871163522 0.15407371520996094 -0.2206975668668747 0.6466442346572876 -0.07305287569761276 0.09106038510799408 0.06388060003519058 0.9911057949066162
47.5658041163522 0.1480170339345932 -0.2132858783006668 0.6453160643577576 -0.07666049897670746 0.08568692207336426 0.062498122453689575 0.9914004802703857
47.6158211163522 0.1408253312110901 -0.20449453592300415 0.6429222226142883 -0.08111580461263657 0.08053182065486908 0.06109213829040527 0.9915658235549927
47.6658391163522 0.1349164843559265 -0.19421176612377167 0.6391658186912537 -0.08606546372175217 0.07759927958250046 0.05998792126774788 0.9914497137069702
47.7158561163522 0.12922000885009766 -0.18392843008041382 0.6342877149581909 -0.09151013940572739 0.07575073093175888 0.05993026867508888 0.9911085367202759
