# timestamp[secs] tx ty tz qx qy qz qw
1541977105.456932 1.921722 -0.091851 0.81047 -0.2187 -0.256739 0.804367 0.489131
1541977105.461943 1.923961 -0.0915 0.810781 -0.220767 -0.258964 0.803562 0.488351
1541977105.466955 1.92595 -0.091147 0.811233 -0.221159 -0.257791 0.803657 0.488639
1541977105.471967 1.92801 -0.090751 0.811608 -0.222258 -0.258 0.80291 0.489258
1541977105.476979 1.930093 -0.090408 0.811926 -0.222774 -0.260082 0.802536 0.488534
1541977105.481985 1.932101 -0.090001 0.812327 -0.223412 -0.26144 0.801669 0.488941
1541977105.486989 1.934156 -0.089575 0.81268 -0.22481 -0.263042 0.800862 0.488763
1541977105.491989 1.936147 -0.089021 0.81298 -0.224349 -0.266286 0.799972 0.488676
1541977105.496984 1.938109 -0.088535 0.813387 -0.224945 -0.266212 0.7989 0.490193
1541977105.501974 1.94008 -0.087965 0.813656 -0.22536 -0.268267 0.797856 0.490583
1541977105.506961 1.94207 -0.087271 0.813988 -0.225398 -0.2704 0.796481 0.491628
1541977105.511946 1.943928 -0.086663 0.814282 -0.226012 -0.271953 0.795612 0.491896
1541977105.516933 1.945928 -0.086017 0.814545 -0.22701 -0.272359 0.794759 0.49259
1541977105.521922 1.947784 -0.085338 0.814808 -0.228424 -0.272448 0.793437 0.494016
1541977105.526915 1.94975 -0.084759 0.814974 -0.229688 -0.269784 0.792075 0.497069
1541977105.531909 1.951593 -0.084029 0.815148 -0.230719 -0.271172 0.791292 0.497083
1541977105.536907 1.953364 -0.083359 0.815467 -0.231894 -0.269442 0.790496 0.498741
1541977105.541909 1.955273 -0.082762 0.815549 -0.233729 -0.269719 0.788994 0.500111
1541977105.546915 1.956935 -0.08206 0.815917 -0.234868 -0.267166 0.789057 0.500848
1541977105.551922 1.958727 -0.081402 0.816037 -0.235447 -0.270127 0.787974 0.500693
1541977105.556933 1.960429 -0.08084 0.816263 -0.237003 -0.267925 0.786478 0.503486
1541977105.561944 1.962089 -0.080209 0.816556 -0.235992 -0.267623 0.78689 0.503477
1541977105.566953 1.963708 -0.079725 0.816752 -0.237139 -0.267351 0.786098 0.50432
1541977105.571963 1.965284 -0.079118 0.817134 -0.237754 -0.267769 0.78544 0.504834
1541977105.576972 1.966897 -0.078621 0.817199 -0.23781 -0.267928 0.785739 0.504257
1541977105.581978 1.968425 -0.077902 0.817456 -0.237839 -0.270663 0.784947 0.504016
1541977105.586982 1.969805 -0.077383 0.817715 -0.237762 -0.269706 0.784645 0.505035
1541977105.591982 1.971433 -0.076764 0.817805 -0.237569 -0.27116 0.7844 0.504728
1541977105.596977 1.972837 -0.076132 0.818013 -0.23783 -0.271504 0.783923 0.50516
1541977105.601973 1.974266 -0.075626 0.818104 -0.237757 -0.270561 0.782945 0.507213
1541977105.606967 1.975638 -0.074913 0.818318 -0.237784 -0.271957 0.782909 0.506509
1541977105.61196 1.977107 -0.07456 0.818251 -0.239701 -0.269993 0.781859 0.508275
1541977105.616953 1.978426 -0.073835 0.818392 -0.238472 -0.27204 0.781071 0.508974
1541977105.621947 1.979736 -0.073323 0.818528 -0.239702 -0.269458 0.7815 0.509109
1541977105.626941 1.981138 -0.072898 0.818569 -0.241348 -0.268224 0.780456 0.510583
1541977105.631936 1.982221 -0.072408 0.818579 -0.241848 -0.26634 0.780953 0.510572
1541977105.636934 1.983649 -0.071779 0.8186 -0.242374 -0.267499 0.780053 0.511093
1541977105.641932 1.984739 -0.071335 0.818573 -0.242956 -0.265733 0.780587 0.510923
1541977105.64693 1.985937 -0.070785 0.818554 -0.242876 -0.264293 0.779988 0.51262
1541977105.651928 1.987171 -0.070191 0.818449 -0.243565 -0.26719 0.77992 0.510892
1541977105.656927 1.988297 -0.069617 0.818534 -0.244557 -0.26763 0.779611 0.510658
1541977105.661928 1.989606 -0.069051 0.818377 -0.244846 -0.267866 0.778331 0.512347
1541977105.666929 1.990524 -0.068627 0.818292 -0.245544 -0.264258 0.778946 0.512951
1541977105.67193 1.991656 -0.068087 0.818174 -0.246531 -0.263762 0.777978 0.514201
1541977105.676932 1.992844 -0.067507 0.81803 -0.247903 -0.26375 0.777886 0.513686
1541977105.681933 1.994017 -0.066922 0.817948 -0.249882 -0.263856 0.776347 0.515
1541977105.686937 1.995073 -0.066523 0.817781 -0.251115 -0.260833 0.776518 0.515682
1541977105.691941 1.99615 -0.066062 0.81772 -0.254648 -0.257056 0.775136 0.517919
1541977105.696947 1.997271 -0.065524 0.817515 -0.255857 -0.256457 0.775145 0.517607
1541977105.701949 1.998192 -0.065044 0.817337 -0.257101 -0.255192 0.774611 0.518416
1541977105.706953 1.999303 -0.064477 0.817118 -0.257492 -0.253969 0.774792 0.51855
1541977105.711957 2.000207 -0.064001 0.816836 -0.25792 -0.254857 0.775093 0.517451
1541977105.716963 2.001264 -0.063625 0.816574 -0.259718 -0.253827 0.774042 0.51863
1541977105.721968 2.002104 -0.063142 0.816382 -0.260688 -0.25439 0.774177 0.517665
1541977105.72697 2.002965 -0.062906 0.816086 -0.262101 -0.253563 0.773894 0.517781
1541977105.731969 2.003783 -0.062537 0.815856 -0.26349 -0.253012 0.773513 0.517915
1541977105.736965 2.004688 -0.062182 0.81558 -0.264534 -0.254298 0.773196 0.517226
1541977105.741963 2.005503 -0.061935 0.815318 -0.265603 -0.252533 0.772645 0.518364
1541977105.746958 2.00613 -0.061633 0.815113 -0.26644 -0.253171 0.772723 0.517506
1541977105.751949 2.006813 -0.061647 0.81484 -0.269329 -0.252078 0.771347 0.518596
1541977105.756942 2.007267 -0.061547 0.814623 -0.270014 -0.251357 0.772021 0.517587
1541977105.761943 2.00794 -0.061361 0.814318 -0.270691 -0.252653 0.771639 0.517171
1541977105.76694 2.008278 -0.061323 0.814168 -0.272185 -0.252949 0.77255 0.514878
1541977105.771942 2.008703 -0.061504 0.813962 -0.273462 -0.251836 0.772156 0.515337
1541977105.776944 2.009119 -0.061557 0.813921 -0.27403 -0.252312 0.772217 0.514711
1541977105.781954 2.009428 -0.061768 0.813818 -0.274076 -0.25183 0.772863 0.513952
1541977105.786964 2.009611 -0.061944 0.813791 -0.273616 -0.252171 0.773859 0.512529
1541977105.79197 2.009815 -0.062217 0.813772 -0.272951 -0.251562 0.775051 0.511382
1541977105.796976 2.009955 -0.062373 0.81387 -0.272152 -0.252872 0.776279 0.509293
1541977105.801977 2.010133 -0.062675 0.813899 -0.271344 -0.25157 0.777347 0.50874
1541977105.806976 2.010311 -0.062947 0.813975 -0.270425 -0.251715 0.778341 0.507637
1541977105.811971 2.01035 -0.063057 0.814097 -0.268697 -0.254027 0.78024 0.504477
1541977105.816964 2.010147 -0.063119 0.814201 -0.265666 -0.254803 0.78321 0.501077
1541977105.821958 2.01024 -0.06318 0.81424 -0.263721 -0.255457 0.784262 0.500126
1541977105.826949 2.010347 -0.063233 0.814267 -0.262854 -0.255792 0.785163 0.498996
1541977105.831944 2.010459 -0.063196 0.81431 -0.261869 -0.255513 0.785908 0.498484
1541977105.836941 2.010597 -0.063168 0.814288 -0.261582 -0.255385 0.786171 0.498285
1541977105.841942 2.010757 -0.063011 0.814255 -0.261455 -0.255302 0.78639 0.498049
1541977105.846944 2.010915 -0.062852 0.814201 -0.260998 -0.254584 0.786916 0.497826
1541977105.851945 2.011094 -0.062614 0.814173 -0.261122 -0.255367 0.786748 0.497625
1541977105.856948 2.011229 -0.062268 0.814175 -0.260528 -0.255345 0.786573 0.498223
1541977105.861955 2.011467 -0.061847 0.814086 -0.260166 -0.255392 0.786432 0.498612
1541977105.866958 2.011722 -0.061385 0.814124 -0.259581 -0.255723 0.786126 0.499229
1541977105.871959 2.012095 -0.060831 0.814085 -0.25998 -0.255899 0.785095 0.500552
1541977105.876961 2.012375 -0.060266 0.814099 -0.260043 -0.255472 0.784697 0.50136
1541977105.881968 2.01267 -0.059717 0.814013 -0.260043 -0.253418 0.783735 0.503901
1541977105.886975 2.012893 -0.059036 0.814006 -0.26029 -0.251485 0.783227 0.505529
1541977105.891983 2.013246 -0.058261 0.814023 -0.260895 -0.25185 0.782692 0.505864
1541977105.896985 2.013506 -0.05762 0.814015 -0.261178 -0.248516 0.782345 0.507899
1541977105.901981 2.013972 -0.056862 0.813895 -0.262896 -0.246989 0.780795 0.510139
1541977105.906976 2.014164 -0.055894 0.814009 -0.26182 -0.246569 0.780629 0.511148
1541977105.911969 2.014477 -0.055079 0.814025 -0.262748 -0.242826 0.780316 0.512938
1541977105.916969 2.014781 -0.054453 0.813933 -0.263523 -0.239305 0.779516 0.515406
1541977105.921969 2.015089 -0.053555 0.813949 -0.264406 -0.23621 0.779184 0.516881
1541977105.926968 2.01534 -0.05267 0.813948 -0.264757 -0.232883 0.778516 0.519212
1541977105.931963 2.01569 -0.051894 0.813846 -0.267231 -0.229826 0.778212 0.519764
1541977105.936956 2.015881 -0.051021 0.813705 -0.26606 -0.225967 0.778977 0.520909
1541977105.941947 2.01625 -0.050148 0.813603 -0.268236 -0.222463 0.777915 0.522884
1541977105.946939 2.016366 -0.049445 0.813438 -0.269413 -0.215426 0.778384 0.524526
1541977105.951931 2.016681 -0.048457 0.81333 -0.271152 -0.212617 0.777673 0.525828
1541977105.956926 2.016906 -0.047549 0.813193 -0.272312 -0.209422 0.777294 0.52707
1541977105.961922 2.01712 -0.046837 0.813008 -0.275013 -0.202091 0.776702 0.529397
1541977105.966921 2.017271 -0.045918 0.8128 -0.27555 -0.197872 0.776468 0.531052
1541977105.971932 2.017482 -0.045112 0.81258 -0.278666 -0.193529 0.776002 0.531707
1541977105.976941 2.017521 -0.044248 0.812393 -0.27959 -0.189352 0.77574 0.533107
1541977105.98195 2.017603 -0.043434 0.812044 -0.281905 -0.184074 0.7755 0.534084
1541977105.986958 2.017577 -0.042632 0.811847 -0.2844 -0.179732 0.775248 0.534606
1541977105.991964 2.017521 -0.04189 0.811625 -0.285734 -0.174779 0.775659 0.534941
1541977105.996968 2.017378 -0.041228 0.811472 -0.287995 -0.170326 0.775902 0.534811
1541977106.00197 2.017205 -0.040683 0.811329 -0.2897 -0.164887 0.776562 0.534637
1541977106.00697 2.016851 -0.040231 0.811215 -0.290151 -0.157709 0.777463 0.535248
1541977106.01197 2.016504 -0.039629 0.811253 -0.290729 -0.152987 0.778414 0.534924
1541977106.01697 2.016249 -0.03936 0.811249 -0.292242 -0.146767 0.779029 0.534947
1541977106.021972 2.015795 -0.039087 0.811352 -0.29359 -0.140109 0.77971 0.535002
1541977106.026972 2.015324 -0.03868 0.811481 -0.292132 -0.133909 0.782367 0.533506
1541977106.031968 2.014822 -0.03843 0.811748 -0.291121 -0.127443 0.784344 0.53274
1541977106.036964 2.014322 -0.038314 0.812012 -0.291041 -0.121626 0.78596 0.531761
1541977106.041961 2.013794 -0.038314 0.812265 -0.289873 -0.115138 0.78725 0.531935
1541977106.046957 2.013177 -0.038251 0.812749 -0.288697 -0.107561 0.789088 0.531436
1541977106.051952 2.012575 -0.038376 0.813168 -0.287685 -0.100211 0.790237 0.531715
1541977106.056947 2.012035 -0.038376 0.813564 -0.283973 -0.095291 0.791967 0.532041
1541977106.061944 2.011348 -0.038544 0.814125 -0.280593 -0.088264 0.793686 0.532484
1541977106.06694 2.010685 -0.038729 0.81471 -0.277963 -0.083521 0.795237 0.532314
1541977106.071936 2.009994 -0.038967 0.815178 -0.273889 -0.079307 0.796747 0.532812
1541977106.076934 2.009224 -0.039398 0.815746 -0.270483 -0.075123 0.796754 0.535143
1541977106.081935 2.008521 -0.039721 0.816264 -0.265893 -0.074275 0.797912 0.535837
1541977106.086935 2.007678 -0.040157 0.816792 -0.261502 -0.07218 0.799126 0.536474
1541977106.091937 2.006834 -0.040661 0.817221 -0.256834 -0.072569 0.80026 0.536986
1541977106.096937 2.005981 -0.041155 0.817583 -0.251381 -0.074208 0.800489 0.538997
1541977106.101939 2.005171 -0.041612 0.817939 -0.246791 -0.077543 0.799857 0.541581
1541977106.106943 2.00429 -0.041963 0.818231 -0.240974 -0.083584 0.800844 0.541844
1541977106.111951 2.003522 -0.042421 0.81822 -0.235623 -0.090254 0.799639 0.544898
1541977106.116957 2.00274 -0.042918 0.818199 -0.231192 -0.096043 0.799235 0.546397
1541977106.12196 2.001948 -0.043284 0.817958 -0.225847 -0.102901 0.79783 0.549428
1541977106.126964 2.001083 -0.043592 0.817662 -0.221014 -0.108297 0.796681 0.552018
1541977106.131965 2.000446 -0.043927 0.817138 -0.21811 -0.115422 0.795172 0.553902
1541977106.136966 1.999576 -0.044159 0.81649 -0.215292 -0.120501 0.79336 0.556514
1541977106.141964 1.998872 -0.04451 0.81572 -0.217082 -0.123363 0.790681 0.559
1541977106.146966 1.99807 -0.04468 0.814839 -0.21643 -0.127214 0.788431 0.561561
1541977106.151966 1.99727 -0.045036 0.813861 -0.219039 -0.127903 0.7853 0.564772
1541977106.156966 1.996615 -0.04511 0.812814 -0.221725 -0.132274 0.782604 0.566456
1541977106.16197 1.995655 -0.045465 0.811652 -0.223724 -0.130238 0.779308 0.57067
1541977106.166972 1.994923 -0.045677 0.810382 -0.228275 -0.132998 0.776349 0.572262
1541977106.171973 1.994038 -0.045768 0.809238 -0.232149 -0.135114 0.774194 0.573127
1541977106.17697 1.993303 -0.046057 0.807988 -0.23646 -0.136369 0.771496 0.574704
1541977106.181966 1.992467 -0.046404 0.806689 -0.240698 -0.135384 0.767777 0.578147
1541977106.186961 1.99149 -0.046611 0.805415 -0.243707 -0.135735 0.765335 0.580039
1541977106.191956 1.990703 -0.046833 0.804212 -0.248711 -0.139003 0.76235 0.581071
1541977106.196957 1.98988 -0.047259 0.802991 -0.252383 -0.138966 0.760167 0.582355
1541977106.201956 1.988993 -0.047785 0.801647 -0.255863 -0.13896 0.757779 0.583947
1541977106.20695 1.988195 -0.048192 0.800574 -0.258117 -0.140683 0.755475 0.585527
1541977106.211943 1.987278 -0.048626 0.799421 -0.259317 -0.141735 0.753339 0.587491
1541977106.216937 1.98647 -0.049233 0.798275 -0.261001 -0.142746 0.751191 0.589248
1541977106.221933 1.985558 -0.050006 0.797127 -0.262528 -0.143757 0.749353 0.590663
1541977106.226929 1.984642 -0.050642 0.796067 -0.262667 -0.145926 0.747552 0.592349
1541977106.231926 1.983702 -0.051357 0.795026 -0.261739 -0.148463 0.746192 0.593842
1541977106.236927 1.982824 -0.052319 0.793975 -0.261804 -0.150763 0.745047 0.594672
1541977106.241934 1.981888 -0.053375 0.792936 -0.261849 -0.152953 0.742704 0.597019
1541977106.246947 1.980825 -0.054302 0.791851 -0.258626 -0.155106 0.742392 0.598255
1541977106.251961 1.979783 -0.055411 0.79082 -0.257603 -0.158978 0.741922 0.598263
1541977106.256972 1.978781 -0.05672 0.78979 -0.256622 -0.161306 0.741196 0.59896
1541977106.261978 1.977692 -0.058083 0.788735 -0.254774 -0.16353 0.742812 0.597143
1541977106.266982 1.976697 -0.059302 0.787737 -0.253203 -0.168437 0.740916 0.598799
1541977106.271981 1.97567 -0.060806 0.7866 -0.252354 -0.17128 0.741416 0.597731
1541977106.276979 1.974574 -0.062331 0.78543 -0.25141 -0.173937 0.741537 0.597211
1541977106.281975 1.973485 -0.063883 0.784195 -0.250739 -0.176648 0.741839 0.596322
1541977106.286967 1.972492 -0.065553 0.782926 -0.250027 -0.1782 0.742179 0.595737
1541977106.29196 1.971394 -0.067093 0.781657 -0.249068 -0.181211 0.742383 0.594975
1541977106.296953 1.970306 -0.068865 0.780359 -0.24944 -0.181435 0.742588 0.594495
1541977106.301947 1.969277 -0.070639 0.778896 -0.250512 -0.183834 0.742879 0.592941
1541977106.306942 1.968271 -0.072418 0.77751 -0.250023 -0.186409 0.743011 0.592179
1541977106.311939 1.967289 -0.074277 0.776062 -0.251272 -0.188308 0.743183 0.590831
1541977106.316939 1.966187 -0.076203 0.774478 -0.251634 -0.190117 0.743436 0.589779
1541977106.321941 1.96522 -0.078277 0.772937 -0.252206 -0.189698 0.744628 0.588163
1541977106.326946 1.964204 -0.080234 0.771223 -0.252201 -0.194035 0.744943 0.586348
1541977106.331948 1.963111 -0.082291 0.769577 -0.25332 -0.197208 0.745248 0.584418
1541977106.336949 1.962128 -0.084403 0.767882 -0.253429 -0.200708 0.745888 0.582358
1541977106.34195 1.961016 -0.086519 0.766077 -0.253936 -0.20578 0.746447 0.579645
1541977106.346948 1.959979 -0.088819 0.764315 -0.254566 -0.208349 0.747237 0.577428
1541977106.351948 1.959004 -0.091068 0.762412 -0.255497 -0.20984 0.747053 0.576715
1541977106.356951 1.957928 -0.093263 0.760621 -0.256284 -0.213227 0.74769 0.574293
1541977106.361955 1.956841 -0.095391 0.758848 -0.255305 -0.217481 0.748371 0.572243
1541977106.366958 1.95576 -0.097486 0.757035 -0.255786 -0.221777 0.749236 0.56924
1541977106.371967 1.954724 -0.099642 0.755175 -0.255572 -0.224977 0.748614 0.568898
1541977106.376971 1.953489 -0.101714 0.75338 -0.254828 -0.228343 0.749935 0.566144
1541977106.381971 1.952446 -0.103933 0.751455 -0.254721 -0.231094 0.748886 0.566465
1541977106.386969 1.951234 -0.106177 0.749599 -0.255512 -0.234289 0.748849 0.564843
1541977106.391965 1.950151 -0.108212 0.747718 -0.255204 -0.23744 0.74902 0.563437
1541977106.396958 1.948813 -0.11021 0.745994 -0.254113 -0.240986 0.749627 0.561615
1541977106.401951 1.94765 -0.112506 0.744093 -0.254377 -0.243141 0.749186 0.561155
1541977106.406947 1.946379 -0.114746 0.742137 -0.255184 -0.2442 0.749484 0.559929
1541977106.411942 1.945055 -0.11698 0.740347 -0.256615 -0.243902 0.749722 0.559086
1541977106.416935 1.94386 -0.119135 0.738394 -0.257908 -0.245495 0.749285 0.55838
1541977106.42193 1.942551 -0.121448 0.736472 -0.259639 -0.245948 0.748866 0.55794
1541977106.426927 1.941222 -0.123718 0.734457 -0.259743 -0.245604 0.749236 0.557546
1541977106.431927 1.939719 -0.125813 0.732579 -0.259798 -0.248337 0.749947 0.555349
1541977106.436931 1.93826 -0.128133 0.730618 -0.260501 -0.25008 0.750006 0.554157
1541977106.441937 1.936935 -0.130636 0.728622 -0.26188 -0.250238 0.74917 0.554567
1541977106.446941 1.935384 -0.132965 0.726678 -0.262142 -0.252597 0.749763 0.552569
1541977106.451943 1.933836 -0.135263 0.724688 -0.262181 -0.255424 0.74997 0.550968
1541977106.456947 1.932278 -0.137688 0.722692 -0.261776 -0.255339 0.750559 0.550396
1541977106.461961 1.930775 -0.140048 0.720666 -0.26207 -0.258024 0.750997 0.548403
1541977106.466975 1.929235 -0.142448 0.718735 -0.262346 -0.260472 0.750606 0.547649
1541977106.471986 1.927639 -0.144799 0.716731 -0.260785 -0.26343 0.751592 0.545623
1541977106.476993 1.925984 -0.147151 0.714876 -0.260324 -0.265975 0.75189 0.544197
1541977106.482001 1.92437 -0.149636 0.712943 -0.261016 -0.268544 0.750855 0.544033
1541977106.487003 1.922537 -0.152072 0.711023 -0.259097 -0.269221 0.752475 0.542375
1541977106.492001 1.920976 -0.154583 0.709064 -0.26028 -0.270576 0.752678 0.54085
1541977106.496994 1.919225 -0.156981 0.707204 -0.259455 -0.271971 0.75352 0.539372
1541977106.501984 1.917688 -0.159459 0.705336 -0.259948 -0.273374 0.752878 0.539321
1541977106.506973 1.916113 -0.162145 0.703447 -0.261565 -0.272984 0.752893 0.538717
1541977106.511959 1.914553 -0.16473 0.701566 -0.262131 -0.274481 0.753428 0.53693
1541977106.516948 1.91286 -0.167114 0.699741 -0.26171 -0.275268 0.754277 0.535539
1541977106.521937 1.91114 -0.169829 0.697926 -0.262498 -0.276294 0.754719 0.534
1541977106.52693 1.909515 -0.172561 0.696158 -0.263025 -0.276957 0.754714 0.533404
1541977106.531923 1.907898 -0.175223 0.694366 -0.26257 -0.27755 0.755412 0.53233
1541977106.536917 1.906275 -0.178009 0.692648 -0.263069 -0.277507 0.756447 0.530634
1541977106.541915 1.904668 -0.180537 0.691169 -0.263949 -0.282036 0.7562 0.528155
1541977106.546916 1.903108 -0.183434 0.689344 -0.26437 -0.282088 0.756238 0.527863
1541977106.55192 1.901548 -0.186299 0.687644 -0.263618 -0.281818 0.757495 0.526579
1541977106.556926 1.89972 -0.188902 0.686201 -0.261425 -0.284166 0.759629 0.523326
1541977106.561935 1.897984 -0.191539 0.684857 -0.260063 -0.285843 0.7604 0.521969
1541977106.566941 1.896392 -0.194305 0.683325 -0.259665 -0.288444 0.761626 0.518941
1541977106.571946 1.894721 -0.197156 0.681919 -0.258627 -0.288643 0.762448 0.518141
1541977106.576949 1.893181 -0.199969 0.680632 -0.25832 -0.289435 0.763003 0.517035
1541977106.581951 1.891438 -0.202809 0.679282 -0.256241 -0.290654 0.764046 0.515843
1541977106.586954 1.88972 -0.205562 0.678098 -0.254312 -0.291801 0.765447 0.51407
1541977106.591957 1.887968 -0.208208 0.677039 -0.251033 -0.292421 0.766975 0.513052
1541977106.596966 1.886541 -0.211028 0.675781 -0.251185 -0.294598 0.766961 0.511751
1541977106.601973 1.884829 -0.2137 0.674811 -0.250092 -0.296694 0.767513 0.510245
1541977106.606979 1.883094 -0.216498 0.673625 -0.247681 -0.296473 0.769798 0.508104
1541977106.61198 1.881366 -0.219086 0.672703 -0.245031 -0.29726 0.771213 0.506781
1541977106.616979 1.87992 -0.221902 0.671517 -0.245291 -0.298138 0.771911 0.505073
1541977106.621976 1.878176 -0.224527 0.670646 -0.243078 -0.297871 0.773619 0.503686
1541977106.626973 1.87653 -0.227174 0.669622 -0.241788 -0.297484 0.775733 0.501278
1541977106.631971 1.874947 -0.229791 0.668714 -0.240364 -0.29859 0.775854 0.501119
1541977106.636969 1.873521 -0.232443 0.667729 -0.239576 -0.299601 0.776758 0.499489
1541977106.641964 1.871988 -0.234969 0.666869 -0.238153 -0.299854 0.777756 0.498465
1541977106.646959 1.870491 -0.23759 0.665954 -0.237498 -0.300431 0.779037 0.496424
1541977106.651954 1.869011 -0.240076 0.66506 -0.236519 -0.300492 0.779974 0.495383
1541977106.656947 1.867583 -0.242627 0.664195 -0.235554 -0.300413 0.780355 0.49529
1541977106.661944 1.866199 -0.245092 0.663327 -0.234944 -0.300712 0.781443 0.49368
1541977106.66694 1.864936 -0.247546 0.662431 -0.234704 -0.301814 0.781591 0.492888
1541977106.671938 1.863631 -0.249883 0.661601 -0.234764 -0.30168 0.78199 0.492307
1541977106.676935 1.862311 -0.252251 0.660795 -0.234731 -0.302311 0.782665 0.490862
1541977106.681934 1.860986 -0.254494 0.660048 -0.233827 -0.302475 0.7836 0.489699
1541977106.686935 1.859823 -0.256843 0.659219 -0.234791 -0.30258 0.783556 0.489243
1541977106.691932 1.858498 -0.259126 0.658462 -0.234084 -0.302711 0.784476 0.488025
1541977106.696932 1.857146 -0.261433 0.657786 -0.233005 -0.302005 0.785306 0.487644
1541977106.701932 1.855975 -0.263642 0.657076 -0.233189 -0.302631 0.78587 0.486257
1541977106.706935 1.854844 -0.265673 0.656518 -0.233658 -0.304162 0.785692 0.485362
1541977106.71194 1.853525 -0.267775 0.655897 -0.232014 -0.303658 0.786455 0.485232
1541977106.716946 1.852152 -0.269944 0.655347 -0.230783 -0.30335 0.787281 0.484673
1541977106.721953 1.851113 -0.271855 0.654723 -0.230686 -0.304735 0.78673 0.484744
1541977106.726957 1.84993 -0.273954 0.654135 -0.230549 -0.303955 0.787726 0.48368
1541977106.731957 1.848654 -0.275984 0.653581 -0.22907 -0.30318 0.788625 0.483404
1541977106.73696 1.847479 -0.277958 0.653022 -0.229323 -0.303316 0.789159 0.482326
1541977106.741956 1.846201 -0.279906 0.652546 -0.227459 -0.304385 0.789616 0.481787
1541977106.746952 1.84511 -0.281855 0.651977 -0.227017 -0.304711 0.78966 0.481718
1541977106.751949 1.843752 -0.283731 0.651443 -0.224295 -0.304753 0.791332 0.48022
1541977106.756944 1.842554 -0.285625 0.650909 -0.223602 -0.305692 0.791634 0.479448
1541977106.761939 1.841381 -0.287438 0.650359 -0.222527 -0.306811 0.791977 0.478667
1541977106.766935 1.840184 -0.289213 0.649756 -0.221194 -0.307193 0.792867 0.477564
1541977106.771935 1.839031 -0.291041 0.649144 -0.220906 -0.308293 0.792909 0.476919
1541977106.776938 1.837875 -0.29277 0.648528 -0.220444 -0.308979 0.793149 0.476289
1541977106.781944 1.836686 -0.294342 0.647823 -0.218897 -0.309428 0.793929 0.475411
1541977106.78695 1.835566 -0.296051 0.647191 -0.21884 -0.310152 0.794307 0.474333
1541977106.791953 1.834516 -0.297617 0.646494 -0.218893 -0.311295 0.793951 0.474155
1541977106.796956 1.833236 -0.29917 0.645742 -0.217441 -0.30953 0.795224 0.473845
1541977106.801959 1.832208 -0.300613 0.645066 -0.218043 -0.312074 0.794125 0.473744
1541977106.80696 1.831011 -0.302082 0.644328 -0.217169 -0.312137 0.794665 0.473197
1541977106.811958 1.829984 -0.303494 0.643674 -0.218539 -0.313587 0.794092 0.472569
1541977106.816953 1.828815 -0.304822 0.642872 -0.217788 -0.313238 0.794212 0.472946
1541977106.821946 1.827649 -0.306182 0.642162 -0.217327 -0.314396 0.794281 0.472273
1541977106.826941 1.826404 -0.307348 0.641397 -0.216138 -0.31425 0.795034 0.471649
1541977106.831936 1.825312 -0.308531 0.64071 -0.216973 -0.315662 0.794445 0.471314
1541977106.836929 1.824065 -0.309805 0.639916 -0.216651 -0.314286 0.794546 0.472211
1541977106.841921 1.822958 -0.310876 0.639232 -0.216919 -0.316343 0.794184 0.471323
1541977106.846917 1.821822 -0.311892 0.638566 -0.217568 -0.316406 0.793794 0.471638
1541977106.851918 1.820602 -0.312978 0.637795 -0.21735 -0.316097 0.793311 0.472757
1541977106.856921 1.8194 -0.31395 0.637133 -0.216719 -0.316692 0.793304 0.47266
1541977106.861924 1.81823 -0.314853 0.636449 -0.217094 -0.316288 0.793526 0.472386
1541977106.866927 1.817037 -0.315734 0.635765 -0.216755 -0.317006 0.792859 0.473179
1541977106.871937 1.815839 -0.316604 0.635107 -0.216392 -0.3173 0.792755 0.473323
1541977106.876944 1.81464 -0.317365 0.634445 -0.216181 -0.31849 0.792374 0.473259
1541977106.881952 1.813492 -0.318243 0.633828 -0.21676 -0.318085 0.791468 0.47478
1541977106.886956 1.812311 -0.318922 0.633115 -0.216277 -0.318345 0.791666 0.474494
1541977106.891964 1.811142 -0.319742 0.632538 -0.216826 -0.318713 0.790838 0.475377
1541977106.896968 1.809996 -0.320342 0.631955 -0.215909 -0.320535 0.790428 0.475251
1541977106.901966 1.808854 -0.321104 0.631286 -0.216972 -0.320911 0.789765 0.475617
1541977106.906964 1.807641 -0.321774 0.630707 -0.215881 -0.320213 0.78974 0.476623
1541977106.912005 1.806472 -0.322419 0.630082 -0.216164 -0.320644 0.789347 0.476857
1541977106.917029 1.805371 -0.322962 0.629442 -0.21655 -0.319985 0.789554 0.476781
1541977106.922038 1.804214 -0.323572 0.628802 -0.215744 -0.321045 0.788696 0.477853
1541977106.927033 1.803093 -0.324146 0.628238 -0.216047 -0.320672 0.788911 0.477612
1541977106.932015 1.802072 -0.32466 0.627667 -0.216201 -0.323571 0.787177 0.478446
1541977106.93699 1.800858 -0.325268 0.62702 -0.215319 -0.3221 0.787541 0.479238
1541977106.941965 1.799789 -0.325773 0.626464 -0.215778 -0.322939 0.787701 0.478202
1541977106.94694 1.798699 -0.326313 0.625843 -0.215393 -0.32395 0.7868 0.479175
1541977106.951919 1.797657 -0.326853 0.625283 -0.216527 -0.324073 0.787122 0.47805
1541977106.956905 1.796532 -0.327337 0.624672 -0.215448 -0.324777 0.786438 0.479185
1541977106.961912 1.795574 -0.327746 0.624165 -0.216412 -0.326597 0.785656 0.478795
1541977106.966921 1.794439 -0.328306 0.623561 -0.216099 -0.325763 0.785941 0.479036
1541977106.971934 1.79338 -0.32863 0.623015 -0.21575 -0.326599 0.785713 0.478999
1541977106.976951 1.79239 -0.329157 0.622521 -0.216564 -0.327267 0.785408 0.478676
1541977106.981966 1.791297 -0.329464 0.622069 -0.215872 -0.326581 0.785358 0.479539
1541977106.986976 1.790306 -0.329816 0.621615 -0.215833 -0.327636 0.784661 0.479977
1541977106.991992 1.789292 -0.330206 0.621239 -0.216496 -0.327312 0.784578 0.480036
1541977106.997001 1.788268 -0.33048 0.620853 -0.215399 -0.327978 0.784037 0.480958
1541977107.002001 1.787235 -0.33071 0.620592 -0.214877 -0.328001 0.783919 0.481367
1541977107.006995 1.786236 -0.331088 0.620252 -0.215051 -0.326823 0.783791 0.482298
1541977107.011995 1.785278 -0.331317 0.619966 -0.214489 -0.325708 0.784052 0.482878
1541977107.016992 1.784407 -0.331447 0.619713 -0.21452 -0.327217 0.783068 0.48344
1541977107.021986 1.783504 -0.331753 0.619471 -0.215331 -0.328229 0.78242 0.483443
1541977107.026982 1.782487 -0.332044 0.619259 -0.214245 -0.32567 0.783566 0.4838
1541977107.031974 1.781609 -0.332275 0.619109 -0.213782 -0.324904 0.783659 0.484369
1541977107.036962 1.780767 -0.332465 0.618924 -0.2131 -0.325262 0.782863 0.485716
1541977107.041951 1.779905 -0.332757 0.618846 -0.213348 -0.325097 0.783027 0.485453
1541977107.046938 1.779097 -0.332931 0.618738 -0.213467 -0.324935 0.78339 0.484921
1541977107.051929 1.778303 -0.333179 0.618713 -0.213529 -0.323858 0.783227 0.485877
1541977107.056922 1.777583 -0.333322 0.618718 -0.213752 -0.32517 0.782563 0.485973
1541977107.061922 1.77681 -0.333504 0.618799 -0.213224 -0.325218 0.782589 0.486131
1541977107.066921 1.77607 -0.333682 0.61883 -0.213356 -0.324189 0.783156 0.485847
1541977107.071918 1.775359 -0.333796 0.61899 -0.212474 -0.323709 0.783687 0.485698
1541977107.07692 1.774724 -0.33394 0.61924 -0.213122 -0.323134 0.783713 0.485754
1541977107.081926 1.774014 -0.334 0.619451 -0.21158 -0.322564 0.784147 0.486106
1541977107.086931 1.77337 -0.3341 0.619797 -0.211313 -0.323305 0.784403 0.485317
1541977107.091934 1.772773 -0.334196 0.620116 -0.210794 -0.322472 0.784584 0.485803
1541977107.096939 1.772199 -0.334221 0.620496 -0.210021 -0.322927 0.784768 0.485539
1541977107.101943 1.771667 -0.33425 0.620922 -0.209137 -0.322669 0.784902 0.485875
1541977107.106948 1.77116 -0.334096 0.621379 -0.207377 -0.324115 0.78452 0.486283
1541977107.111961 1.770611 -0.333971 0.621967 -0.205248 -0.324256 0.78497 0.486368
1541977107.116969 1.770105 -0.333838 0.622528 -0.20392 -0.323919 0.784979 0.487136
1541977107.121981 1.769704 -0.33376 0.623131 -0.202899 -0.323484 0.784994 0.487826
1541977107.126992 1.769328 -0.333414 0.623827 -0.201445 -0.324589 0.785091 0.487538
1541977107.131996 1.768927 -0.333145 0.62457 -0.199924 -0.324226 0.785707 0.487414
1541977107.136995 1.768508 -0.332789 0.625347 -0.197408 -0.323511 0.786368 0.487848
1541977107.141991 1.768162 -0.332414 0.626222 -0.195539 -0.323271 0.786547 0.488471
1541977107.146983 1.767946 -0.331932 0.627048 -0.194682 -0.324002 0.785571 0.489897
1541977107.151972 1.767604 -0.331343 0.627941 -0.192394 -0.322879 0.786251 0.490452
1541977107.156964 1.767336 -0.330795 0.62886 -0.190218 -0.322232 0.786229 0.491759
1541977107.161953 1.767133 -0.330166 0.629743 -0.188816 -0.321458 0.786188 0.492872
1541977107.166945 1.766947 -0.329491 0.630601 -0.187592 -0.320168 0.786566 0.493575
1541977107.171934 1.766736 -0.328659 0.631569 -0.18536 -0.319356 0.787077 0.494129
1541977107.176926 1.766686 -0.327836 0.632442 -0.184576 -0.320284 0.786474 0.49478
1541977107.181919 1.766587 -0.326933 0.633311 -0.183467 -0.319048 0.786553 0.495865
1541977107.186913 1.766541 -0.326061 0.634173 -0.1814 -0.318644 0.786434 0.497073
1541977107.191921 1.766539 -0.325013 0.635035 -0.180863 -0.31838 0.786121 0.497933
1541977107.196929 1.766533 -0.324046 0.635823 -0.179934 -0.317114 0.7864 0.498636
1541977107.201938 1.766791 -0.3228 0.636717 -0.180218 -0.3198 0.784729 0.499449
1541977107.206944 1.766715 -0.321762 0.637505 -0.178029 -0.317769 0.785523 0.500282
1541977107.211949 1.766895 -0.320432 0.638336 -0.177721 -0.317031 0.784704 0.502142
1541977107.216952 1.767013 -0.319263 0.63902 -0.177405 -0.316427 0.784531 0.502905
1541977107.221952 1.767239 -0.317719 0.639784 -0.176986 -0.316591 0.783986 0.503797
1541977107.226954 1.767387 -0.316359 0.640523 -0.176363 -0.315791 0.783437 0.50537
1541977107.231951 1.76759 -0.314807 0.641266 -0.175682 -0.316167 0.782643 0.5066
1541977107.236946 1.767853 -0.313297 0.641857 -0.176846 -0.313139 0.78312 0.507338
1541977107.241939 1.768129 -0.311631 0.642529 -0.176515 -0.312629 0.781764 0.509853
1541977107.246933 1.768475 -0.309888 0.643231 -0.177341 -0.312987 0.781161 0.510271
1541977107.251929 1.768779 -0.30811 0.643806 -0.17695 -0.311115 0.780412 0.512692
1541977107.256925 1.769187 -0.306217 0.644395 -0.178225 -0.311577 0.7797 0.513053
1541977107.261925 1.769495 -0.304382 0.64498 -0.178018 -0.309111 0.778858 0.515887
1541977107.266925 1.769975 -0.302377 0.645576 -0.179559 -0.308942 0.777868 0.516947
1541977107.271922 1.770315 -0.300414 0.646139 -0.179872 -0.306989 0.777273 0.518894
1541977107.276926 1.770863 -0.298352 0.646778 -0.181624 -0.308514 0.77558 0.519911
1541977107.281933 1.771264 -0.296212 0.647326 -0.181939 -0.307922 0.774188 0.522221
1541977107.286941 1.771737 -0.294158 0.647945 -0.182812 -0.306267 0.773309 0.524189
1541977107.291946 1.772254 -0.292018 0.648504 -0.184183 -0.30545 0.772102 0.525961
1541977107.296952 1.772758 -0.289824 0.649032 -0.184856 -0.305532 0.771039 0.527236
1541977107.301957 1.773256 -0.287666 0.649588 -0.186049 -0.304267 0.770199 0.528774
1541977107.30696 1.773893 -0.285541 0.650146 -0.188104 -0.304055 0.768497 0.530641
1541977107.31196 1.774304 -0.283349 0.650707 -0.187786 -0.30321 0.768176 0.531701
1541977107.316956 1.774945 -0.281156 0.651342 -0.189782 -0.303595 0.766579 0.533076
1541977107.321962 1.775382 -0.279018 0.651933 -0.189508 -0.302852 0.766498 0.533712
1541977107.326967 1.775849 -0.276947 0.652514 -0.189757 -0.301115 0.76601 0.535304
1541977107.331968 1.776527 -0.274708 0.653134 -0.191111 -0.302623 0.764988 0.535434
1541977107.336965 1.77705 -0.272579 0.65375 -0.191404 -0.301312 0.764826 0.536299
1541977107.341961 1.77755 -0.270497 0.654412 -0.190759 -0.300695 0.764129 0.537867
1541977107.346955 1.778115 -0.268303 0.655093 -0.190526 -0.300213 0.763977 0.538434
1541977107.351947 1.778762 -0.266157 0.655811 -0.191248 -0.300374 0.763459 0.538823
1541977107.356938 1.779313 -0.263995 0.656513 -0.190192 -0.300344 0.76324 0.539523
1541977107.361931 1.779828 -0.261734 0.657207 -0.188447 -0.300852 0.763096 0.540056
1541977107.366921 1.780525 -0.259509 0.657984 -0.18872 -0.301137 0.762314 0.540906
1541977107.371913 1.781222 -0.257216 0.658723 -0.187988 -0.302972 0.76172 0.540972
1541977107.376907 1.781854 -0.254808 0.659495 -0.186248 -0.304177 0.761739 0.540872
1541977107.381906 1.782611 -0.252452 0.660267 -0.186208 -0.305164 0.760734 0.541742
1541977107.38691 1.783339 -0.250063 0.661092 -0.184732 -0.306961 0.759816 0.54252
1541977107.391917 1.784073 -0.247599 0.661888 -0.183813 -0.308635 0.759467 0.542371
1541977107.39693 1.784869 -0.245181 0.662653 -0.183823 -0.308619 0.758787 0.543329
1541977107.401943 1.785603 -0.242706 0.663428 -0.182541 -0.310869 0.757512 0.544257
1541977107.406955 1.786371 -0.240147 0.66421 -0.181186 -0.311409 0.756991 0.545125
1541977107.411972 1.787193 -0.23746 0.664987 -0.18101 -0.312742 0.756161 0.545571
1541977107.416984 1.787978 -0.234865 0.665722 -0.179954 -0.311965 0.755907 0.546717
1541977107.421993 1.788811 -0.232342 0.666517 -0.180433 -0.311336 0.755225 0.547858
1541977107.426995 1.78955 -0.22952 0.66733 -0.178588 -0.312008 0.755013 0.548374
1541977107.431992 1.790384 -0.226784 0.668057 -0.177656 -0.312081 0.754035 0.549977
1541977107.436983 1.791212 -0.223968 0.668846 -0.176908 -0.312259 0.753373 0.551024
1541977107.441971 1.792241 -0.221227 0.669652 -0.178311 -0.312826 0.751841 0.55234
1541977107.446953 1.793107 -0.218373 0.670388 -0.177245 -0.311791 0.750849 0.554614
1541977107.451935 1.794113 -0.215495 0.671098 -0.177194 -0.313255 0.749413 0.555746
1541977107.456918 1.794975 -0.212582 0.671856 -0.176761 -0.312929 0.748773 0.556929
1541977107.46191 1.795878 -0.209688 0.672635 -0.175955 -0.313303 0.74789 0.55816
1541977107.466899 1.796727 -0.206845 0.673345 -0.175074 -0.313173 0.747227 0.559396
1541977107.471907 1.797753 -0.203844 0.674094 -0.174922 -0.313619 0.745853 0.561024
1541977107.476934 1.798773 -0.2009 0.67483 -0.175737 -0.314666 0.744859 0.561505
1541977107.481997 1.799722 -0.197937 0.675567 -0.174534 -0.314435 0.744024 0.563113
1541977107.487057 1.800836 -0.195065 0.676329 -0.175696 -0.316247 0.742063 0.564324
1541977107.492093 1.80164 -0.192072 0.677084 -0.172804 -0.314471 0.742258 0.56595
1541977107.497102 1.802615 -0.189105 0.67778 -0.173381 -0.314449 0.74162 0.566622
1541977107.502089 1.803741 -0.186161 0.678518 -0.173929 -0.315597 0.739797 0.568197
1541977107.507051 1.804714 -0.183152 0.679323 -0.172875 -0.316527 0.738643 0.569502
1541977107.512032 1.805661 -0.180099 0.680124 -0.171479 -0.317708 0.738402 0.569578
1541977107.516996 1.80682 -0.177074 0.680933 -0.172131 -0.318625 0.73741 0.570154
1541977107.52195 1.807836 -0.173984 0.681759 -0.17066 -0.320819 0.735678 0.571602
1541977107.526899 1.808901 -0.170958 0.682588 -0.169772 -0.321303 0.735351 0.572014
1541977107.531921 1.809902 -0.167861 0.683422 -0.168299 -0.322333 0.734494 0.572971
1541977107.536959 1.811011 -0.16482 0.68428 -0.168013 -0.322168 0.733681 0.574189
1541977107.542008 1.812097 -0.16174 0.685242 -0.166794 -0.323279 0.732034 0.576018
1541977107.547036 1.813201 -0.158581 0.686158 -0.166071 -0.32417 0.731253 0.576718
1541977107.552047 1.814294 -0.155436 0.687073 -0.165311 -0.324051 0.730302 0.578206
1541977107.557075 1.815439 -0.152358 0.687961 -0.163878 -0.324319 0.729472 0.57951
1541977107.562076 1.816725 -0.149235 0.688918 -0.164547 -0.326138 0.727588 0.580667
1541977107.567071 1.817753 -0.14608 0.689884 -0.162147 -0.325515 0.727714 0.581533
1541977107.572044 1.819018 -0.142965 0.69077 -0.162181 -0.326011 0.726277 0.58304
1541977107.576997 1.820169 -0.139852 0.691777 -0.16112 -0.327159 0.725557 0.583587
1541977107.581937 1.821373 -0.136741 0.692667 -0.160551 -0.326862 0.72453 0.585184
1541977107.586908 1.822625 -0.133624 0.693588 -0.160555 -0.327691 0.723045 0.586556
1541977107.59187 1.823792 -0.130515 0.694476 -0.159007 -0.327538 0.722541 0.587682
1541977107.596843 1.824975 -0.12745 0.695412 -0.157862 -0.327469 0.721983 0.588715
1541977107.601823 1.826264 -0.124393 0.696296 -0.157864 -0.327864 0.720165 0.590717
1541977107.606828 1.827523 -0.121373 0.69717 -0.157821 -0.328386 0.719721 0.59098
1541977107.611829 1.828812 -0.118321 0.698068 -0.157425 -0.330341 0.718114 0.591949
1541977107.616837 1.830049 -0.115317 0.698904 -0.156543 -0.330761 0.717438 0.592769
1541977107.621856 1.831375 -0.112433 0.699803 -0.156612 -0.332209 0.715589 0.594174
1541977107.626895 1.8326 -0.109498 0.700722 -0.15714 -0.332164 0.715316 0.594388
1541977107.63192 1.833895 -0.106629 0.701532 -0.156903 -0.333025 0.714285 0.595208
1541977107.63693 1.835154 -0.1037 0.70243 -0.155245 -0.33355 0.713517 0.596269
1541977107.641953 1.836328 -0.100823 0.703401 -0.154469 -0.333904 0.712979 0.596916
1541977107.647002 1.837636 -0.098001 0.704246 -0.154934 -0.334588 0.711786 0.597835
1541977107.652029 1.838911 -0.095137 0.70525 -0.153889 -0.336344 0.710839 0.598247
1541977107.657033 1.84029 -0.09238 0.706143 -0.155457 -0.336874 0.709179 0.599511
1541977107.662011 1.841536 -0.089616 0.707102 -0.154395 -0.337679 0.708513 0.60012
1541977107.666981 1.842684 -0.086929 0.708019 -0.152918 -0.337397 0.707274 0.602115
1541977107.671935 1.843912 -0.084263 0.709005 -0.153011 -0.338246 0.706824 0.602143
1541977107.67696 1.84515 -0.08157 0.709985 -0.152038 -0.338858 0.70576 0.603293
1541977107.681971 1.846383 -0.078988 0.710946 -0.152122 -0.33966 0.705135 0.603552
1541977107.686996 1.847574 -0.076453 0.71195 -0.151931 -0.340274 0.704124 0.604433
1541977107.692014 1.848761 -0.073954 0.712914 -0.151591 -0.341366 0.703544 0.604579
1541977107.697015 1.849949 -0.071576 0.713903 -0.151236 -0.340811 0.702692 0.605969
1541977107.70199 1.851075 -0.069184 0.714896 -0.150467 -0.341282 0.702118 0.606561
1541977107.706952 1.852248 -0.06679 0.715859 -0.150055 -0.341579 0.701201 0.607556
1541977107.711906 1.853352 -0.064457 0.716911 -0.149986 -0.342141 0.7008 0.60772
1541977107.716855 1.854422 -0.062102 0.717917 -0.149541 -0.342909 0.699841 0.608501
1541977107.721803 1.855513 -0.05987 0.718988 -0.148879 -0.343324 0.699437 0.608894
1541977107.726755 1.856506 -0.057695 0.719992 -0.147635 -0.34369 0.699256 0.609198
1541977107.731724 1.857578 -0.05564 0.720996 -0.146888 -0.344524 0.698363 0.609931
1541977107.736715 1.858709 -0.053574 0.722162 -0.148109 -0.345371 0.697117 0.610582
1541977107.741723 1.859663 -0.051474 0.723214 -0.147652 -0.345424 0.696646 0.6112
1541977107.746745 1.860575 -0.049502 0.724281 -0.146932 -0.345041 0.696078 0.612236
1541977107.751778 1.861451 -0.047509 0.725366 -0.14541 -0.345894 0.695884 0.612339
1541977107.756842 1.862395 -0.045701 0.726457 -0.145529 -0.346055 0.694874 0.613365
1541977107.761927 1.863322 -0.043791 0.727511 -0.145647 -0.347592 0.694144 0.613295
1541977107.766988 1.864123 -0.041986 0.728596 -0.145037 -0.348195 0.693075 0.614305
1541977107.772049 1.864941 -0.040401 0.729637 -0.145229 -0.347757 0.692769 0.614854
1541977107.777078 1.865705 -0.038723 0.730772 -0.145192 -0.348525 0.692252 0.61501
1541977107.782077 1.866346 -0.036966 0.731931 -0.144139 -0.349235 0.69177 0.615397
1541977107.787053 1.867007 -0.035492 0.733026 -0.143307 -0.349637 0.690825 0.616424
1541977107.792044 1.867556 -0.033955 0.734109 -0.143923 -0.348084 0.69094 0.61703
1541977107.797065 1.868029 -0.03255 0.735229 -0.143816 -0.348021 0.690178 0.617942
1541977107.802095 1.868641 -0.031141 0.73636 -0.145297 -0.349843 0.688446 0.618499
1541977107.807101 1.868899 -0.029755 0.737509 -0.144843 -0.347961 0.68891 0.61915
1541977107.812075 1.869199 -0.028517 0.738642 -0.144959 -0.348549 0.688187 0.619596
1541977107.817026 1.869372 -0.027274 0.739901 -0.145166 -0.348865 0.687937 0.619647
1541977107.821959 1.869395 -0.026161 0.741144 -0.144664 -0.348348 0.68725 0.620816
1541977107.826887 1.869364 -0.025073 0.742375 -0.145256 -0.348407 0.687517 0.620349
1541977107.831813 1.869179 -0.02418 0.74371 -0.144643 -0.348536 0.687375 0.620577
1541977107.836779 1.868887 -0.023165 0.745068 -0.144313 -0.347952 0.688146 0.620128
1541977107.841751 1.868486 -0.022383 0.74648 -0.142777 -0.348856 0.687872 0.62028
1541977107.846785 1.867984 -0.021497 0.747918 -0.142232 -0.348413 0.688361 0.620111
1541977107.851842 1.867345 -0.020815 0.749417 -0.141379 -0.348626 0.689469 0.618954
1541977107.856896 1.866635 -0.020067 0.751043 -0.139521 -0.349646 0.689104 0.619207
1541977107.861935 1.865658 -0.019442 0.752731 -0.138316 -0.347565 0.691 0.618535
1541977107.866956 1.864777 -0.018866 0.754452 -0.136515 -0.349195 0.690738 0.61831
1541977107.871958 1.863683 -0.018265 0.756342 -0.133439 -0.349121 0.691509 0.618162
1541977107.876948 1.862518 -0.017721 0.758242 -0.132169 -0.34881 0.692022 0.618036
1541977107.881923 1.86132 -0.017261 0.760224 -0.12909 -0.350757 0.691668 0.617981
1541977107.886892 1.859951 -0.016774 0.762267 -0.126425 -0.35006 0.69266 0.617816
1541977107.891887 1.858583 -0.016368 0.764321 -0.125132 -0.348364 0.69371 0.61786
1541977107.896907 1.857078 -0.016005 0.766502 -0.121459 -0.349308 0.69391 0.617836
1541977107.901947 1.855596 -0.015614 0.768768 -0.120089 -0.349684 0.694322 0.617427
1541977107.90699 1.853873 -0.015294 0.770997 -0.116964 -0.347647 0.695243 0.618141
1541977107.912052 1.85219 -0.015023 0.773309 -0.114637 -0.347147 0.695907 0.618111
1541977107.917094 1.850532 -0.014713 0.77571 -0.113254 -0.348673 0.696199 0.617177
1541977107.92211 1.84857 -0.01461 0.778084 -0.110725 -0.345563 0.697437 0.617987
1541977107.927112 1.846697 -0.014336 0.780509 -0.108259 -0.34514 0.697692 0.618372
1541977107.932104 1.844795 -0.014198 0.782985 -0.106074 -0.345465 0.698226 0.617966
1541977107.937065 1.842849 -0.014029 0.785548 -0.103907 -0.34532 0.699085 0.617445
1541977107.942005 1.840764 -0.013984 0.788021 -0.101943 -0.34258 0.699737 0.618559
1541977107.946925 1.838708 -0.013855 0.790647 -0.099778 -0.341325 0.701331 0.6178
1541977107.951847 1.836736 -0.013698 0.79325 -0.097548 -0.343794 0.701059 0.617095
1541977107.956788 1.834562 -0.013679 0.795876 -0.095181 -0.341412 0.701646 0.618119
1541977107.961787 1.832458 -0.013658 0.798521 -0.093909 -0.340189 0.703045 0.617398
1541977107.966785 1.830299 -0.013706 0.801208 -0.092198 -0.339206 0.703208 0.618011
1541977107.971783 1.828066 -0.013568 0.803995 -0.087983 -0.339301 0.703635 0.618087
1541977107.976778 1.825949 -0.013657 0.806702 -0.086147 -0.339773 0.703728 0.617981
1541977107.981777 1.823738 -0.013853 0.809482 -0.085768 -0.337252 0.703376 0.619813
1541977107.986785 1.821483 -0.013905 0.812222 -0.083613 -0.336654 0.704894 0.618706
1541977107.9918 1.819255 -0.013932 0.815043 -0.080531 -0.336761 0.704997 0.61894
1541977107.996821 1.817149 -0.01407 0.817711 -0.079176 -0.337925 0.706002 0.617332
1541977108.001848 1.814837 -0.014331 0.82054 -0.077531 -0.33573 0.707012 0.617582
1541977108.006874 1.812577 -0.01457 0.823341 -0.074884 -0.334578 0.707598 0.617864
1541977108.011897 1.81026 -0.014857 0.8261 -0.072337 -0.332883 0.709364 0.617057
1541977108.016915 1.808147 -0.015157 0.828861 -0.071727 -0.33316 0.709877 0.616389
1541977108.02193 1.805963 -0.015516 0.831742 -0.06967 -0.332018 0.710443 0.616588
1541977108.026937 1.803701 -0.015943 0.834493 -0.067265 -0.330075 0.710914 0.617355
1541977108.031938 1.801517 -0.016272 0.837337 -0.064261 -0.330134 0.711866 0.616546
1541977108.036933 1.799396 -0.016727 0.840096 -0.063573 -0.32896 0.713693 0.615131
1541977108.041929 1.797225 -0.017318 0.842802 -0.061427 -0.326568 0.714098 0.616152
1541977108.046924 1.795077 -0.017858 0.845594 -0.058655 -0.324788 0.714945 0.616382
1541977108.051919 1.793087 -0.018355 0.848325 -0.057004 -0.325659 0.715843 0.615033
1541977108.056915 1.790952 -0.018991 0.85092 -0.054655 -0.323986 0.716513 0.61535
1541977108.061913 1.78888 -0.019713 0.853435 -0.05259 -0.323101 0.717288 0.615092
1541977108.066912 1.786959 -0.020358 0.856026 -0.051091 -0.324948 0.717756 0.613698
1541977108.071913 1.784909 -0.021196 0.858429 -0.047919 -0.323012 0.718873 0.613669
1541977108.076915 1.783103 -0.021896 0.860992 -0.047621 -0.323954 0.718729 0.613364
1541977108.081916 1.781181 -0.022717 0.863373 -0.044935 -0.323892 0.719456 0.612746
1541977108.086922 1.779222 -0.023584 0.865703 -0.043239 -0.322923 0.720813 0.611784
1541977108.091926 1.777397 -0.024506 0.867907 -0.042173 -0.323697 0.721623 0.610493
1541977108.096931 1.775726 -0.025403 0.870133 -0.040501 -0.32574 0.721493 0.609673
1541977108.101933 1.773907 -0.026395 0.872226 -0.038946 -0.3241 0.72169 0.610414
1541977108.106933 1.772198 -0.027379 0.874268 -0.036867 -0.324612 0.723432 0.608205
1541977108.111928 1.770559 -0.028468 0.87631 -0.036524 -0.32456 0.723779 0.607841
1541977108.116919 1.768897 -0.029548 0.878288 -0.033029 -0.325599 0.724369 0.606782
1541977108.12191 1.767284 -0.030614 0.880306 -0.032336 -0.324485 0.725866 0.605625
1541977108.126902 1.76577 -0.031847 0.882098 -0.030707 -0.325624 0.726022 0.604911
1541977108.131899 1.76417 -0.032934 0.883953 -0.029461 -0.324973 0.727122 0.604002
1541977108.136894 1.762713 -0.034258 0.885724 -0.027706 -0.325412 0.727956 0.602843
1541977108.141891 1.761424 -0.035407 0.887447 -0.026666 -0.328357 0.728042 0.601186
1541977108.146894 1.759947 -0.03676 0.889065 -0.02522 -0.32528 0.729692 0.600921
1541977108.1519 1.758591 -0.038062 0.890675 -0.023366 -0.325701 0.730494 0.599793
1541977108.156906 1.757314 -0.039459 0.892297 -0.02095 -0.326867 0.730895 0.598758
1541977108.161913 1.755896 -0.04085 0.89376 -0.017481 -0.325029 0.732973 0.597328
1541977108.166916 1.754748 -0.042362 0.895172 -0.016236 -0.327809 0.733404 0.595312
1541977108.171918 1.753481 -0.04395 0.896485 -0.013554 -0.328099 0.733519 0.595078
1541977108.176921 1.752381 -0.045416 0.897771 -0.01157 -0.330583 0.734059 0.593076
1541977108.181924 1.751396 -0.0469 0.8989 -0.009282 -0.335662 0.734263 0.590003
1541977108.186925 1.750308 -0.04852 0.899988 -0.007388 -0.336893 0.73448 0.589057
1541977108.191924 1.749373 -0.05006 0.901033 -0.00591 -0.341305 0.734846 0.58607
1541977108.196921 1.74827 -0.051727 0.901932 -0.002119 -0.342792 0.735297 0.58466
1541977108.201914 1.747406 -0.053305 0.90281 -0.000199 -0.347061 0.734967 0.582557
1541977108.206907 1.746533 -0.054974 0.903611 0.002226 -0.350038 0.736095 0.579339
1541977108.211899 1.745659 -0.056671 0.904314 0.004026 -0.352678 0.736182 0.577614
1541977108.216889 1.744953 -0.05842 0.905016 0.005016 -0.356183 0.735859 0.575864
1541977108.221879 1.744208 -0.060103 0.905731 0.007387 -0.359427 0.735852 0.573829
1541977108.226873 1.743346 -0.061828 0.90626 0.01037 -0.358438 0.737238 0.572622
1541977108.23187 1.742731 -0.063543 0.906729 0.012039 -0.362178 0.737755 0.569561
1541977108.236868 1.741976 -0.065205 0.90715 0.01426 -0.364388 0.738823 0.566708
1541977108.24187 1.741452 -0.067032 0.907468 0.015793 -0.366477 0.738561 0.565662
1541977108.24688 1.740849 -0.068875 0.907847 0.01756 -0.368841 0.738787 0.563775
1541977108.251889 1.740237 -0.070606 0.907898 0.020219 -0.371345 0.740065 0.560355
1541977108.256898 1.739782 -0.072396 0.907965 0.021268 -0.374274 0.740321 0.558024
1541977108.261903 1.739245 -0.074228 0.907995 0.024239 -0.37565 0.740949 0.556143
1541977108.266906 1.738824 -0.075998 0.90798 0.025401 -0.378588 0.740994 0.554033
1541977108.271907 1.738416 -0.077772 0.907941 0.027951 -0.382188 0.741272 0.55106
1541977108.276916 1.738084 -0.079596 0.907786 0.029437 -0.38439 0.741644 0.548946
1541977108.281923 1.737741 -0.08154 0.907561 0.030504 -0.38538 0.742325 0.547271
1541977108.286925 1.737429 -0.083376 0.907338 0.032603 -0.38807 0.742637 0.544821
1541977108.291925 1.737192 -0.085205 0.907127 0.033934 -0.390524 0.743187 0.542229
1541977108.29692 1.736943 -0.087154 0.906746 0.035726 -0.392531 0.743646 0.540032
1541977108.301914 1.736784 -0.089011 0.906395 0.037305 -0.396178 0.743785 0.537062
1541977108.306908 1.736632 -0.090887 0.905979 0.038977 -0.398261 0.744459 0.534463
1541977108.311905 1.736482 -0.092869 0.905474 0.041071 -0.401297 0.744631 0.531788
1541977108.316901 1.736308 -0.094878 0.904835 0.042939 -0.401519 0.746164 0.529319
1541977108.321898 1.736227 -0.096861 0.904248 0.044785 -0.404641 0.746383 0.526472
1541977108.326898 1.736191 -0.098849 0.903553 0.04583 -0.406555 0.747366 0.523503
1541977108.331897 1.736207 -0.1009 0.902816 0.046619 -0.409277 0.748083 0.52028
1541977108.3369 1.736185 -0.102979 0.901985 0.048668 -0.409208 0.74962 0.517929
1541977108.341901 1.736315 -0.105022 0.901139 0.048925 -0.412248 0.750036 0.514882
1541977108.346909 1.736341 -0.107036 0.900186 0.050134 -0.412305 0.751671 0.51233
1541977108.351917 1.73655 -0.109091 0.899252 0.049721 -0.415368 0.752251 0.509033
1541977108.356924 1.736688 -0.111182 0.898217 0.050705 -0.415658 0.753679 0.506582
1541977108.361929 1.736886 -0.113162 0.897202 0.051014 -0.4167 0.755052 0.503641
1541977108.36693 1.737192 -0.115124 0.896071 0.050352 -0.419704 0.755268 0.500883
1541977108.371928 1.737443 -0.117082 0.894901 0.050742 -0.419755 0.756853 0.498402
1541977108.376924 1.737773 -0.119058 0.893761 0.050958 -0.42145 0.757788 0.495521
1541977108.381928 1.738056 -0.121191 0.892438 0.050791 -0.420882 0.7597 0.493086
1541977108.38693 1.738441 -0.123127 0.891138 0.050928 -0.421696 0.760905 0.490513
1541977108.39193 1.738804 -0.125128 0.889787 0.0514 -0.422154 0.762355 0.487811
1541977108.396926 1.739356 -0.127058 0.888429 0.05032 -0.424346 0.762787 0.485339
1541977108.401921 1.739914 -0.128995 0.887005 0.049137 -0.424955 0.764176 0.482735
1541977108.406914 1.740352 -0.131112 0.885516 0.049111 -0.423353 0.766446 0.480543
1541977108.411909 1.740924 -0.132978 0.884081 0.048904 -0.425547 0.767284 0.477277
1541977108.416905 1.741486 -0.134876 0.882658 0.049219 -0.42566 0.768739 0.474796
1541977108.421899 1.742127 -0.136815 0.881111 0.048225 -0.425524 0.770221 0.472614
1541977108.426897 1.742784 -0.138625 0.879585 0.047967 -0.427287 0.771187 0.469463
1541977108.431896 1.743382 -0.140656 0.878025 0.048183 -0.425604 0.773426 0.467281
1541977108.436899 1.744215 -0.142416 0.876399 0.046511 -0.426278 0.774439 0.465154
1541977108.441905 1.744963 -0.144127 0.874796 0.046479 -0.428204 0.775121 0.462243
1541977108.446907 1.745749 -0.145982 0.873195 0.046122 -0.42839 0.776432 0.4599
1541977108.451909 1.746565 -0.147767 0.871495 0.045144 -0.427824 0.777861 0.458106
1541977108.456913 1.747376 -0.14949 0.869887 0.0454 -0.42892 0.778959 0.455181
1541977108.461918 1.748277 -0.151206 0.868211 0.044732 -0.429542 0.779775 0.45326
1541977108.466926 1.749256 -0.152863 0.866519 0.043163 -0.430779 0.780456 0.451059
1541977108.471935 1.750177 -0.154526 0.864904 0.043203 -0.430396 0.781727 0.449217
1541977108.47694 1.751233 -0.156097 0.863271 0.041671 -0.432374 0.782001 0.44698
1541977108.481951 1.752233 -0.157695 0.861603 0.040663 -0.431049 0.783632 0.445494
1541977108.48696 1.753235 -0.159272 0.85994 0.040447 -0.429938 0.785007 0.444164
1541977108.491965 1.754278 -0.160827 0.858352 0.039192 -0.429147 0.786577 0.442259
1541977108.496969 1.755355 -0.162396 0.856698 0.038209 -0.427942 0.787725 0.44147
1541977108.501968 1.756581 -0.163939 0.855047 0.034672 -0.428325 0.788458 0.440079
1541977108.506963 1.757733 -0.165436 0.853448 0.033463 -0.426494 0.789991 0.4392
1541977108.511956 1.758963 -0.166822 0.851905 0.03258 -0.42685 0.790587 0.437847
1541977108.516948 1.760169 -0.168271 0.8503 0.030696 -0.424809 0.792274 0.436919
1541977108.521935 1.761503 -0.16965 0.848782 0.02794 -0.42656 0.792198 0.435532
1541977108.52692 1.762722 -0.171137 0.847215 0.027366 -0.424164 0.793896 0.434817
1541977108.531909 1.764082 -0.172516 0.845731 0.025493 -0.425244 0.794593 0.432597
1541977108.536899 1.765495 -0.173804 0.844171 0.022871 -0.425389 0.794751 0.432309
1541977108.541892 1.766785 -0.175221 0.842609 0.022678 -0.423381 0.796656 0.430782
1541977108.546899 1.767774 -0.176607 0.841258 0.024239 -0.421548 0.79858 0.428928
1541977108.551907 1.769264 -0.177897 0.839683 0.022123 -0.422699 0.798739 0.427612
1541977108.556917 1.770735 -0.179024 0.838283 0.021261 -0.422305 0.799484 0.426652
1541977108.561925 1.77221 -0.18029 0.836807 0.019494 -0.421515 0.800564 0.425491
1541977108.566936 1.773585 -0.181499 0.8355 0.019565 -0.421949 0.800851 0.424516
1541977108.571944 1.775048 -0.182553 0.834165 0.018927 -0.421608 0.801632 0.423408
1541977108.576949 1.776535 -0.183604 0.832808 0.017776 -0.421676 0.802226 0.422263
1541977108.581954 1.778025 -0.184603 0.8315 0.016629 -0.421398 0.802494 0.422078
1541977108.586956 1.779534 -0.185608 0.83031 0.015439 -0.421567 0.803075 0.420848
1541977108.591957 1.781098 -0.186518 0.829083 0.014099 -0.420968 0.80379 0.420129
1541977108.596956 1.78274 -0.187375 0.827812 0.012028 -0.421814 0.803906 0.419122
1541977108.601952 1.78419 -0.188368 0.826582 0.011225 -0.419062 0.805572 0.418705
1541977108.606946 1.785851 -0.189164 0.825426 0.009036 -0.41853 0.805893 0.418674
1541977108.611939 1.787501 -0.189889 0.82437 0.007295 -0.419734 0.806042 0.417213
1541977108.616932 1.789081 -0.190731 0.823287 0.005996 -0.417909 0.807907 0.415455
1541977108.621923 1.790724 -0.191457 0.822244 0.004787 -0.418168 0.808198 0.414643
1541977108.626918 1.792303 -0.192282 0.821248 0.002805 -0.414731 0.810002 0.414594
1541977108.631913 1.79391 -0.192922 0.820287 0.002628 -0.414546 0.810651 0.413508
1541977108.636911 1.795564 -0.193627 0.819326 0.000691 -0.412848 0.812022 0.412524
1541977108.641909 1.79725 -0.194177 0.818437 -0.000619 -0.412448 0.812564 0.411857
1541977108.646907 1.798842 -0.194845 0.817574 -0.001409 -0.410283 0.814041 0.4111
1541977108.651905 1.800461 -0.195398 0.816789 -0.002687 -0.409331 0.814989 0.410163
1541977108.656906 1.802083 -0.195954 0.816005 -0.002744 -0.408791 0.815743 0.409202
1541977108.66191 1.803781 -0.196385 0.815271 -0.00371 -0.409435 0.815585 0.408865
1541977108.666914 1.80549 -0.196767 0.814551 -0.004298 -0.408602 0.815991 0.408881
1541977108.671907 1.807175 -0.197142 0.813916 -0.004825 -0.408014 0.816547 0.408353
1541977108.676904 1.808877 -0.197431 0.813339 -0.005325 -0.408155 0.816732 0.407835
1541977108.681906 1.810648 -0.197642 0.812733 -0.006038 -0.40947 0.816465 0.407042
1541977108.686907 1.812228 -0.197868 0.812119 -0.004714 -0.407924 0.817007 0.407523
1541977108.691909 1.814032 -0.197992 0.811553 -0.004956 -0.406543 0.817281 0.40835
1541977108.696912 1.815865 -0.198031 0.811029 -0.006306 -0.406824 0.817262 0.408089
1541977108.701915 1.817624 -0.198004 0.810496 -0.006864 -0.407304 0.817519 0.407085
1541977108.70692 1.819418 -0.19803 0.809989 -0.007599 -0.404758 0.818691 0.407258
1541977108.711925 1.821387 -0.19779 0.809469 -0.008962 -0.407909 0.817811 0.405851
1541977108.716929 1.823283 -0.19753 0.809044 -0.0103 -0.408986 0.817384 0.405597
1541977108.721928 1.825098 -0.197198 0.808597 -0.009941 -0.408857 0.817666 0.405167
1541977108.726931 1.827046 -0.196818 0.808131 -0.010895 -0.409438 0.817179 0.405537
1541977108.731933 1.828997 -0.196392 0.807652 -0.013189 -0.40915 0.817553 0.405005
1541977108.736937 1.83102 -0.19583 0.807178 -0.014279 -0.410375 0.817222 0.404395
1541977108.741938 1.832931 -0.195155 0.806761 -0.015393 -0.411371 0.816698 0.404403
1541977108.746937 1.834909 -0.194486 0.80634 -0.016511 -0.410368 0.817112 0.40454
1541977108.751939 1.836834 -0.193818 0.805891 -0.016933 -0.409371 0.817738 0.404268
1541977108.756942 1.838971 -0.192867 0.805558 -0.019107 -0.41168 0.816957 0.403405
1541977108.76194 1.840932 -0.191855 0.805259 -0.020564 -0.410918 0.816448 0.405138
1541977108.766936 1.842926 -0.190911 0.804789 -0.020844 -0.410298 0.816525 0.405597
1541977108.771925 1.844973 -0.189799 0.804386 -0.022847 -0.411261 0.81586 0.405851
1541977108.776915 1.847166 -0.188498 0.803939 -0.023991 -0.411811 0.81539 0.406172
1541977108.781905 1.849169 -0.187316 0.803582 -0.025384 -0.410321 0.815462 0.407447
1541977108.786897 1.851347 -0.18596 0.80324 -0.028227 -0.411296 0.814613 0.407976
1541977108.791891 1.853269 -0.184571 0.802836 -0.028012 -0.408859 0.815005 0.409654
1541977108.796889 1.855577 -0.183085 0.802442 -0.031904 -0.410529 0.813979 0.409739
1541977108.801897 1.857592 -0.181505 0.80204 -0.031787 -0.409257 0.813878 0.411218
1541977108.806904 1.859786 -0.179899 0.801678 -0.033736 -0.409347 0.813377 0.411964
1541977108.81191 1.861931 -0.178206 0.801343 -0.03575 -0.408641 0.812925 0.413386
1541977108.816914 1.864128 -0.176448 0.800928 -0.038223 -0.407176 0.812625 0.415196
1541977108.821917 1.866378 -0.174684 0.800534 -0.041113 -0.407961 0.811702 0.415954
1541977108.826918 1.868497 -0.172852 0.800162 -0.042855 -0.406145 0.811442 0.418057
1541977108.83192 1.870634 -0.170978 0.799778 -0.045254 -0.40399 0.811982 0.418842
1541977108.836919 1.872859 -0.168966 0.799431 -0.04752 -0.404227 0.810816 0.420619
1541977108.841918 1.875172 -0.166955 0.799042 -0.051619 -0.403758 0.810048 0.422064
1541977108.846926 1.877311 -0.16491 0.798667 -0.053328 -0.402615 0.809759 0.423494
1541977108.85193 1.879508 -0.162741 0.798336 -0.055521 -0.401016 0.809836 0.424582
1541977108.85693 1.881726 -0.160632 0.797964 -0.058272 -0.399194 0.808873 0.427753
1541977108.861927 1.883941 -0.158411 0.797766 -0.061364 -0.398648 0.808096 0.429296
1541977108.866923 1.886148 -0.156257 0.797392 -0.062814 -0.398344 0.807697 0.430119
1541977108.871917 1.88838 -0.154061 0.797111 -0.065795 -0.397137 0.806803 0.432461
1541977108.87691 1.890516 -0.151842 0.796776 -0.066705 -0.396891 0.806496 0.433119
1541977108.881912 1.89268 -0.149554 0.79653 -0.069976 -0.39496 0.805808 0.43564
1541977108.886917 1.894839 -0.147337 0.796252 -0.071576 -0.393774 0.80511 0.43774
1541977108.891919 1.897112 -0.144984 0.796035 -0.074473 -0.393868 0.804206 0.438834
1541977108.896923 1.899052 -0.14297 0.795768 -0.07597 -0.389765 0.803897 0.442788
1541977108.901929 1.901243 -0.140467 0.795544 -0.076704 -0.391539 0.80361 0.441616
1541977108.906932 1.903347 -0.138317 0.795253 -0.079974 -0.389249 0.802823 0.444483
1541977108.911934 1.905482 -0.135947 0.795148 -0.08216 -0.390047 0.801958 0.444945
1541977108.916934 1.907537 -0.133689 0.794923 -0.084663 -0.388891 0.801361 0.446561
1541977108.921933 1.909508 -0.131474 0.794774 -0.086413 -0.388151 0.800852 0.447781
1541977108.926929 1.911378 -0.12934 0.79461 -0.087614 -0.386258 0.800195 0.450351
1541977108.931925 1.913454 -0.127051 0.794439 -0.091145 -0.385168 0.799694 0.451474
1541977108.936921 1.915325 -0.124983 0.794257 -0.092718 -0.383699 0.799093 0.453463
1541977108.941917 1.917093 -0.122736 0.794129 -0.09355 -0.381548 0.799381 0.454598
1541977108.946913 1.91899 -0.120638 0.793924 -0.094956 -0.382289 0.797485 0.457009
1541977108.951905 1.920831 -0.118382 0.793896 -0.096496 -0.383527 0.796947 0.456587
1541977108.9569 1.922528 -0.116502 0.793684 -0.097255 -0.381136 0.796585 0.459051
1541977108.961895 1.92412 -0.114396 0.79359 -0.097576 -0.378893 0.796454 0.461063
1541977108.966892 1.925698 -0.11242 0.793539 -0.098781 -0.378279 0.795849 0.462355
1541977108.971888 1.927476 -0.110312 0.793391 -0.099573 -0.380194 0.794561 0.46283
1541977108.976886 1.928922 -0.108627 0.793268 -0.099924 -0.376832 0.794745 0.465181
1541977108.981894 1.930666 -0.106323 0.79321 -0.102065 -0.379475 0.793301 0.465032
1541977108.986905 1.932072 -0.104428 0.793136 -0.102395 -0.377421 0.793169 0.466852
1541977108.991916 1.933543 -0.102718 0.793086 -0.1044 -0.37606 0.792343 0.468905
1541977108.996931 1.935126 -0.10062 0.793009 -0.104979 -0.377327 0.791203 0.469683
1541977109.001966 1.936404 -0.098858 0.792905 -0.105094 -0.375834 0.790977 0.471231
1541977109.006994 1.937862 -0.096958 0.792861 -0.107195 -0.37441 0.790589 0.472542
1541977109.012011 1.939223 -0.095176 0.79283 -0.108315 -0.37425 0.79027 0.472946
1541977109.017018 1.940398 -0.093494 0.792763 -0.108625 -0.373131 0.789821 0.474507
1541977109.022014 1.941723 -0.091509 0.792702 -0.109737 -0.372153 0.789323 0.475845
1541977109.027005 1.942849 -0.089904 0.792618 -0.11169 -0.369192 0.789638 0.477173
1541977109.031984 1.943969 -0.088181 0.792569 -0.112045 -0.369368 0.788623 0.47863
1541977109.036959 1.945067 -0.08639 0.792487 -0.112704 -0.368182 0.788069 0.480299
1541977109.041933 1.946221 -0.084784 0.792304 -0.114251 -0.366571 0.788014 0.481255
1541977109.046907 1.947318 -0.083111 0.79221 -0.115048 -0.367245 0.787348 0.481641
1541977109.051885 1.948292 -0.081342 0.792091 -0.115249 -0.36635 0.787026 0.482799
1541977109.056869 1.949338 -0.079821 0.791993 -0.116677 -0.365695 0.786461 0.483873
1541977109.061857 1.950365 -0.078161 0.79183 -0.117296 -0.36701 0.785227 0.48473
1541977109.066851 1.951222 -0.076637 0.791742 -0.117546 -0.366569 0.784974 0.485414
1541977109.071847 1.95213 -0.07506 0.791633 -0.118362 -0.366335 0.784214 0.486619
1541977109.076848 1.953077 -0.073478 0.791437 -0.118802 -0.366579 0.783454 0.48755
1541977109.081863 1.953882 -0.072079 0.791247 -0.119513 -0.366533 0.783138 0.487919
1541977109.086885 1.954717 -0.070548 0.79105 -0.120045 -0.366857 0.782671 0.488295
1541977109.091904 1.955497 -0.069132 0.790846 -0.119581 -0.367874 0.782213 0.488377
1541977109.096926 1.956303 -0.067612 0.790703 -0.120791 -0.368545 0.781681 0.488424
1541977109.101943 1.957014 -0.066295 0.790532 -0.120399 -0.367107 0.781691 0.489587
1541977109.10696 1.957713 -0.064937 0.790312 -0.121443 -0.366313 0.781184 0.490731
1541977109.111969 1.958432 -0.063387 0.790069 -0.121315 -0.36711 0.780875 0.49066
1541977109.116983 1.959014 -0.062166 0.789908 -0.120887 -0.366711 0.7805 0.491659
1541977109.121989 1.959733 -0.06068 0.789751 -0.121494 -0.366171 0.780016 0.49268
1541977109.126995 1.960302 -0.059382 0.789508 -0.12173 -0.36577 0.779588 0.493596
1541977109.131995 1.960957 -0.057884 0.789307 -0.121252 -0.366092 0.779626 0.493415
1541977109.136987 1.961362 -0.056554 0.789165 -0.121337 -0.36469 0.779345 0.494874
1541977109.141974 1.961988 -0.055402 0.788899 -0.122529 -0.362997 0.779487 0.495601
1541977109.146959 1.962475 -0.05395 0.788699 -0.122056 -0.362225 0.779591 0.496119
1541977109.151938 1.962959 -0.052544 0.788476 -0.121073 -0.362705 0.779712 0.495819
1541977109.156917 1.963454 -0.051285 0.788324 -0.12318 -0.361138 0.779872 0.496192
1541977109.161897 1.963862 -0.049796 0.788146 -0.121392 -0.361622 0.779789 0.496411
1541977109.166882 1.964343 -0.048464 0.787948 -0.122491 -0.361296 0.779467 0.496883
1541977109.171869 1.964748 -0.047137 0.787729 -0.122827 -0.359642 0.779262 0.49832
1541977109.176861 1.965128 -0.04566 0.787487 -0.121055 -0.361252 0.779185 0.497708
1541977109.18186 1.965448 -0.044279 0.787262 -0.121902 -0.358709 0.779648 0.498615
1541977109.186873 1.96585 -0.042825 0.786998 -0.122239 -0.35973 0.778687 0.499298
1541977109.191892 1.966083 -0.041583 0.786692 -0.1213 -0.357757 0.77903 0.500409
1541977109.196912 1.96634 -0.039917 0.786477 -0.120263 -0.358775 0.779672 0.498928
1541977109.201932 1.9665 -0.038647 0.786207 -0.119624 -0.356412 0.779575 0.500923
1541977109.206947 1.966719 -0.037199 0.785979 -0.119537 -0.357317 0.779842 0.499882
1541977109.211958 1.967023 -0.035617 0.785658 -0.119138 -0.357652 0.77966 0.500022
1541977109.216971 1.967166 -0.034131 0.785379 -0.117673 -0.357141 0.779662 0.50073
1541977109.221975 1.967234 -0.032746 0.78499 -0.11656 -0.355701 0.780023 0.501453
1541977109.226976 1.967439 -0.031118 0.784641 -0.117318 -0.355665 0.780354 0.500786
1541977109.231973 1.967544 -0.029529 0.784257 -0.116526 -0.355395 0.77987 0.501915
1541977109.236966 1.967632 -0.027885 0.783743 -0.115766 -0.355724 0.780578 0.500755
1541977109.241953 1.967649 -0.026421 0.783426 -0.116152 -0.354787 0.780833 0.500934
1541977109.24694 1.967702 -0.02471 0.782999 -0.11526 -0.35349 0.781241 0.501421
1541977109.251927 1.967784 -0.022907 0.782485 -0.114906 -0.355173 0.780794 0.501008
1541977109.256912 1.967674 -0.021418 0.782112 -0.114682 -0.353814 0.781142 0.501479
1541977109.2619 1.967723 -0.019674 0.781586 -0.114236 -0.355665 0.780984 0.500516
1541977109.266891 1.967608 -0.018068 0.781165 -0.113999 -0.353718 0.781594 0.500998
1541977109.271884 1.96751 -0.016386 0.780706 -0.113723 -0.354527 0.781964 0.499909
1541977109.276884 1.967415 -0.014753 0.780129 -0.113064 -0.353078 0.782161 0.500776
1541977109.281891 1.967224 -0.013273 0.779693 -0.112505 -0.351322 0.782364 0.501819
1541977109.286911 1.967123 -0.011575 0.779158 -0.112177 -0.351672 0.782873 0.500852
1541977109.291929 1.96703 -0.00966 0.778693 -0.111564 -0.354194 0.782438 0.49989
1541977109.296956 1.9666 -0.008133 0.778281 -0.109684 -0.35106 0.784076 0.499951
1541977109.301981 1.966439 -0.006436 0.777754 -0.108729 -0.350563 0.784184 0.500339
1541977109.306995 1.966237 -0.004812 0.77721 -0.108165 -0.352074 0.784443 0.498992
1541977109.312004 1.965902 -0.003435 0.776748 -0.106971 -0.348935 0.78525 0.500183
1541977109.317 1.965579 -0.001792 0.776264 -0.105536 -0.347646 0.786235 0.49984
1541977109.321987 1.965301 -7.2e-05 0.775812 -0.104406 -0.349331 0.786536 0.498427
1541977109.326976 1.964791 0.00156 0.775228 -0.101544 -0.347934 0.78764 0.498252
1541977109.331959 1.964572 0.003303 0.7745 -0.100603 -0.349197 0.787543 0.497711
1541977109.336935 1.964222 0.004758 0.773918 -0.100734 -0.347558 0.788374 0.497517
1541977109.341913 1.96364 0.00613 0.773449 -0.100049 -0.344738 0.789991 0.497051
1541977109.346892 1.963224 0.00789 0.772867 -0.098629 -0.34482 0.790942 0.495764
1541977109.351876 1.962861 0.009558 0.772238 -0.097657 -0.345996 0.79126 0.494628
1541977109.356867 1.962232 0.010916 0.771553 -0.096655 -0.343558 0.792802 0.494056
1541977109.361864 1.961703 0.012458 0.770906 -0.094889 -0.343905 0.793216 0.493491
1541977109.366867 1.961157 0.014059 0.770267 -0.094268 -0.344174 0.793672 0.49269
1541977109.371876 1.960524 0.015614 0.769532 -0.092559 -0.342485 0.795385 0.491426
1541977109.376886 1.959993 0.017119 0.76879 -0.091017 -0.342152 0.796382 0.490331
1541977109.381899 1.959337 0.018569 0.768059 -0.089742 -0.342801 0.797081 0.488974
1541977109.38691 1.958776 0.02006 0.767201 -0.088881 -0.341381 0.797615 0.489254
1541977109.39192 1.958119 0.021606 0.766513 -0.087054 -0.342781 0.797738 0.488403
1541977109.396936 1.957475 0.023173 0.765704 -0.086116 -0.343833 0.798529 0.486533
1541977109.401949 1.956732 0.024463 0.764769 -0.083712 -0.342599 0.799323 0.486519
1541977109.406958 1.956044 0.025919 0.763948 -0.082327 -0.343761 0.799473 0.485689
1541977109.411963 1.955423 0.027344 0.762994 -0.081704 -0.343302 0.800075 0.485127
1541977109.416963 1.954675 0.028746 0.762289 -0.07999 -0.343951 0.800694 0.483931
1541977109.421958 1.954045 0.030093 0.76121 -0.079613 -0.343908 0.801397 0.482859
1541977109.426961 1.95325 0.031455 0.760371 -0.078084 -0.344062 0.801788 0.482348
1541977109.43196 1.952532 0.032737 0.759341 -0.077256 -0.343089 0.802592 0.481837
1541977109.436957 1.951828 0.034226 0.758481 -0.075613 -0.344697 0.802851 0.480518
1541977109.44195 1.951125 0.035469 0.757511 -0.074202 -0.344554 0.803196 0.480264
1541977109.446939 1.950312 0.036736 0.756529 -0.072014 -0.342538 0.804459 0.479925
1541977109.451927 1.949643 0.038003 0.75562 -0.072068 -0.342824 0.805224 0.478427
1541977109.456916 1.948969 0.039241 0.754651 -0.071281 -0.343857 0.805135 0.477954
1541977109.461905 1.948292 0.040258 0.753729 -0.07155 -0.342905 0.8057 0.477645
1541977109.466895 1.947617 0.041556 0.752793 -0.069329 -0.342831 0.80616 0.477249
1541977109.471888 1.947047 0.042769 0.751975 -0.068581 -0.34573 0.806002 0.47553
1541977109.476879 1.946314 0.043778 0.75095 -0.067102 -0.342468 0.807593 0.475401
1541977109.481875 1.945748 0.04498 0.750135 -0.066345 -0.344228 0.807376 0.474605
1541977109.486876 1.94518 0.045907 0.749148 -0.066131 -0.343235 0.80765 0.474888
1541977109.491881 1.944596 0.046973 0.748309 -0.065245 -0.343437 0.808221 0.47389
1541977109.496899 1.944093 0.047924 0.747472 -0.064236 -0.34406 0.808395 0.473279
1541977109.501919 1.943593 0.0489 0.746635 -0.063935 -0.343955 0.808672 0.472924
1541977109.506936 1.943097 0.049734 0.745819 -0.062971 -0.344579 0.809043 0.471963
1541977109.51195 1.942603 0.050577 0.744931 -0.061628 -0.343294 0.810107 0.471252
1541977109.516961 1.942207 0.051321 0.744169 -0.062307 -0.343962 0.809957 0.470932
1541977109.521968 1.941815 0.05213 0.743384 -0.060855 -0.344455 0.810822 0.46927
1541977109.526982 1.94151 0.052731 0.742511 -0.060398 -0.343776 0.810846 0.469786
1541977109.53199 1.941223 0.053448 0.741788 -0.059932 -0.345491 0.811006 0.468309
1541977109.536996 1.940825 0.054004 0.74097 -0.059566 -0.342747 0.812922 0.467048
1541977109.541993 1.940598 0.054513 0.740227 -0.058619 -0.342956 0.812839 0.46716
1541977109.546981 1.940417 0.055041 0.739515 -0.057872 -0.345252 0.812769 0.465681
1541977109.551964 1.940178 0.055395 0.7387 -0.057282 -0.343573 0.813929 0.464969
1541977109.556941 1.939956 0.05584 0.738036 -0.055539 -0.343948 0.814142 0.46453
1541977109.561915 1.939904 0.056195 0.737319 -0.05536 -0.345022 0.814063 0.463894
1541977109.566888 1.939842 0.05634 0.736604 -0.056046 -0.344387 0.814734 0.463104
1541977109.571867 1.93972 0.056609 0.73584 -0.054627 -0.343127 0.815484 0.462889
1541977109.57685 1.939698 0.056902 0.735111 -0.053927 -0.344616 0.815772 0.461354
1541977109.581838 1.939669 0.057033 0.734371 -0.05317 -0.344752 0.816497 0.460056
1541977109.586838 1.939724 0.057213 0.733552 -0.052424 -0.344457 0.81685 0.459737
1541977109.591845 1.939746 0.057269 0.732869 -0.052084 -0.344502 0.817283 0.45897
1541977109.596859 1.939916 0.057248 0.732105 -0.053287 -0.345109 0.817584 0.457839
1541977109.601877 1.939993 0.057272 0.731384 -0.052152 -0.34431 0.818389 0.457133
1541977109.606899 1.940132 0.057244 0.730663 -0.052161 -0.344437 0.818626 0.456612
1541977109.611918 1.9404 0.057062 0.72999 -0.053396 -0.345129 0.818473 0.45622
1541977109.616936 1.94062 0.056918 0.729261 -0.053731 -0.344337 0.81919 0.455492
1541977109.621949 1.940828 0.056804 0.728608 -0.05302 -0.344224 0.819421 0.455244
1541977109.626968 1.941141 0.056564 0.727982 -0.053577 -0.344396 0.819141 0.455554
1541977109.631983 1.941431 0.056248 0.727265 -0.053967 -0.343335 0.820081 0.454616
1541977109.63699 1.941789 0.056074 0.726631 -0.053358 -0.344753 0.820519 0.452821
1541977109.641986 1.942165 0.055789 0.726118 -0.052971 -0.345154 0.820846 0.451968
1541977109.646974 1.942592 0.055445 0.725614 -0.05323 -0.345001 0.820936 0.451891
1541977109.651956 1.943077 0.054896 0.725053 -0.053618 -0.344122 0.820706 0.452931
1541977109.656935 1.943583 0.054585 0.724539 -0.053462 -0.346214 0.821311 0.45025
1541977109.661912 1.944042 0.053974 0.724013 -0.052857 -0.345011 0.821724 0.450492
1541977109.666895 1.944629 0.053274 0.723532 -0.055188 -0.34316 0.821943 0.451226
1541977109.671881 1.945224 0.052879 0.723018 -0.054281 -0.344492 0.822295 0.449678
1541977109.676872 1.945848 0.052352 0.722569 -0.053796 -0.344864 0.822873 0.448391
1541977109.681872 1.946572 0.051651 0.722236 -0.055303 -0.344556 0.82167 0.450645
1541977109.686876 1.947246 0.051144 0.721797 -0.053914 -0.344881 0.823314 0.447554
1541977109.691884 1.948053 0.05038 0.721471 -0.055776 -0.344547 0.822662 0.44878
1541977109.696901 1.948818 0.04965 0.721136 -0.056048 -0.344008 0.823325 0.447943
1541977109.701917 1.94967 0.049033 0.720842 -0.056168 -0.345732 0.822795 0.447574
1541977109.706929 1.950484 0.048137 0.720573 -0.056887 -0.344129 0.822358 0.449518
1541977109.71194 1.951403 0.047594 0.720338 -0.057447 -0.346056 0.822677 0.447379
1541977109.71695 1.952322 0.046644 0.720122 -0.05923 -0.34516 0.821943 0.449185
1541977109.721957 1.953444 0.04611 0.719837 -0.059179 -0.347426 0.821777 0.447744
1541977109.726969 1.954342 0.045207 0.719701 -0.060471 -0.344341 0.822502 0.448624
1541977109.731975 1.955419 0.044439 0.719534 -0.061707 -0.345385 0.822854 0.447003
1541977109.736975 1.956524 0.043612 0.719468 -0.06305 -0.344149 0.822317 0.448755
1541977109.741967 1.957644 0.042658 0.719393 -0.065042 -0.344061 0.822655 0.447917
1541977109.746955 1.95876 0.041763 0.71933 -0.066944 -0.342787 0.822708 0.448516
1541977109.75194 1.959932 0.040845 0.719316 -0.06771 -0.341538 0.822765 0.44925
1541977109.756924 1.961161 0.040108 0.719429 -0.067787 -0.34322 0.822251 0.448897
1541977109.76191 1.962483 0.039179 0.719456 -0.069384 -0.343058 0.821837 0.449534
1541977109.766896 1.963753 0.038043 0.719576 -0.072211 -0.340321 0.82269 0.44961
1541977109.771886 1.965139 0.037144 0.719796 -0.074325 -0.341862 0.821408 0.45044
1541977109.776878 1.966409 0.036099 0.719905 -0.074396 -0.340599 0.82184 0.450596
1541977109.781868 1.967853 0.035041 0.720173 -0.076302 -0.339836 0.821579 0.451328
1541977109.786862 1.969283 0.033954 0.720367 -0.078107 -0.339954 0.82159 0.45091
1541977109.791864 1.970674 0.032852 0.720692 -0.079461 -0.341151 0.820757 0.451287
1541977109.796878 1.972103 0.031656 0.721025 -0.081157 -0.340188 0.820896 0.45146
1541977109.80189 1.973526 0.030311 0.721364 -0.08183 -0.338442 0.821448 0.451645
1541977109.806904 1.974955 0.029256 0.721995 -0.082689 -0.340874 0.820323 0.451706
1541977109.811923 1.976413 0.027945 0.722443 -0.083594 -0.340151 0.820046 0.452586
1541977109.816938 1.977849 0.026522 0.722889 -0.083812 -0.338941 0.820749 0.452178
1541977109.821951 1.97934 0.025309 0.723477 -0.084537 -0.339407 0.820788 0.451624
1541977109.826959 1.980912 0.023854 0.723988 -0.084889 -0.338114 0.821151 0.451868
1541977109.831963 1.982392 0.022702 0.724668 -0.087092 -0.340268 0.820902 0.450281
1541977109.836964 1.983982 0.02122 0.725257 -0.08788 -0.339622 0.820638 0.451095
1541977109.841962 1.98553 0.019969 0.72599 -0.087645 -0.340462 0.820768 0.450272
1541977109.846955 1.987029 0.018444 0.726691 -0.089353 -0.340577 0.820617 0.450124
1541977109.851944 1.988529 0.016993 0.727458 -0.090879 -0.338634 0.821024 0.450541
1541977109.856933 1.990083 0.015487 0.728216 -0.091427 -0.336963 0.822057 0.4498
1541977109.861922 1.99164 0.014061 0.729046 -0.093109 -0.336631 0.821931 0.449933
1541977109.866911 1.993135 0.012585 0.729848 -0.094551 -0.335595 0.821779 0.450684
1541977109.871902 1.994599 0.011178 0.730842 -0.094999 -0.335316 0.821865 0.45064
1541977109.876893 1.996068 0.009707 0.731631 -0.094978 -0.333203 0.822256 0.451497
1541977109.881885 1.997685 0.008376 0.732654 -0.095662 -0.334256 0.822744 0.449682
1541977109.88688 1.999227 0.007011 0.733615 -0.097144 -0.333996 0.822415 0.450159
1541977109.891877 2.000715 0.005438 0.734508 -0.097599 -0.331945 0.822915 0.450664
1541977109.896877 2.00246 0.004069 0.735524 -0.098902 -0.333012 0.822483 0.45038
1541977109.90188 2.003918 0.002793 0.7366 -0.098702 -0.33264 0.822832 0.450063
1541977109.90689 2.005374 0.001366 0.737574 -0.098466 -0.332335 0.822367 0.451188
1541977109.911902 2.006948 2.1e-05 0.738622 -0.098285 -0.335248 0.821453 0.450736
1541977109.916913 2.008377 -0.001448 0.739724 -0.09983 -0.331403 0.821547 0.453063
1541977109.921921 2.009864 -0.002791 0.740751 -0.100174 -0.332299 0.821413 0.452575
1541977109.926924 2.011278 -0.004218 0.741845 -0.100736 -0.331118 0.822439 0.451451
1541977109.931924 2.012783 -0.005415 0.742789 -0.101105 -0.331508 0.822487 0.450994
1541977109.936923 2.014261 -0.006752 0.743748 -0.101649 -0.331847 0.821733 0.451996
1541977109.941915 2.015683 -0.008012 0.744929 -0.102614 -0.332288 0.820946 0.452883
1541977109.946906 2.017207 -0.009284 0.745838 -0.104142 -0.332096 0.820653 0.453204
1541977109.951899 2.018453 -0.01081 0.746757 -0.104619 -0.328651 0.821631 0.453835
1541977109.956896 2.020027 -0.011798 0.747824 -0.105657 -0.332337 0.820189 0.453517
1541977109.961894 2.021427 -0.012917 0.748827 -0.106135 -0.333422 0.819266 0.454278
1541977109.966897 2.022786 -0.014169 0.749858 -0.106596 -0.333031 0.819166 0.454637
1541977109.971903 2.02434 -0.01531 0.750824 -0.108049 -0.332178 0.818789 0.455597
1541977109.976911 2.025519 -0.016661 0.751842 -0.110818 -0.329806 0.818168 0.457765
1541977109.981914 2.026963 -0.017628 0.752863 -0.110747 -0.331889 0.817116 0.458155
1541977109.98692 2.028337 -0.018657 0.753927 -0.111241 -0.331838 0.816221 0.459666
1541977109.991924 2.029589 -0.019795 0.754869 -0.111156 -0.33006 0.816474 0.460515
1541977109.996937 2.031031 -0.020591 0.756012 -0.112342 -0.332313 0.815672 0.460029
1541977110.001945 2.032342 -0.021684 0.757121 -0.114372 -0.331238 0.814026 0.463209
1541977110.006949 2.03354 -0.022722 0.758126 -0.114872 -0.329838 0.813868 0.46436
1541977110.011948 2.034778 -0.023547 0.759241 -0.116041 -0.331787 0.812699 0.464729
1541977110.016945 2.036062 -0.024569 0.76018 -0.117805 -0.328358 0.812073 0.467805
1541977110.021937 2.037382 -0.025541 0.761169 -0.118782 -0.329921 0.81081 0.468648
1541977110.026923 2.038761 -0.026296 0.762144 -0.120749 -0.330019 0.810124 0.46926
1541977110.031907 2.040058 -0.027227 0.763056 -0.121841 -0.328663 0.808419 0.472858
1541977110.036891 2.041362 -0.028085 0.764002 -0.123468 -0.328239 0.808281 0.472965
1541977110.041877 2.042499 -0.029027 0.764953 -0.12494 -0.325932 0.807169 0.476064
1541977110.046868 2.043857 -0.029873 0.765883 -0.126242 -0.326818 0.805295 0.478282
1541977110.051867 2.045046 -0.030828 0.766797 -0.128679 -0.324109 0.80532 0.479432
1541977110.056871 2.046138 -0.031679 0.767722 -0.129516 -0.3245 0.803664 0.481715
1541977110.061877 2.047375 -0.032396 0.768671 -0.131172 -0.324252 0.802637 0.483144
1541977110.066887 2.048462 -0.033445 0.769445 -0.132642 -0.322088 0.801302 0.486396
1541977110.071899 2.049895 -0.034002 0.770286 -0.133804 -0.326777 0.799626 0.485707
1541977110.076912 2.051085 -0.035058 0.770948 -0.136058 -0.323673 0.79803 0.489767
1541977110.081924 2.052198 -0.035916 0.771772 -0.136601 -0.323026 0.797146 0.491481
1541977110.086934 2.053375 -0.036771 0.772459 -0.138285 -0.323997 0.796081 0.492096
1541977110.091936 2.054568 -0.037527 0.773184 -0.138114 -0.326422 0.793806 0.494212
1541977110.096937 2.055566 -0.038455 0.773852 -0.140167 -0.325949 0.793338 0.494697
1541977110.101936 2.056703 -0.039442 0.774438 -0.140153 -0.326495 0.792102 0.496319
1541977110.106931 2.057672 -0.040437 0.774921 -0.141021 -0.326487 0.791229 0.49747
1541977110.111927 2.058674 -0.041429 0.775566 -0.143114 -0.325531 0.790586 0.498519
1541977110.11692 2.059636 -0.042356 0.776097 -0.143496 -0.327582 0.789163 0.499321
1541977110.121907 2.060548 -0.043391 0.776577 -0.145584 -0.327236 0.788534 0.499937
1541977110.126896 2.061468 -0.044565 0.776945 -0.146771 -0.325964 0.787302 0.502355
1541977110.131888 2.062332 -0.045465 0.777447 -0.147936 -0.328285 0.78627 0.502119
1541977110.136881 2.06323 -0.04655 0.777908 -0.149964 -0.329076 0.785277 0.502553
1541977110.141878 2.063959 -0.047909 0.778175 -0.152141 -0.326409 0.784726 0.504496
1541977110.146876 2.064656 -0.04889 0.778646 -0.152656 -0.327955 0.783884 0.504646
1541977110.151877 2.065276 -0.049942 0.779079 -0.15292 -0.32912 0.783029 0.505134
1541977110.156882 2.065847 -0.051277 0.779304 -0.153343 -0.326188 0.782667 0.507464
1541977110.16189 2.066471 -0.052307 0.77976 -0.154214 -0.327512 0.78137 0.508344
1541977110.1669 2.067068 -0.053493 0.780029 -0.155769 -0.326939 0.780145 0.510119
1541977110.171908 2.067499 -0.054563 0.780348 -0.155504 -0.32618 0.779767 0.511262
1541977110.176921 2.068078 -0.055565 0.780699 -0.15642 -0.328469 0.777951 0.512283
1541977110.181932 2.068317 -0.056718 0.781114 -0.157067 -0.325978 0.777498 0.514358
1541977110.186942 2.068675 -0.0578 0.781419 -0.157342 -0.325702 0.776965 0.515255
1541977110.191948 2.069094 -0.058903 0.781751 -0.157943 -0.325394 0.774997 0.51822
1541977110.196959 2.069417 -0.059781 0.782137 -0.158144 -0.327521 0.773848 0.518536
1541977110.201963 2.069671 -0.061038 0.782256 -0.157788 -0.324798 0.773162 0.521372
1541977110.20696 2.069967 -0.061895 0.782659 -0.157672 -0.327288 0.771795 0.521876
1541977110.211953 2.070252 -0.063136 0.7828 -0.158891 -0.324562 0.770792 0.524683
1541977110.216947 2.070407 -0.064113 0.783054 -0.159012 -0.325596 0.769936 0.525263
1541977110.22194 2.070572 -0.065316 0.783057 -0.159148 -0.324128 0.769209 0.527191
1541977110.226934 2.070689 -0.066506 0.783093 -0.159303 -0.322957 0.768449 0.528969
1541977110.231928 2.070791 -0.06755 0.783176 -0.159516 -0.323843 0.768059 0.528929
1541977110.236913 2.070954 -0.068635 0.783136 -0.160006 -0.323759 0.766965 0.530418
1541977110.241899 2.070848 -0.069716 0.78322 -0.158724 -0.325722 0.766918 0.529668
1541977110.246892 2.070919 -0.070784 0.783146 -0.159822 -0.325179 0.766142 0.530793
1541977110.251894 2.070886 -0.071948 0.783104 -0.16028 -0.325093 0.765789 0.531218
1541977110.256899 2.070721 -0.073136 0.78289 -0.158833 -0.32233 0.765769 0.53336
1541977110.261904 2.070536 -0.074197 0.782788 -0.159125 -0.324238 0.765378 0.532678
1541977110.266909 2.070539 -0.075252 0.782575 -0.159159 -0.324613 0.763741 0.534784
1541977110.271914 2.070306 -0.07626 0.782456 -0.158641 -0.324969 0.764788 0.533223
1541977110.276919 2.070078 -0.077213 0.782177 -0.157141 -0.324855 0.764302 0.534432
1541977110.281921 2.069839 -0.07814 0.781888 -0.157384 -0.325058 0.764581 0.533839
1541977110.286922 2.069565 -0.079257 0.781555 -0.157197 -0.324105 0.76442 0.534703
1541977110.291919 2.069381 -0.080141 0.781287 -0.157568 -0.324061 0.763831 0.535461
1541977110.296913 2.069168 -0.080934 0.781054 -0.157348 -0.325524 0.763663 0.534879
1541977110.301907 2.068811 -0.081776 0.780594 -0.155908 -0.325054 0.76363 0.535632
1541977110.3069 2.068375 -0.082619 0.780291 -0.155799 -0.322892 0.763729 0.536829
1541977110.311894 2.068237 -0.083324 0.779976 -0.156313 -0.325291 0.762861 0.536466
1541977110.316892 2.0678 -0.083807 0.779594 -0.154481 -0.327261 0.762987 0.535619
1541977110.321893 2.067515 -0.084454 0.779188 -0.155201 -0.3265 0.761361 0.538182
1541977110.326896 2.067147 -0.085083 0.77871 -0.156155 -0.324767 0.761439 0.538843
1541977110.331901 2.066722 -0.08554 0.778337 -0.155829 -0.32639 0.761626 0.537692
1541977110.336909 2.06621 -0.085982 0.777861 -0.154971 -0.324944 0.761759 0.538626
1541977110.341914 2.065834 -0.086261 0.777491 -0.154962 -0.326633 0.761607 0.537823
1541977110.346919 2.065326 -0.086595 0.777063 -0.155552 -0.325865 0.761223 0.53866
1541977110.35192 2.064706 -0.086829 0.77661 -0.154544 -0.326486 0.760716 0.53929
1541977110.356921 2.064366 -0.087002 0.776191 -0.155795 -0.327958 0.759878 0.539219
1541977110.36192 2.063806 -0.087199 0.775739 -0.156298 -0.326334 0.760417 0.539298
1541977110.366919 2.063271 -0.087235 0.775223 -0.155015 -0.327951 0.759443 0.540061
1541977110.371915 2.062686 -0.087143 0.774769 -0.155005 -0.328111 0.759629 0.539704
1541977110.376908 2.061967 -0.087183 0.774287 -0.153231 -0.326688 0.75964 0.541057
1541977110.381902 2.061405 -0.087125 0.77374 -0.153496 -0.326357 0.758802 0.542356
1541977110.386899 2.060733 -0.08683 0.773322 -0.153496 -0.327747 0.758664 0.54171
1541977110.391897 2.060256 -0.086608 0.772789 -0.152334 -0.328581 0.757244 0.543517
1541977110.396895 2.059457 -0.086273 0.772344 -0.151537 -0.329033 0.757296 0.543393
1541977110.401895 2.058944 -0.085785 0.771924 -0.151878 -0.33013 0.756544 0.543681
1541977110.406896 2.0582 -0.085408 0.771396 -0.150908 -0.330772 0.755494 0.545019
1541977110.411899 2.05748 -0.084845 0.770949 -0.150863 -0.331032 0.755532 0.544821
1541977110.416905 2.056779 -0.084274 0.770501 -0.151392 -0.331152 0.754648 0.545826
1541977110.421912 2.055998 -0.083608 0.769922 -0.149793 -0.331616 0.754458 0.546247
1541977110.426919 2.055329 -0.082853 0.769514 -0.149523 -0.332596 0.753765 0.546682
1541977110.431923 2.054622 -0.082057 0.769072 -0.15014 -0.332553 0.75223 0.54865
1541977110.436924 2.053688 -0.08122 0.768653 -0.149578 -0.333357 0.751471 0.549355
1541977110.441923 2.052927 -0.080381 0.768174 -0.148078 -0.332941 0.75068 0.551092
1541977110.44692 2.052202 -0.079286 0.767824 -0.148391 -0.335878 0.749117 0.551353
1541977110.451918 2.051178 -0.078425 0.767369 -0.14707 -0.334845 0.748767 0.552808
1541977110.456914 2.050404 -0.077383 0.766972 -0.147685 -0.334616 0.747062 0.555085
1541977110.461909 2.049419 -0.076321 0.76659 -0.146105 -0.334765 0.746747 0.555837
1541977110.466904 2.048585 -0.075265 0.766139 -0.146604 -0.33559 0.74545 0.556948
1541977110.471899 2.047453 -0.074105 0.765796 -0.144813 -0.334726 0.745254 0.558197
1541977110.476898 2.046538 -0.07311 0.765327 -0.145187 -0.334131 0.743954 0.560187
1541977110.481897 2.045712 -0.071742 0.764952 -0.144587 -0.338049 0.742811 0.559509
1541977110.486898 2.044506 -0.070582 0.764603 -0.142637 -0.336033 0.743377 0.56047
1541977110.491898 2.043478 -0.069484 0.764136 -0.14217 -0.335235 0.74189 0.563031
1541977110.496899 2.042455 -0.068248 0.763641 -0.140069 -0.336471 0.741054 0.563921
1541977110.501901 2.04158 -0.066928 0.763303 -0.141293 -0.339685 0.739915 0.563184
1541977110.506904 2.040484 -0.065479 0.762936 -0.138917 -0.341215 0.739328 0.563621
1541977110.511912 2.0393 -0.064415 0.762366 -0.138263 -0.338509 0.738811 0.566085
1541977110.516921 2.038374 -0.062961 0.762023 -0.137559 -0.341527 0.737686 0.565912
1541977110.521928 2.037295 -0.061687 0.761551 -0.137576 -0.341874 0.737204 0.566327
1541977110.526934 2.036142 -0.060419 0.761067 -0.138359 -0.33917 0.736565 0.568589
1541977110.531939 2.035147 -0.059129 0.760601 -0.13885 -0.339565 0.735197 0.570001
1541977110.53694 2.033907 -0.057693 0.760133 -0.136369 -0.338441 0.735746 0.570559
1541977110.541938 2.03284 -0.055967 0.759842 -0.136186 -0.341025 0.73358 0.571854
1541977110.546936 2.031764 -0.054423 0.759529 -0.13657 -0.342456 0.732762 0.571954
1541977110.551929 2.030649 -0.053139 0.759012 -0.1365 -0.341168 0.73266 0.572871
1541977110.556919 2.029392 -0.051758 0.758604 -0.136087 -0.339823 0.73187 0.574775
1541977110.561906 2.028218 -0.050356 0.758135 -0.136085 -0.338338 0.730612 0.577247
1541977110.566892 2.027067 -0.048976 0.757638 -0.136468 -0.336937 0.728946 0.580076
1541977110.571881 2.025835 -0.047343 0.757277 -0.135132 -0.338151 0.728717 0.57997
1541977110.576875 2.02453 -0.045902 0.756895 -0.13433 -0.337378 0.728168 0.581294
1541977110.581871 2.023389 -0.044386 0.756477 -0.134365 -0.340338 0.727307 0.580637
1541977110.586871 2.021993 -0.042962 0.756001 -0.133341 -0.338699 0.728271 0.580624
1541977110.591876 2.020812 -0.041627 0.755575 -0.133312 -0.338507 0.72597 0.583617
1541977110.596886 2.019438 -0.040363 0.755077 -0.131828 -0.336683 0.725812 0.585204
1541977110.601896 2.018371 -0.038804 0.754602 -0.131102 -0.341421 0.723738 0.58519
1541977110.606905 2.016879 -0.037387 0.754213 -0.129545 -0.340938 0.724006 0.585487
1541977110.611915 2.015643 -0.036091 0.75378 -0.130904 -0.341566 0.723376 0.585597
1541977110.616924 2.01443 -0.034682 0.7532 -0.1291 -0.343443 0.722857 0.585541
1541977110.621931 2.013074 -0.033441 0.752672 -0.129334 -0.342714 0.72225 0.586664
1541977110.626934 2.011765 -0.032215 0.752116 -0.129185 -0.341435 0.722043 0.587696
1541977110.631936 2.010328 -0.030814 0.751598 -0.126756 -0.341146 0.721711 0.5888
1541977110.636937 2.009088 -0.029521 0.751145 -0.126575 -0.343413 0.720845 0.588582
1541977110.641935 2.007797 -0.028219 0.750584 -0.128094 -0.341054 0.720923 0.589528
1541977110.646932 2.006483 -0.027103 0.750018 -0.12833 -0.340349 0.720065 0.590932
1541977110.651928 2.005298 -0.025738 0.749597 -0.130533 -0.342151 0.719676 0.589882
1541977110.656923 2.00389 -0.024502 0.749008 -0.130021 -0.339628 0.719555 0.591598
1541977110.661917 2.002535 -0.023324 0.748555 -0.131323 -0.339567 0.719173 0.59181
1541977110.666912 2.001193 -0.022015 0.747953 -0.1304 -0.339412 0.718337 0.593116
1541977110.671908 2.000125 -0.020721 0.747632 -0.134671 -0.342511 0.717478 0.591418
1541977110.676909 1.998567 -0.019578 0.746996 -0.132606 -0.338297 0.717976 0.593702
1541977110.68191 1.996806 -0.018324 0.746476 -0.131269 -0.337173 0.718605 0.593877
1541977110.68691 1.995707 -0.017397 0.746038 -0.133409 -0.337016 0.71745 0.594885
1541977110.69191 1.994314 -0.016172 0.745675 -0.133476 -0.338537 0.717509 0.593934
1541977110.69691 1.99292 -0.015101 0.745172 -0.133481 -0.339597 0.716428 0.594633
1541977110.701909 1.991304 -0.014218 0.744654 -0.132153 -0.335593 0.717822 0.595521
1541977110.706909 1.989845 -0.013254 0.744368 -0.132971 -0.338715 0.716343 0.595352
1541977110.711909 1.988189 -0.012363 0.743827 -0.129293 -0.335598 0.717569 0.59645
1541977110.71691 1.986811 -0.011372 0.743649 -0.13119 -0.337178 0.717948 0.594686
1541977110.721914 1.985231 -0.010477 0.743292 -0.128437 -0.337605 0.71784 0.595175
1541977110.726916 1.983651 -0.009665 0.743033 -0.128491 -0.336108 0.718341 0.595406
1541977110.731918 1.982201 -0.008738 0.742799 -0.125526 -0.340056 0.71749 0.594823
1541977110.73692 1.980649 -0.007971 0.742617 -0.124953 -0.340218 0.717994 0.594242
1541977110.74192 1.979023 -0.007227 0.742403 -0.122794 -0.337062 0.719483 0.594689
1541977110.746918 1.977452 -0.006412 0.742354 -0.12215 -0.340404 0.718435 0.594185
1541977110.751915 1.976025 -0.00589 0.742068 -0.122448 -0.336799 0.719385 0.595027
1541977110.756909 1.974412 -0.005065 0.741928 -0.120178 -0.338486 0.719813 0.594014
1541977110.761905 1.972923 -0.004494 0.741768 -0.120646 -0.339104 0.719461 0.593994
1541977110.766899 1.971208 -0.003893 0.741519 -0.118333 -0.337478 0.721698 0.59267
1541977110.771895 1.969654 -0.003338 0.741317 -0.118619 -0.337511 0.722354 0.591795
1541977110.776889 1.968136 -0.002734 0.741096 -0.117566 -0.33984 0.722969 0.589918
1541977110.781886 1.966487 -0.002285 0.74091 -0.117139 -0.3373 0.724175 0.589981
1541977110.786886 1.964912 -0.00167 0.740815 -0.117044 -0.34004 0.724266 0.588313
1541977110.791885 1.963217 -0.001391 0.740565 -0.115163 -0.335763 0.725543 0.589565
1541977110.796888 1.961647 -0.000765 0.740625 -0.117094 -0.337725 0.725841 0.587694
1541977110.80189 1.960068 -0.000423 0.740461 -0.115728 -0.336763 0.725959 0.588371
1541977110.806897 1.958362 -2e-06 0.740305 -0.113578 -0.335551 0.726726 0.588537
1541977110.811906 1.956786 0.000535 0.740359 -0.113644 -0.336772 0.727573 0.586777
1541977110.816918 1.955123 0.000849 0.740361 -0.113149 -0.335695 0.7278 0.587207
1541977110.821925 1.953637 0.001239 0.7404 -0.112231 -0.336474 0.727936 0.58677
1541977110.826931 1.951777 0.001512 0.740468 -0.110164 -0.33403 0.729199 0.58699
1541977110.831932 1.95019 0.001924 0.740691 -0.110952 -0.335832 0.730889 0.583702
1541977110.836929 1.948523 0.002061 0.740771 -0.109533 -0.335694 0.730066 0.585078
1541977110.84192 1.946759 0.00207 0.740826 -0.107145 -0.332972 0.730228 0.58687
1541977110.846913 1.944979 0.002391 0.74122 -0.106774 -0.335595 0.731984 0.583245
1541977110.851904 1.943126 0.00243 0.741474 -0.104959 -0.33317 0.7339 0.582557
1541977110.856895 1.941376 0.002255 0.741621 -0.103844 -0.331881 0.733467 0.584036
1541977110.861889 1.939456 0.002256 0.741945 -0.1015 -0.331276 0.73511 0.582724
1541977110.866885 1.937587 0.002359 0.742363 -0.098795 -0.332956 0.736703 0.580215
1541977110.871882 1.935843 0.002177 0.742659 -0.099363 -0.333833 0.738666 0.577109
1541977110.876881 1.933846 0.001887 0.743097 -0.09788 -0.331771 0.739353 0.577673
1541977110.881886 1.931896 0.001665 0.743515 -0.094609 -0.330325 0.740332 0.577792
1541977110.88689 1.930015 0.001541 0.744079 -0.092684 -0.332683 0.741276 0.575536
1541977110.891897 1.928095 0.001393 0.744705 -0.090388 -0.332581 0.743879 0.572594
1541977110.896906 1.926187 0.001165 0.745329 -0.088061 -0.333677 0.744004 0.572157
1541977110.901914 1.924331 0.000898 0.746015 -0.087123 -0.334681 0.74541 0.569879
1541977110.906922 1.922403 0.000472 0.74674 -0.085337 -0.333214 0.746577 0.569482
1541977110.911976 1.920333 -0.000137 0.747393 -0.083205 -0.32887 0.74732 0.571344
1541977110.917018 1.918372 -0.000492 0.748257 -0.079655 -0.329554 0.7491 0.56912
1541977110.922044 1.916311 -0.000822 0.748881 -0.075703 -0.330024 0.749736 0.568551
1541977110.927052 1.914394 -0.001312 0.749752 -0.074341 -0.330173 0.751455 0.56637
1541977110.932042 1.912392 -0.002123 0.750561 -0.073072 -0.326969 0.752015 0.567649
1541977110.937018 1.91038 -0.002613 0.751437 -0.069349 -0.327539 0.754647 0.564285
1541977110.941986 1.908513 -0.003401 0.752126 -0.068318 -0.326786 0.755821 0.563275
1541977110.946951 1.906389 -0.004064 0.753011 -0.064549 -0.325616 0.758038 0.561415
1541977110.951915 1.904254 -0.004967 0.75383 -0.060488 -0.324377 0.758107 0.562489
1541977110.956883 1.902449 -0.005619 0.754635 -0.058601 -0.325579 0.760595 0.558623
1541977110.961858 1.900542 -0.006368 0.755498 -0.05745 -0.327805 0.760807 0.55715
1541977110.966841 1.898723 -0.00717 0.756235 -0.05515 -0.328268 0.762228 0.555164
1541977110.971831 1.896786 -0.007962 0.757168 -0.054723 -0.327385 0.764286 0.552893
1541977110.976832 1.894654 -0.008902 0.757974 -0.051244 -0.323892 0.765744 0.553267
1541977110.981835 1.892894 -0.009819 0.758683 -0.049182 -0.324957 0.767395 0.550535
1541977110.986846 1.890895 -0.010661 0.759488 -0.045956 -0.324969 0.769001 0.548563
1541977110.991861 1.888972 -0.011658 0.760245 -0.043164 -0.324725 0.76972 0.547925
1541977110.996881 1.887245 -0.012546 0.761103 -0.04293 -0.325762 0.771283 0.545123
1541977111.001899 1.885279 -0.013659 0.76182 -0.04083 -0.32338 0.772814 0.544534
1541977111.006915 1.883447 -0.014665 0.762533 -0.038887 -0.323082 0.772742 0.544955
1541977111.011929 1.881718 -0.015535 0.763314 -0.037232 -0.324802 0.774672 0.541295
1541977111.01694 1.879786 -0.016544 0.763936 -0.034331 -0.322519 0.776452 0.540301
1541977111.021949 1.87803 -0.01742 0.764784 -0.032345 -0.323599 0.77805 0.537471
1541977111.026959 1.876212 -0.018583 0.765423 -0.029992 -0.321749 0.779355 0.536827
1541977111.031962 1.874413 -0.019474 0.766136 -0.027131 -0.322482 0.780902 0.534286
1541977111.036961 1.872675 -0.020514 0.76681 -0.025073 -0.322989 0.781773 0.532805
1541977111.041955 1.87103 -0.021555 0.767472 -0.023622 -0.32457 0.78242 0.530957
1541977111.046944 1.869238 -0.022732 0.768094 -0.021275 -0.3232 0.783446 0.530378
1541977111.051929 1.867551 -0.023829 0.768705 -0.019913 -0.321484 0.785386 0.528603
1541977111.056912 1.865966 -0.024892 0.769324 -0.019272 -0.323396 0.786361 0.526004
1541977111.061899 1.864305 -0.026187 0.769769 -0.017675 -0.321514 0.787096 0.526114
1541977111.066888 1.862677 -0.027191 0.77036 -0.01537 -0.322151 0.789152 0.522706
1541977111.07188 1.861098 -0.028414 0.77078 -0.015016 -0.32263 0.790203 0.520829
1541977111.076876 1.859537 -0.029954 0.771068 -0.013656 -0.320494 0.789702 0.522941
1541977111.081875 1.85807 -0.031089 0.771555 -0.012387 -0.321667 0.791516 0.519498
1541977111.086877 1.856566 -0.032288 0.771902 -0.010919 -0.323163 0.792268 0.517454
1541977111.091879 1.855073 -0.033683 0.7723 -0.011176 -0.321345 0.794654 0.514915
1541977111.096881 1.853747 -0.034947 0.772661 -0.010241 -0.323279 0.794253 0.514342
1541977111.101888 1.852104 -0.036316 0.773058 -0.007673 -0.32031 0.795994 0.513552
1541977111.106899 1.850688 -0.037614 0.773407 -0.006471 -0.322434 0.796773 0.511025
1541977111.111912 1.849332 -0.039049 0.77368 -0.006089 -0.321538 0.798018 0.509649
1541977111.116921 1.847863 -0.040325 0.774121 -0.004827 -0.32063 0.799531 0.507861
1541977111.121926 1.846509 -0.041806 0.774243 -0.004431 -0.317627 0.800744 0.50784
1541977111.126926 1.845215 -0.043176 0.774583 -0.004223 -0.3181 0.802363 0.504983
1541977111.131925 1.843887 -0.044635 0.774909 -0.003209 -0.316519 0.803299 0.504496
1541977111.136922 1.84263 -0.045936 0.775241 -0.002183 -0.3171 0.804188 0.502717
1541977111.141916 1.841257 -0.047431 0.775589 -0.001849 -0.31509 0.805663 0.501619
1541977111.146908 1.839958 -0.048853 0.775848 0.000326 -0.313841 0.806769 0.500627
1541977111.151899 1.838811 -0.050286 0.776123 0.000549 -0.315068 0.807203 0.499155
1541977111.156892 1.837681 -0.051554 0.776456 0.001857 -0.316235 0.807812 0.497425
1541977111.161886 1.83646 -0.053174 0.776665 0.002896 -0.313348 0.809169 0.497041
1541977111.166883 1.835432 -0.054907 0.776818 -2.1e-05 -0.312417 0.810551 0.495381
1541977111.171883 1.834381 -0.056277 0.776976 0.001119 -0.31248 0.81139 0.493964
1541977111.176886 1.83336 -0.05772 0.77722 0.001385 -0.313659 0.811867 0.492431
1541977111.181888 1.832191 -0.059302 0.777416 0.002853 -0.311451 0.81349 0.491146
1541977111.186892 1.831148 -0.060774 0.777573 0.00329 -0.311582 0.814435 0.489491
1541977111.191897 1.8302 -0.06231 0.777719 0.003457 -0.310964 0.815527 0.488064
1541977111.196902 1.829206 -0.063837 0.777901 0.003671 -0.311911 0.816101 0.486495
1541977111.201909 1.82825 -0.065454 0.777968 0.00417 -0.31107 0.817372 0.484892
1541977111.206914 1.827139 -0.066893 0.778124 0.006904 -0.310064 0.818886 0.482947
1541977111.211918 1.826291 -0.06845 0.778191 0.00634 -0.309599 0.819889 0.481549
1541977111.216921 1.825454 -0.069985 0.77837 0.006481 -0.309066 0.821004 0.479988
1541977111.221922 1.824667 -0.071455 0.778422 0.006911 -0.308805 0.82142 0.479439
1541977111.226922 1.823844 -0.072921 0.778502 0.007838 -0.309025 0.82255 0.477341
1541977111.231921 1.823005 -0.074513 0.778599 0.009103 -0.307838 0.823555 0.476351
1541977111.236918 1.822386 -0.075912 0.77872 0.007429 -0.308166 0.824119 0.47519
1541977111.241916 1.821586 -0.077512 0.778853 0.007708 -0.3064 0.825721 0.473546
1541977111.246913 1.820874 -0.078825 0.778948 0.009482 -0.307208 0.826277 0.472016
1541977111.251911 1.820225 -0.080312 0.779106 0.009614 -0.306802 0.826991 0.471027
1541977111.256907 1.819573 -0.081829 0.779177 0.009996 -0.305755 0.827895 0.47011
1541977111.261904 1.818964 -0.083119 0.779313 0.010036 -0.305956 0.828024 0.469752
1541977111.2669 1.818442 -0.084545 0.779433 0.00935 -0.305656 0.829275 0.467749
1541977111.271895 1.817953 -0.085879 0.779532 0.009775 -0.307354 0.829292 0.466597
1541977111.276887 1.81749 -0.087356 0.779764 0.0097 -0.305756 0.830474 0.465545
1541977111.281882 1.81698 -0.08877 0.779876 0.010348 -0.304191 0.831665 0.464429
1541977111.28688 1.816547 -0.090109 0.780062 0.010092 -0.30372 0.832341 0.46353
1541977111.29188 1.816162 -0.09159 0.780328 0.010282 -0.302642 0.833387 0.462351
1541977111.296879 1.815787 -0.092922 0.780448 0.011161 -0.301665 0.83433 0.461266
1541977111.301882 1.815516 -0.094327 0.780655 0.010868 -0.301791 0.83436 0.461137
1541977111.306888 1.815269 -0.09569 0.780846 0.01062 -0.301059 0.835244 0.460019
1541977111.311896 1.815023 -0.097102 0.780971 0.010429 -0.300314 0.836112 0.458932
1541977111.316907 1.814836 -0.098603 0.781192 0.009229 -0.299195 0.83715 0.457797
1541977111.321912 1.81462 -0.100065 0.781363 0.009631 -0.297593 0.838398 0.456546
1541977111.326916 1.814459 -0.101441 0.781593 0.009442 -0.296957 0.839191 0.455506
1541977111.331917 1.814384 -0.102771 0.781816 0.008586 -0.297058 0.839567 0.454765
1541977111.336915 1.814264 -0.10418 0.782095 0.009152 -0.296113 0.840584 0.453488
1541977111.341912 1.814244 -0.105388 0.782339 0.00945 -0.297543 0.840512 0.452678
1541977111.346909 1.814196 -0.106673 0.782644 0.009998 -0.296686 0.841312 0.451744
1541977111.351906 1.814229 -0.108015 0.782785 0.009213 -0.295502 0.84227 0.45075
1541977111.356901 1.814182 -0.109301 0.783017 0.010514 -0.294994 0.843104 0.449493
1541977111.3619 1.814014 -0.110551 0.783307 0.010535 -0.295741 0.843918 0.447469
1541977111.366902 1.814091 -0.111851 0.783462 0.010186 -0.295371 0.845034 0.445612
1541977111.371902 1.814174 -0.113154 0.783662 0.010545 -0.293229 0.845682 0.445789
1541977111.376908 1.814368 -0.114375 0.783888 0.009984 -0.293673 0.845993 0.444918
1541977111.381914 1.814494 -0.11568 0.784044 0.010518 -0.291986 0.847185 0.443747
1541977111.38692 1.814728 -0.116929 0.784266 0.009331 -0.291812 0.847503 0.44328
1541977111.391926 1.814952 -0.118093 0.784424 0.009575 -0.291989 0.847933 0.442336
1541977111.39693 1.81512 -0.119336 0.78458 0.010589 -0.291021 0.848995 0.440911
1541977111.401932 1.815397 -0.120585 0.784773 0.010213 -0.290093 0.849871 0.439841
1541977111.406931 1.815706 -0.121754 0.784877 0.010021 -0.290282 0.85016 0.439162
1541977111.41193 1.816026 -0.122964 0.785011 0.009569 -0.289034 0.850937 0.438492
1541977111.416927 1.816369 -0.124181 0.78516 0.009541 -0.288987 0.851625 0.437184
1541977111.421924 1.81671 -0.125346 0.785235 0.010028 -0.288917 0.85211 0.436275
1541977111.426923 1.817061 -0.126591 0.785334 0.010387 -0.288219 0.853115 0.434761
1541977111.43192 1.817508 -0.127714 0.785444 0.009426 -0.287686 0.853494 0.434391
1541977111.436918 1.817866 -0.128968 0.785463 0.009917 -0.286526 0.854713 0.432748
1541977111.441917 1.81836 -0.130077 0.785503 0.00907 -0.287096 0.85521 0.431403
1541977111.446914 1.818818 -0.13119 0.785582 0.009269 -0.287365 0.855648 0.430351
1541977111.451913 1.819327 -0.132379 0.785583 0.0084 -0.287227 0.856378 0.429008
1541977111.45691 1.819837 -0.133512 0.785688 0.007719 -0.285877 0.857123 0.428434
1541977111.461908 1.820361 -0.13454 0.785728 0.008615 -0.286564 0.857616 0.426969
1541977111.466909 1.820947 -0.135747 0.785772 0.006435 -0.2865 0.858264 0.425745
1541977111.471921 1.821504 -0.136657 0.785763 0.007311 -0.286714 0.858385 0.425343
1541977111.476934 1.822076 -0.137747 0.785738 0.007394 -0.286276 0.859242 0.423904
1541977111.481944 1.822644 -0.138803 0.785798 0.007223 -0.285894 0.859932 0.422765
1541977111.486951 1.823279 -0.139838 0.785835 0.00682 -0.285282 0.860589 0.421846
1541977111.491956 1.823842 -0.140991 0.785871 0.006652 -0.284224 0.861733 0.420224
1541977111.496959 1.824512 -0.141878 0.785815 0.006555 -0.284363 0.861893 0.419805
1541977111.50196 1.825115 -0.143007 0.785804 0.006027 -0.282086 0.86351 0.41802
1541977111.50696 1.825792 -0.143803 0.785833 0.006217 -0.283007 0.86333 0.417767
1541977111.511957 1.826506 -0.144769 0.78575 0.004938 -0.282733 0.86407 0.416438
1541977111.51695 1.827152 -0.145524 0.78582 0.005573 -0.282962 0.864371 0.41565
1541977111.521942 1.827785 -0.146308 0.785848 0.006437 -0.284208 0.865025 0.41342
1541977111.526934 1.828464 -0.147003 0.785876 0.007576 -0.285691 0.865116 0.412186
1541977111.531923 1.829155 -0.147889 0.785888 0.006736 -0.285047 0.865703 0.411413
1541977111.53691 1.829871 -0.148661 0.785937 0.006619 -0.285518 0.865801 0.410882
1541977111.541897 1.830577 -0.149494 0.785913 0.006499 -0.286163 0.866198 0.409596
1541977111.546887 1.831252 -0.150205 0.785912 0.006279 -0.284604 0.867073 0.408835
1541977111.55188 1.831953 -0.151004 0.785966 0.005729 -0.285603 0.867402 0.407444
1541977111.556876 1.832658 -0.151673 0.785979 0.005206 -0.283429 0.868151 0.407374
1541977111.561876 1.833379 -0.152346 0.786024 0.004469 -0.283931 0.868535 0.406215
1541977111.566878 1.83407 -0.152953 0.786003 0.004104 -0.283914 0.868816 0.405628
1541977111.571895 1.834787 -0.153506 0.786052 0.003465 -0.28356 0.869094 0.405286
1541977111.576909 1.835495 -0.154252 0.786086 0.002382 -0.282926 0.869634 0.404578
1541977111.581924 1.836234 -0.154681 0.786088 0.002034 -0.284121 0.869493 0.404046
1541977111.586936 1.836892 -0.155107 0.786197 0.002136 -0.284101 0.869977 0.403016
1541977111.591945 1.837567 -0.155698 0.78633 0.001903 -0.284084 0.870009 0.402961
1541977111.596951 1.838224 -0.156222 0.78644 0.002003 -0.283188 0.870877 0.401713
1541977111.601948 1.838873 -0.156637 0.78654 0.001412 -0.281061 0.871711 0.401402
1541977111.606946 1.839665 -0.156973 0.786474 -4.2e-05 -0.281957 0.871497 0.401239
1541977111.611942 1.840408 -0.157282 0.786566 -0.000649 -0.284308 0.871102 0.400438
1541977111.616936 1.841116 -0.157567 0.78677 -0.000433 -0.283945 0.871361 0.40013
1541977111.62193 1.841823 -0.157904 0.786881 -0.001484 -0.2834 0.871732 0.399706
1541977111.626922 1.842509 -0.158244 0.787031 -0.001947 -0.282007 0.872103 0.399881
1541977111.631913 1.843227 -0.158596 0.787229 -0.002432 -0.281556 0.872174 0.400041
1541977111.636904 1.843975 -0.158672 0.78745 -0.002454 -0.283817 0.871847 0.399156
1541977111.641896 1.844653 -0.158916 0.787633 -0.003221 -0.283441 0.871967 0.399154
1541977111.646889 1.845386 -0.159092 0.787787 -0.003484 -0.282628 0.872098 0.399442
1541977111.651883 1.846134 -0.159238 0.787988 -0.003977 -0.282845 0.871867 0.399788
1541977111.656882 1.846863 -0.159411 0.788202 -0.004592 -0.282069 0.872081 0.399862
1541977111.661885 1.847586 -0.159478 0.78844 -0.005004 -0.28299 0.871832 0.399751
1541977111.666893 1.848334 -0.159533 0.788626 -0.00542 -0.281009 0.872227 0.40028
1541977111.671912 1.849068 -0.159581 0.78882 -0.005844 -0.279836 0.87276 0.399935
1541977111.676927 1.849819 -0.159651 0.78897 -0.007261 -0.280126 0.872601 0.400055
1541977111.681936 1.850565 -0.159644 0.789219 -0.007768 -0.280584 0.872558 0.399818
1541977111.686939 1.851345 -0.159595 0.789453 -0.008651 -0.279299 0.872737 0.400309
1541977111.691937 1.852095 -0.15961 0.789721 -0.010023 -0.278581 0.872877 0.400473
1541977111.696933 1.852955 -0.159531 0.789911 -0.01092 -0.278338 0.872772 0.400846
1541977111.701927 1.853761 -0.159446 0.790105 -0.012463 -0.279049 0.87255 0.400791
1541977111.706921 1.854505 -0.159253 0.790444 -0.01296 -0.278552 0.872805 0.400565
1541977111.711915 1.855336 -0.159115 0.790713 -0.01362 -0.277799 0.872822 0.401028
1541977111.716912 1.856192 -0.159051 0.791029 -0.013626 -0.278094 0.872551 0.401412
1541977111.721909 1.857075 -0.158768 0.791403 -0.014264 -0.276235 0.872988 0.401724
1541977111.726905 1.857988 -0.158567 0.79171 -0.015478 -0.278002 0.872518 0.401483
1541977111.731903 1.858965 -0.158315 0.791951 -0.017617 -0.279078 0.871799 0.402207
1541977111.736899 1.859806 -0.158036 0.792428 -0.017228 -0.277651 0.872016 0.402741
1541977111.741898 1.860786 -0.157758 0.792782 -0.018134 -0.278714 0.871523 0.403036
1541977111.7469 1.861695 -0.157407 0.793129 -0.01799 -0.278661 0.871606 0.402899
1541977111.751904 1.862676 -0.157107 0.793545 -0.019022 -0.279011 0.871363 0.403134
1541977111.75691 1.863707 -0.156776 0.793942 -0.020768 -0.279539 0.870982 0.403505
1541977111.761915 1.864662 -0.156373 0.794424 -0.020869 -0.279284 0.870879 0.403899
1541977111.766919 1.865616 -0.156029 0.794871 -0.020824 -0.277423 0.870945 0.40504
1541977111.77192 1.866591 -0.15554 0.795356 -0.021206 -0.277273 0.870567 0.405934
1541977111.776921 1.867612 -0.155146 0.795787 -0.022962 -0.27816 0.870333 0.405734
1541977111.781916 1.868616 -0.154617 0.796342 -0.023663 -0.276306 0.870485 0.406634
1541977111.786914 1.869617 -0.15411 0.796856 -0.023979 -0.277056 0.869927 0.407298
1541977111.791912 1.870653 -0.15356 0.797349 -0.024853 -0.277885 0.869874 0.406795
1541977111.796913 1.871766 -0.153015 0.797829 -0.026091 -0.27701 0.869351 0.408429
1541977111.801911 1.872837 -0.152439 0.798337 -0.027025 -0.276869 0.86888 0.409465
1541977111.806907 1.873933 -0.151917 0.798794 -0.028442 -0.277439 0.868707 0.40935
1541977111.811905 1.875108 -0.151345 0.799225 -0.029826 -0.277979 0.867979 0.410427
1541977111.816901 1.87627 -0.150838 0.799781 -0.031442 -0.278795 0.867136 0.411534
1541977111.821898 1.877356 -0.150284 0.800363 -0.032222 -0.276628 0.867678 0.411792
1541977111.826897 1.878521 -0.14975 0.80088 -0.032998 -0.277245 0.867014 0.412715
1541977111.831897 1.879651 -0.149171 0.80141 -0.034742 -0.275829 0.867239 0.413047
1541977111.836899 1.880962 -0.148689 0.801969 -0.036846 -0.277942 0.866156 0.41372
1541977111.841905 1.882126 -0.148051 0.802561 -0.037623 -0.276495 0.866387 0.414135
1541977111.846907 1.883368 -0.147666 0.803186 -0.038525 -0.276684 0.866051 0.41463
1541977111.851907 1.884711 -0.147126 0.803781 -0.040081 -0.276656 0.865627 0.415385
1541977111.856906 1.885917 -0.14668 0.804489 -0.04145 -0.275231 0.866209 0.414983
1541977111.861913 1.887201 -0.146205 0.805158 -0.042122 -0.275691 0.865948 0.415157
1541977111.866918 1.88842 -0.145706 0.805803 -0.04286 -0.275168 0.866442 0.414395
1541977111.871921 1.889935 -0.145536 0.806481 -0.045818 -0.272591 0.865888 0.416932
1541977111.876923 1.891299 -0.145176 0.807227 -0.04677 -0.273234 0.865845 0.416495
1541977111.881933 1.892719 -0.144802 0.807924 -0.04759 -0.27217 0.865385 0.418052
1541977111.886941 1.894158 -0.144503 0.808736 -0.049465 -0.271648 0.865886 0.417135
1541977111.891945 1.895484 -0.144026 0.809403 -0.048886 -0.271458 0.865993 0.417105
1541977111.896948 1.896941 -0.143751 0.810061 -0.04953 -0.272307 0.865582 0.417328
1541977111.901949 1.898286 -0.143408 0.810932 -0.048403 -0.269859 0.866096 0.417985
1541977111.906948 1.899805 -0.142992 0.811634 -0.049461 -0.271571 0.865815 0.417334
1541977111.911944 1.901453 -0.142661 0.812317 -0.051244 -0.272349 0.865604 0.417049
1541977111.916937 1.902898 -0.142394 0.813042 -0.050781 -0.271031 0.865927 0.417294
1541977111.921927 1.904325 -0.141915 0.813767 -0.050307 -0.272352 0.865944 0.416455
1541977111.926917 1.905857 -0.14174 0.814532 -0.05095 -0.271249 0.866077 0.41682
1541977111.931907 1.907481 -0.141592 0.815192 -0.052289 -0.272133 0.865963 0.416314
1541977111.936901 1.909045 -0.141258 0.815855 -0.051462 -0.272891 0.865552 0.416776
1541977111.941897 1.910669 -0.141108 0.816455 -0.052088 -0.273071 0.865635 0.416407
1541977111.946892 1.912258 -0.140921 0.8171 -0.052769 -0.273816 0.865966 0.415143
1541977111.951889 1.913918 -0.140982 0.817675 -0.054378 -0.272896 0.865174 0.417188
1541977111.956886 1.915606 -0.140561 0.818298 -0.054509 -0.275033 0.866526 0.412938
1541977111.961885 1.917208 -0.140343 0.818977 -0.055025 -0.274774 0.866253 0.413615
1541977111.966885 1.918864 -0.140286 0.819508 -0.05611 -0.27448 0.866757 0.412608
1541977111.971886 1.920441 -0.140222 0.820115 -0.055956 -0.274004 0.867478 0.411427
1541977111.976891 1.922184 -0.140217 0.820663 -0.056557 -0.273818 0.867435 0.411559
1541977111.981908 1.92391 -0.140072 0.821222 -0.057299 -0.275462 0.867218 0.410817
1541977111.986923 1.925606 -0.139914 0.821847 -0.057946 -0.277247 0.867551 0.408818
1541977111.991938 1.927338 -0.139979 0.822404 -0.058934 -0.276156 0.867981 0.408502
1541977111.996949 1.928976 -0.139986 0.822975 -0.058244 -0.275963 0.868315 0.408021
1541977112.001954 1.930709 -0.140041 0.82348 -0.059377 -0.276734 0.868808 0.406282
1541977112.006954 1.932457 -0.139983 0.824057 -0.059672 -0.278899 0.868937 0.40448
1541977112.01195 1.934184 -0.140022 0.824594 -0.060165 -0.277708 0.869525 0.403962
1541977112.016946 1.935849 -0.140193 0.825131 -0.05991 -0.278373 0.869886 0.402762
1541977112.02194 1.937608 -0.140352 0.82564 -0.059475 -0.278198 0.870313 0.402024
1541977112.026929 1.939269 -0.140429 0.826233 -0.05989 -0.28005 0.870625 0.399996
1541977112.031921 1.941084 -0.140721 0.826612 -0.060076 -0.281863 0.870158 0.399711
1541977112.036913 1.942749 -0.140843 0.827203 -0.059592 -0.283231 0.870262 0.398589
1541977112.041905 1.944487 -0.140928 0.827737 -0.059421 -0.286724 0.870919 0.394663
1541977112.046901 1.946308 -0.141325 0.828254 -0.060533 -0.286882 0.871415 0.393281
1541977112.051899 1.948008 -0.141615 0.828722 -0.060103 -0.286767 0.871863 0.392438
1541977112.0569 1.949545 -0.141992 0.829268 -0.059823 -0.28526 0.872961 0.391136
1541977112.0619 1.951331 -0.142217 0.829707 -0.060525 -0.288233 0.87285 0.389091
1541977112.066901 1.953 -0.14241 0.830235 -0.060483 -0.29033 0.872688 0.387898
1541977112.071904 1.954572 -0.142977 0.830756 -0.059655 -0.285287 0.874646 0.38736
1541977112.076905 1.95628 -0.143163 0.831207 -0.059282 -0.288028 0.874219 0.386352
1541977112.081917 1.957933 -0.143598 0.831783 -0.059479 -0.287553 0.87496 0.384993
1541977112.086927 1.959637 -0.14389 0.832265 -0.059912 -0.292019 0.874138 0.38343
1541977112.091932 1.961174 -0.144296 0.83271 -0.059367 -0.289663 0.875481 0.382235
1541977112.096936 1.962855 -0.14457 0.833229 -0.060069 -0.294078 0.874725 0.380482
1541977112.101938 1.964437 -0.145006 0.833617 -0.060044 -0.288912 0.875848 0.381857
1541977112.106937 1.965925 -0.145372 0.834185 -0.059313 -0.292227 0.875869 0.379393
1541977112.111933 1.967631 -0.145728 0.834487 -0.060564 -0.290724 0.876576 0.378717
1541977112.116926 1.969103 -0.146186 0.83494 -0.059068 -0.292478 0.877104 0.376372
1541977112.121919 1.97077 -0.146503 0.835284 -0.060851 -0.293677 0.877292 0.374713
1541977112.126912 1.972271 -0.146912 0.83566 -0.060022 -0.293856 0.877146 0.375047
1541977112.131903 1.973854 -0.147283 0.836054 -0.061736 -0.295356 0.877577 0.372574
1541977112.136893 1.975354 -0.147544 0.836535 -0.061489 -0.297663 0.877264 0.371516
1541977112.141885 1.976762 -0.147989 0.836794 -0.061092 -0.29589 0.878799 0.369362
1541977112.14688 1.978274 -0.148334 0.837179 -0.06189 -0.296772 0.878628 0.368929
1541977112.151878 1.979703 -0.148636 0.837615 -0.061408 -0.29766 0.879063 0.367255
1541977112.15688 1.981143 -0.148919 0.837952 -0.061949 -0.297853 0.879009 0.367137
1541977112.161883 1.98257 -0.149135 0.838403 -0.061991 -0.299912 0.878613 0.366401
1541977112.166891 1.983972 -0.149368 0.838738 -0.062586 -0.301424 0.878921 0.364313
1541977112.171901 1.985338 -0.149646 0.839078 -0.062665 -0.299849 0.879554 0.364071
1541977112.176914 1.986609 -0.149963 0.839528 -0.062035 -0.301335 0.879999 0.361871
1541977112.181924 1.988031 -0.150294 0.839761 -0.062099 -0.301762 0.879827 0.361922
1541977112.186931 1.989302 -0.150505 0.840146 -0.06114 -0.302517 0.88048 0.359862
1541977112.191927 1.990632 -0.15071 0.840449 -0.061482 -0.302489 0.880474 0.359842
1541977112.19692 1.991883 -0.150823 0.840874 -0.061999 -0.304512 0.879822 0.359642
1541977112.201914 1.99327 -0.150911 0.841165 -0.061025 -0.306559 0.879948 0.357755
1541977112.206908 1.994413 -0.151104 0.841477 -0.061043 -0.304915 0.880179 0.358589
1541977112.211909 1.995733 -0.151204 0.841718 -0.061556 -0.30587 0.880074 0.357944
1541977112.216909 1.996743 -0.151314 0.842068 -0.060215 -0.306732 0.880495 0.356396
1541977112.221912 1.998026 -0.1513 0.842316 -0.060867 -0.306772 0.880281 0.356779
1541977112.226915 1.999232 -0.151232 0.84254 -0.061132 -0.309411 0.879785 0.355676
1541977112.231919 2.000478 -0.151264 0.842732 -0.062093 -0.310173 0.87962 0.355255
1541977112.236923 2.001515 -0.151401 0.842997 -0.061607 -0.308532 0.879884 0.356114
1541977112.241922 2.002697 -0.151185 0.843196 -0.062257 -0.310333 0.880033 0.354062
1541977112.246922 2.003963 -0.151082 0.843304 -0.063226 -0.313771 0.878695 0.354183
1541977112.251922 2.004922 -0.151123 0.843489 -0.062372 -0.312176 0.879196 0.3545
1541977112.256925 2.006103 -0.150897 0.843642 -0.06356 -0.314014 0.878345 0.354775
1541977112.261925 2.007188 -0.15066 0.843753 -0.06397 -0.315451 0.878351 0.353408
1541977112.266925 2.008143 -0.150567 0.843809 -0.06353 -0.314537 0.878646 0.35357
1541977112.271928 2.009221 -0.150332 0.843976 -0.064922 -0.314832 0.878417 0.353624
1541977112.27693 2.010285 -0.150038 0.844032 -0.065733 -0.317251 0.877448 0.353717
1541977112.281931 2.011184 -0.149888 0.844057 -0.064445 -0.316347 0.878111 0.353117
1541977112.286931 2.012237 -0.149581 0.844098 -0.066007 -0.317029 0.877256 0.35434
1541977112.29193 2.01317 -0.149156 0.844148 -0.066157 -0.318147 0.876996 0.353955
1541977112.29693 2.01414 -0.148636 0.844129 -0.066265 -0.320775 0.876233 0.353452
1541977112.301928 2.015093 -0.14828 0.844182 -0.066763 -0.322284 0.875399 0.354051
1541977112.306926 2.016032 -0.14785 0.844093 -0.067112 -0.323289 0.875099 0.353811
1541977112.311919 2.016849 -0.147344 0.843986 -0.067543 -0.323757 0.874685 0.354324
1541977112.316912 2.017671 -0.146811 0.843926 -0.066478 -0.325196 0.874625 0.353355
1541977112.321903 2.018549 -0.146197 0.843879 -0.067378 -0.327315 0.872869 0.355562
1541977112.326897 2.019314 -0.145639 0.843739 -0.066682 -0.328241 0.872527 0.35568
1541977112.331894 2.020093 -0.145063 0.843598 -0.067818 -0.329514 0.87158 0.356609
1541977112.336891 2.020934 -0.144481 0.843386 -0.068433 -0.329371 0.87095 0.358158
1541977112.341894 2.021731 -0.143881 0.843076 -0.069467 -0.331308 0.87028 0.357802
1541977112.346893 2.022437 -0.14326 0.842739 -0.069383 -0.332532 0.869568 0.358414
1541977112.351893 2.023196 -0.142472 0.842449 -0.070082 -0.334234 0.868507 0.359265
1541977112.356898 2.023957 -0.141622 0.842118 -0.07095 -0.336738 0.866837 0.360786
1541977112.3619 2.024656 -0.14091 0.841673 -0.071322 -0.337722 0.866393 0.36086
1541977112.366905 2.025359 -0.140178 0.841254 -0.073324 -0.338759 0.865245 0.362239
1541977112.371907 2.025928 -0.139375 0.840825 -0.072961 -0.338831 0.864834 0.363226
1541977112.376906 2.026671 -0.13846 0.840328 -0.074585 -0.340577 0.863549 0.364318
1541977112.381909 2.027238 -0.137795 0.839744 -0.075314 -0.340176 0.863561 0.364514
1541977112.38691 2.027886 -0.136827 0.839274 -0.07676 -0.342255 0.862096 0.36573
1541977112.391914 2.028459 -0.136051 0.838617 -0.077457 -0.341266 0.862751 0.364962
1541977112.396918 2.029108 -0.135212 0.837989 -0.079887 -0.343591 0.86084 0.366766
1541977112.401925 2.029602 -0.134285 0.837381 -0.080112 -0.3436 0.860228 0.368143
1541977112.406932 2.030255 -0.133412 0.836648 -0.082388 -0.345958 0.858919 0.368487
1541977112.411937 2.030744 -0.132495 0.835932 -0.082702 -0.34605 0.858222 0.369951
1541977112.416936 2.031421 -0.131434 0.835119 -0.084787 -0.348067 0.856744 0.371013
1541977112.421935 2.03192 -0.130555 0.834323 -0.084726 -0.349588 0.855831 0.371702
1541977112.426933 2.032439 -0.12958 0.833544 -0.085863 -0.350974 0.854751 0.372619
1541977112.431926 2.033008 -0.128652 0.832667 -0.088453 -0.351808 0.854021 0.372902
1541977112.436916 2.033443 -0.12778 0.831843 -0.088724 -0.352297 0.853013 0.374677
1541977112.44191 2.03393 -0.126778 0.830975 -0.089727 -0.353449 0.852038 0.375572
1541977112.446901 2.034487 -0.125837 0.830108 -0.091411 -0.355503 0.850818 0.375993
1541977112.451894 2.034894 -0.124838 0.829283 -0.091411 -0.357365 0.849647 0.376874
1541977112.456891 2.035372 -0.123928 0.828375 -0.093579 -0.357043 0.849153 0.37776
1541977112.461892 2.035715 -0.123063 0.827539 -0.093631 -0.357772 0.848248 0.379087
1541977112.466893 2.036185 -0.122045 0.826682 -0.095432 -0.358484 0.847308 0.380067
1541977112.471893 2.036611 -0.121059 0.825849 -0.096456 -0.359205 0.847245 0.379268
1541977112.476896 2.037035 -0.120166 0.825065 -0.09832 -0.361639 0.844685 0.382174
1541977112.481911 2.037311 -0.11933 0.824215 -0.098598 -0.361787 0.844627 0.382091
1541977112.486927 2.037617 -0.118407 0.82346 -0.099041 -0.36169 0.844102 0.383228
1541977112.491941 2.037963 -0.117456 0.822633 -0.10074 -0.362831 0.843033 0.384059
1541977112.496956 2.038263 -0.11659 0.821921 -0.101405 -0.364789 0.841824 0.38468
1541977112.501963 2.038477 -0.115654 0.821082 -0.101465 -0.364596 0.841422 0.385725
1541977112.506963 2.038661 -0.114908 0.820382 -0.102743 -0.364243 0.840708 0.387274
1541977112.511968 2.038896 -0.113982 0.819668 -0.103539 -0.364708 0.840387 0.387322
1541977112.516967 2.039036 -0.113045 0.819016 -0.103335 -0.365832 0.839755 0.387686
1541977112.521957 2.03929 -0.111996 0.818381 -0.104682 -0.368914 0.838044 0.388105
1541977112.526942 2.039298 -0.111193 0.817786 -0.104414 -0.367774 0.837313 0.390828
1541977112.531922 2.039356 -0.110408 0.817124 -0.105276 -0.365966 0.837751 0.391355
1541977112.536905 2.03944 -0.109425 0.816548 -0.105623 -0.368289 0.836089 0.392634
1541977112.54189 2.039462 -0.108516 0.815964 -0.106165 -0.368831 0.835833 0.392524
1541977112.546882 2.039507 -0.107452 0.815429 -0.106469 -0.371444 0.834466 0.392886
1541977112.551875 2.0394 -0.106615 0.814872 -0.106607 -0.370273 0.833734 0.395501
1541977112.556871 2.039366 -0.105693 0.814265 -0.106355 -0.370199 0.834049 0.394974
1541977112.561872 2.039283 -0.104832 0.813707 -0.107337 -0.370875 0.832323 0.397705
1541977112.566876 2.039194 -0.103904 0.813105 -0.107046 -0.370669 0.833204 0.396126
1541977112.571894 2.038947 -0.102944 0.812634 -0.106215 -0.371589 0.831948 0.398124
1541977112.576916 2.038907 -0.102006 0.81209 -0.106822 -0.37147 0.831445 0.399123
1541977112.581935 2.03869 -0.101009 0.811544 -0.107212 -0.372462 0.830133 0.40082
1541977112.586951 2.03853 -0.100103 0.810991 -0.108218 -0.373275 0.829825 0.40043
1541977112.591964 2.038198 -0.099099 0.810552 -0.107526 -0.373801 0.829318 0.401177
1541977112.596969 2.037932 -0.09818 0.810053 -0.107674 -0.373595 0.828743 0.402514
1541977112.601966 2.03757 -0.097085 0.809607 -0.108034 -0.374969 0.827011 0.404697
1541977112.606956 2.036874 -0.0962 0.809233 -0.108046 -0.374801 0.827285 0.40429
1541977112.611943 2.036486 -0.095203 0.808746 -0.107999 -0.37494 0.826613 0.405545
1541977112.616928 2.036013 -0.094247 0.808278 -0.108633 -0.374032 0.826424 0.406599
1541977112.621912 2.035375 -0.093309 0.807908 -0.106776 -0.371777 0.826623 0.408749
1541977112.626892 2.035105 -0.091989 0.807503 -0.108215 -0.375056 0.824666 0.409327
1541977112.631875 2.034511 -0.091061 0.80705 -0.108286 -0.373565 0.824712 0.410576
1541977112.636863 2.033983 -0.089974 0.806703 -0.107863 -0.373886 0.823724 0.412375
1541977112.641854 2.033398 -0.088939 0.806248 -0.108126 -0.373019 0.823421 0.413695
1541977112.64685 2.03283 -0.087772 0.805809 -0.107694 -0.373584 0.822513 0.415101
1541977112.651852 2.032276 -0.086452 0.805481 -0.107032 -0.374984 0.821903 0.415218
1541977112.656858 2.031721 -0.085397 0.804965 -0.10776 -0.374982 0.820548 0.417705
1541977112.66187 2.031094 -0.084175 0.804578 -0.106589 -0.375671 0.81965 0.419148
1541977112.666883 2.030506 -0.082937 0.804173 -0.107705 -0.375736 0.819184 0.419713
1541977112.671897 2.029745 -0.081946 0.8037 -0.107741 -0.372443 0.819247 0.422507
1541977112.676909 2.029218 -0.080543 0.803298 -0.107027 -0.375662 0.817723 0.42279
1541977112.681917 2.028698 -0.079204 0.802847 -0.106756 -0.378631 0.81605 0.423443
1541977112.686926 2.027944 -0.078066 0.802421 -0.106443 -0.376083 0.816508 0.424907
1541977112.691933 2.027412 -0.0767 0.801943 -0.106696 -0.377544 0.815238 0.425985
1541977112.696935 2.026812 -0.075596 0.801459 -0.107504 -0.377605 0.814293 0.427533
1541977112.701935 2.026057 -0.074409 0.800985 -0.107612 -0.376396 0.813816 0.429474
1541977112.706934 2.02548 -0.072959 0.800555 -0.106271 -0.378543 0.813379 0.428749
1541977112.711928 2.024908 -0.07155 0.800012 -0.106641 -0.38095 0.812027 0.429088
1541977112.716923 2.024162 -0.070492 0.799413 -0.10683 -0.377365 0.812123 0.432018
1541977112.721918 2.023475 -0.069191 0.799031 -0.106649 -0.378344 0.811555 0.432272
1541977112.726914 2.022928 -0.067682 0.798551 -0.106905 -0.382024 0.810215 0.431487
1541977112.731908 2.022083 -0.066588 0.79814 -0.107962 -0.378988 0.809542 0.435149
1541977112.736904 2.021339 -0.065539 0.797664 -0.109079 -0.376061 0.808924 0.438544
1541977112.741898 2.020782 -0.063949 0.797379 -0.108013 -0.379937 0.808837 0.435619
1541977112.746891 2.020072 -0.062741 0.797044 -0.108539 -0.379314 0.807499 0.438503
1541977112.751887 2.019346 -0.061524 0.796675 -0.108305 -0.377195 0.807399 0.440569
1541977112.756888 2.018766 -0.060076 0.796426 -0.10861 -0.379182 0.805567 0.442139
1541977112.76189 2.018164 -0.058664 0.7962 -0.108785 -0.380933 0.804713 0.442145
1541977112.766897 2.017606 -0.05721 0.795857 -0.107727 -0.38206 0.804109 0.44253
1541977112.771905 2.01688 -0.056054 0.795616 -0.107293 -0.379894 0.803632 0.445359
1541977112.776911 2.016375 -0.054557 0.795424 -0.106838 -0.381184 0.802172 0.446995
1541977112.781916 2.015714 -0.053251 0.795243 -0.106499 -0.380483 0.801963 0.448047
1541977112.786922 2.015149 -0.052023 0.794993 -0.108152 -0.377167 0.80121 0.451787
1541977112.791927 2.014623 -0.050559 0.794805 -0.107713 -0.379246 0.800101 0.452116
1541977112.79693 2.014159 -0.049037 0.794678 -0.107985 -0.380836 0.798763 0.453079
1541977112.801925 2.013719 -0.047626 0.794414 -0.108513 -0.380433 0.797803 0.454978
1541977112.80692 2.013222 -0.046362 0.794232 -0.110326 -0.379096 0.796301 0.458279
1541977112.811912 2.012768 -0.044892 0.794036 -0.109519 -0.379105 0.796404 0.458287
1541977112.816905 2.012407 -0.043303 0.793811 -0.110449 -0.381321 0.794815 0.458981
1541977112.8219 2.011896 -0.042147 0.793552 -0.111527 -0.377421 0.794409 0.462634
1541977112.826898 2.011464 -0.040767 0.793341 -0.111699 -0.376964 0.794409 0.462964
1541977112.8319 2.011147 -0.039341 0.793168 -0.111926 -0.378648 0.793179 0.463644
1541977112.836904 2.010714 -0.038108 0.792947 -0.113227 -0.377809 0.791816 0.466333
1541977112.841909 2.010313 -0.036805 0.792756 -0.113741 -0.376336 0.791226 0.468397
1541977112.846912 2.010033 -0.035471 0.79249 -0.113224 -0.378015 0.790662 0.468123
1541977112.851915 2.009724 -0.034282 0.792353 -0.115246 -0.377543 0.789547 0.469889
1541977112.856919 2.009515 -0.032923 0.79221 -0.115871 -0.378985 0.788057 0.471073
1541977112.861922 2.009263 -0.031684 0.792011 -0.115687 -0.379785 0.787266 0.471797
1541977112.866927 2.008877 -0.030719 0.791858 -0.116394 -0.375937 0.786981 0.475169
1541977112.871929 2.008825 -0.029382 0.791737 -0.116998 -0.378951 0.785734 0.474689
1541977112.876926 2.008535 -0.028376 0.791643 -0.116444 -0.377385 0.785158 0.47702
1541977112.881925 2.008384 -0.027118 0.791686 -0.117517 -0.379227 0.783992 0.477214
1541977112.886922 2.008319 -0.026146 0.791473 -0.117623 -0.379421 0.782398 0.479644
1541977112.891919 2.00809 -0.025085 0.791516 -0.118624 -0.378961 0.782402 0.479753
1541977112.896918 2.007896 -0.024241 0.791364 -0.1184 -0.376535 0.781597 0.483021
1541977112.901915 2.00798 -0.023146 0.791286 -0.118556 -0.377742 0.781235 0.482625
1541977112.906916 2.00778 -0.022377 0.791198 -0.119362 -0.374939 0.780677 0.485506
1541977112.911915 2.007533 -0.021446 0.791141 -0.119724 -0.374546 0.780641 0.485779
1541977112.916915 2.00759 -0.02053 0.790949 -0.120777 -0.375112 0.779462 0.486974
1541977112.921915 2.007503 -0.019914 0.790782 -0.122062 -0.372101 0.77879 0.490028
1541977112.926914 2.007562 -0.018917 0.790626 -0.121975 -0.374412 0.778313 0.489046
1541977112.93191 2.00756 -0.018267 0.790356 -0.122806 -0.372626 0.777773 0.491058
1541977112.936904 2.007521 -0.017558 0.790038 -0.124386 -0.370643 0.777227 0.493021
1541977112.941896 2.007528 -0.016728 0.789747 -0.124197 -0.372625 0.776992 0.491945
1541977112.946889 2.007571 -0.016143 0.789371 -0.126109 -0.37062 0.775874 0.494729
1541977112.951885 2.007527 -0.015491 0.788991 -0.127846 -0.369237 0.775078 0.496562
1541977112.956885 2.007588 -0.014709 0.788552 -0.126842 -0.371527 0.774585 0.495879
1541977112.961886 2.007606 -0.014061 0.788023 -0.127976 -0.371067 0.774536 0.496009
1541977112.966888 2.007595 -0.013452 0.787488 -0.129439 -0.370457 0.773315 0.497987
1541977112.971892 2.007616 -0.012667 0.786924 -0.128833 -0.372873 0.772923 0.496948
1541977112.976901 2.007473 -0.012177 0.786352 -0.130371 -0.372068 0.771729 0.499003
1541977112.981907 2.007425 -0.011718 0.785674 -0.132298 -0.370737 0.770684 0.501097
1541977112.986913 2.007368 -0.010889 0.785072 -0.132246 -0.374319 0.770192 0.499199
1541977112.991917 2.00718 -0.010346 0.784445 -0.132471 -0.375284 0.769582 0.499357
1541977112.996918 2.006933 -0.009955 0.783783 -0.133543 -0.372419 0.768363 0.503079
1541977113.001918 2.006822 -0.009386 0.783149 -0.134771 -0.373031 0.767956 0.502919
1541977113.006925 2.006704 -0.008736 0.782376 -0.135249 -0.375293 0.767617 0.501624
1541977113.011929 2.006381 -0.008332 0.781683 -0.13613 -0.373229 0.766791 0.504183
1541977113.016932 2.006078 -0.007994 0.780901 -0.137577 -0.37224 0.76703 0.504158
1541977113.021934 2.005751 -0.007529 0.78015 -0.137964 -0.371338 0.766698 0.505221
1541977113.026938 2.005489 -0.007065 0.779507 -0.139787 -0.371552 0.765985 0.505644
1541977113.031937 2.005174 -0.00691 0.7787 -0.142391 -0.370586 0.764746 0.507499
1541977113.036936 2.004714 -0.006594 0.777862 -0.141887 -0.367227 0.765088 0.509562
1541977113.041933 2.004252 -0.006337 0.777184 -0.143735 -0.36651 0.764028 0.511147
1541977113.046927 2.003697 -0.006226 0.77641 -0.145376 -0.3648 0.762909 0.513573
1541977113.051916 2.003199 -0.005697 0.775758 -0.145846 -0.366223 0.762862 0.512495
1541977113.056906 2.002598 -0.005562 0.775023 -0.146655 -0.363862 0.763253 0.513363
1541977113.061897 2.001976 -0.00505 0.774262 -0.144678 -0.365555 0.763128 0.512908
1541977113.066888 2.001643 -0.004312 0.773405 -0.142819 -0.372275 0.762997 0.508772
1541977113.071882 2.000726 -0.00458 0.772699 -0.146153 -0.364557 0.76226 0.514487
1541977113.076882 2.000039 -0.004156 0.772081 -0.145934 -0.365955 0.762106 0.513785
1541977113.08188 1.999333 -0.003736 0.771302 -0.144014 -0.367615 0.76193 0.513403
1541977113.086878 1.998523 -0.003391 0.770661 -0.144293 -0.366735 0.761325 0.514848
1541977113.091874 1.997859 -0.002848 0.769785 -0.141001 -0.369971 0.762423 0.511811
1541977113.096872 1.99713 -0.002323 0.769129 -0.140089 -0.371901 0.761537 0.511982
1541977113.101874 1.996234 -0.002007 0.768444 -0.139575 -0.372151 0.761743 0.511635
1541977113.106877 1.99549 -0.001587 0.767698 -0.139437 -0.371853 0.760937 0.513085
1541977113.111884 1.994639 -0.001118 0.767027 -0.138456 -0.372771 0.761551 0.511772
1541977113.116889 1.993705 -0.000577 0.766334 -0.13665 -0.373144 0.760825 0.513065
1541977113.121896 1.992917 5.7e-05 0.765615 -0.135987 -0.375078 0.760745 0.511948
1541977113.1269 1.991908 0.000211 0.764885 -0.13612 -0.370112 0.760643 0.515665
1541977113.131905 1.991164 0.001098 0.76409 -0.134506 -0.373993 0.760111 0.514071
1541977113.136909 1.990208 0.001525 0.763275 -0.132823 -0.371496 0.759323 0.517471
1541977113.14191 1.989476 0.002271 0.762504 -0.133612 -0.372808 0.758392 0.51769
1541977113.146911 1.988479 0.002408 0.76172 -0.13749 -0.366827 0.757005 0.522951
1541977113.151913 1.987701 0.003475 0.760935 -0.136339 -0.368602 0.757655 0.521059
1541977113.156914 1.986698 0.003962 0.760228 -0.138738 -0.364889 0.756188 0.525154
1541977113.161912 1.985872 0.004863 0.75925 -0.137089 -0.364513 0.757027 0.524639
1541977113.166905 1.984872 0.005446 0.758621 -0.140873 -0.362423 0.754169 0.529182
1541977113.171898 1.984115 0.006505 0.757649 -0.139819 -0.364845 0.754408 0.527453
1541977113.176895 1.982999 0.007209 0.756979 -0.142381 -0.361538 0.753334 0.530571
1541977113.181891 1.98207 0.007965 0.756312 -0.144001 -0.361561 0.752744 0.530955
1541977113.186887 1.980849 0.008763 0.755413 -0.142333 -0.3573 0.753074 0.533815
1541977113.191885 1.980043 0.009661 0.754714 -0.14558 -0.360187 0.750667 0.534389
1541977113.196885 1.978925 0.010639 0.753874 -0.143494 -0.360257 0.750357 0.53534
1541977113.201891 1.977966 0.011278 0.753108 -0.1466 -0.358939 0.750262 0.535517
1541977113.206893 1.976776 0.012241 0.752282 -0.144058 -0.360304 0.749689 0.536092
1541977113.211894 1.975677 0.012947 0.751503 -0.146294 -0.358561 0.750554 0.535444
1541977113.216896 1.974509 0.013971 0.750714 -0.144396 -0.361849 0.74885 0.536133
1541977113.221899 1.973411 0.014808 0.749764 -0.143481 -0.363009 0.75059 0.533153
1541977113.226904 1.97207 0.015499 0.749104 -0.14271 -0.36161 0.7492 0.536257
1541977113.231912 1.970751 0.016201 0.748313 -0.141954 -0.360709 0.749461 0.5367
1541977113.236921 1.969462 0.017079 0.747607 -0.14107 -0.36196 0.749407 0.536165
1541977113.241924 1.968066 0.017777 0.746841 -0.140296 -0.360935 0.749068 0.537531
1541977113.246925 1.966748 0.018504 0.746129 -0.139725 -0.362616 0.748745 0.536998
1541977113.251925 1.965248 0.019196 0.74535 -0.138734 -0.360489 0.749233 0.538006
1541977113.256925 1.963866 0.019987 0.744679 -0.138797 -0.362017 0.74891 0.537413
1541977113.261924 1.962448 0.020643 0.743849 -0.138196 -0.361552 0.749074 0.537652
1541977113.266921 1.9608 0.021113 0.743207 -0.137963 -0.359544 0.748874 0.539334
1541977113.271917 1.959411 0.022065 0.742486 -0.137181 -0.362615 0.749169 0.537064
1541977113.27691 1.95785 0.022559 0.741621 -0.135696 -0.362169 0.749351 0.537488
1541977113.281904 1.956461 0.023382 0.74096 -0.134127 -0.36601 0.748904 0.5359
1541977113.286898 1.95486 0.02391 0.740214 -0.134708 -0.365081 0.749593 0.535425
1541977113.291894 1.953212 0.024533 0.739608 -0.133864 -0.365398 0.749003 0.536246
1541977113.296892 1.951594 0.025207 0.739026 -0.133931 -0.367669 0.75042 0.532684
1541977113.301888 1.950025 0.025647 0.738205 -0.13327 -0.367674 0.749866 0.533625
1541977113.306888 1.948191 0.026543 0.737885 -0.132535 -0.369248 0.750359 0.532026
1541977113.31189 1.946372 0.026834 0.737205 -0.131963 -0.364727 0.750921 0.534489
1541977113.316896 1.944623 0.027672 0.736713 -0.13012 -0.366426 0.751148 0.533458
1541977113.321903 1.943199 0.028178 0.73602 -0.12984 -0.369981 0.751358 0.53077
1541977113.326907 1.940936 0.028653 0.735589 -0.128437 -0.362921 0.752005 0.535052
1541977113.331908 1.939299 0.029398 0.735219 -0.127687 -0.36762 0.752212 0.531722
1541977113.336911 1.937463 0.029869 0.734599 -0.126925 -0.366447 0.752257 0.53265
1541977113.341913 1.935867 0.030493 0.734142 -0.12533 -0.370046 0.751766 0.531231
1541977113.346915 1.933664 0.030781 0.733759 -0.125704 -0.364092 0.752308 0.534479
1541977113.351911 1.931799 0.031283 0.733361 -0.125306 -0.364647 0.751781 0.534936
1541977113.356909 1.929841 0.031713 0.732981 -0.124468 -0.363386 0.752559 0.534896
1541977113.361907 1.928245 0.032462 0.732447 -0.121913 -0.368577 0.752335 0.53224
1541977113.366909 1.92631 0.032711 0.732145 -0.122878 -0.366256 0.752679 0.533133
1541977113.371912 1.924291 0.03321 0.731782 -0.120262 -0.365014 0.752162 0.535308
1541977113.376914 1.922495 0.03371 0.731549 -0.120735 -0.366016 0.753135 0.533145
1541977113.381913 1.920332 0.034156 0.731282 -0.117334 -0.364421 0.75271 0.535591
1541977113.386912 1.918642 0.034589 0.730939 -0.116586 -0.367133 0.754368 0.531554
1541977113.391912 1.916693 0.035155 0.730647 -0.113318 -0.367692 0.753868 0.532583
1541977113.396913 1.914805 0.035371 0.730409 -0.114751 -0.366406 0.754202 0.532689
1541977113.401915 1.912584 0.035922 0.730282 -0.110959 -0.364475 0.754824 0.533936
1541977113.406918 1.910804 0.036233 0.730069 -0.111497 -0.364947 0.755188 0.532986
1541977113.411919 1.908796 0.036774 0.729881 -0.109781 -0.364696 0.755912 0.532486
1541977113.41692 1.906955 0.037164 0.729671 -0.108405 -0.365239 0.756412 0.531685
1541977113.421921 1.905266 0.03771 0.729396 -0.107444 -0.368911 0.757073 0.528395
1541977113.426922 1.903207 0.038098 0.729238 -0.105436 -0.366235 0.756899 0.530904
1541977113.431921 1.901342 0.038373 0.729135 -0.106784 -0.364914 0.757312 0.530955
1541977113.436921 1.899457 0.038958 0.728946 -0.103079 -0.366911 0.757029 0.530714
1541977113.441919 1.897945 0.039525 0.728687 -0.101316 -0.371556 0.758288 0.526004
1541977113.446911 1.896073 0.039903 0.728532 -0.100486 -0.371363 0.757732 0.5271
1541977113.451904 1.894352 0.040632 0.728518 -0.097893 -0.375705 0.758068 0.524019
1541977113.456895 1.892533 0.04088 0.728284 -0.095983 -0.373298 0.758057 0.526104
1541977113.461886 1.890941 0.04161 0.728357 -0.094741 -0.379702 0.758551 0.52101
1541977113.466882 1.888682 0.042077 0.728524 -0.092045 -0.377554 0.75819 0.523573
1541977113.471882 1.887142 0.042611 0.728502 -0.090765 -0.380937 0.75911 0.520001
1541977113.476886 1.885234 0.043325 0.728722 -0.086924 -0.383734 0.760272 0.516893
1541977113.481891 1.883328 0.043772 0.728926 -0.086246 -0.384998 0.759372 0.51739
1541977113.486897 1.881381 0.043824 0.728964 -0.085938 -0.380671 0.759672 0.520195
1541977113.491904 1.879668 0.044195 0.729182 -0.084152 -0.381629 0.760099 0.51916
1541977113.496912 1.877664 0.044433 0.729385 -0.082885 -0.380259 0.760814 0.519322
1541977113.501918 1.875707 0.044561 0.729626 -0.084591 -0.376993 0.759858 0.522815
1541977113.506925 1.873963 0.044738 0.729825 -0.084428 -0.375896 0.76071 0.522392
1541977113.51193 1.872246 0.045241 0.730121 -0.080401 -0.378965 0.761636 0.519453
1541977113.516934 1.870357 0.045445 0.730544 -0.07985 -0.378068 0.761124 0.52094
1541977113.521938 1.868488 0.045616 0.730861 -0.079407 -0.376513 0.761768 0.521193
1541977113.526943 1.866698 0.045847 0.731206 -0.077914 -0.375731 0.762516 0.520889
1541977113.53194 1.864911 0.046015 0.731621 -0.076906 -0.375771 0.762829 0.520551
1541977113.536935 1.863223 0.046163 0.732065 -0.075466 -0.376303 0.763385 0.519561
1541977113.541929 1.861481 0.046442 0.732536 -0.073509 -0.37688 0.763172 0.519737
1541977113.546922 1.859705 0.04651 0.733127 -0.073192 -0.375978 0.762311 0.521695
1541977113.551915 1.857884 0.046526 0.733642 -0.073143 -0.374488 0.762773 0.522097
1541977113.556912 1.856227 0.046538 0.734086 -0.071867 -0.373798 0.763584 0.521584
1541977113.56191 1.854541 0.046811 0.734702 -0.069043 -0.376564 0.764342 0.518859
1541977113.566909 1.852786 0.046763 0.735289 -0.068248 -0.375998 0.764235 0.519531
1541977113.571909 1.850987 0.046674 0.735902 -0.067901 -0.373866 0.764901 0.520135
1541977113.576912 1.849336 0.046616 0.736594 -0.066492 -0.374554 0.764922 0.51979
1541977113.581915 1.847605 0.046559 0.737259 -0.06345 -0.374099 0.765898 0.51906
1541977113.586915 1.845933 0.046484 0.737965 -0.061483 -0.375163 0.766466 0.51769
1541977113.591913 1.844278 0.046382 0.738682 -0.058498 -0.376387 0.767235 0.516006
1541977113.59691 1.842628 0.046106 0.739296 -0.058681 -0.374588 0.767384 0.51707
1541977113.601909 1.840997 0.045773 0.73997 -0.058691 -0.373197 0.767029 0.518601
1541977113.606908 1.839264 0.045704 0.740679 -0.05574 -0.372667 0.768351 0.517348
1541977113.611909 1.837562 0.045605 0.74143 -0.054388 -0.372799 0.769731 0.515342
1541977113.616908 1.835951 0.045413 0.742158 -0.054378 -0.373166 0.770016 0.514651
1541977113.621908 1.834398 0.04531 0.742786 -0.052379 -0.374256 0.770438 0.513434
1541977113.626909 1.832548 0.044945 0.743579 -0.053072 -0.370673 0.771662 0.514123
1541977113.631913 1.831003 0.04457 0.744065 -0.051106 -0.369251 0.771885 0.51501
1541977113.636919 1.829235 0.044074 0.744793 -0.052909 -0.364109 0.772464 0.517615
1541977113.641924 1.827858 0.044021 0.745308 -0.048453 -0.367147 0.772987 0.515118
1541977113.646927 1.826168 0.043611 0.74595 -0.050874 -0.363229 0.77297 0.517682
1541977113.65193 1.824636 0.043674 0.74664 -0.048249 -0.365435 0.773192 0.516045
1541977113.656928 1.823285 0.043787 0.747165 -0.044536 -0.36943 0.773889 0.512477
1541977113.661927 1.821788 0.043569 0.747687 -0.044213 -0.368819 0.774205 0.512469
1541977113.666926 1.820212 0.043393 0.748292 -0.042763 -0.369416 0.774033 0.512422
1541977113.671923 1.818872 0.043157 0.74865 -0.042017 -0.369622 0.774082 0.512261
1541977113.676918 1.817283 0.042971 0.749209 -0.040844 -0.367693 0.774991 0.51237
1541977113.681915 1.815888 0.042646 0.749565 -0.041512 -0.367621 0.774563 0.513015
1541977113.68691 1.814444 0.042483 0.749939 -0.040851 -0.366722 0.775157 0.512814
1541977113.691907 1.813055 0.0423 0.750347 -0.03853 -0.365955 0.776176 0.511999
1541977113.696906 1.811423 0.042182 0.750884 -0.041489 -0.365489 0.775391 0.513288
1541977113.701908 1.810145 0.042077 0.751158 -0.039519 -0.366135 0.776223 0.511723
1541977113.706911 1.808736 0.041797 0.751568 -0.038768 -0.365786 0.776448 0.511689
1541977113.711917 1.807221 0.041524 0.751989 -0.039741 -0.364374 0.776042 0.513236
1541977113.716926 1.805948 0.041248 0.75213 -0.037902 -0.364177 0.776935 0.512162
1541977113.721933 1.804483 0.040983 0.752445 -0.037348 -0.361463 0.777818 0.512785
1541977113.726935 1.803082 0.040849 0.752836 -0.036427 -0.362784 0.777777 0.51198
1541977113.731938 1.80179 0.040733 0.753161 -0.034103 -0.363719 0.778341 0.510618
1541977113.736939 1.800502 0.040621 0.753508 -0.032517 -0.366289 0.778237 0.50904
1541977113.74194 1.799121 0.040319 0.75386 -0.032373 -0.366144 0.777473 0.51032
1541977113.746939 1.797714 0.040077 0.754125 -0.030679 -0.365232 0.779051 0.508668
1541977113.751936 1.79647 0.039702 0.754194 -0.030394 -0.365463 0.778949 0.508677
1541977113.756931 1.794901 0.039566 0.754601 -0.031869 -0.363821 0.778924 0.5098
1541977113.761922 1.793688 0.039239 0.754729 -0.030707 -0.363547 0.779225 0.509607
1541977113.766915 1.792374 0.039048 0.755052 -0.031187 -0.364799 0.778229 0.510205
1541977113.77191 1.791107 0.038756 0.754946 -0.029674 -0.363695 0.780105 0.508214
1541977113.776906 1.789722 0.038702 0.755191 -0.029176 -0.364069 0.780735 0.507007
1541977113.781902 1.788354 0.038365 0.755286 -0.030551 -0.363912 0.779685 0.508652
1541977113.786898 1.787258 0.038193 0.755335 -0.029332 -0.366044 0.779693 0.507179
1541977113.791892 1.786019 0.03798 0.755225 -0.029241 -0.364312 0.78099 0.506434
1541977113.796885 1.784632 0.0379 0.755314 -0.030132 -0.363999 0.780654 0.507126
1541977113.801882 1.783733 0.03765 0.754997 -0.02595 -0.36625 0.780472 0.506015
1541977113.806883 1.78241 0.037572 0.755079 -0.026953 -0.365999 0.780984 0.505354
1541977113.811887 1.781133 0.037432 0.754961 -0.027847 -0.363826 0.78146 0.506138
1541977113.816896 1.780045 0.03734 0.754892 -0.028198 -0.364179 0.781011 0.506556
1541977113.821907 1.779085 0.037228 0.754629 -0.027113 -0.366512 0.780946 0.505032
1541977113.826922 1.777857 0.037265 0.754515 -0.02823 -0.366292 0.781448 0.504354
1541977113.831935 1.776874 0.03717 0.754301 -0.026416 -0.366174 0.781095 0.505084
1541977113.836947 1.775625 0.037076 0.754312 -0.027528 -0.36543 0.780207 0.506932
1541977113.841952 1.774654 0.037195 0.754095 -0.026195 -0.368174 0.780807 0.504085
1541977113.846953 1.773584 0.037266 0.753979 -0.027044 -0.36859 0.780151 0.504752
1541977113.851944 1.772811 0.037181 0.753785 -0.02618 -0.3696 0.778672 0.50634
1541977113.85693 1.771656 0.037432 0.753632 -0.025031 -0.36981 0.780513 0.503402
1541977113.861915 1.770719 0.037512 0.753319 -0.024685 -0.369491 0.780273 0.504025
1541977113.866898 1.769686 0.037665 0.753276 -0.026215 -0.369224 0.778845 0.506346
1541977113.871886 1.768761 0.037921 0.75312 -0.025255 -0.370246 0.779032 0.50536
1541977113.876887 1.767874 0.038161 0.752923 -0.024036 -0.370781 0.779604 0.504143
1541977113.881888 1.766831 0.038344 0.752638 -0.02465 -0.369054 0.779643 0.50532
1541977113.886892 1.765992 0.03859 0.752432 -0.023815 -0.369042 0.778949 0.506439
1541977113.891895 1.765408 0.039058 0.752231 -0.02163 -0.373501 0.777696 0.505192
1541977113.896901 1.764386 0.03928 0.751847 -0.022675 -0.369777 0.778551 0.506566
1541977113.901907 1.763395 0.039716 0.751672 -0.023728 -0.369402 0.777325 0.50867
1541977113.906917 1.762731 0.040222 0.751365 -0.022044 -0.371996 0.777274 0.50693
1541977113.911926 1.761824 0.040792 0.751052 -0.021268 -0.372085 0.777486 0.506572
1541977113.916931 1.760827 0.041187 0.750709 -0.024322 -0.369366 0.776147 0.510464
1541977113.92193 1.760201 0.041767 0.750312 -0.022194 -0.371461 0.776214 0.508936
1541977113.926924 1.759313 0.042476 0.749984 -0.024147 -0.372829 0.77526 0.509301
1541977113.931914 1.758572 0.043013 0.749439 -0.023203 -0.37217 0.774662 0.510735
1541977113.936903 1.757712 0.043508 0.749145 -0.024669 -0.371493 0.774337 0.511651
1541977113.941889 1.756763 0.044344 0.748862 -0.025472 -0.372232 0.774602 0.510673
1541977113.946879 1.755965 0.044977 0.748382 -0.025895 -0.371322 0.774553 0.511387
1541977113.951878 1.755182 0.045648 0.74799 -0.028074 -0.370834 0.773367 0.513417
1541977113.956884 1.754574 0.046636 0.747535 -0.026057 -0.375645 0.772988 0.510589
1541977113.961888 1.753727 0.047347 0.747058 -0.029833 -0.372862 0.77184 0.514147
1541977113.966891 1.75301 0.048073 0.746512 -0.029895 -0.373029 0.772052 0.513704
1541977113.971895 1.752187 0.049236 0.746139 -0.028137 -0.375406 0.771872 0.512339
1541977113.976907 1.75149 0.050268 0.745649 -0.028465 -0.376632 0.771035 0.512681
1541977113.981916 1.750827 0.051161 0.745109 -0.029129 -0.377347 0.77032 0.513194
1541977113.98692 1.750077 0.052033 0.744683 -0.028876 -0.377373 0.768918 0.515287
1541977113.991923 1.749252 0.053288 0.744293 -0.026798 -0.378472 0.769253 0.514093
1541977113.996927 1.748618 0.054498 0.743862 -0.025889 -0.379623 0.767631 0.515711
1541977114.001926 1.747948 0.055235 0.74328 -0.026437 -0.377836 0.766968 0.517978
1541977114.006919 1.747334 0.056378 0.742801 -0.026962 -0.377808 0.765468 0.520186
1541977114.011909 1.746553 0.057833 0.742349 -0.025776 -0.380097 0.764512 0.519984
1541977114.016898 1.745861 0.059001 0.741824 -0.025231 -0.380923 0.764459 0.519484
1541977114.021888 1.745098 0.06031 0.741406 -0.025911 -0.381692 0.76389 0.519724
1541977114.026877 1.744385 0.061536 0.74088 -0.027452 -0.381142 0.762873 0.521537
1541977114.031868 1.743713 0.062831 0.740336 -0.02728 -0.383107 0.762125 0.521201
1541977114.036859 1.742872 0.064318 0.73986 -0.025023 -0.383863 0.762794 0.519778
1541977114.041853 1.742201 0.065649 0.739357 -0.026823 -0.385824 0.760905 0.521002
1541977114.04685 1.74146 0.066958 0.738868 -0.027603 -0.385188 0.760032 0.522704
1541977114.051851 1.740644 0.06837 0.73842 -0.026764 -0.385479 0.760138 0.522379
1541977114.056855 1.740001 0.069719 0.737868 -0.028094 -0.387053 0.758821 0.52306
1541977114.061861 1.739264 0.071105 0.737392 -0.027618 -0.3879 0.758311 0.523197
1541977114.066868 1.738465 0.072483 0.736929 -0.028321 -0.387467 0.757636 0.524456
1541977114.071875 1.737757 0.073764 0.736485 -0.029037 -0.387694 0.756757 0.525517
1541977114.07688 1.737158 0.075133 0.735932 -0.028205 -0.391107 0.755351 0.525056
1541977114.081889 1.736341 0.07651 0.735551 -0.027101 -0.390909 0.755102 0.525621
1541977114.086896 1.735631 0.078021 0.7351 -0.026315 -0.394174 0.754072 0.5247
1541977114.091899 1.734867 0.079278 0.734739 -0.026638 -0.393868 0.752884 0.526615
1541977114.096897 1.734254 0.080783 0.734352 -0.024267 -0.397397 0.752454 0.52469
1541977114.101891 1.733587 0.082241 0.733952 -0.025041 -0.399775 0.750697 0.525364
1541977114.106881 1.732745 0.083528 0.733579 -0.023528 -0.397674 0.750917 0.526712
1541977114.111873 1.732143 0.084813 0.733131 -0.025321 -0.39869 0.74927 0.528204
1541977114.116867 1.731491 0.086373 0.732798 -0.023616 -0.400171 0.748656 0.528033
1541977114.121863 1.730827 0.088066 0.73251 -0.022294 -0.403433 0.747811 0.526804
1541977114.126859 1.730186 0.089785 0.732123 -0.022111 -0.404193 0.746886 0.527542
1541977114.131858 1.729414 0.091244 0.731836 -0.022237 -0.402702 0.746363 0.529413
1541977114.136859 1.72897 0.092787 0.731354 -0.022632 -0.404327 0.744414 0.530901
1541977114.141862 1.728367 0.09436 0.731032 -0.023779 -0.402438 0.743411 0.533684
1541977114.146868 1.727756 0.096144 0.730714 -0.024133 -0.403324 0.742774 0.533886
1541977114.151874 1.727233 0.097941 0.730325 -0.025738 -0.401438 0.741809 0.536567
1541977114.156879 1.726795 0.099795 0.72985 -0.02802 -0.402748 0.7402 0.537692
1541977114.161884 1.7263 0.101837 0.729507 -0.027182 -0.403863 0.739812 0.537433
1541977114.166886 1.725801 0.103613 0.729175 -0.02857 -0.402241 0.738946 0.539763
1541977114.171888 1.725409 0.105448 0.72861 -0.029444 -0.401672 0.73803 0.541392
1541977114.176892 1.725074 0.107245 0.728227 -0.031952 -0.40058 0.736642 0.543942
1541977114.181896 1.724728 0.109148 0.727864 -0.033985 -0.400887 0.735248 0.545477
1541977114.186898 1.724408 0.110801 0.727489 -0.03612 -0.398347 0.734403 0.548331
1541977114.191893 1.724267 0.112981 0.72714 -0.035172 -0.403033 0.73258 0.547406
1541977114.196887 1.724011 0.114802 0.72683 -0.036047 -0.40336 0.731464 0.5486
1541977114.201878 1.723766 0.116609 0.72657 -0.036525 -0.403355 0.730267 0.550165
1541977114.206866 1.72369 0.118339 0.72625 -0.039404 -0.404331 0.727997 0.552254
1541977114.211856 1.723529 0.120288 0.725983 -0.038013 -0.40482 0.727208 0.553032
1541977114.216849 1.723472 0.122013 0.725794 -0.039086 -0.406327 0.725453 0.554156
1541977114.221844 1.723456 0.123872 0.725618 -0.039587 -0.40842 0.724232 0.554178
1541977114.226842 1.723555 0.125718 0.725507 -0.038081 -0.411002 0.722756 0.554303
1541977114.231844 1.723657 0.127402 0.725263 -0.039635 -0.411797 0.721132 0.555716
1541977114.236847 1.723548 0.129053 0.725219 -0.039037 -0.41108 0.720681 0.556874
1541977114.241854 1.723656 0.13061 0.725101 -0.039743 -0.409663 0.718497 0.560676
1541977114.246859 1.723841 0.132103 0.725039 -0.041584 -0.40911 0.717561 0.562145
1541977114.251863 1.724013 0.133348 0.724876 -0.043735 -0.406619 0.715788 0.566035
1541977114.256867 1.724225 0.134944 0.724754 -0.044352 -0.407231 0.714793 0.566804
1541977114.261872 1.724442 0.13679 0.724854 -0.041341 -0.410843 0.714126 0.565264
1541977114.266877 1.724642 0.137957 0.724675 -0.042657 -0.407718 0.713578 0.568114
1541977114.271883 1.724932 0.139362 0.724598 -0.044691 -0.408427 0.712673 0.568584
1541977114.276888 1.725222 0.140824 0.724644 -0.044388 -0.409716 0.711054 0.569706
1541977114.28189 1.725437 0.141781 0.724463 -0.046965 -0.405754 0.710527 0.572983
1541977114.286892 1.725839 0.143167 0.724364 -0.048493 -0.407199 0.709199 0.573476
1541977114.291897 1.726058 0.14439 0.724286 -0.046746 -0.406973 0.709527 0.573376
1541977114.296905 1.726472 0.145738 0.724264 -0.047498 -0.40897 0.70769 0.574162
1541977114.301914 1.726912 0.146911 0.724105 -0.046871 -0.412029 0.706666 0.573288
1541977114.306918 1.727188 0.148085 0.724052 -0.04806 -0.411843 0.705833 0.574347
1541977114.311917 1.727622 0.149095 0.723966 -0.047612 -0.414013 0.704562 0.574386
1541977114.316914 1.7279 0.149868 0.723757 -0.048107 -0.412879 0.703758 0.576143
1541977114.321908 1.728256 0.150798 0.723703 -0.048506 -0.413395 0.703171 0.576457
1541977114.3269 1.728645 0.151605 0.723507 -0.048376 -0.415543 0.701443 0.577028
1541977114.331895 1.72894 0.152168 0.723355 -0.050011 -0.414321 0.699906 0.579628
1541977114.336889 1.729236 0.152833 0.723224 -0.050012 -0.41403 0.699728 0.58005
1541977114.341887 1.729596 0.153516 0.723145 -0.049849 -0.416222 0.698134 0.580416
1541977114.346887 1.729987 0.154015 0.723 -0.050935 -0.417984 0.696287 0.581273
1541977114.351884 1.730294 0.154473 0.722865 -0.051603 -0.418674 0.694973 0.58229
1541977114.356882 1.730496 0.154786 0.722728 -0.051796 -0.417759 0.69492 0.582993
1541977114.361884 1.730675 0.155099 0.722592 -0.052067 -0.416829 0.695022 0.583513
1541977114.366889 1.73088 0.155539 0.722472 -0.051833 -0.41805 0.694918 0.582783
1541977114.371892 1.731048 0.155813 0.722351 -0.05189 -0.418897 0.694502 0.582666
1541977114.376897 1.731182 0.155982 0.722265 -0.05255 -0.419037 0.693782 0.583363
1541977114.3819 1.731259 0.15618 0.722171 -0.052399 -0.419459 0.693219 0.583743
1541977114.386904 1.731352 0.156274 0.722065 -0.053526 -0.419442 0.692207 0.584853
1541977114.391906 1.73134 0.15618 0.722002 -0.054045 -0.418733 0.69215 0.58538
1541977114.396907 1.731404 0.156087 0.721873 -0.053897 -0.419835 0.691128 0.585812
1541977114.401907 1.731342 0.155895 0.721784 -0.053416 -0.419619 0.690737 0.586472
1541977114.406903 1.731341 0.1557 0.721706 -0.053255 -0.420034 0.690344 0.586652
1541977114.411901 1.731311 0.155567 0.721653 -0.05184 -0.421802 0.689656 0.586318
1541977114.416901 1.731193 0.15533 0.721616 -0.052703 -0.422337 0.688881 0.586767
1541977114.421904 1.73093 0.154785 0.72174 -0.054373 -0.420016 0.689124 0.587996
1541977114.426909 1.730754 0.154374 0.721781 -0.054807 -0.420531 0.688778 0.587992
1541977114.431913 1.730517 0.153852 0.721819 -0.054313 -0.419483 0.688546 0.589058
1541977114.436915 1.730323 0.153682 0.721874 -0.051179 -0.422041 0.687893 0.588273
1541977114.441917 1.729936 0.152921 0.722077 -0.052711 -0.418715 0.687909 0.590492
1541977114.446919 1.729647 0.152653 0.722273 -0.051033 -0.421449 0.687164 0.589561
1541977114.451917 1.729277 0.152239 0.722472 -0.05033 -0.420636 0.687345 0.589991
