# timestamp[secs] tx ty tz qx qy qz qw
0.019654 0.0 0.0 0.0 -0.0 0.0 0.0 1.0
0.024648 0.0 0.0 0.0 -0.0 0.0 0.0 1.0
0.029646 0.000112 -0.001081 -7e-05 -0.000826 -0.000176 0.000485 1.0
0.034649 0.000166 -0.002136 -0.000122 -0.001617 -0.000378 0.000332 0.999999
0.039652 0.000261 -0.003171 -0.000221 -0.002036 -0.000587 0.000642 0.999998
0.044653 0.000534 -0.006342 -0.000454 -0.004254 -0.001671 0.001169 0.999989
0.049657 0.000628 -0.008398 -0.000531 -0.005585 -0.001969 0.001221 0.999982
0.054663 0.000731 -0.010391 -0.000642 -0.00671 -0.002686 0.001146 0.999973
0.059673 0.000893 -0.012325 -0.000814 -0.007208 -0.003566 0.002203 0.999965
0.064693 0.000896 -0.014234 -0.000916 -0.00849 -0.003994 0.001925 0.999954
0.06971 0.000926 -0.016067 -0.001054 -0.009125 -0.004489 0.00191 0.999946
0.074723 0.000894 -0.017892 -0.00112 -0.010368 -0.005356 0.001396 0.999931
0.079731 0.00063 -0.020569 -0.001152 -0.012167 -0.00481 0.000608 0.999914
0.084734 0.000472 -0.022261 -0.001233 -0.013147 -0.004844 0.000125 0.999902
0.089733 0.000225 -0.023876 -0.001305 -0.013502 -0.004753 -0.000836 0.999897
0.094727 -0.00014 -0.025525 -0.001262 -0.014916 -0.003771 -0.00193 0.99988
0.099718 -0.00032 -0.026265 -0.001265 -0.015169 -0.003186 -0.001935 0.999878
0.104694 -0.000643 -0.027744 -0.001314 -0.015116 -0.002233 -0.002323 0.999881
0.109671 -0.001014 -0.029238 -0.001296 -0.016111 -0.000944 -0.002304 0.999867
0.114653 -0.001441 -0.030663 -0.001272 -0.016713 0.001056 -0.002232 0.999857
0.119636 -0.001849 -0.032009 -0.001315 -0.017109 0.002235 -0.002174 0.999849
0.124624 -0.002045 -0.032651 -0.001331 -0.017047 0.002956 -0.002267 0.999848
0.129617 -0.00244 -0.03394 -0.00133 -0.017603 0.004169 -0.001911 0.999835
0.134619 -0.00283 -0.035166 -0.001311 -0.018307 0.005823 -0.001056 0.999815
0.139625 -0.003214 -0.0363 -0.001307 -0.018539 0.007548 -0.000419 0.9998
0.144637 -0.003839 -0.038022 -0.00123 -0.019915 0.010206 0.00031 0.99975
0.149651 -0.004217 -0.039033 -0.001195 -0.020235 0.011508 0.000457 0.999729
0.154666 -0.004494 -0.039888 -0.001235 -0.01988 0.01128 0.000401 0.999739
0.159683 -0.004797 -0.040736 -0.001147 -0.020125 0.012252 0.000263 0.999722
0.164708 -0.005115 -0.041503 -0.001064 -0.019913 0.013871 0.000158 0.999705
0.16973 -0.005383 -0.04223 -0.00099 -0.0198 0.014981 -8e-05 0.999692
0.174751 -0.005586 -0.042878 -0.000933 -0.019416 0.015611 -0.000257 0.99969
0.179764 -0.005765 -0.043613 -0.000842 -0.018044 0.015939 -0.00023 0.99971
0.184769 -0.00589 -0.04403 -0.000781 -0.016883 0.016405 -0.000199 0.999723
0.189766 -0.006069 -0.044446 -0.000636 -0.016398 0.017869 -0.000104 0.999706
0.194755 -0.006172 -0.044758 -0.000547 -0.015529 0.018426 0.000249 0.99971
0.19974 -0.006192 -0.044834 -0.000524 -0.014959 0.018227 0.000551 0.999722
0.204721 -0.006244 -0.045046 -0.000466 -0.013991 0.017821 0.000989 0.999743
0.2097 -0.00628 -0.045163 -0.000426 -0.012762 0.017448 0.001616 0.999765
0.214679 -0.006315 -0.04521 -0.000387 -0.011588 0.016789 0.002158 0.99979
0.219657 -0.006335 -0.045181 -0.000372 -0.010224 0.016081 0.002823 0.999814
0.224641 -0.006365 -0.045203 -0.000339 -0.009787 0.015926 0.003121 0.99982
0.229633 -0.006403 -0.045138 -0.000279 -0.009053 0.015301 0.003918 0.999834
0.234631 -0.006443 -0.045045 -0.000223 -0.008549 0.014871 0.004878 0.999841
0.239635 -0.006455 -0.044873 -0.000185 -0.007701 0.01449 0.00598 0.999847
0.244645 -0.006444 -0.04473 -0.000135 -0.007233 0.01444 0.006541 0.999848
0.249658 -0.006416 -0.044193 -3.4e-05 -0.005065 0.014037 0.008698 0.999851
0.254672 -0.006404 -0.043863 9.9e-05 -0.004348 0.014482 0.009735 0.999838
0.259687 -0.006347 -0.043516 0.0002 -0.003543 0.014782 0.010979 0.999824
0.264701 -0.006165 -0.04303 0.000201 -0.001613 0.014268 0.012383 0.99982
0.269711 -0.005903 -0.042487 0.000208 0.000619 0.013549 0.014022 0.99981
0.274717 -0.005588 -0.041603 0.000375 0.003007 0.013238 0.015294 0.999791
0.279721 -0.005196 -0.040847 0.000214 0.006809 0.012145 0.016892 0.99976
0.284722 -0.004864 -0.040161 0.000214 0.009083 0.011132 0.017897 0.999737
0.289719 -0.004443 -0.039399 0.000182 0.011702 0.009611 0.018911 0.999706
0.294708 -0.004245 -0.039007 0.00023 0.012616 0.009284 0.019144 0.999694
0.299701 -0.003806 -0.038179 0.000218 0.01522 0.00784 0.019793 0.999657
0.304694 -0.003372 -0.037361 0.00029 0.017287 0.006965 0.020321 0.99962
0.309686 -0.002929 -0.036489 0.000363 0.019417 0.006179 0.020667 0.999579
0.314676 -0.002384 -0.035561 0.000332 0.022132 0.004562 0.021166 0.999521
0.319664 -0.001678 -0.034482 0.00016 0.026276 0.002157 0.022135 0.999407
0.324658 -0.001485 -0.034102 0.000304 0.026192 0.001776 0.02194 0.999415
0.329657 -0.000777 -0.032963 0.000211 0.029791 -0.000562 0.022484 0.999303
0.334659 -6e-05 -0.031826 0.000111 0.033227 -0.002667 0.02305 0.999178
0.339663 0.000736 -0.030618 -3.1e-05 0.037029 -0.005404 0.023796 0.999016
0.344669 0.001936 -0.028777 -0.000215 0.042519 -0.009083 0.025052 0.99874
0.349671 0.002792 -0.027458 -0.000381 0.046464 -0.012423 0.025685 0.998512
0.354674 0.003684 -0.02614 -0.000515 0.050057 -0.015286 0.026959 0.998265
0.35968 0.004367 -0.024937 -0.000464 0.05168 -0.016722 0.027642 0.998141
0.364687 0.005042 -0.023736 -0.00041 0.05337 -0.017829 0.028611 0.998006
0.369693 0.005977 -0.021778 -0.000273 0.055828 -0.019127 0.029458 0.997822
0.374697 0.006605 -0.020433 -0.000186 0.057455 -0.019998 0.029995 0.997697
0.3797 0.007223 -0.01905 -9.8e-05 0.05899 -0.020747 0.030703 0.997571
0.384693 0.007825 -0.01762 -1.6e-05 0.060698 -0.02094 0.031366 0.997443
0.389685 0.008154 -0.016843 2.1e-05 0.06168 -0.021241 0.031813 0.997363
0.394677 0.008713 -0.015328 0.000142 0.063247 -0.021498 0.032047 0.997252
0.399672 0.009334 -0.013766 0.000258 0.064891 -0.022049 0.032618 0.997115
0.404669 0.009969 -0.012164 0.000391 0.066263 -0.022862 0.03298 0.996995
0.409669 0.010586 -0.010522 0.000525 0.067612 -0.023472 0.033222 0.996882
0.414667 0.011295 -0.008785 0.000643 0.069311 -0.024916 0.033693 0.996715
0.419662 0.011615 -0.007953 0.000702 0.070056 -0.025256 0.033996 0.996644
0.424659 0.012227 -0.006168 0.000916 0.071217 -0.025967 0.033541 0.996558
0.42966 0.012954 -0.004306 0.001073 0.072855 -0.027316 0.033931 0.996391
0.434663 0.013681 -0.00236 0.001228 0.0746 -0.02882 0.034163 0.996211
0.439671 0.014783 0.000639 0.001478 0.077632 -0.030607 0.03481 0.995904
0.444676 0.015508 0.002764 0.001677 0.079877 -0.031168 0.035216 0.995695
0.449682 0.01631 0.00494 0.00187 0.082168 -0.032118 0.036072 0.995447
0.454686 0.017003 0.007171 0.002151 0.084212 -0.031812 0.036551 0.995269
0.459691 0.017841 0.009508 0.002365 0.086856 -0.032501 0.037763 0.994974
0.464696 0.018588 0.011886 0.00268 0.088759 -0.032848 0.038159 0.99478
0.469699 0.019698 0.015605 0.003289 0.091148 -0.032727 0.038143 0.994568
0.474701 0.020455 0.018161 0.003715 0.092782 -0.032846 0.038223 0.99441
0.4797 0.021207 0.02081 0.00416 0.094508 -0.032855 0.03815 0.99425
0.484698 0.021971 0.023554 0.004641 0.096499 -0.032726 0.038294 0.994058
0.489695 0.022362 0.025012 0.004899 0.097515 -0.032779 0.038092 0.993964
0.494686 0.023117 0.0279 0.005398 0.099456 -0.033144 0.037483 0.993783
0.49967 0.023891 0.030882 0.005916 0.101496 -0.033988 0.036908 0.99357
0.504658 0.024273 0.032332 0.00618 0.102464 -0.034029 0.036723 0.993476
0.50965 0.025081 0.035443 0.006715 0.104615 -0.03555 0.03582 0.993232
0.514657 0.025897 0.03863 0.007291 0.106733 -0.037129 0.034616 0.992991
0.519662 0.02671 0.04194 0.007875 0.109055 -0.039166 0.032865 0.99272
0.52467 0.027931 0.046974 0.008761 0.112451 -0.04268 0.03034 0.992277
0.529679 0.028783 0.050448 0.009387 0.115263 -0.044488 0.030072 0.991883
0.534688 0.030078 0.055766 0.010491 0.118931 -0.046584 0.029856 0.99136
0.539695 0.03097 0.05937 0.011208 0.121774 -0.047848 0.030202 0.990944
0.544696 0.031812 0.063127 0.011942 0.124854 -0.049499 0.029802 0.990491
0.549693 0.032673 0.066896 0.012726 0.127875 -0.050517 0.030411 0.990036
0.554685 0.033072 0.068842 0.013142 0.129088 -0.051592 0.029864 0.98984
0.559679 0.033915 0.07265 0.01395 0.131926 -0.05293 0.030049 0.989389
0.564671 0.034802 0.076572 0.014772 0.135072 -0.054739 0.030201 0.988861
0.569667 0.035574 0.080536 0.015659 0.137825 -0.056336 0.029267 0.98842
0.574665 0.036392 0.084472 0.016548 0.141039 -0.056934 0.030229 0.987903
0.57966 0.036752 0.086496 0.016963 0.142443 -0.058368 0.028989 0.987655
0.584658 0.037413 0.090474 0.017984 0.14463 -0.05903 0.027626 0.987337
0.58966 0.038018 0.094419 0.019046 0.146673 -0.058938 0.026493 0.987072
0.594661 0.038538 0.098423 0.020126 0.148948 -0.058662 0.024857 0.98679
0.599665 0.039318 0.104451 0.021839 0.152279 -0.057472 0.023116 0.986394
0.604671 0.039807 0.108534 0.022968 0.154994 -0.056656 0.02188 0.986047
0.609676 0.040288 0.112638 0.024146 0.157326 -0.056076 0.020419 0.985742
0.614682 0.040735 0.116906 0.025282 0.160367 -0.056253 0.017957 0.98529
0.619691 0.041279 0.121202 0.026372 0.164062 -0.056884 0.016551 0.984669
0.624695 0.042125 0.127653 0.028065 0.1694 -0.057774 0.015911 0.983724
0.629696 0.042735 0.131965 0.029189 0.172745 -0.059292 0.014995 0.983066
0.634697 0.043298 0.136355 0.030314 0.176423 -0.060665 0.014276 0.98234
0.639693 0.043702 0.140689 0.031568 0.179105 -0.060911 0.013623 0.981848
0.644687 0.043817 0.142937 0.032221 0.180602 -0.060752 0.013084 0.981591
0.649682 0.04425 0.147315 0.033458 0.183544 -0.061576 0.012416 0.981003
0.654678 0.044622 0.151695 0.03476 0.186201 -0.061942 0.011963 0.980484
0.659677 0.044924 0.156096 0.036095 0.188668 -0.062066 0.011434 0.980011
0.664668 0.045219 0.160512 0.037458 0.191097 -0.062225 0.010859 0.979537
0.669661 0.045352 0.16275 0.038125 0.192419 -0.062358 0.010433 0.979274
0.674657 0.045461 0.167351 0.03953 0.195346 -0.06169 0.010142 0.97874
0.679657 0.045553 0.171975 0.040958 0.198447 -0.060911 0.009959 0.978166
0.684659 0.045681 0.176572 0.042389 0.201286 -0.060457 0.009583 0.977618
0.689663 0.045809 0.183521 0.044596 0.206108 -0.059039 0.009528 0.9767
0.694669 0.045846 0.190618 0.046881 0.211231 -0.057283 0.009049 0.975714
0.699667 0.045826 0.19302 0.047632 0.213074 -0.056612 0.008852 0.975354
0.704666 0.04583 0.197836 0.049167 0.21637 -0.055839 0.007917 0.974681
0.709666 0.045927 0.2026 0.050731 0.219478 -0.055451 0.006274 0.97402
0.714668 0.04591 0.205011 0.051559 0.221283 -0.054429 0.005755 0.973673
0.719672 0.045934 0.212226 0.053991 0.226317 -0.052545 0.004317 0.972626
0.724678 0.045952 0.217118 0.055643 0.229552 -0.051677 0.003071 0.971919
0.729694 0.046046 0.221986 0.057309 0.232419 -0.051428 0.001913 0.971253
0.734708 0.046067 0.2269 0.05903 0.235748 -0.050437 0.001146 0.970504
0.739714 0.04612 0.234344 0.0617 0.241267 -0.048915 0.000384 0.969225
0.744716 0.046184 0.239255 0.063492 0.244698 -0.047996 0.000555 0.968411
0.749715 0.046362 0.24419 0.065253 0.247543 -0.048716 0.000109 0.967651
0.754711 0.046563 0.249135 0.067031 0.25053 -0.049544 -0.000631 0.96684
0.759705 0.046696 0.251598 0.067915 0.251802 -0.050419 -0.000939 0.966464
0.764698 0.046919 0.256534 0.069695 0.254635 -0.051722 -0.001529 0.965652
0.769685 0.047028 0.261485 0.071544 0.258397 -0.051401 -0.001538 0.964669
0.774673 0.047155 0.266421 0.073402 0.262243 -0.051172 -0.001569 0.963643
0.779666 0.04725 0.268894 0.07431 0.263836 -0.051565 -0.001812 0.963187
0.784664 0.047375 0.273737 0.076173 0.267436 -0.051311 -0.001317 0.962207
0.789666 0.047468 0.278597 0.078054 0.271352 -0.050928 -0.000983 0.961131
0.79467 0.047527 0.283427 0.07995 0.275546 -0.050259 -0.000754 0.959973
0.799676 0.047552 0.290528 0.082858 0.28232 -0.047925 0.000542 0.958122
0.804682 0.04757 0.295125 0.084796 0.286759 -0.046322 0.001513 0.956881
0.809687 0.047668 0.299642 0.08667 0.290426 -0.046239 0.001647 0.955778
0.814691 0.047772 0.30621 0.089427 0.29582 -0.046211 0.001481 0.954124
0.819694 0.047845 0.310535 0.091234 0.29935 -0.046441 0.00116 0.953012
0.824695 0.047911 0.314764 0.093003 0.302783 -0.046803 0.000479 0.95191
0.829694 0.047977 0.318828 0.094747 0.30604 -0.047077 0.000124 0.950854
0.834691 0.048008 0.320761 0.095571 0.307612 -0.047492 -0.000576 0.950326
0.839686 0.048056 0.324688 0.097229 0.310677 -0.048137 -0.001559 0.949295
0.844681 0.048057 0.328473 0.098857 0.313753 -0.04836 -0.002515 0.948269
0.849677 0.048043 0.332135 0.100433 0.316753 -0.048679 -0.003679 0.947251
0.854671 0.048001 0.335653 0.101942 0.319514 -0.048983 -0.004879 0.946302
0.859663 0.047958 0.33898 0.103387 0.321998 -0.04918 -0.005932 0.945444
0.864658 0.047952 0.340712 0.104136 0.323359 -0.049403 -0.006696 0.944962
0.869656 0.047827 0.343815 0.105511 0.325889 -0.049054 -0.007667 0.944103
0.874657 0.04767 0.346774 0.106825 0.328424 -0.04851 -0.008882 0.943242
0.879661 0.047474 0.349558 0.108062 0.330695 -0.047772 -0.009806 0.942477
0.884666 0.047162 0.353552 0.109855 0.334155 -0.046639 -0.011507 0.941293
0.889674 0.04674 0.356976 0.111412 0.337404 -0.044871 -0.013225 0.940197
0.894682 0.046619 0.358158 0.111955 0.338475 -0.044344 -0.013739 0.939829
0.899684 0.046317 0.360234 0.112904 0.340604 -0.043171 -0.014995 0.939096
0.90468 0.04601 0.362107 0.113766 0.342467 -0.042023 -0.016033 0.938453
0.909671 0.04582 0.362877 0.114126 0.34345 -0.041207 -0.016491 0.938121
0.914688 0.045321 0.365382 0.115266 0.346275 -0.039437 -0.018375 0.937124
0.9197 0.044992 0.366715 0.115895 0.347909 -0.038274 -0.019456 0.936545
0.924702 0.044652 0.367851 0.116435 0.349432 -0.037044 -0.020278 0.93601
0.929715 0.044118 0.369126 0.117016 0.35146 -0.035628 -0.021692 0.935273
0.934715 0.043932 0.369622 0.117245 0.352248 -0.035028 -0.022205 0.934988
0.939704 0.043581 0.37022 0.117515 0.353441 -0.03433 -0.023198 0.934539
0.944716 0.043264 0.370588 0.117683 0.354263 -0.033968 -0.024014 0.93422
0.949714 0.043106 0.370556 0.117672 0.354441 -0.033931 -0.024156 0.93415
0.954736 0.042577 0.370699 0.117754 0.355535 -0.033161 -0.02474 0.933747
0.959742 0.042258 0.370457 0.117638 0.355878 -0.033277 -0.025159 0.933601
0.964758 0.041955 0.369979 0.117432 0.35602 -0.033476 -0.025344 0.933535
0.96979 0.041645 0.369278 0.117137 0.356055 -0.033618 -0.02524 0.933519
0.97481 0.041163 0.367719 0.116456 0.355952 -0.033721 -0.025101 0.933558
0.979806 0.040845 0.366496 0.115922 0.355768 -0.033859 -0.02497 0.933627
0.984813 0.04052 0.365046 0.115294 0.355458 -0.033877 -0.024721 0.933751
0.989805 0.040188 0.36338 0.114564 0.354985 -0.033888 -0.024445 0.933938
0.99477 0.040003 0.362313 0.114097 0.354624 -0.033757 -0.024367 0.934082
0.999715 0.039644 0.36032 0.113222 0.353889 -0.033642 -0.024282 0.934367
1.004669 0.039275 0.358079 0.112264 0.353019 -0.033247 -0.023964 0.934718
1.00961 0.038911 0.355631 0.111194 0.351796 -0.033142 -0.024002 0.935182
1.014557 0.038518 0.35295 0.110048 0.350432 -0.032745 -0.023825 0.935712
1.019519 0.038153 0.350026 0.108804 0.348659 -0.032618 -0.023845 0.936378
1.024505 0.037956 0.348646 0.10821 0.347912 -0.032439 -0.023788 0.936664
1.029493 0.037556 0.345443 0.106833 0.345861 -0.032294 -0.024196 0.937418
1.034499 0.037164 0.342001 0.105397 0.343572 -0.032052 -0.024493 0.938259
1.039508 0.036787 0.338362 0.103883 0.341058 -0.031994 -0.024941 0.939167
1.044529 0.036243 0.332623 0.101519 0.336765 -0.032054 -0.02535 0.940701
1.049551 0.035895 0.328495 0.099851 0.3337 -0.032087 -0.025852 0.941778
1.054572 0.035594 0.324174 0.098122 0.330288 -0.032492 -0.026442 0.94295
1.059614 0.035244 0.319701 0.096368 0.327066 -0.032316 -0.026821 0.944068
1.064643 0.034951 0.315031 0.094561 0.323428 -0.032549 -0.027185 0.945302
1.069658 0.03465 0.310229 0.092712 0.319694 -0.032845 -0.027714 0.946546
1.074672 0.034216 0.302671 0.089863 0.31376 -0.033393 -0.028536 0.948486
1.079678 0.033928 0.29755 0.087953 0.309893 -0.033773 -0.029241 0.949721
1.084689 0.033656 0.292237 0.08603 0.305828 -0.033978 -0.029263 0.95103
1.08968 0.033382 0.286816 0.084087 0.301717 -0.034159 -0.029231 0.952337
1.094665 0.033296 0.283949 0.083095 0.299389 -0.034503 -0.028753 0.953073
1.099638 0.033174 0.281255 0.082116 0.297202 -0.034888 -0.028896 0.953739
1.104645 0.032909 0.275651 0.080173 0.293187 -0.035021 -0.028474 0.954989
1.109639 0.032687 0.269929 0.078227 0.289052 -0.035274 -0.0278 0.956259
1.114622 0.032499 0.264108 0.076279 0.284791 -0.03567 -0.026741 0.957552
1.119661 0.032267 0.255211 0.073346 0.278092 -0.036451 -0.02422 0.959557
1.124684 0.032157 0.249216 0.071414 0.273884 -0.037186 -0.022472 0.960781
1.129699 0.03206 0.243211 0.069489 0.269769 -0.038114 -0.020733 0.961947
1.134722 0.031887 0.237177 0.067602 0.266132 -0.037983 -0.018474 0.963011
1.139726 0.031822 0.230996 0.065704 0.261958 -0.038423 -0.015685 0.964186
1.144749 0.031712 0.221644 0.062952 0.256307 -0.038312 -0.011151 0.965772
1.149781 0.031669 0.215372 0.061134 0.252535 -0.0384 -0.008078 0.966792
1.154785 0.031601 0.209106 0.059352 0.249024 -0.038189 -0.005282 0.96773
1.159762 0.031535 0.202813 0.057574 0.245455 -0.037987 -0.002529 0.96866
1.164724 0.031518 0.199628 0.056707 0.243702 -0.038031 -0.001519 0.969103
1.169694 0.031463 0.193275 0.054969 0.240281 -0.037682 0.000933 0.969971
1.174654 0.031414 0.18698 0.053256 0.237046 -0.037676 0.002559 0.970764
1.179636 0.031265 0.180755 0.051589 0.234124 -0.037367 0.003005 0.971484
1.184609 0.031228 0.177604 0.050738 0.232519 -0.0373 0.003828 0.971869
1.189579 0.031095 0.171384 0.049099 0.229302 -0.037394 0.003654 0.97263
1.194572 0.031066 0.165017 0.04746 0.225341 -0.037924 0.004845 0.97353
1.199578 0.031031 0.158668 0.045846 0.221488 -0.038257 0.006031 0.974394
1.204619 0.03098 0.149222 0.043502 0.215876 -0.038867 0.007435 0.975619
1.209665 0.031005 0.142883 0.041974 0.211696 -0.039403 0.009109 0.976498
1.2147 0.031369 0.133364 0.03964 0.20577 -0.04188 0.013184 0.977615
1.219718 0.031677 0.127005 0.038094 0.201825 -0.043451 0.016637 0.978316
1.224715 0.031874 0.123744 0.037303 0.199421 -0.044446 0.019193 0.978717
1.229699 0.032116 0.117594 0.035806 0.196633 -0.045464 0.021454 0.979188
1.234698 0.032252 0.114545 0.035074 0.195213 -0.046002 0.02252 0.979423
1.239701 0.03252 0.108424 0.033615 0.192251 -0.047098 0.024709 0.979904
1.244719 0.033191 0.09332 0.03013 0.185044 -0.049123 0.029717 0.981052
1.249753 0.033292 0.09031 0.029438 0.183658 -0.049314 0.030566 0.981276
1.254766 0.033505 0.084312 0.028167 0.180361 -0.049458 0.032012 0.981835
1.259756 0.03369 0.078233 0.027013 0.176044 -0.049596 0.03306 0.982576
1.264723 0.033682 0.078269 0.027095 0.175785 -0.049695 0.032458 0.982638
1.269674 0.034032 0.069341 0.025295 0.170561 -0.050543 0.034049 0.983461
1.274627 0.034135 0.066358 0.024714 0.168719 -0.050641 0.034556 0.983756
1.2796 0.034435 0.06055 0.023577 0.1655 -0.05152 0.03535 0.984229
1.284601 0.03473 0.054658 0.022536 0.161511 -0.052453 0.036091 0.984815
1.289617 0.035014 0.048795 0.021508 0.157364 -0.053194 0.036681 0.985424
1.294647 0.03552 0.040097 0.019917 0.151922 -0.055247 0.037831 0.986122
1.299676 0.036141 0.031743 0.018209 0.14818 -0.056675 0.040466 0.986505
1.304691 0.036167 0.025907 0.017421 0.142169 -0.054306 0.040989 0.987501
1.309688 0.036232 0.020061 0.016637 0.136513 -0.051967 0.041977 0.988383
1.314674 0.036487 0.014366 0.015694 0.13153 -0.050867 0.04334 0.989057
1.319654 0.036651 0.011526 0.01525 0.129064 -0.05017 0.044613 0.989361
1.32465 0.036865 0.005855 0.014343 0.124465 -0.049 0.04622 0.989935
1.329641 0.037125 0.000239 0.013436 0.119285 -0.047224 0.04802 0.990573
1.334622 0.037422 -0.005309 0.012524 0.115226 -0.046463 0.049801 0.991002
1.339598 0.037634 -0.010948 0.011742 0.110075 -0.045471 0.051148 0.991564
1.344578 0.037973 -0.016399 0.010869 0.104891 -0.046165 0.05137 0.992083
1.349554 0.03848 -0.0218 0.00994 0.101326 -0.049127 0.052116 0.992272
1.354543 0.038825 -0.024428 0.009376 0.099973 -0.05055 0.05322 0.992279
1.35955 0.039107 -0.029876 0.00865 0.094873 -0.051638 0.053066 0.992732
1.364553 0.039529 -0.03496 0.007658 0.091931 -0.05313 0.052953 0.992936
1.369551 0.039941 -0.040108 0.006806 0.088629 -0.054556 0.052959 0.993159
1.374571 0.040395 -0.047924 0.005746 0.083001 -0.057016 0.051987 0.993558
1.379596 0.04059 -0.053158 0.005165 0.078377 -0.056538 0.051442 0.993989
1.38461 0.040832 -0.05814 0.004464 0.076693 -0.055528 0.052238 0.994136
1.389615 0.04101 -0.063165 0.003876 0.073687 -0.054235 0.052598 0.994415
1.39461 0.0412 -0.068104 0.00334 0.071222 -0.05296 0.053051 0.99464
1.399613 0.041295 -0.073153 0.003036 0.066426 -0.052719 0.051803 0.99505
1.404636 0.041383 -0.077934 0.002693 0.060352 -0.051773 0.049543 0.995602
1.409667 0.04157 -0.082422 0.002238 0.05447 -0.050632 0.047154 0.996115
1.414708 0.04188 -0.088998 0.001755 0.046592 -0.050495 0.044278 0.996654
1.419733 0.042077 -0.093358 0.00149 0.040392 -0.051334 0.041682 0.996993
1.424733 0.042409 -0.097347 0.001043 0.035858 -0.051274 0.040241 0.997229
1.429716 0.042668 -0.101371 0.000784 0.030369 -0.052775 0.037957 0.997423
1.434683 0.042821 -0.103186 0.000643 0.028076 -0.05289 0.037325 0.997508
1.439636 0.043008 -0.106998 0.000468 0.023006 -0.051987 0.036028 0.997732
1.444584 0.043286 -0.110713 0.000271 0.019847 -0.052092 0.035683 0.997807
1.449533 0.043456 -0.114372 0.000186 0.016022 -0.052303 0.034613 0.997903
1.454485 0.043728 -0.117808 5.7e-05 0.011678 -0.052951 0.033068 0.997981
1.459449 0.0438 -0.119554 1.8e-05 0.008902 -0.052481 0.032057 0.998068
1.464426 0.044122 -0.122636 -0.000191 0.006414 -0.052317 0.031534 0.998112
1.469421 0.044313 -0.125744 -0.000187 0.003391 -0.052186 0.0306 0.998163
1.474437 0.044535 -0.128605 -0.000259 0.000569 -0.051156 0.029786 0.998246
1.47947 0.044976 -0.13276 -0.00035 -0.002714 -0.052087 0.028702 0.998226
1.484519 0.045225 -0.135168 -0.000398 -0.006109 -0.052046 0.027001 0.998261
1.489573 0.045603 -0.137467 -0.000464 -0.008393 -0.054097 0.025957 0.998163
1.494627 0.045852 -0.139619 -0.000512 -0.009379 -0.054189 0.025882 0.998151
1.499676 0.04606 -0.141718 -0.000421 -0.01153 -0.055275 0.02507 0.99809
1.504714 0.046385 -0.143495 -0.000504 -0.013706 -0.056755 0.023883 0.998008
1.509739 0.046751 -0.145676 -0.000645 -0.015367 -0.057615 0.023188 0.997951
1.514745 0.04688 -0.147101 -0.000621 -0.01696 -0.058805 0.022295 0.997876
1.519739 0.047052 -0.148325 -0.000651 -0.017579 -0.060394 0.022226 0.997772
1.524722 0.047127 -0.149283 -0.000717 -0.018285 -0.05991 0.022086 0.997792
1.529698 0.047146 -0.149553 -0.000775 -0.018593 -0.060152 0.021912 0.997775
1.534669 0.047201 -0.150268 -0.000859 -0.018972 -0.06065 0.021727 0.997742
1.539638 0.047179 -0.150799 -0.000952 -0.01923 -0.059943 0.021639 0.997782
1.544609 0.047164 -0.151184 -0.001061 -0.018538 -0.06009 0.022202 0.997774
1.549585 0.047154 -0.15143 -0.001174 -0.017972 -0.060789 0.022641 0.997732
1.554569 0.04711 -0.151613 -0.001192 -0.017958 -0.060787 0.022722 0.99773
1.559561 0.047037 -0.151545 -0.001357 -0.016995 -0.060404 0.023151 0.997761
1.564561 0.046956 -0.151279 -0.00155 -0.015932 -0.060177 0.023574 0.997782
1.56957 0.046808 -0.150905 -0.001704 -0.014759 -0.06023 0.023813 0.997791
1.574584 0.04652 -0.15017 -0.001911 -0.01221 -0.059181 0.024851 0.997863
1.5796 0.046359 -0.149369 -0.00212 -0.010341 -0.059784 0.025095 0.997842
1.584623 0.046226 -0.148304 -0.00243 -0.008067 -0.060869 0.025011 0.9978
1.58965 0.045978 -0.147061 -0.002648 -0.006361 -0.059629 0.025196 0.997882
1.594672 0.045813 -0.14568 -0.002929 -0.00397 -0.05991 0.02549 0.99787
1.599694 0.045547 -0.144265 -0.003151 -0.000996 -0.060296 0.025922 0.997843
1.604715 0.04536 -0.142667 -0.003383 0.001941 -0.060724 0.026666 0.997796
1.60973 0.045292 -0.140831 -0.003745 0.00517 -0.06269 0.027057 0.997653
1.614741 0.045097 -0.137725 -0.004205 0.010272 -0.063531 0.028643 0.997516
1.619745 0.044872 -0.135639 -0.004385 0.012956 -0.063479 0.02976 0.997455
1.624742 0.044718 -0.133408 -0.004654 0.01651 -0.064981 0.030781 0.997275
1.629733 0.044441 -0.131095 -0.004842 0.020433 -0.064168 0.032535 0.997199
1.634727 0.044341 -0.129751 -0.004974 0.022552 -0.063986 0.033423 0.997136
1.639719 0.044239 -0.126982 -0.00535 0.026082 -0.063593 0.034651 0.997033
1.64471 0.044024 -0.124227 -0.005609 0.030065 -0.063039 0.036079 0.996905
1.649702 0.043788 -0.121425 -0.005818 0.03438 -0.062451 0.038092 0.996728
1.654693 0.043543 -0.118416 -0.006074 0.038638 -0.062529 0.039125 0.996527
1.659678 0.043296 -0.115355 -0.006294 0.042656 -0.06218 0.040332 0.996337
1.664665 0.043087 -0.112134 -0.006542 0.04714 -0.062252 0.041654 0.996076
1.669656 0.04297 -0.110555 -0.006667 0.049524 -0.062052 0.042351 0.995943
1.674652 0.042867 -0.107039 -0.007043 0.054267 -0.063172 0.043282 0.995586
1.679654 0.042702 -0.103508 -0.007347 0.058958 -0.063836 0.043799 0.995254
1.684659 0.042416 -0.100116 -0.007452 0.063773 -0.06449 0.04467 0.994876
1.689667 0.041999 -0.094752 -0.007744 0.070001 -0.062673 0.046441 0.994492
1.694678 0.041784 -0.091055 -0.007964 0.074771 -0.059766 0.048864 0.994208
1.699689 0.041676 -0.087243 -0.008215 0.079585 -0.057632 0.051277 0.993839
1.704698 0.04149 -0.081509 -0.00847 0.08774 -0.054125 0.055524 0.993121
1.709704 0.041408 -0.077666 -0.008585 0.092614 -0.051754 0.05813 0.992656
1.714704 0.041308 -0.073856 -0.008642 0.097535 -0.049443 0.061412 0.992104
1.719703 0.041324 -0.069811 -0.008816 0.10351 -0.047497 0.064396 0.991405
1.72469 0.041426 -0.067744 -0.008892 0.106927 -0.04869 0.064982 0.990946
1.729676 0.04168 -0.063538 -0.009159 0.114015 -0.051092 0.066361 0.989943
1.734663 0.041929 -0.059329 -0.009365 0.12114 -0.053219 0.067569 0.988902
1.739654 0.041997 -0.057269 -0.009425 0.12468 -0.053978 0.068532 0.988354
1.74465 0.042289 -0.053017 -0.009614 0.131365 -0.055995 0.06916 0.987332
1.749652 0.042499 -0.048922 -0.009644 0.136985 -0.057324 0.069456 0.986471
1.754658 0.042682 -0.044797 -0.009658 0.142622 -0.05875 0.069095 0.985613
1.759668 0.043063 -0.038556 -0.00966 0.15093 -0.061288 0.0678 0.98431
1.764678 0.043218 -0.034477 -0.009535 0.155609 -0.060707 0.06698 0.983674
1.769699 0.043427 -0.030423 -0.009368 0.159659 -0.061013 0.065359 0.983115
1.774711 0.043841 -0.024496 -0.008956 0.165259 -0.062362 0.063127 0.98225
1.779714 0.044183 -0.020423 -0.008706 0.16986 -0.063371 0.061495 0.981504
1.784715 0.044574 -0.016301 -0.0085 0.174727 -0.064983 0.059577 0.980662
1.789712 0.045023 -0.012203 -0.008269 0.180044 -0.066601 0.058298 0.979668
1.794706 0.045289 -0.010157 -0.008165 0.182919 -0.067231 0.057912 0.979115
1.799699 0.045781 -0.006079 -0.007928 0.188124 -0.068528 0.056869 0.9781
1.804692 0.046293 -0.002117 -0.007589 0.192506 -0.070436 0.055336 0.977199
1.809686 0.046782 0.001808 -0.007217 0.197179 -0.07114 0.0545 0.976263
1.814681 0.047201 0.005675 -0.006789 0.201488 -0.071485 0.053154 0.975432
1.819679 0.04774 0.009551 -0.006423 0.206134 -0.072486 0.052332 0.974431
1.824682 0.048119 0.013221 -0.005922 0.209774 -0.072126 0.051466 0.973727
1.829684 0.048452 0.016765 -0.005362 0.212558 -0.071336 0.05018 0.973248
1.834679 0.048641 0.018579 -0.005086 0.214081 -0.071224 0.049455 0.97296
1.839678 0.049119 0.022101 -0.004548 0.21741 -0.071705 0.048549 0.972232
1.844677 0.049557 0.025488 -0.003983 0.220167 -0.071923 0.047164 0.971663
1.84968 0.049909 0.028809 -0.003422 0.223067 -0.071522 0.045746 0.971099
1.854689 0.050602 0.033696 -0.002606 0.227719 -0.072283 0.044514 0.970019
1.859699 0.050984 0.036805 -0.002076 0.230909 -0.072224 0.043403 0.96932
1.864711 0.051443 0.039864 -0.001594 0.233839 -0.073383 0.042111 0.968587
1.869732 0.052003 0.042947 -0.001166 0.238164 -0.07515 0.041784 0.967411
1.87475 0.052321 0.04576 -0.000615 0.240667 -0.075328 0.040446 0.966835
1.879766 0.05275 0.04981 0.000153 0.245091 -0.075425 0.038837 0.965781
1.884776 0.053115 0.052466 0.00061 0.248029 -0.076191 0.038285 0.964993
1.889778 0.053225 0.054891 0.001197 0.249494 -0.07528 0.036992 0.964737
1.894774 0.053378 0.057292 0.001749 0.251249 -0.075175 0.035742 0.964337
1.899764 0.053378 0.058393 0.002029 0.252032 -0.074413 0.035126 0.964214
1.904751 0.053496 0.060669 0.002559 0.253793 -0.073778 0.034058 0.963839
1.909739 0.053576 0.062873 0.003083 0.255526 -0.073209 0.032819 0.963468
1.914727 0.053561 0.065002 0.003596 0.257181 -0.072264 0.031443 0.963144
1.919715 0.053486 0.067103 0.004128 0.259022 -0.07088 0.029895 0.962803
1.924703 0.053559 0.069221 0.004572 0.261233 -0.071541 0.028509 0.962199
1.929688 0.053427 0.071229 0.005063 0.263484 -0.070191 0.027 0.961728
1.934676 0.053436 0.072281 0.005273 0.264872 -0.070091 0.026287 0.961374
1.939667 0.053259 0.074213 0.005771 0.267219 -0.068424 0.024796 0.960884
1.944663 0.053205 0.076107 0.006201 0.269307 -0.068568 0.022956 0.960336
1.949668 0.053061 0.077976 0.006651 0.271551 -0.068194 0.02075 0.959781
1.954681 0.052772 0.080701 0.007346 0.274781 -0.06676 0.017872 0.95902
1.959696 0.052628 0.082368 0.007785 0.276354 -0.066485 0.016389 0.958613
1.96472 0.052329 0.083953 0.008312 0.277763 -0.064436 0.014722 0.958373
1.969741 0.052206 0.085563 0.008772 0.279266 -0.064384 0.012886 0.957966
1.974762 0.052102 0.087119 0.009235 0.280635 -0.064486 0.011147 0.957581
1.97978 0.051896 0.088622 0.009769 0.282283 -0.063101 0.010101 0.9572
1.984789 0.05171 0.090846 0.010567 0.284956 -0.062018 0.008579 0.956494
1.989794 0.05164 0.092301 0.011107 0.286677 -0.061671 0.00784 0.956008
1.99479 0.051624 0.093733 0.011672 0.288441 -0.061485 0.006938 0.955496
1.999785 0.051651 0.095146 0.01224 0.290196 -0.061536 0.006457 0.954965
2.004773 0.051702 0.095842 0.01255 0.291216 -0.061578 0.006406 0.954652
2.009757 0.051776 0.097228 0.013159 0.293139 -0.061545 0.006379 0.954065
2.014739 0.051866 0.098594 0.013785 0.295086 -0.061433 0.006501 0.953471
2.019719 0.052007 0.099971 0.01442 0.297324 -0.061554 0.006743 0.952766
2.024698 0.05217 0.101297 0.015091 0.29953 -0.061365 0.007503 0.952082
2.029678 0.052335 0.10265 0.015791 0.302201 -0.060913 0.008203 0.951261
2.034663 0.052513 0.103992 0.016515 0.305133 -0.060199 0.009037 0.950362
2.039652 0.052596 0.104663 0.016863 0.306456 -0.059964 0.009592 0.949946
2.044648 0.052824 0.105994 0.017603 0.309738 -0.059243 0.010707 0.948914
2.049651 0.0531 0.107283 0.018331 0.312971 -0.058747 0.011999 0.947868
2.054661 0.053442 0.108555 0.019059 0.316263 -0.058583 0.013048 0.946771
2.059676 0.054006 0.110439 0.020135 0.321493 -0.058515 0.014779 0.944987
2.064691 0.054498 0.111604 0.020812 0.324744 -0.0592 0.015847 0.943814
2.069702 0.055085 0.112663 0.021437 0.327525 -0.060579 0.017042 0.942744
2.074712 0.055716 0.113675 0.022027 0.330264 -0.06227 0.017873 0.941663
2.079721 0.056361 0.114599 0.022584 0.332783 -0.064006 0.018844 0.94064
2.084726 0.05704 0.115442 0.023094 0.335092 -0.065969 0.01969 0.939667
2.089734 0.05773 0.116195 0.023544 0.337147 -0.068013 0.020595 0.938766
2.094739 0.058416 0.116869 0.023959 0.339041 -0.069946 0.021314 0.937926
2.099751 0.05909 0.117461 0.024322 0.340787 -0.07173 0.021803 0.937147
2.104764 0.060029 0.118117 0.024734 0.342918 -0.073733 0.022553 0.936196
2.109767 0.060663 0.118454 0.024948 0.343992 -0.075174 0.023236 0.93567
2.114766 0.061305 0.118702 0.025087 0.344731 -0.076761 0.023658 0.935258
2.119761 0.061878 0.118874 0.02518 0.345367 -0.077788 0.024059 0.934929
2.124751 0.062104 0.118857 0.025159 0.345515 -0.077876 0.024324 0.93486
2.12974 0.062601 0.11888 0.025162 0.345889 -0.078333 0.024864 0.934669
2.134728 0.063063 0.118806 0.025087 0.345922 -0.078665 0.025454 0.934613
2.139716 0.063487 0.118649 0.024936 0.345749 -0.078897 0.026141 0.934639
2.144704 0.063901 0.118407 0.02471 0.345279 -0.07925 0.02668 0.934767
2.14969 0.064261 0.118093 0.024416 0.344659 -0.079338 0.02713 0.934976
2.154679 0.064574 0.117701 0.02405 0.343829 -0.079254 0.027518 0.935277
2.159674 0.064719 0.117532 0.023901 0.343567 -0.078989 0.027796 0.935388
2.164673 0.064973 0.116997 0.023432 0.342291 -0.078686 0.028259 0.935867
2.169673 0.065188 0.116396 0.0229 0.34082 -0.078242 0.028559 0.936432
2.174674 0.065377 0.115718 0.022297 0.339057 -0.077838 0.028672 0.937102
2.179679 0.065617 0.11461 0.02132 0.336145 -0.077106 0.02855 0.938214
2.184687 0.065721 0.113736 0.020572 0.333776 -0.076413 0.028349 0.939123
2.189693 0.065777 0.112785 0.019779 0.331172 -0.075388 0.028064 0.940135
2.1947 0.065849 0.111764 0.018931 0.328238 -0.074694 0.027436 0.941237
2.199705 0.06588 0.110688 0.018053 0.325268 -0.073703 0.02651 0.942372
2.204711 0.065905 0.109537 0.017124 0.321972 -0.072817 0.02552 0.9436
2.209716 0.0659 0.108327 0.016174 0.318547 -0.071691 0.024373 0.944878
2.214725 0.06586 0.10708 0.015217 0.315269 -0.070285 0.022989 0.946117
2.219749 0.065802 0.105778 0.014248 0.311878 -0.068691 0.021447 0.947393
2.224761 0.065823 0.104402 0.013245 0.308099 -0.067913 0.01966 0.948723
2.229766 0.065843 0.102989 0.012241 0.304401 -0.067057 0.0177 0.950016
2.234775 0.065991 0.100787 0.010711 0.298653 -0.066999 0.014221 0.951901
2.239782 0.066117 0.099296 0.009697 0.294853 -0.067159 0.011741 0.953107
2.244783 0.066286 0.097766 0.008689 0.29104 -0.067646 0.009139 0.954273
2.249777 0.066521 0.096177 0.007672 0.286928 -0.068709 0.006699 0.955461
2.254764 0.066662 0.095344 0.007173 0.284841 -0.06941 0.005578 0.956042
2.259748 0.06694 0.093705 0.006178 0.28067 -0.070802 0.003131 0.957184
2.264728 0.067044 0.092 0.0053 0.276775 -0.070019 0.001446 0.958379
2.269715 0.067134 0.09026 0.004449 0.272857 -0.069025 -1.4e-05 0.959575
2.274713 0.06725 0.088477 0.003609 0.268842 -0.068211 -0.00122 0.960765
2.279712 0.067333 0.087603 0.003173 0.266845 -0.068095 -0.002021 0.961329
2.284712 0.067444 0.08577 0.002397 0.262806 -0.06699 -0.002959 0.962516
2.289712 0.06752 0.083918 0.001657 0.258822 -0.06548 -0.003641 0.963696
2.294712 0.067592 0.082048 0.000938 0.254814 -0.063929 -0.004181 0.964865
2.299713 0.067577 0.079196 -3.6e-05 0.249003 -0.060015 -0.004338 0.966632
2.304718 0.067768 0.077388 -0.000777 0.245179 -0.060052 -0.005314 0.967602
2.309722 0.067964 0.075581 -0.001511 0.241444 -0.06023 -0.006152 0.968524
2.314725 0.06818 0.073742 -0.00223 0.237639 -0.06054 -0.006702 0.969442
2.319724 0.068314 0.071929 -0.002929 0.234048 -0.06034 -0.007169 0.970324
2.324726 0.06844 0.070145 -0.003621 0.230708 -0.06027 -0.007763 0.971124
2.329736 0.06856 0.068366 -0.004306 0.227509 -0.060351 -0.008488 0.971867
2.334751 0.068657 0.066582 -0.004984 0.224407 -0.060407 -0.009129 0.972579
2.339757 0.068745 0.063865 -0.005983 0.219829 -0.0604 -0.009631 0.973619
2.34476 0.068826 0.062052 -0.006674 0.216802 -0.06095 -0.010041 0.974259
2.349761 0.068613 0.060169 -0.007241 0.213704 -0.058445 -0.010189 0.975095
2.354756 0.068379 0.05824 -0.007784 0.210465 -0.055861 -0.01018 0.975951
2.359742 0.068391 0.057309 -0.008172 0.20936 -0.056524 -0.010238 0.97615
2.364726 0.068342 0.055461 -0.008861 0.206855 -0.056791 -0.010641 0.976664
2.369711 0.068241 0.053581 -0.009507 0.204407 -0.056518 -0.0108 0.977193
2.374705 0.068149 0.051671 -0.010171 0.202016 -0.056633 -0.010937 0.977682
2.3797 0.067993 0.049713 -0.010781 0.1994 -0.056244 -0.011066 0.97824
2.384702 0.067853 0.047689 -0.01139 0.196537 -0.056223 -0.011043 0.978821
2.389702 0.067615 0.045617 -0.011928 0.193587 -0.055244 -0.011006 0.979465
2.3947 0.067554 0.043581 -0.012544 0.190856 -0.056631 -0.011326 0.979918
2.399697 0.067461 0.041493 -0.013133 0.187946 -0.057822 -0.011659 0.980407
2.404693 0.067332 0.040447 -0.013364 0.186373 -0.057322 -0.011792 0.980734
2.409689 0.067038 0.038172 -0.013802 0.182506 -0.056221 -0.011669 0.981527
2.414688 0.066746 0.035881 -0.014254 0.178603 -0.055564 -0.011865 0.982279
2.419689 0.066408 0.033619 -0.01467 0.174907 -0.054692 -0.012457 0.982986
2.424695 0.065837 0.030178 -0.015265 0.169376 -0.052854 -0.013497 0.984041
2.429708 0.065443 0.027901 -0.015663 0.16588 -0.051968 -0.014611 0.984667
2.43472 0.065077 0.025635 -0.016057 0.162339 -0.051731 -0.016029 0.985248
2.439731 0.064741 0.02339 -0.01649 0.159278 -0.051789 -0.017173 0.985725
2.444739 0.064466 0.021226 -0.016911 0.156833 -0.052408 -0.018498 0.98606
2.449754 0.064055 0.018988 -0.017213 0.15352 -0.051868 -0.019836 0.986584
2.454765 0.063348 0.015607 -0.01753 0.148275 -0.04973 -0.020945 0.987473
2.459769 0.062935 0.013401 -0.017759 0.144732 -0.049393 -0.021765 0.987998
2.464763 0.062765 0.01229 -0.017896 0.143094 -0.049473 -0.022119 0.988224
2.469758 0.062284 0.010138 -0.018048 0.139848 -0.048313 -0.022623 0.988735
2.47476 0.061758 0.008061 -0.018114 0.136371 -0.047082 -0.022648 0.989279
2.479767 0.06127 0.005992 -0.018187 0.133044 -0.045735 -0.022556 0.989797
2.484769 0.060495 0.002924 -0.018267 0.128244 -0.043236 -0.022246 0.99055
2.489767 0.060117 0.001059 -0.018388 0.125755 -0.043361 -0.021947 0.99087
2.494756 0.059899 0.000222 -0.018399 0.124773 -0.042927 -0.021972 0.991013
2.499741 0.059467 -0.001554 -0.018468 0.122409 -0.04254 -0.021647 0.991331
2.504725 0.059045 -0.003247 -0.018518 0.120511 -0.041889 -0.021036 0.991605
2.50971 0.058839 -0.004135 -0.018542 0.119403 -0.04144 -0.020528 0.991768
2.514706 0.058448 -0.005743 -0.01861 0.117537 -0.041269 -0.019731 0.992014
2.519713 0.058041 -0.007263 -0.018637 0.116 -0.040748 -0.019026 0.992231
2.524715 0.057655 -0.008698 -0.018693 0.114706 -0.040918 -0.018745 0.992379
2.529717 0.056957 -0.010822 -0.018652 0.112268 -0.039603 -0.017949 0.992726
2.534725 0.056373 -0.012675 -0.018642 0.111013 -0.039265 -0.016715 0.992902
2.539731 0.055945 -0.01381 -0.018595 0.110427 -0.038692 -0.01629 0.992997
2.544729 0.055537 -0.014879 -0.018573 0.11001 -0.038518 -0.015882 0.993057
2.549723 0.05515 -0.015814 -0.018536 0.110263 -0.038157 -0.015525 0.993048
2.554717 0.05493 -0.016253 -0.018453 0.109929 -0.037859 -0.015233 0.993101
2.559711 0.054499 -0.017164 -0.018321 0.109416 -0.037219 -0.014691 0.99319
2.564706 0.054097 -0.017996 -0.018194 0.109206 -0.036753 -0.013856 0.993243
2.569702 0.053903 -0.018407 -0.018163 0.1093 -0.036849 -0.013738 0.993231
2.574699 0.053513 -0.019103 -0.018056 0.109537 -0.036609 -0.012855 0.993225
2.579701 0.053107 -0.01978 -0.017895 0.109412 -0.036227 -0.011894 0.993265
2.584702 0.052689 -0.020424 -0.017678 0.109113 -0.035411 -0.010751 0.99334
2.589708 0.052063 -0.021328 -0.017302 0.108581 -0.034076 -0.008998 0.993463
2.594719 0.051682 -0.021796 -0.017066 0.108829 -0.033291 -0.007735 0.993473
2.599733 0.051369 -0.022238 -0.016825 0.10907 -0.033102 -0.006208 0.993463
2.604754 0.050971 -0.02267 -0.016479 0.108832 -0.031948 -0.005059 0.993534
2.609769 0.050207 -0.023537 -0.015558 0.106729 -0.029751 -0.003336 0.993837
2.614779 0.050001 -0.023758 -0.015334 0.106295 -0.028987 -0.002841 0.993908
2.619781 0.049573 -0.024265 -0.014764 0.104329 -0.027123 -0.001992 0.994171
2.62478 0.049195 -0.024723 -0.014223 0.102777 -0.025344 -0.001025 0.994381
2.629771 0.048889 -0.025116 -0.01372 0.101638 -0.024358 -0.00037 0.994523
2.634756 0.048833 -0.025224 -0.013548 0.101739 -0.024725 -0.000152 0.994504
2.639747 0.048621 -0.025519 -0.013113 0.10129 -0.024505 0.000322 0.994555
2.644735 0.048471 -0.02577 -0.012713 0.101088 -0.024814 0.000731 0.994568
2.649722 0.048189 -0.026108 -0.012166 0.099826 -0.023464 0.001001 0.994728
2.654709 0.047898 -0.026464 -0.011585 0.098419 -0.021908 0.001201 0.994903
2.659697 0.047725 -0.026714 -0.011084 0.09766 -0.021554 0.001277 0.994986
2.664688 0.047689 -0.026778 -0.010745 0.098341 -0.022553 0.001216 0.994896
2.669683 0.047674 -0.026826 -0.010575 0.09863 -0.023231 0.001157 0.994852
2.674677 0.047587 -0.026938 -0.010157 0.09859 -0.023696 0.000932 0.994845
2.679675 0.047482 -0.027062 -0.009711 0.098525 -0.023717 0.000837 0.994852
2.68468 0.047364 -0.027144 -0.009248 0.098349 -0.023707 0.000374 0.99487
2.689689 0.047293 -0.027177 -0.008641 0.098979 -0.024444 -3e-05 0.994789
2.694699 0.047376 -0.027064 -0.008366 0.100627 -0.025966 -0.000122 0.994585
2.69971 0.047449 -0.026928 -0.008106 0.102418 -0.027409 -0.000349 0.994364
2.704721 0.04741 -0.026903 -0.007704 0.103226 -0.027398 -0.000351 0.99428
2.709735 0.047397 -0.026847 -0.00729 0.104013 -0.027499 -0.000383 0.994196
2.714743 0.047348 -0.026792 -0.006835 0.104406 -0.02729 -0.000694 0.99416
2.719748 0.047285 -0.026786 -0.00636 0.104557 -0.026644 -0.000624 0.994162
2.72475 0.047251 -0.026735 -0.005922 0.104995 -0.026354 -0.000787 0.994123
2.729758 0.047272 -0.026607 -0.0053 0.105906 -0.026422 -0.001332 0.994024
2.734761 0.047315 -0.026525 -0.004878 0.106398 -0.026569 -0.001688 0.993967
2.739758 0.047413 -0.026437 -0.004485 0.106948 -0.027259 -0.002026 0.993889
2.744751 0.047455 -0.026415 -0.004494 0.106999 -0.02764 -0.002184 0.993872
2.74975 0.047484 -0.026379 -0.003786 0.106769 -0.027649 -0.003007 0.993895
2.754746 0.047511 -0.02636 -0.00329 0.106387 -0.027609 -0.003706 0.993934
2.759739 0.04753 -0.026339 -0.002775 0.105795 -0.027585 -0.004586 0.993995
2.764728 0.04755 -0.026342 -0.002246 0.104918 -0.027595 -0.005472 0.994083
2.769717 0.04761 -0.026346 -0.00174 0.104105 -0.027999 -0.006253 0.994152
2.774708 0.04761 -0.026364 -0.001459 0.103518 -0.027873 -0.006656 0.994215
2.779701 0.047574 -0.02644 -0.000866 0.102007 -0.027256 -0.00735 0.994383
2.784705 0.047586 -0.026458 -0.000321 0.101015 -0.026951 -0.00809 0.994487
2.789716 0.047461 -0.026578 0.000367 0.098886 -0.025067 -0.008927 0.994743
2.794725 0.0475 -0.026543 0.001158 0.09773 -0.024492 -0.009925 0.994862
2.799733 0.047501 -0.026502 0.001719 0.096908 -0.023687 -0.010708 0.994954
2.804743 0.047415 -0.026467 0.002381 0.095726 -0.021691 -0.011593 0.995104
2.80975 0.047391 -0.026381 0.00298 0.094819 -0.020608 -0.012544 0.995202
2.814753 0.047466 -0.02621 0.003475 0.094779 -0.020262 -0.013212 0.995204
2.819755 0.0475 -0.026045 0.003991 0.094351 -0.019874 -0.014142 0.99524
2.824762 0.047687 -0.025788 0.004381 0.094975 -0.020874 -0.014586 0.995154
2.829769 0.047906 -0.025469 0.004706 0.096132 -0.022248 -0.015067 0.995006
2.834779 0.048208 -0.024947 0.005168 0.098 -0.024207 -0.015764 0.994767
2.839778 0.048476 -0.024595 0.005421 0.099363 -0.026273 -0.015985 0.994576
2.844776 0.048596 -0.024344 0.005816 0.099784 -0.026463 -0.015935 0.99453
2.849777 0.048676 -0.024052 0.006213 0.100313 -0.026629 -0.016326 0.994465
2.854772 0.048658 -0.023939 0.006455 0.100305 -0.025912 -0.016274 0.994486
2.859762 0.04875 -0.023638 0.006839 0.100925 -0.025986 -0.016302 0.994421
2.86475 0.048846 -0.023319 0.007182 0.101599 -0.026367 -0.016374 0.994341
2.869734 0.048873 -0.023033 0.007572 0.101969 -0.026036 -0.016299 0.994313
2.874719 0.048901 -0.022719 0.007947 0.102484 -0.025854 -0.016367 0.994264
2.879705 0.048949 -0.022408 0.008301 0.10308 -0.025847 -0.016166 0.994206
2.884692 0.048977 -0.022103 0.008671 0.103453 -0.025666 -0.015935 0.994175
2.889683 0.049028 -0.021895 0.008805 0.104163 -0.025981 -0.015965 0.994093
2.894679 0.049138 -0.021542 0.009091 0.10488 -0.026797 -0.015569 0.994002
2.899679 0.049228 -0.021161 0.009356 0.105808 -0.027603 -0.015398 0.993884
2.904685 0.049257 -0.020763 0.009659 0.10677 -0.02777 -0.01539 0.993777
2.909694 0.049278 -0.020164 0.010155 0.107946 -0.027773 -0.015458 0.993649
2.914702 0.049309 -0.019793 0.010481 0.108451 -0.027794 -0.015225 0.993597
2.919707 0.049125 -0.019547 0.011025 0.107386 -0.025638 -0.015498 0.993766
2.924713 0.048922 -0.019299 0.011551 0.106319 -0.023409 -0.015958 0.993928
2.929715 0.048776 -0.018957 0.012 0.106026 -0.021802 -0.016686 0.993984
2.934722 0.048677 -0.018576 0.012422 0.105725 -0.021021 -0.017615 0.994017
2.939728 0.048333 -0.018155 0.013248 0.103751 -0.016888 -0.01865 0.994285
2.944728 0.048177 -0.017822 0.013714 0.102791 -0.015184 -0.019487 0.994396
2.949728 0.048038 -0.017446 0.014177 0.101988 -0.013552 -0.020258 0.994487
2.954728 0.048002 -0.016967 0.014552 0.101946 -0.012717 -0.020923 0.994489
2.959727 0.048029 -0.016678 0.014719 0.102048 -0.012635 -0.021098 0.994475
2.964724 0.048125 -0.016045 0.014979 0.10287 -0.013239 -0.021593 0.994372
2.96972 0.04821 -0.01538 0.015264 0.103915 -0.013245 -0.021521 0.994265
2.974716 0.048224 -0.014712 0.015658 0.104529 -0.012031 -0.021335 0.99422
2.97971 0.04839 -0.013941 0.015889 0.105829 -0.0129 -0.021185 0.994075
2.984702 0.048539 -0.013134 0.016177 0.106995 -0.013294 -0.021011 0.993949
2.989695 0.048681 -0.012291 0.01652 0.108167 -0.013096 -0.020575 0.993834
2.99469 0.048744 -0.011889 0.016692 0.108638 -0.013008 -0.02041 0.993787
2.999686 0.048946 -0.010962 0.016951 0.110373 -0.013468 -0.019832 0.993601
3.004686 0.049121 -0.009999 0.017271 0.112143 -0.013369 -0.019113 0.993418
3.009689 0.049268 -0.009043 0.017647 0.113766 -0.012552 -0.018369 0.993258
3.014693 0.049522 -0.007652 0.01817 0.115233 -0.012388 -0.017756 0.993103
3.0197 0.049827 -0.006587 0.018449 0.117146 -0.013336 -0.017035 0.992879
3.024701 0.050046 -0.005543 0.018803 0.118778 -0.013157 -0.016346 0.992699
3.029704 0.050311 -0.004484 0.019094 0.120535 -0.013506 -0.015389 0.992498
3.034707 0.050583 -0.003409 0.019453 0.121696 -0.014056 -0.01482 0.992357
3.039711 0.050855 -0.002294 0.019733 0.123206 -0.014654 -0.014488 0.992167
3.044713 0.05121 -0.001131 0.019964 0.124491 -0.016619 -0.014167 0.99198
3.049717 0.051751 0.000735 0.0203 0.128091 -0.01789 -0.011421 0.991535
3.05472 0.052118 0.00192 0.020549 0.130368 -0.018567 -0.009224 0.991249
3.059719 0.052332 0.002538 0.020636 0.131467 -0.019546 -0.008509 0.991091
3.064718 0.052682 0.003731 0.020907 0.133835 -0.019752 -0.006048 0.990788
3.069717 0.052852 0.004298 0.021068 0.134283 -0.019898 -0.005074 0.99073
3.074714 0.053278 0.005546 0.021263 0.137229 -0.020564 -0.002386 0.990323
3.07972 0.054077 0.007673 0.0214 0.144328 -0.023803 0.002351 0.989241
3.084726 0.054746 0.009177 0.021406 0.149737 -0.02798 0.004624 0.988319
3.089729 0.055381 0.010666 0.021401 0.155064 -0.032068 0.006472 0.987363
3.09473 0.055763 0.012126 0.021556 0.15892 -0.0337 0.006997 0.986691
3.099735 0.056695 0.014409 0.021536 0.166973 -0.039409 0.009413 0.985129
3.104737 0.057121 0.015859 0.021664 0.171099 -0.040852 0.010584 0.98435
3.109736 0.057678 0.017414 0.021667 0.175987 -0.04484 0.011539 0.983303
3.114733 0.057997 0.018616 0.02197 0.178214 -0.046049 0.012561 0.982833
3.119729 0.058223 0.01932 0.022046 0.179739 -0.046967 0.013298 0.982503
3.124724 0.058477 0.020597 0.022307 0.182108 -0.046802 0.014373 0.982059
3.129723 0.058757 0.021921 0.022591 0.184075 -0.047409 0.014888 0.981655
3.134723 0.059093 0.023053 0.022887 0.184871 -0.049293 0.015084 0.98141
3.139722 0.059218 0.02422 0.023276 0.184836 -0.04909 0.014385 0.981437
3.144722 0.059368 0.025402 0.023641 0.184758 -0.049587 0.013495 0.981439
3.149721 0.059781 0.026764 0.023767 0.187328 -0.052234 0.013688 0.980812
3.15472 0.059893 0.027888 0.024148 0.187302 -0.052049 0.012943 0.980837
3.159719 0.060031 0.029073 0.02444 0.18673 -0.051921 0.011752 0.980968
3.164717 0.060031 0.029588 0.024662 0.186078 -0.051619 0.010831 0.981118
3.169714 0.060259 0.030778 0.024893 0.186188 -0.052099 0.010045 0.98108
3.174714 0.060611 0.031989 0.025011 0.188057 -0.053066 0.010893 0.980663
3.179716 0.060998 0.033459 0.025005 0.191876 -0.053445 0.012203 0.979887
3.184729 0.061344 0.035254 0.025237 0.194502 -0.053387 0.012684 0.979366
3.189741 0.061791 0.037126 0.025349 0.199384 -0.053554 0.014198 0.978354
3.194749 0.06224 0.038514 0.025255 0.203371 -0.054209 0.01542 0.977478
3.199741 0.062783 0.039917 0.025127 0.208469 -0.05562 0.017271 0.976293
3.20473 0.063181 0.041236 0.025108 0.212811 -0.056264 0.01819 0.975302
3.20972 0.063424 0.041968 0.025005 0.216638 -0.056097 0.019456 0.974445
3.214711 0.063797 0.043233 0.024947 0.220183 -0.055583 0.020037 0.973668
3.219705 0.063915 0.043809 0.024989 0.221695 -0.055323 0.020239 0.973335
3.224701 0.064678 0.045396 0.024629 0.229512 -0.057088 0.022945 0.971359
3.2297 0.065213 0.046687 0.024485 0.234787 -0.05723 0.024567 0.97005
3.234699 0.065709 0.047738 0.02441 0.237574 -0.057471 0.02478 0.969351
3.239705 0.066006 0.04824 0.024299 0.239166 -0.05713 0.025227 0.968968
3.244712 0.067221 0.050552 0.023818 0.249303 -0.055812 0.029074 0.966379
3.249722 0.067848 0.051404 0.023583 0.25118 -0.055038 0.029644 0.96592
3.254727 0.06847 0.052173 0.023352 0.253941 -0.054228 0.030561 0.965215
3.259733 0.069633 0.052982 0.0229 0.255902 -0.0545 0.03116 0.964662
3.264736 0.070335 0.053455 0.022589 0.257355 -0.053575 0.031727 0.964309
3.269736 0.071185 0.053993 0.02214 0.260162 -0.053289 0.033245 0.96352
3.274734 0.07202 0.054258 0.021777 0.261378 -0.053661 0.033799 0.963151
3.279731 0.072293 0.054057 0.021729 0.259783 -0.053036 0.032874 0.963649
3.284731 0.073092 0.053991 0.021424 0.259288 -0.053826 0.032355 0.963756
3.28973 0.073958 0.053853 0.021065 0.258599 -0.054886 0.031583 0.963907
3.294726 0.074735 0.053604 0.020706 0.257808 -0.054725 0.030763 0.964154
3.299721 0.075072 0.053472 0.020573 0.257139 -0.054332 0.030286 0.96437
3.304716 0.075911 0.05313 0.020109 0.257018 -0.054379 0.029961 0.96441
3.309716 0.076894 0.052796 0.019524 0.257514 -0.055543 0.029621 0.964222
3.314721 0.077686 0.052115 0.01908 0.255586 -0.055418 0.02809 0.964788
3.319726 0.07919 0.051328 0.018092 0.255685 -0.057456 0.027147 0.964669
3.32473 0.081113 0.050048 0.016579 0.257474 -0.058655 0.026974 0.964126
3.329732 0.081559 0.049737 0.016229 0.257922 -0.058589 0.026992 0.96401
3.334733 0.082633 0.049034 0.015367 0.258624 -0.06065 0.026859 0.963698
3.339734 0.083562 0.048216 0.014567 0.258872 -0.061366 0.026702 0.96359
3.344731 0.08439 0.047225 0.013818 0.257869 -0.061791 0.02571 0.963859
3.349724 0.084808 0.046716 0.013402 0.257447 -0.062282 0.025084 0.963957
3.354713 0.085795 0.04589 0.012471 0.258678 -0.063804 0.025026 0.963529
3.359701 0.08622 0.045475 0.012047 0.259299 -0.063741 0.025145 0.963363
3.36469 0.087104 0.04451 0.011147 0.259244 -0.065323 0.02441 0.963291
3.369682 0.087803 0.043335 0.010355 0.257801 -0.065444 0.023368 0.963696
3.374678 0.088384 0.042019 0.009638 0.25489 -0.065453 0.021444 0.964514
3.379724 0.089247 0.040184 0.008469 0.252466 -0.06519 0.019111 0.965218
3.384756 0.08982 0.038948 0.007645 0.250403 -0.066211 0.017326 0.965719
3.389775 0.090541 0.037096 0.006411 0.24864 -0.066669 0.015989 0.966167
3.394778 0.090934 0.035818 0.005612 0.246719 -0.066891 0.014959 0.96666
3.399771 0.091272 0.034547 0.004828 0.244913 -0.067014 0.013856 0.967127
3.404761 0.091575 0.033294 0.004032 0.243198 -0.067506 0.012832 0.96754
3.409747 0.091705 0.032707 0.003615 0.242627 -0.068027 0.012623 0.967649
3.41473 0.092051 0.031616 0.002718 0.242253 -0.069482 0.012242 0.967645
3.419712 0.092206 0.030341 0.001969 0.240152 -0.06981 0.011534 0.968153
3.424696 0.092327 0.029184 0.001183 0.239293 -0.069945 0.011443 0.968357
3.429681 0.092372 0.028566 0.000805 0.238335 -0.069948 0.010989 0.968598
3.434675 0.092471 0.027497 -3.6e-05 0.237673 -0.071086 0.010912 0.968679
3.439673 0.09249 0.026456 -0.000849 0.23699 -0.072101 0.010521 0.968776
3.444673 0.092475 0.02544 -0.001686 0.236548 -0.073308 0.010312 0.968795
3.449682 0.092341 0.024957 -0.002075 0.236359 -0.073263 0.010229 0.968846
3.454706 0.091972 0.022961 -0.003644 0.235309 -0.07379 0.009825 0.969066
3.459728 0.0917 0.022143 -0.004503 0.235953 -0.074553 0.00997 0.968849
3.464747 0.091199 0.021191 -0.005219 0.235222 -0.073766 0.009712 0.96909
3.469761 0.090223 0.019796 -0.006209 0.234212 -0.070982 0.010345 0.969535
3.474765 0.089543 0.018851 -0.006853 0.232964 -0.069579 0.010449 0.969937
3.479763 0.088829 0.017955 -0.00751 0.232018 -0.068145 0.010697 0.970263
3.484758 0.088053 0.017126 -0.008149 0.231141 -0.066887 0.010649 0.97056
3.489749 0.087597 0.016746 -0.008427 0.230737 -0.065913 0.010693 0.970722
3.494737 0.086769 0.015993 -0.009058 0.230059 -0.064703 0.010701 0.970964
3.499723 0.085867 0.015275 -0.009655 0.229108 -0.063225 0.01094 0.971284
3.504714 0.084925 0.014619 -0.010244 0.228203 -0.061797 0.011066 0.971587
3.509705 0.08406 0.0141 -0.010845 0.228599 -0.06179 0.011837 0.971486
3.514697 0.083147 0.013664 -0.011437 0.229064 -0.06175 0.012569 0.971369
3.519692 0.082695 0.013434 -0.011755 0.229368 -0.061555 0.012727 0.971308
3.524693 0.081569 0.012987 -0.012231 0.228389 -0.060185 0.012832 0.971623
3.529697 0.080537 0.012695 -0.012788 0.229014 -0.059489 0.013848 0.971505
3.534697 0.079524 0.01244 -0.013343 0.230132 -0.059586 0.015034 0.971217
3.5397 0.077856 0.012075 -0.014093 0.230153 -0.058467 0.016012 0.971265
3.544696 0.076736 0.011851 -0.014553 0.230911 -0.05869 0.016844 0.971057
3.549699 0.075486 0.011652 -0.015043 0.229272 -0.057011 0.016081 0.971558
3.554702 0.074126 0.011391 -0.01542 0.228512 -0.054893 0.016071 0.97186
3.559706 0.072965 0.011453 -0.015953 0.229942 -0.054276 0.016933 0.971542
3.564714 0.071631 0.011432 -0.016362 0.230271 -0.052729 0.017264 0.971544
3.569722 0.070262 0.011449 -0.016737 0.229656 -0.051353 0.017037 0.971767
3.57473 0.068898 0.011572 -0.017139 0.229575 -0.049659 0.017186 0.971871
3.579737 0.066694 0.011599 -0.017522 0.226063 -0.046869 0.015725 0.972857
3.584741 0.065254 0.011673 -0.017762 0.225633 -0.04586 0.015779 0.973005
3.589741 0.063875 0.011953 -0.018116 0.225356 -0.044554 0.015895 0.973127
3.594737 0.062399 0.012169 -0.018389 0.224187 -0.042508 0.015835 0.97349
3.599731 0.061743 0.012475 -0.018595 0.225298 -0.041401 0.016852 0.973264
3.604724 0.060291 0.012744 -0.018839 0.223632 -0.039639 0.016607 0.973726
3.609715 0.058814 0.013086 -0.019083 0.222699 -0.037105 0.016986 0.974033
3.614711 0.057375 0.013487 -0.019269 0.223685 -0.035518 0.018169 0.973845
3.619707 0.056689 0.013778 -0.019453 0.224665 -0.034749 0.019067 0.97363
3.624705 0.055326 0.014385 -0.019738 0.226082 -0.032557 0.021052 0.973336
3.629703 0.053939 0.014971 -0.019959 0.226268 -0.030149 0.022141 0.973347
3.634707 0.052625 0.015639 -0.020205 0.227404 -0.028769 0.023559 0.97309
3.639711 0.050557 0.016397 -0.020344 0.227746 -0.026615 0.025293 0.973028
3.644718 0.04929 0.017058 -0.020503 0.229047 -0.024934 0.027281 0.972713
3.649728 0.048144 0.017824 -0.020729 0.230992 -0.024362 0.029141 0.972214
3.654736 0.046968 0.018545 -0.020946 0.23155 -0.022398 0.030826 0.972076
3.659734 0.045899 0.019262 -0.021175 0.232136 -0.021786 0.031789 0.97192
3.664734 0.044885 0.020054 -0.021474 0.233103 -0.020665 0.033269 0.971663
3.669742 0.043852 0.020783 -0.021716 0.234886 -0.019115 0.035149 0.971199
3.674747 0.042445 0.021817 -0.022114 0.234701 -0.017403 0.035688 0.971256
3.679753 0.041551 0.022489 -0.022354 0.235357 -0.016861 0.036086 0.971093
3.684755 0.04065 0.023111 -0.022545 0.235028 -0.015614 0.035752 0.971205
3.689753 0.03977 0.023643 -0.02266 0.234346 -0.014299 0.035483 0.9714
3.694747 0.039455 0.024073 -0.022836 0.236167 -0.013134 0.036808 0.970926
3.699737 0.038807 0.024824 -0.023145 0.23756 -0.012208 0.037392 0.970576
3.704726 0.038212 0.025537 -0.023427 0.239229 -0.011491 0.038216 0.970143
3.709714 0.037686 0.026172 -0.023684 0.239089 -0.010576 0.038149 0.97019
3.714707 0.037245 0.026894 -0.024004 0.241104 -0.009237 0.039485 0.969652
3.719697 0.037022 0.027297 -0.024174 0.242492 -0.009151 0.039974 0.969286
3.724692 0.03675 0.028031 -0.024557 0.244522 -0.008223 0.041293 0.968729
3.729694 0.036564 0.028737 -0.024966 0.246584 -0.007663 0.042653 0.968152
3.734702 0.036408 0.02947 -0.02541 0.249185 -0.005938 0.044445 0.967417
3.73971 0.036251 0.030277 -0.025927 0.249939 -0.004972 0.044763 0.967213
3.744721 0.036378 0.030886 -0.026387 0.252076 -0.005281 0.045537 0.966621
3.749735 0.036602 0.031455 -0.026873 0.253845 -0.005727 0.046008 0.966133
3.754755 0.036935 0.032016 -0.027388 0.255225 -0.005976 0.046389 0.96575
3.759773 0.037346 0.032544 -0.02788 0.256334 -0.00606 0.04669 0.965441
3.764788 0.037637 0.032794 -0.028216 0.255024 -0.00398 0.046388 0.965813
3.769798 0.038518 0.033095 -0.028738 0.25381 -0.005223 0.045224 0.966182
3.774804 0.0393 0.033435 -0.029179 0.253614 -0.006939 0.044757 0.966245
3.779805 0.040063 0.033622 -0.029509 0.251817 -0.007469 0.04368 0.96676
3.784802 0.041009 0.033828 -0.029843 0.250256 -0.009606 0.042423 0.967202
3.78979 0.041579 0.033931 -0.030025 0.24912 -0.010606 0.041789 0.967513
3.794776 0.042564 0.034076 -0.030297 0.246593 -0.01198 0.040092 0.968215
3.799763 0.043697 0.034353 -0.030648 0.245696 -0.013735 0.039435 0.968447
3.804745 0.045031 0.034712 -0.031064 0.245016 -0.016772 0.038568 0.968606
3.809725 0.046561 0.035262 -0.031582 0.245776 -0.020648 0.038257 0.968351
3.814703 0.048004 0.035721 -0.032006 0.245353 -0.022267 0.038049 0.968431
3.819681 0.049499 0.036138 -0.032383 0.245559 -0.024018 0.038051 0.968337
3.824669 0.050996 0.036547 -0.032723 0.245578 -0.025539 0.037884 0.968299
3.82966 0.052546 0.037028 -0.033122 0.24598 -0.025731 0.03843 0.968171
3.834655 0.053346 0.037313 -0.033328 0.246732 -0.026617 0.038628 0.967948
3.839661 0.055742 0.037808 -0.033705 0.245849 -0.027023 0.038059 0.968184
3.844659 0.05737 0.038095 -0.033924 0.244789 -0.026787 0.037639 0.968475
3.849659 0.058253 0.038378 -0.034114 0.245898 -0.027541 0.038119 0.968154
3.854662 0.060855 0.038866 -0.034476 0.24484 -0.02823 0.036961 0.968447
3.85966 0.061757 0.039022 -0.034542 0.244636 -0.027718 0.036887 0.968517
3.864659 0.063613 0.039376 -0.034731 0.244083 -0.027927 0.03629 0.968673
3.869668 0.066779 0.040098 -0.035189 0.244082 -0.031813 0.034735 0.96861
3.874681 0.069248 0.040869 -0.035658 0.24703 -0.036479 0.035097 0.967685
3.879695 0.07186 0.041536 -0.036131 0.248505 -0.043221 0.034101 0.967065
3.884711 0.074559 0.04232 -0.036625 0.250764 -0.050642 0.032996 0.96616
3.889724 0.077162 0.042934 -0.036955 0.251646 -0.056581 0.032135 0.965629
3.894744 0.082422 0.043976 -0.037463 0.252768 -0.067614 0.031465 0.964649
3.899761 0.08385 0.044329 -0.037689 0.25358 -0.071776 0.030972 0.96415
3.904762 0.086282 0.044701 -0.037808 0.253512 -0.074903 0.031044 0.963928
3.909759 0.088716 0.045076 -0.037919 0.253595 -0.078016 0.031132 0.963657
3.914746 0.09105 0.045403 -0.037956 0.253697 -0.079679 0.031692 0.963475
3.919728 0.092212 0.045523 -0.037972 0.253861 -0.080281 0.032075 0.963369
3.924709 0.094504 0.045759 -0.037991 0.253781 -0.081526 0.032629 0.963267
3.929691 0.095698 0.045903 -0.038015 0.253966 -0.082437 0.033111 0.963125
3.934682 0.097974 0.046139 -0.038072 0.254586 -0.083499 0.033684 0.96285
3.939687 0.100184 0.046329 -0.038118 0.255259 -0.08406 0.033981 0.962612
3.944695 0.102343 0.046465 -0.038151 0.256067 -0.084109 0.034311 0.962381
3.949697 0.105744 0.046476 -0.038261 0.255618 -0.086587 0.034276 0.962282
3.954701 0.107987 0.046327 -0.038373 0.254768 -0.088692 0.033961 0.962327
3.959705 0.110167 0.046103 -0.038498 0.253898 -0.090609 0.033485 0.962395
3.964713 0.112379 0.045794 -0.038645 0.252798 -0.093154 0.032712 0.962468
3.969725 0.114575 0.045365 -0.038815 0.25118 -0.096085 0.031583 0.962642
3.974736 0.116741 0.044807 -0.039 0.249273 -0.099088 0.030567 0.962866
3.979748 0.118885 0.044171 -0.039218 0.247107 -0.102588 0.029343 0.963095
3.984759 0.12173 0.043099 -0.039468 0.245187 -0.104515 0.027695 0.963428
3.989763 0.123618 0.042338 -0.039661 0.243535 -0.106532 0.026074 0.963671
3.99476 0.125459 0.041485 -0.039859 0.241642 -0.108664 0.024702 0.963946
3.999753 0.127211 0.040547 -0.040061 0.239481 -0.110577 0.023354 0.964301
4.004744 0.128025 0.039999 -0.040174 0.238113 -0.111672 0.022621 0.964531
4.009735 0.129659 0.038964 -0.04038 0.235822 -0.113422 0.021348 0.964919
4.014716 0.131204 0.037879 -0.040602 0.233299 -0.115249 0.019861 0.965347
4.019701 0.132669 0.036705 -0.040828 0.230506 -0.116989 0.018346 0.965839
4.024687 0.134016 0.035462 -0.04106 0.22764 -0.11839 0.016988 0.966372
4.029676 0.134743 0.034871 -0.041178 0.226163 -0.119428 0.01615 0.966606
4.034673 0.135933 0.033503 -0.041421 0.223024 -0.120491 0.015002 0.967221
4.039674 0.136999 0.03212 -0.041682 0.219953 -0.121392 0.013229 0.967838
4.044676 0.137956 0.030657 -0.04196 0.216657 -0.122191 0.01157 0.968501
4.04968 0.138288 0.029881 -0.042112 0.214993 -0.122338 0.010767 0.968863
4.054691 0.139833 0.026851 -0.042701 0.208339 -0.123278 0.007325 0.970229
4.059711 0.140335 0.025265 -0.043027 0.205003 -0.123398 0.005295 0.970937
4.064729 0.140716 0.023652 -0.043374 0.201521 -0.123525 0.00303 0.971659
4.069742 0.140937 0.022041 -0.043732 0.198234 -0.123274 0.000854 0.972371
4.07475 0.141042 0.020402 -0.044114 0.1948 -0.123055 -0.001147 0.973092
4.079758 0.140993 0.018781 -0.044502 0.191594 -0.122455 -0.003195 0.9738
4.084761 0.140308 0.015516 -0.045325 0.185285 -0.120352 -0.006829 0.975263
4.089767 0.140197 0.014704 -0.045524 0.183707 -0.119975 -0.007861 0.9756
4.094766 0.139605 0.013092 -0.045935 0.180797 -0.118107 -0.009061 0.976361
4.099762 0.1389 0.011465 -0.046363 0.177839 -0.116133 -0.009863 0.977133
4.104764 0.138037 0.009896 -0.04679 0.17535 -0.113696 -0.010736 0.97786
4.109757 0.137469 0.009122 -0.04702 0.174208 -0.112325 -0.010767 0.978222
4.114748 0.135746 0.006741 -0.047674 0.170074 -0.108166 -0.011038 0.979415
4.119742 0.135937 0.006715 -0.047668 0.169996 -0.108416 -0.011316 0.979397
4.124744 0.133954 0.004356 -0.048345 0.166035 -0.104014 -0.01099 0.980557
4.129748 0.132533 0.002809 -0.048807 0.163618 -0.100921 -0.010787 0.981289
4.134749 0.131726 0.002058 -0.049061 0.162634 -0.099446 -0.010535 0.981606
4.139746 0.130205 0.000518 -0.049556 0.160403 -0.09657 -0.009753 0.982268
4.144738 0.127807 -0.001769 -0.050307 0.157151 -0.092234 -0.008649 0.98322
4.149727 0.126061 -0.003321 -0.050837 0.154818 -0.089429 -0.007298 0.98386
4.15472 0.124204 -0.00485 -0.051371 0.152529 -0.086453 -0.005957 0.984492
4.159712 0.12232 -0.006355 -0.051942 0.150448 -0.084068 -0.004631 0.985026
4.164705 0.120345 -0.00787 -0.052516 0.148392 -0.081452 -0.002881 0.985564
4.169698 0.119373 -0.008624 -0.052802 0.147446 -0.080009 -0.002026 0.985827
4.17469 0.117296 -0.01016 -0.053366 0.145416 -0.077173 0.000247 0.986356
4.17969 0.115229 -0.011653 -0.053991 0.143134 -0.07566 0.00209 0.986805
4.184697 0.112951 -0.013169 -0.054505 0.140337 -0.072561 0.003855 0.987434
4.189704 0.109519 -0.015439 -0.055318 0.136224 -0.06869 0.006581 0.988272
4.19471 0.107074 -0.01696 -0.055754 0.132834 -0.065585 0.008298 0.988931
4.199721 0.104585 -0.01848 -0.05621 0.129339 -0.062673 0.010208 0.989565
4.204735 0.10198 -0.020016 -0.056636 0.125811 -0.059262 0.011849 0.990212
4.20975 0.099327 -0.021552 -0.057049 0.121183 -0.05709 0.012301 0.990911
4.214762 0.095105 -0.023957 -0.057541 0.113037 -0.053477 0.011933 0.992079
4.219769 0.092313 -0.025453 -0.057919 0.108344 -0.051741 0.011612 0.992698
4.224768 0.089517 -0.026903 -0.058333 0.104125 -0.050027 0.011258 0.993241
4.229764 0.086579 -0.028369 -0.058646 0.10057 -0.048701 0.010476 0.993682
4.234752 0.085077 -0.029048 -0.058805 0.099927 -0.047862 0.010574 0.993787
4.239739 0.082051 -0.030395 -0.059089 0.096816 -0.045891 0.009508 0.994198
4.244724 0.079089 -0.031581 -0.059451 0.09359 -0.044343 0.008014 0.994591
4.249714 0.076049 -0.03273 -0.059769 0.091192 -0.042941 0.006447 0.994886
4.254707 0.074558 -0.033293 -0.059968 0.090564 -0.042117 0.006248 0.99498
4.259702 0.071428 -0.034304 -0.060215 0.089016 -0.039391 0.005298 0.995237
4.264704 0.068311 -0.035119 -0.060546 0.088562 -0.036209 0.004698 0.995401
4.269709 0.06514 -0.035874 -0.060791 0.087499 -0.033939 0.00347 0.99558
4.274719 0.06044 -0.036792 -0.06123 0.084575 -0.029962 0.000968 0.995966
4.279737 0.057263 -0.037235 -0.061456 0.082938 -0.026778 -0.000283 0.996195
4.28475 0.054083 -0.03758 -0.061611 0.081487 -0.02396 -0.001161 0.996386
4.289762 0.049458 -0.037464 -0.06188 0.079945 -0.018272 -0.001289 0.996631
4.294771 0.046405 -0.037305 -0.062044 0.079401 -0.014864 -0.001075 0.996731
4.299774 0.04341 -0.037064 -0.062147 0.078619 -0.012431 -0.000739 0.996827
4.304767 0.040381 -0.036692 -0.062162 0.077892 -0.009008 -0.000303 0.996921
4.309754 0.038934 -0.036278 -0.062184 0.078385 -0.006881 0.000434 0.996899
4.314739 0.036121 -0.035539 -0.062297 0.078637 -0.004095 0.001117 0.996894
4.319715 0.033362 -0.034668 -0.062345 0.079237 -0.002021 0.002023 0.996852
4.324691 0.030596 -0.033678 -0.062314 0.080102 0.00136 0.003282 0.99678
4.329672 0.02798 -0.032471 -0.062329 0.081856 0.004258 0.004813 0.996623
4.334664 0.026586 -0.031988 -0.062299 0.082332 0.005567 0.005309 0.996575
4.339659 0.024023 -0.030556 -0.062232 0.083093 0.008481 0.005684 0.996489
4.344657 0.021558 -0.028945 -0.062169 0.0847 0.010426 0.005982 0.996334
4.34966 0.019181 -0.027157 -0.062069 0.086305 0.013349 0.006942 0.996155
4.354673 0.01575 -0.024331 -0.061869 0.088913 0.015823 0.007865 0.995883
4.359685 0.013549 -0.022156 -0.061727 0.091504 0.01845 0.009105 0.995592
4.364704 0.011493 -0.019783 -0.06161 0.093506 0.01844 0.008883 0.995408
4.369731 0.009374 -0.01734 -0.061385 0.094695 0.019836 0.00833 0.995274
4.374753 0.006379 -0.013318 -0.061027 0.099119 0.021368 0.00895 0.994806
4.379766 0.004418 -0.010571 -0.060704 0.101242 0.022766 0.009279 0.994558
4.384764 0.002532 -0.00761 -0.060428 0.104013 0.023902 0.009049 0.994247
4.389755 0.000629 -0.004558 -0.060093 0.106648 0.026352 0.00918 0.993905
4.394742 -0.000324 -0.002963 -0.059864 0.108082 0.027537 0.008965 0.99372
4.399726 -0.002103 0.000267 -0.059536 0.110515 0.028797 0.008216 0.993423
4.40471 -0.003908 0.003506 -0.059104 0.113356 0.030809 0.008035 0.993044
4.409692 -0.005611 0.006853 -0.058681 0.116327 0.032203 0.007704 0.992659
4.414677 -0.00732 0.010261 -0.05818 0.119217 0.034124 0.007312 0.992255
4.419672 -0.008176 0.011956 -0.05796 0.120435 0.034752 0.006739 0.99209
4.424667 -0.009657 0.01575 -0.057652 0.124111 0.036391 0.005824 0.991584
4.429667 -0.011211 0.019397 -0.057153 0.12745 0.037516 0.004875 0.991123
4.434669 -0.012683 0.023129 -0.056647 0.130694 0.038403 0.003671 0.990672
4.439673 -0.014751 0.028898 -0.055923 0.135957 0.040005 0.002201 0.989904
4.444676 -0.016066 0.032845 -0.055369 0.139906 0.041631 0.001702 0.989288
4.449682 -0.017306 0.036897 -0.05481 0.143772 0.042707 0.000991 0.988688
4.454701 -0.018435 0.040936 -0.054243 0.14702 0.042917 0.000123 0.988202
4.459716 -0.019758 0.044731 -0.053394 0.149984 0.044963 -0.000326 0.987665
4.464725 -0.02074 0.048894 -0.052849 0.154666 0.046407 -0.000109 0.986876
4.469739 -0.021555 0.053104 -0.052347 0.160002 0.046608 0.00058 0.986016
4.474754 -0.022379 0.057326 -0.05172 0.164033 0.04802 0.000376 0.985285
4.479764 -0.023102 0.061651 -0.051172 0.169094 0.05035 0.001021 0.984313
4.484767 -0.024167 0.067882 -0.050182 0.176877 0.054236 0.002565 0.982734
4.489772 -0.024743 0.072068 -0.04954 0.182009 0.056958 0.003852 0.981638
4.494771 -0.025064 0.076251 -0.048997 0.185725 0.056081 0.00341 0.980994
4.49977 -0.025472 0.080333 -0.048303 0.188524 0.057861 0.003603 0.980356
4.504763 -0.025646 0.082309 -0.047924 0.190326 0.059008 0.003891 0.979938
4.509749 -0.026009 0.086296 -0.047186 0.193575 0.06161 0.00478 0.979137
4.514732 -0.026198 0.090232 -0.046513 0.197058 0.062391 0.005495 0.978389
4.519714 -0.026262 0.094166 -0.045905 0.199795 0.062064 0.005224 0.977856
4.524707 -0.026155 0.098126 -0.045336 0.202608 0.061409 0.004908 0.97732
4.529696 -0.025985 0.102114 -0.044836 0.206588 0.062108 0.006182 0.976435
4.534689 -0.02573 0.106065 -0.044385 0.210755 0.062729 0.007614 0.975494
4.539686 -0.02555 0.109945 -0.04387 0.215312 0.065096 0.009507 0.974327
4.544678 -0.025416 0.111903 -0.043631 0.217742 0.064931 0.010034 0.973792
4.549675 -0.024953 0.115712 -0.043293 0.222004 0.064747 0.011356 0.972827
4.554676 -0.024483 0.119481 -0.042923 0.22567 0.063787 0.010878 0.972052
4.55968 -0.024022 0.123154 -0.042551 0.229794 0.064207 0.011592 0.97105
4.564685 -0.023268 0.128492 -0.042013 0.236958 0.065323 0.014003 0.96922
4.569692 -0.022678 0.131754 -0.041605 0.239605 0.064752 0.013843 0.96861
4.574701 -0.021947 0.135084 -0.041334 0.242863 0.062625 0.013078 0.967949
4.579713 -0.021051 0.138393 -0.041159 0.246945 0.059897 0.013186 0.967087
4.584725 -0.020121 0.14163 -0.04096 0.250523 0.056892 0.012534 0.966356
4.589733 -0.019159 0.144702 -0.040767 0.254187 0.055028 0.013071 0.9655
4.594738 -0.018088 0.147659 -0.040623 0.257541 0.052594 0.013747 0.964737
4.599744 -0.016471 0.151804 -0.04034 0.26149 0.050096 0.014421 0.963797
4.604747 -0.015259 0.154589 -0.040257 0.264466 0.047104 0.014173 0.96314
4.609746 -0.014104 0.157135 -0.040072 0.26656 0.045889 0.014235 0.96262
4.614745 -0.012905 0.159581 -0.039887 0.268735 0.044947 0.014259 0.962059
4.619744 -0.012241 0.16067 -0.039805 0.26972 0.04474 0.014197 0.961794
4.624745 -0.010924 0.162938 -0.039658 0.27157 0.043739 0.014076 0.961321
4.629742 -0.009534 0.165143 -0.039556 0.27362 0.042416 0.013831 0.960803
4.634741 -0.008052 0.167281 -0.039483 0.27586 0.040872 0.013285 0.960237
4.639742 -0.006505 0.169325 -0.039429 0.278078 0.03933 0.012594 0.95967
4.64474 -0.004871 0.171257 -0.039414 0.280071 0.037436 0.012068 0.959173
4.649735 -0.00314 0.173054 -0.0394 0.281839 0.035364 0.011513 0.958741
4.654728 -0.001358 0.174814 -0.039425 0.283843 0.033006 0.010879 0.958241
4.659718 0.000519 0.176413 -0.039472 0.285326 0.030384 0.010356 0.957893
4.664697 0.002427 0.177955 -0.039535 0.287027 0.027604 0.009886 0.957474
4.669682 0.003352 0.178742 -0.039549 0.287849 0.026473 0.009712 0.95726
4.674675 0.005361 0.18008 -0.039604 0.289304 0.023701 0.009384 0.956898
4.679671 0.007388 0.181315 -0.039692 0.290386 0.020698 0.009189 0.956642
4.684682 0.009468 0.182423 -0.039799 0.291362 0.017498 0.009209 0.956408
4.689699 0.012558 0.183986 -0.039969 0.292855 0.012961 0.009225 0.956025
4.694712 0.014637 0.184824 -0.040103 0.293717 0.010033 0.009438 0.955793
4.699724 0.016664 0.185569 -0.040246 0.294719 0.007436 0.00991 0.955504
4.704732 0.018709 0.186204 -0.040447 0.295338 0.00433 0.010309 0.955327
4.709737 0.021623 0.18684 -0.040779 0.296283 0.000701 0.011646 0.955029
4.714735 0.022606 0.187091 -0.04087 0.296706 -0.000403 0.012038 0.954893
4.719731 0.024485 0.187367 -0.041105 0.297511 -0.002511 0.012788 0.954629
4.724735 0.027197 0.187489 -0.041562 0.298189 -0.00589 0.013458 0.954394
4.729736 0.028031 0.187385 -0.04174 0.298283 -0.0067 0.013733 0.954355
4.734735 0.030623 0.187276 -0.042243 0.298735 -0.00962 0.014548 0.954177
4.739737 0.032258 0.186995 -0.042632 0.298857 -0.011449 0.014675 0.954116
4.74473 0.032974 0.186715 -0.04286 0.298792 -0.011968 0.014674 0.95413
4.749721 0.034493 0.186257 -0.043299 0.298709 -0.013625 0.014512 0.954136
4.754709 0.035941 0.18564 -0.043765 0.298412 -0.014905 0.014556 0.95421
4.759701 0.037319 0.184901 -0.044251 0.298034 -0.016032 0.014425 0.954312
4.764698 0.039238 0.183431 -0.045039 0.297084 -0.017482 0.014252 0.954585
4.7697 0.039886 0.183017 -0.045289 0.296901 -0.017836 0.014298 0.954635
4.774696 0.041081 0.181893 -0.045846 0.296128 -0.018699 0.014172 0.95486
4.779696 0.04218 0.180687 -0.04641 0.295466 -0.019285 0.01406 0.955055
4.7847 0.042701 0.179908 -0.046732 0.29469 -0.019855 0.014304 0.95528
4.789695 0.044308 0.17781 -0.047619 0.293116 -0.020936 0.014733 0.955734
4.794692 0.045279 0.176225 -0.048252 0.291795 -0.021739 0.01536 0.95611
4.79968 0.046214 0.174525 -0.048883 0.290475 -0.022521 0.016141 0.956481
4.804673 0.047095 0.172714 -0.049551 0.288772 -0.023406 0.017359 0.956954
4.80967 0.047903 0.170843 -0.050211 0.28738 -0.024005 0.018524 0.957337
4.814669 0.048676 0.16886 -0.050884 0.285816 -0.024686 0.020007 0.957757
4.819668 0.049338 0.166853 -0.05156 0.28448 -0.025094 0.021405 0.958115
4.82466 0.04975 0.165817 -0.051915 0.283393 -0.025732 0.022249 0.9584
4.829656 0.05033 0.163681 -0.05259 0.282173 -0.025874 0.023676 0.958722
4.834658 0.050889 0.161427 -0.053296 0.280576 -0.026355 0.025214 0.959139
4.839667 0.05138 0.159081 -0.054 0.279038 -0.026621 0.026649 0.959541
4.844679 0.052026 0.155504 -0.055068 0.276943 -0.026909 0.028422 0.960089
4.849694 0.052383 0.152952 -0.055806 0.27523 -0.027283 0.029527 0.960537
4.854711 0.052658 0.150349 -0.056556 0.273519 -0.027637 0.030331 0.960991
4.859715 0.052952 0.14759 -0.057334 0.271353 -0.028377 0.031141 0.961557
4.864714 0.053154 0.144784 -0.058124 0.269198 -0.029016 0.031778 0.962123
4.869719 0.05328 0.141896 -0.058918 0.267059 -0.029399 0.032346 0.962688
4.874717 0.053376 0.138921 -0.059741 0.264621 -0.030108 0.03284 0.963323
4.879719 0.053324 0.134272 -0.060996 0.260849 -0.030566 0.033717 0.964306
4.884722 0.053232 0.131113 -0.061832 0.258363 -0.030683 0.034281 0.964952
4.889723 0.053081 0.127876 -0.062685 0.255796 -0.030663 0.034936 0.965613
4.894723 0.052871 0.124553 -0.063537 0.253185 -0.030436 0.035848 0.966274
4.899718 0.052704 0.122826 -0.063983 0.251779 -0.030321 0.036168 0.966633
4.904709 0.052387 0.119418 -0.064848 0.249198 -0.029818 0.03695 0.967288
4.909701 0.052033 0.115951 -0.065738 0.246403 -0.029504 0.037618 0.967987
4.914691 0.051607 0.11242 -0.066629 0.243639 -0.02887 0.03828 0.96868
4.91968 0.051119 0.108814 -0.067514 0.240942 -0.027909 0.03907 0.969351
4.924674 0.050903 0.107041 -0.06796 0.239559 -0.027653 0.039349 0.96969
4.929671 0.050368 0.103323 -0.068871 0.236599 -0.02677 0.040118 0.97041
4.934671 0.049772 0.099506 -0.069782 0.233506 -0.02557 0.040842 0.971161
4.939677 0.049169 0.09565 -0.070723 0.230192 -0.024921 0.041177 0.971954
4.944688 0.048237 0.08973 -0.072109 0.225115 -0.023507 0.041957 0.973145
4.949701 0.047574 0.085633 -0.073022 0.221598 -0.022268 0.042635 0.973951
4.95472 0.046858 0.081425 -0.073887 0.21745 -0.020788 0.042775 0.974912
4.959734 0.046175 0.077153 -0.074763 0.213072 -0.019824 0.042644 0.975904
4.964745 0.044714 0.068385 -0.076437 0.203973 -0.017235 0.042379 0.977907
4.96975 0.044382 0.066213 -0.076868 0.201639 -0.016908 0.042297 0.9784
4.974753 0.043641 0.061778 -0.077675 0.196996 -0.015514 0.042103 0.979377
4.979751 0.042892 0.057306 -0.078456 0.192256 -0.014101 0.041814 0.980352
4.984746 0.042066 0.052744 -0.079146 0.187017 -0.01177 0.041507 0.981409
4.989737 0.041672 0.05043 -0.079463 0.184419 -0.010518 0.041589 0.981911
4.994729 0.040906 0.045768 -0.080095 0.177822 -0.009519 0.040305 0.983191
4.999721 0.040173 0.041124 -0.080713 0.171217 -0.008986 0.038866 0.984425
5.004712 0.039471 0.036464 -0.081295 0.16474 -0.008335 0.037774 0.985578
5.009709 0.038737 0.031789 -0.081821 0.157933 -0.007642 0.036454 0.986747
5.014705 0.038022 0.02714 -0.082325 0.151197 -0.007076 0.035073 0.987856
5.019705 0.037356 0.022506 -0.082828 0.14461 -0.006929 0.034009 0.98888
5.024703 0.036642 0.017849 -0.083237 0.137471 -0.00633 0.032841 0.989941
5.029696 0.036127 0.013418 -0.083795 0.132699 -0.008255 0.032224 0.990598
5.034689 0.035272 0.006813 -0.084459 0.125857 -0.011051 0.031718 0.99148
5.03969 0.035316 0.006801 -0.084567 0.125917 -0.0107 0.031971 0.991468
5.044685 0.03469 0.002443 -0.08498 0.122084 -0.011325 0.032314 0.991929
5.049686 0.034013 -0.001845 -0.085341 0.117534 -0.012149 0.032024 0.992478
5.05469 0.033259 -0.005914 -0.085584 0.113336 -0.011955 0.031456 0.992987
5.059692 0.03188 -0.014144 -0.086179 0.105593 -0.01346 0.030891 0.993838
5.064692 0.031072 -0.01803 -0.086358 0.101109 -0.012678 0.03001 0.994342
5.069695 0.030144 -0.021979 -0.086387 0.095018 -0.011356 0.028167 0.995012
5.07469 0.029684 -0.02377 -0.086415 0.092583 -0.010905 0.027204 0.995274
5.079689 0.028792 -0.027408 -0.086516 0.087798 -0.009373 0.025877 0.995758
5.084689 0.027856 -0.030927 -0.086589 0.083656 -0.007532 0.025025 0.996152
5.089688 0.027012 -0.034303 -0.086671 0.079753 -0.007584 0.023432 0.99651
5.094689 0.026158 -0.037516 -0.086752 0.075838 -0.007502 0.021607 0.996858
5.099689 0.025674 -0.039212 -0.086754 0.073637 -0.006502 0.021119 0.99704
5.104689 0.024764 -0.042253 -0.086796 0.070845 -0.00506 0.020113 0.997272
5.109688 0.023965 -0.045165 -0.086849 0.068303 -0.006206 0.019031 0.997464
5.114689 0.023091 -0.047917 -0.086853 0.065738 -0.005801 0.018202 0.997654
5.119693 0.021773 -0.051887 -0.08677 0.060998 -0.005308 0.016212 0.997992
5.124694 0.020981 -0.054071 -0.086787 0.058651 -0.00364 0.01532 0.998154
5.129697 0.020072 -0.056287 -0.086679 0.056138 -0.001427 0.015006 0.998309
5.134702 0.019198 -0.058381 -0.08652 0.053843 0.000303 0.014875 0.998439
5.139709 0.018352 -0.060299 -0.086342 0.051876 0.00166 0.014963 0.99854
5.144714 0.017547 -0.062042 -0.086177 0.050118 0.00303 0.014955 0.998627
5.149718 0.016783 -0.063571 -0.085972 0.048132 0.004311 0.014643 0.998724
5.154733 0.016076 -0.064903 -0.085809 0.046893 0.005838 0.014834 0.998773
5.159745 0.01536 -0.066254 -0.085532 0.045045 0.005119 0.014292 0.99887
5.164754 0.01471 -0.067322 -0.085316 0.044768 0.005064 0.014415 0.998881
5.169758 0.01407 -0.068237 -0.085074 0.044415 0.004511 0.014448 0.998898
5.174764 0.013191 -0.069194 -0.084655 0.043305 0.003563 0.014884 0.998945
5.179766 0.012488 -0.069728 -0.084294 0.043182 0.004433 0.015453 0.998938
5.184767 0.011791 -0.070116 -0.083925 0.043034 0.005109 0.015799 0.998936
5.189762 0.011089 -0.07043 -0.083512 0.04309 0.004662 0.015774 0.998936
5.194751 0.010785 -0.070343 -0.08334 0.043372 0.004982 0.015966 0.998919
5.199738 0.0101 -0.070358 -0.082918 0.044099 0.005698 0.016734 0.998871
5.20472 0.009493 -0.070122 -0.082544 0.044179 0.006163 0.016821 0.998863
5.209703 0.008981 -0.069608 -0.08226 0.044929 0.006805 0.017129 0.99882
5.214684 0.008367 -0.069057 -0.081861 0.045403 0.007686 0.016967 0.998795
5.219669 0.007753 -0.068374 -0.081455 0.046741 0.008243 0.016988 0.998729
5.224658 0.007506 -0.068032 -0.081313 0.047225 0.008092 0.01686 0.998709
5.229651 0.00704 -0.067065 -0.080974 0.048408 0.007847 0.016821 0.998655
5.234646 0.006474 -0.06589 -0.080575 0.049823 0.009378 0.016987 0.99857
5.239657 0.005953 -0.064658 -0.080156 0.050898 0.009643 0.016488 0.998521
5.244672 0.005201 -0.062604 -0.079558 0.0531 0.009949 0.015794 0.998415
5.249685 0.004569 -0.061248 -0.078954 0.053728 0.010264 0.015055 0.998389
5.2547 0.004021 -0.059641 -0.078483 0.056073 0.010844 0.015018 0.998255
5.25972 0.003578 -0.057801 -0.078064 0.057341 0.010928 0.014539 0.998189
5.264737 0.003049 -0.055903 -0.077549 0.058857 0.011313 0.013493 0.998111
5.269748 0.002544 -0.052642 -0.076968 0.062155 0.011292 0.013497 0.997911
5.274755 0.002138 -0.050435 -0.076502 0.064142 0.011511 0.013598 0.997782
5.279758 0.001785 -0.048121 -0.076035 0.065901 0.011245 0.013294 0.997674
5.284755 0.001377 -0.045715 -0.075522 0.068239 0.011733 0.013432 0.99751
5.289746 0.001247 -0.044301 -0.075326 0.069247 0.011681 0.013149 0.997444
5.294735 0.000952 -0.041621 -0.074896 0.071423 0.01172 0.012961 0.997293
5.299721 0.000627 -0.038917 -0.074399 0.073831 0.011919 0.012824 0.997117
5.304707 0.000326 -0.036067 -0.07395 0.077002 0.012234 0.0134 0.996866
5.309693 7.6e-05 -0.03313 -0.07349 0.079453 0.010751 0.012418 0.996703
5.314672 -0.000261 -0.030237 -0.072882 0.081982 0.011237 0.012552 0.996491
5.319658 -0.00052 -0.027103 -0.072374 0.085332 0.010938 0.012015 0.99622
5.32465 -0.000675 -0.025554 -0.072126 0.086845 0.011435 0.012028 0.996084
5.329649 -0.000876 -0.022257 -0.07159 0.089571 0.011629 0.011368 0.995848
5.334651 -0.001163 -0.018996 -0.070936 0.092503 0.012928 0.011008 0.995568
5.339657 -0.001372 -0.01563 -0.07026 0.094947 0.013351 0.01042 0.995338
5.344671 -0.001522 -0.010347 -0.069371 0.099128 0.013476 0.009445 0.994939
5.349685 -0.001571 -0.006629 -0.068745 0.102925 0.01405 0.009222 0.994547
5.354704 -0.001643 -0.002959 -0.068049 0.106102 0.014875 0.009032 0.994203
5.359725 -0.001525 0.00273 -0.067011 0.110825 0.014626 0.009004 0.993692
5.364729 -0.001368 0.006661 -0.066379 0.114231 0.014625 0.009151 0.993304
5.369729 -0.001164 0.010578 -0.065713 0.118038 0.013753 0.009709 0.992866
5.374723 -0.000928 0.014542 -0.065006 0.121968 0.013043 0.009977 0.992398
5.379716 -0.000793 0.01652 -0.06458 0.123282 0.01211 0.009659 0.992251
5.384709 -0.000726 0.018465 -0.064184 0.125154 0.012084 0.009761 0.992016
5.389702 -0.000425 0.022415 -0.063406 0.128689 0.011377 0.010648 0.991563
5.394706 -8.4e-05 0.026515 -0.062613 0.132189 0.010578 0.010775 0.99111
5.399711 0.000318 0.030598 -0.061777 0.136032 0.010184 0.011969 0.99058
5.404718 0.000921 0.036709 -0.060484 0.142136 0.008343 0.012883 0.989728
5.409722 0.001469 0.040809 -0.059587 0.145978 0.006814 0.014115 0.989164
5.414726 0.002143 0.044983 -0.058762 0.150826 0.005305 0.016253 0.988412
5.419727 0.002807 0.049163 -0.057916 0.156443 0.004542 0.018637 0.987501
5.424726 0.003353 0.053171 -0.056865 0.159981 0.00527 0.020382 0.986896
5.429724 0.003995 0.057179 -0.055847 0.163907 0.005192 0.022194 0.986212
5.434728 0.004693 0.061214 -0.054899 0.167985 0.005145 0.023657 0.985492
5.439741 0.005351 0.065149 -0.053857 0.171045 0.005401 0.024605 0.984941
5.444751 0.00657 0.072872 -0.051723 0.17828 0.006967 0.025804 0.983617
5.449762 0.006817 0.074783 -0.05115 0.179532 0.007723 0.025769 0.983384
5.454768 0.007536 0.078623 -0.05017 0.183028 0.007509 0.025979 0.982736
5.459765 0.008299 0.082464 -0.049244 0.187329 0.006161 0.025627 0.981944
5.464753 0.009001 0.086158 -0.048262 0.191375 0.005531 0.025265 0.981176
5.469735 0.009331 0.087859 -0.047721 0.193184 0.005353 0.025037 0.980828
5.474709 0.009979 0.091383 -0.046662 0.196719 0.004666 0.024321 0.980147
5.479683 0.010639 0.094793 -0.045635 0.200947 0.00429 0.024183 0.979294
5.484659 0.011247 0.098131 -0.044597 0.205543 0.004868 0.024386 0.978332
5.48964 0.011568 0.099788 -0.044043 0.20686 0.004238 0.023537 0.978078
5.49463 0.012248 0.102983 -0.043054 0.210279 0.002167 0.021686 0.977399
5.49963 0.012732 0.105941 -0.041897 0.212963 0.002196 0.02037 0.976845
5.504643 0.013245 0.108792 -0.040779 0.215489 0.001586 0.018922 0.976322
5.509659 0.014023 0.11296 -0.039157 0.219399 0.000304 0.016955 0.975488
5.514678 0.01447 0.115469 -0.038047 0.22154 -0.000204 0.015735 0.975024
5.519698 0.014876 0.11788 -0.036953 0.223214 -0.001019 0.013992 0.974669
5.524719 0.015261 0.120154 -0.035887 0.22459 -0.002091 0.012092 0.974376
5.529731 0.015704 0.123242 -0.034321 0.226418 -0.003337 0.008892 0.973984
5.534737 0.015944 0.125132 -0.033276 0.227253 -0.003728 0.007047 0.973803
5.539737 0.016103 0.126897 -0.032235 0.22815 -0.003721 0.005073 0.973606
5.544727 0.016186 0.128544 -0.031221 0.228936 -0.003532 0.00298 0.97343
5.549716 0.016179 0.129205 -0.030737 0.229084 -0.003334 0.001866 0.973399
5.554708 0.016175 0.130655 -0.029739 0.22979 -0.0028 -0.000398 0.973236
5.559694 0.01616 0.131949 -0.028779 0.230136 -0.002645 -0.002786 0.973151
5.564685 0.016094 0.133086 -0.027823 0.230443 -0.002066 -0.004875 0.973071
5.569679 0.015986 0.134047 -0.02688 0.230469 -0.001217 -0.006633 0.973056
5.574671 0.01594 0.134572 -0.026402 0.230496 -0.000822 -0.007554 0.973044
5.57967 0.015774 0.135367 -0.025482 0.230484 2.3e-05 -0.009442 0.97303
5.584671 0.015562 0.136051 -0.024578 0.230435 0.001017 -0.01111 0.973024
5.589676 0.015363 0.136587 -0.023699 0.23019 0.00176 -0.012602 0.973062
5.594684 0.015022 0.137242 -0.022381 0.229762 0.002966 -0.014625 0.973132
5.599689 0.014757 0.137491 -0.0215 0.229294 0.003763 -0.015908 0.97322
5.604696 0.014506 0.137635 -0.020653 0.228699 0.004049 -0.017285 0.973335
5.609704 0.014249 0.137681 -0.019805 0.228073 0.004252 -0.018619 0.973457
5.614713 0.01401 0.137553 -0.018957 0.227199 0.004456 -0.019516 0.973643
5.61972 0.013766 0.137338 -0.018119 0.226266 0.004434 -0.020517 0.973839
5.624724 0.013323 0.136806 -0.016851 0.225041 0.004738 -0.022094 0.974087
5.629725 0.013052 0.136344 -0.016021 0.224006 0.004665 -0.023237 0.974299
5.634727 0.012765 0.135784 -0.01518 0.223263 0.005061 -0.024141 0.974446
5.639725 0.012476 0.13511 -0.014334 0.222357 0.005447 -0.024945 0.974631
5.644723 0.012316 0.134664 -0.013912 0.221846 0.005759 -0.025298 0.974737
5.649714 0.011969 0.133866 -0.013063 0.220964 0.006519 -0.025973 0.974914
5.654706 0.011583 0.133008 -0.012203 0.220207 0.007473 -0.026776 0.975057
5.659704 0.01126 0.132006 -0.01135 0.219079 0.007943 -0.027574 0.975285
5.664696 0.010943 0.1309 -0.010487 0.217892 0.008543 -0.028265 0.975526
5.669687 0.010622 0.12969 -0.009613 0.216609 0.009261 -0.028615 0.975795
5.674676 0.010306 0.128405 -0.008728 0.215315 0.009897 -0.02889 0.976067
5.679667 0.01 0.127043 -0.007845 0.213774 0.010318 -0.029034 0.976397
5.68466 0.009817 0.126397 -0.007407 0.213072 0.010711 -0.029141 0.976543
5.689655 0.009442 0.124909 -0.006424 0.211432 0.012234 -0.029059 0.976884
5.694656 0.009063 0.123301 -0.005376 0.209331 0.014074 -0.028729 0.977321
5.69966 0.008723 0.121626 -0.0043 0.20732 0.015999 -0.028247 0.977734
5.704666 0.008189 0.119061 -0.002657 0.204231 0.019148 -0.027112 0.97836
5.709673 0.007859 0.11731 -0.001526 0.201426 0.020187 -0.027748 0.978902
5.714681 0.007551 0.115472 -0.000328 0.197733 0.021053 -0.028742 0.979608
5.719691 0.007307 0.113684 0.000819 0.194728 0.021375 -0.029555 0.980179
5.724702 0.007131 0.11185 0.001985 0.191177 0.020961 -0.030577 0.980855
5.729709 0.007072 0.110134 0.003043 0.188756 0.019388 -0.031819 0.981317
5.734716 0.007003 0.108452 0.004102 0.186085 0.017419 -0.03339 0.981812
5.739723 0.006823 0.105909 0.005826 0.182335 0.016463 -0.034751 0.982484
5.744729 0.006744 0.104256 0.006937 0.180682 0.016059 -0.034737 0.982797
5.749729 0.006615 0.102605 0.008091 0.17908 0.016444 -0.034108 0.983106
5.754722 0.006529 0.101048 0.009167 0.17852 0.016548 -0.033143 0.983239
5.759713 0.006506 0.100317 0.009659 0.178309 0.016052 -0.032556 0.983305
5.764698 0.006409 0.098807 0.010718 0.177732 0.015998 -0.031346 0.983449
5.76968 0.006312 0.097275 0.011773 0.176763 0.01594 -0.02994 0.983669
5.774663 0.006272 0.09576 0.012809 0.176809 0.014471 -0.027784 0.983747
5.77965 0.006223 0.09498 0.013349 0.17614 0.014106 -0.027276 0.983886
5.784644 0.006181 0.093526 0.014327 0.1765 0.011561 -0.025243 0.983909
5.789642 0.006186 0.092124 0.015249 0.177115 0.009471 -0.022456 0.983888
5.794646 0.006308 0.090987 0.015927 0.179183 0.007246 -0.019311 0.983599
5.799654 0.006092 0.088768 0.017459 0.178519 0.004834 -0.015765 0.983798
5.804666 0.005984 0.087456 0.018287 0.179325 0.002801 -0.013303 0.983696
5.80969 0.005989 0.08634 0.018939 0.181751 0.000547 -0.009933 0.983294
5.814714 0.005879 0.085176 0.019589 0.182898 0.001015 -0.00673 0.983108
5.819733 0.005709 0.083414 0.020414 0.183967 0.001616 -0.002338 0.982928
5.824744 0.005408 0.082151 0.021053 0.183196 0.00261 -0.000793 0.983073
5.829746 0.005049 0.080777 0.021728 0.182851 0.002725 0.000783 0.983136
5.83474 0.0049 0.079684 0.022068 0.183817 0.002582 0.003001 0.982953
5.839728 0.004743 0.079093 0.022246 0.183743 0.003086 0.00386 0.982962
5.84472 0.004375 0.077749 0.022729 0.182579 0.004177 0.005228 0.983168
5.849717 0.004015 0.076409 0.023164 0.181556 0.005281 0.006673 0.983344
5.854712 0.003695 0.075102 0.023491 0.180703 0.005398 0.007662 0.983493
5.859704 0.003291 0.073816 0.023775 0.180327 0.006963 0.009012 0.983541
5.864689 0.002877 0.072473 0.024046 0.178782 0.007795 0.009524 0.983812
5.869678 0.002452 0.071144 0.024245 0.177176 0.008627 0.009482 0.984096
5.87467 0.002256 0.070469 0.024362 0.176284 0.009253 0.009803 0.984247
5.879664 0.001815 0.069166 0.02444 0.174422 0.011453 0.009987 0.984554
5.884665 0.001425 0.067814 0.024447 0.172095 0.012349 0.009461 0.984958
5.889668 0.001057 0.066514 0.024389 0.170756 0.013975 0.009752 0.985166
5.894676 0.000269 0.064244 0.024468 0.165612 0.016594 0.008189 0.986017
5.899687 -6.4e-05 0.062847 0.024296 0.162772 0.017958 0.007623 0.986471
5.9047 -0.000313 0.061516 0.023968 0.160525 0.019575 0.007356 0.98681
5.909709 -0.000403 0.059558 0.023247 0.157607 0.020777 0.008008 0.987251
5.914713 -0.000369 0.058296 0.022657 0.1557 0.020404 0.007967 0.987562
5.919713 -0.000438 0.057044 0.022103 0.152894 0.021952 0.00759 0.98797
5.924709 -0.000305 0.055923 0.021292 0.150421 0.020608 0.006415 0.988386
5.929703 -0.00033 0.055401 0.020883 0.149106 0.021243 0.005698 0.988577
5.934697 -0.000285 0.054346 0.020031 0.146541 0.021489 0.00429 0.988962
5.939693 -0.000302 0.053287 0.019196 0.144006 0.022169 0.002995 0.989324
5.944691 -0.000205 0.052394 0.01818 0.141964 0.022712 0.002026 0.989609
5.94969 -0.000267 0.051388 0.017266 0.138328 0.023303 -9.7e-05 0.990112
5.954684 -0.000263 0.05056 0.016178 0.136501 0.023647 -0.001555 0.990356
5.959677 -0.000341 0.049789 0.015081 0.133553 0.024823 -0.003707 0.990724
5.964667 -0.000324 0.049107 0.013829 0.131413 0.024906 -0.005465 0.991
5.969662 -0.000364 0.048733 0.013275 0.130465 0.026148 -0.005982 0.99109
5.974662 -0.000384 0.048093 0.011985 0.128586 0.026566 -0.007235 0.991316
5.979662 -0.000371 0.047659 0.010562 0.126495 0.027854 -0.008571 0.991539
5.984663 -0.000288 0.04724 0.009036 0.124347 0.027487 -0.00992 0.991808
5.989666 -0.000286 0.046717 0.006714 0.122965 0.029116 -0.010726 0.991926
5.994682 -0.00012 0.046591 0.004883 0.120877 0.030319 -0.011406 0.992139
5.999701 -0.000127 0.046347 0.003197 0.1199 0.033491 -0.010728 0.992163
6.004716 -7.4e-05 0.0461 0.001408 0.119025 0.0352 -0.01018 0.992215
6.009727 0.000449 0.046273 -0.001847 0.116434 0.035508 -0.011312 0.992499
6.014731 0.000755 0.046249 -0.003955 0.11529 0.035715 -0.011332 0.992625
6.019728 0.001146 0.046393 -0.006206 0.114272 0.036668 -0.011531 0.992706
6.024723 0.001668 0.046601 -0.008587 0.112642 0.036661 -0.012116 0.992885
6.029712 0.001946 0.046646 -0.009787 0.111889 0.036142 -0.012448 0.992985
6.034698 0.002553 0.046873 -0.012261 0.111339 0.035622 -0.012313 0.993067
6.039683 0.003283 0.047157 -0.014854 0.110843 0.034323 -0.012269 0.993169
6.044673 0.004007 0.047444 -0.017424 0.109375 0.033809 -0.012794 0.993343
6.049664 0.004742 0.047694 -0.020022 0.10881 0.033955 -0.012383 0.993405
6.054657 0.005098 0.047827 -0.021303 0.108626 0.033973 -0.012159 0.993428
6.059654 0.006016 0.048312 -0.024142 0.109114 0.034479 -0.011157 0.993368
6.064651 0.006965 0.048676 -0.026962 0.108539 0.033843 -0.010703 0.993458
6.069653 0.008008 0.049095 -0.029879 0.108335 0.032127 -0.0105 0.99354
6.074658 0.008626 0.049374 -0.031433 0.107738 0.031516 -0.01042 0.993625
6.079666 0.010902 0.050367 -0.037443 0.107323 0.029162 -0.009351 0.993752
6.084676 0.0122 0.050945 -0.040623 0.107027 0.028222 -0.008294 0.993821
6.089684 0.013558 0.05157 -0.043852 0.106323 0.026801 -0.007736 0.99394
6.094702 0.014945 0.052202 -0.047094 0.104547 0.025048 -0.007905 0.994173
6.099716 0.016299 0.052795 -0.050324 0.10326 0.023951 -0.00744 0.994338
6.104726 0.018511 0.054064 -0.05552 0.105376 0.026022 -0.00285 0.994088
6.10973 0.020004 0.054771 -0.058966 0.1055 0.025411 -0.001324 0.994094
6.114727 0.021588 0.055593 -0.062551 0.105977 0.025068 0.000289 0.994053
6.119721 0.023259 0.056513 -0.06628 0.107648 0.023636 0.002035 0.993906
6.124712 0.024099 0.056926 -0.068191 0.108382 0.022656 0.002744 0.993847
6.129699 0.025727 0.057727 -0.071924 0.109519 0.021267 0.004386 0.993747
6.134689 0.027355 0.058544 -0.075712 0.110814 0.019666 0.005784 0.99363
6.139678 0.028212 0.059032 -0.077656 0.112246 0.019312 0.007124 0.993467
6.144675 0.029836 0.059769 -0.081487 0.112531 0.016359 0.006975 0.993489
6.149675 0.031443 0.060517 -0.085355 0.112926 0.01321 0.006588 0.993494
6.154678 0.033 0.061366 -0.089299 0.114666 0.011128 0.006872 0.993318
6.159679 0.033666 0.061721 -0.091243 0.115032 0.010714 0.006655 0.993282
6.16468 0.036457 0.063165 -0.098972 0.115774 0.007668 0.005492 0.993231
6.169683 0.03773 0.063891 -0.102912 0.116765 0.006877 0.005155 0.993122
6.174688 0.038952 0.064564 -0.106866 0.117605 0.006473 0.005164 0.993026
6.179698 0.040099 0.06522 -0.110818 0.11794 0.006125 0.004762 0.99299
6.184707 0.041157 0.065818 -0.114775 0.118133 0.006519 0.005027 0.992964
6.189725 0.042147 0.066414 -0.11874 0.118112 0.007103 0.005158 0.992961
6.194739 0.043132 0.066988 -0.122722 0.118069 0.00764 0.005484 0.992961
6.199749 0.044564 0.067751 -0.128706 0.117451 0.008656 0.006448 0.99302
6.204751 0.045488 0.068256 -0.132701 0.116926 0.009465 0.00691 0.993071
6.209751 0.046372 0.068774 -0.136689 0.116481 0.010547 0.007194 0.993111
6.214748 0.047261 0.069263 -0.140666 0.115919 0.01163 0.007401 0.993163
6.219741 0.047732 0.069526 -0.14266 0.115576 0.011738 0.006825 0.993206
6.224732 0.048666 0.07004 -0.146648 0.114894 0.012134 0.006106 0.993285
6.229719 0.049589 0.07055 -0.150633 0.114111 0.012453 0.005169 0.993376
6.234706 0.050489 0.071101 -0.154604 0.113577 0.012873 0.003941 0.993438
6.239693 0.05138 0.071679 -0.158571 0.113032 0.013183 0.002308 0.993501
6.244683 0.052265 0.072233 -0.162518 0.112561 0.013771 0.00052 0.993549
6.249676 0.052724 0.072522 -0.1645 0.112313 0.013823 -0.000491 0.993577
6.254674 0.053628 0.073105 -0.168445 0.11189 0.014059 -0.002693 0.993618
6.259676 0.054497 0.073748 -0.172404 0.111654 0.014287 -0.005203 0.993631
6.264678 0.055372 0.074363 -0.176345 0.111407 0.014683 -0.00708 0.993641
6.269688 0.056654 0.075344 -0.182229 0.111591 0.015658 -0.009864 0.993582
6.274698 0.05753 0.075999 -0.18616 0.111513 0.015977 -0.011371 0.993569
6.279701 0.05839 0.076666 -0.190069 0.111688 0.016623 -0.012413 0.993527
6.284709 0.05926 0.077398 -0.193982 0.112011 0.016824 -0.013353 0.993475
6.289716 0.060144 0.078075 -0.197866 0.112107 0.017147 -0.013272 0.99346
6.294723 0.061051 0.078739 -0.201729 0.112193 0.017336 -0.012485 0.993457
6.299728 0.062869 0.08008 -0.209374 0.112175 0.017097 -0.009927 0.993492
6.304732 0.063309 0.080423 -0.211292 0.112264 0.017233 -0.009379 0.993485
6.309734 0.06424 0.081064 -0.215071 0.112199 0.016991 -0.007718 0.993511
6.314734 0.065176 0.08175 -0.218831 0.112268 0.016362 -0.006232 0.993524
6.319729 0.06611 0.082417 -0.222562 0.112256 0.01568 -0.004477 0.993546
6.324722 0.066581 0.082771 -0.224404 0.112254 0.014958 -0.004107 0.993558
6.329714 0.067477 0.083471 -0.228085 0.112471 0.014238 -0.00297 0.993549
6.334703 0.068349 0.084165 -0.231743 0.112521 0.01335 -0.001926 0.993558
6.339686 0.069193 0.084868 -0.235363 0.112747 0.012622 -0.001076 0.993543
6.344674 0.070008 0.085579 -0.238966 0.112879 0.011655 -0.000565 0.99354
6.349663 0.070753 0.086318 -0.242549 0.113096 0.010731 -0.000331 0.993526
6.354652 0.071432 0.087047 -0.2461 0.113336 0.010181 -0.0002 0.993505
6.359644 0.071809 0.087382 -0.247885 0.113274 0.009772 4.7e-05 0.993516
6.364635 0.072409 0.088149 -0.25141 0.113607 0.009171 -0.000346 0.993483
6.369637 0.072898 0.088874 -0.25489 0.113954 0.009442 -0.000224 0.993441
6.374646 0.073342 0.089651 -0.258382 0.114283 0.009308 -0.000569 0.993404
6.379656 0.073925 0.090866 -0.263569 0.115257 0.009593 -0.00129 0.993289
6.384668 0.074165 0.091707 -0.266997 0.116065 0.010347 -0.001627 0.993186
6.389675 0.074367 0.092559 -0.270404 0.116933 0.011112 -0.001795 0.993076
6.39468 0.074518 0.093466 -0.273798 0.117898 0.011661 -0.001933 0.992955
6.399684 0.07462 0.094305 -0.277139 0.118679 0.012709 -0.001151 0.992851
6.404687 0.074708 0.095217 -0.280471 0.119603 0.013224 -0.000595 0.992734
6.409688 0.074865 0.096504 -0.285351 0.12061 0.013584 0.001593 0.992606
6.414687 0.074944 0.097346 -0.288556 0.121224 0.013876 0.003418 0.992522
6.419688 0.075027 0.098221 -0.291706 0.121984 0.013914 0.005298 0.99242
6.424691 0.075107 0.099104 -0.294796 0.122773 0.013801 0.007178 0.992313
6.429688 0.075135 0.099562 -0.29627 0.123332 0.013662 0.008128 0.992238
6.434682 0.075221 0.100434 -0.299258 0.124158 0.013299 0.010301 0.99212
6.439676 0.075293 0.101329 -0.302173 0.125165 0.012905 0.012238 0.991977
6.444674 0.075355 0.102234 -0.30501 0.126307 0.012411 0.014212 0.991812
6.449669 0.075384 0.103152 -0.307767 0.127577 0.011959 0.016023 0.991627
6.454666 0.075393 0.104072 -0.31044 0.128922 0.011538 0.01775 0.991429
6.459665 0.075391 0.104982 -0.313035 0.130314 0.01105 0.019345 0.991222
6.464664 0.075401 0.105441 -0.314361 0.131009 0.010775 0.0202 0.991117
6.469665 0.075364 0.106344 -0.316826 0.132453 0.010281 0.0217 0.990898
6.474664 0.075339 0.107221 -0.319203 0.133832 0.009538 0.023102 0.990689
6.479665 0.07526 0.10812 -0.321479 0.135438 0.009087 0.02418 0.990449
6.48467 0.075143 0.109422 -0.3248 0.137585 0.008017 0.025768 0.990122
6.489676 0.075 0.110301 -0.326841 0.139284 0.007611 0.026545 0.989867
6.49468 0.074876 0.11112 -0.328796 0.140638 0.006846 0.027441 0.989657
6.499684 0.074582 0.112365 -0.331452 0.142939 0.006223 0.028649 0.989297
6.504687 0.074389 0.113198 -0.333135 0.144548 0.005672 0.029306 0.989048
6.509688 0.074143 0.114019 -0.334718 0.146051 0.005375 0.030104 0.988804
6.514688 0.073907 0.114824 -0.336198 0.147487 0.004839 0.030898 0.988569
6.519682 0.073761 0.115235 -0.336817 0.148304 0.00469 0.031242 0.988437
6.524676 0.073471 0.116056 -0.338124 0.149908 0.004474 0.031921 0.988174
6.529672 0.073184 0.116853 -0.339337 0.151285 0.00403 0.032589 0.987945
6.534663 0.072848 0.117686 -0.340423 0.152982 0.003857 0.032965 0.987671
6.539663 0.072504 0.118483 -0.341403 0.154467 0.003682 0.033467 0.987424
6.544661 0.072348 0.11889 -0.341937 0.155237 0.00345 0.033685 0.987297
6.549655 0.071947 0.119716 -0.342754 0.156903 0.003418 0.033749 0.987031
6.554657 0.071541 0.120544 -0.343445 0.158654 0.003327 0.033557 0.986758
6.55966 0.071091 0.121375 -0.344025 0.160485 0.003464 0.033251 0.986472
6.564667 0.070389 0.122624 -0.344756 0.163119 0.003564 0.032417 0.986067
6.569674 0.069599 0.12391 -0.345064 0.16618 0.003851 0.03085 0.985605
6.574676 0.069346 0.124323 -0.345211 0.167086 0.003932 0.030466 0.985464
6.579671 0.068796 0.12519 -0.345264 0.169223 0.004127 0.029236 0.985135
6.584671 0.068244 0.126033 -0.345198 0.171178 0.004208 0.028022 0.984833
6.589674 0.067963 0.12644 -0.345052 0.172101 0.004185 0.027428 0.984688
6.594679 0.067112 0.127696 -0.344718 0.175099 0.004359 0.025572 0.984209
6.599686 0.066535 0.128507 -0.344301 0.177048 0.004418 0.024426 0.983889
6.604692 0.065689 0.12968 -0.343396 0.179811 0.004216 0.023054 0.983422
6.609693 0.065107 0.130477 -0.342681 0.18184 0.004274 0.022137 0.98307
6.614692 0.064541 0.13125 -0.341857 0.183746 0.004084 0.021287 0.982735
6.61969 0.063987 0.132006 -0.340924 0.18568 0.003753 0.020637 0.982386
6.624687 0.063987 0.132006 -0.340924 0.18568 0.003753 0.020637 0.982386
6.629683 0.063424 0.132779 -0.339865 0.187826 0.003504 0.019975 0.981993
6.634676 0.062851 0.133536 -0.338691 0.189942 0.003266 0.0194 0.981598
6.639679 0.062288 0.134275 -0.3374 0.192092 0.002935 0.018978 0.981189
6.644691 0.061418 0.135376 -0.335321 0.195384 0.002528 0.018369 0.980551
6.649703 0.060833 0.136075 -0.333751 0.197585 0.002162 0.018074 0.980117
6.654716 0.060235 0.136766 -0.33206 0.199896 0.001824 0.017705 0.979655
6.659728 0.059285 0.137762 -0.329236 0.203586 0.001631 0.017041 0.978907
6.664735 0.058592 0.138391 -0.327248 0.206172 0.002022 0.016902 0.978368
6.669734 0.05793 0.138997 -0.325172 0.208691 0.001883 0.016617 0.977839
6.674729 0.057251 0.139583 -0.322994 0.211247 0.001793 0.016343 0.977294
6.679718 0.056886 0.139827 -0.321781 0.212513 0.001884 0.0165 0.977017
6.684705 0.056208 0.140357 -0.319448 0.215075 0.00158 0.016396 0.976459
6.6897 0.055858 0.140641 -0.318305 0.21642 0.001611 0.016267 0.976163
6.694699 0.055142 0.141102 -0.315811 0.218965 0.001585 0.016538 0.975591
6.6997 0.054429 0.141514 -0.313229 0.221287 0.001326 0.016764 0.975064
6.704701 0.053749 0.141884 -0.310562 0.223446 0.000446 0.01682 0.974571
6.709713 0.052748 0.142379 -0.306456 0.226477 -0.00119 0.016803 0.973871
6.714726 0.052044 0.142643 -0.30356 0.228585 -0.002149 0.016824 0.973376
6.719738 0.051358 0.142871 -0.300591 0.230634 -0.003436 0.016375 0.972897
6.72475 0.050606 0.143023 -0.29751 0.232463 -0.004207 0.016172 0.972462
6.729766 0.049415 0.143169 -0.292703 0.235197 -0.005337 0.015609 0.971808
6.734777 0.048571 0.143257 -0.289428 0.237227 -0.005873 0.015303 0.971316
6.739779 0.047674 0.143307 -0.286057 0.239356 -0.005932 0.014983 0.970798
6.744774 0.046758 0.143382 -0.282651 0.241818 -0.006227 0.014615 0.970192
6.749763 0.046274 0.143383 -0.28088 0.243028 -0.006387 0.014493 0.96989
6.754742 0.045305 0.143392 -0.277352 0.24538 -0.006483 0.014153 0.969302
6.759719 0.04426 0.143385 -0.273748 0.247847 -0.006144 0.014153 0.968676
6.764699 0.043228 0.143337 -0.270084 0.250311 -0.006028 0.014162 0.968043
6.769684 0.042146 0.143272 -0.266349 0.252828 -0.005808 0.014072 0.967392
6.774663 0.041022 0.143205 -0.262552 0.255527 -0.005428 0.014138 0.966683
6.779649 0.039888 0.143096 -0.258699 0.25806 -0.005156 0.014262 0.96601
6.784642 0.03872 0.142972 -0.254791 0.260663 -0.004807 0.014631 0.965307
6.789632 0.038137 0.142882 -0.252837 0.261765 -0.00447 0.014877 0.965007
6.794626 0.036925 0.142692 -0.248804 0.264212 -0.003826 0.015432 0.964334
6.799629 0.035697 0.142493 -0.244728 0.266653 -0.003235 0.015961 0.963655
6.804639 0.034518 0.14224 -0.240602 0.268927 -0.003009 0.016481 0.963015
6.80966 0.032663 0.141916 -0.234347 0.272692 -0.002294 0.017286 0.961943
6.814685 0.031463 0.141613 -0.230093 0.274986 -0.001893 0.018176 0.961275
6.819702 0.030285 0.141312 -0.225797 0.277389 -0.001726 0.018966 0.960569
6.824715 0.029122 0.140956 -0.221451 0.279668 -0.001516 0.019936 0.959889
6.829738 0.027948 0.14062 -0.217067 0.282109 -0.001319 0.020489 0.959163
6.834755 0.026793 0.140221 -0.212649 0.284336 -0.001173 0.021407 0.958485
6.839768 0.025046 0.139579 -0.205979 0.287514 -0.001039 0.022292 0.957516
6.844774 0.023873 0.139126 -0.201508 0.289623 -0.00081 0.022825 0.956868
6.849773 0.022684 0.138665 -0.197027 0.291676 -0.000668 0.022997 0.95624
6.854761 0.021476 0.138138 -0.192545 0.29343 -0.000332 0.023353 0.955695
6.859742 0.020861 0.137825 -0.190297 0.294112 -6.7e-05 0.023473 0.955483
6.864717 0.019617 0.137249 -0.185796 0.295793 0.000604 0.023576 0.954961
6.869699 0.018359 0.136621 -0.181316 0.297103 0.001193 0.023631 0.954552
6.874682 0.017052 0.135972 -0.176843 0.298303 0.002036 0.02354 0.954179
6.879668 0.015709 0.135296 -0.172383 0.299358 0.003039 0.023341 0.95385
6.884658 0.015052 0.134972 -0.170138 0.300005 0.003519 0.023274 0.953647
6.889655 0.013652 0.134239 -0.165687 0.300813 0.004923 0.022868 0.953396
6.894654 0.012242 0.133437 -0.161263 0.301313 0.006505 0.022582 0.953236
6.899659 0.010788 0.132638 -0.156848 0.30188 0.0084 0.021903 0.953057
6.904668 0.008523 0.131459 -0.150281 0.30246 0.011409 0.020544 0.952873
6.909675 0.006936 0.130664 -0.145934 0.302742 0.014056 0.019636 0.952767
6.914684 0.005361 0.129833 -0.141627 0.302686 0.016667 0.018664 0.952762
6.919692 0.00378 0.129 -0.137346 0.302482 0.019462 0.01759 0.952794
6.924699 0.002222 0.128153 -0.133102 0.302078 0.022193 0.016518 0.952882
6.929708 0.000641 0.127378 -0.128879 0.301851 0.025037 0.015091 0.952907
6.934717 -0.001777 0.126217 -0.1226 0.301151 0.030093 0.013181 0.95301
6.939727 -0.003385 0.125433 -0.118436 0.300522 0.033562 0.012161 0.953107
6.944723 -0.004974 0.124668 -0.114298 0.299683 0.037098 0.011094 0.953253
6.949717 -0.00659 0.123967 -0.110152 0.299097 0.041184 0.009832 0.953283
6.9547 -0.007557 0.123528 -0.107972 0.297834 0.045417 0.009487 0.953489
6.959686 -0.009051 0.122938 -0.103923 0.296874 0.048202 0.007413 0.953671
6.96467 -0.01055 0.122436 -0.099904 0.296002 0.051125 0.005204 0.953804
6.969661 -0.011372 0.122109 -0.097849 0.29543 0.05335 0.004526 0.953863
6.974659 -0.012848 0.121668 -0.093844 0.294485 0.056614 0.002493 0.953974
6.979661 -0.014243 0.121314 -0.089893 0.293262 0.059461 0.000165 0.954181
6.984668 -0.015538 0.121056 -0.086007 0.292085 0.061703 -0.002189 0.954397
6.989677 -0.017425 0.120777 -0.080204 0.290107 0.064812 -0.006144 0.954777
6.994684 -0.018462 0.12088 -0.076514 0.289638 0.065136 -0.008723 0.954878
6.999692 -0.019873 0.120771 -0.072534 0.288286 0.071188 -0.009246 0.95485
7.004701 -0.020936 0.120923 -0.068812 0.287417 0.073334 -0.010752 0.954934
7.009709 -0.021999 0.121169 -0.065092 0.286262 0.075888 -0.012259 0.955063
7.014719 -0.023009 0.121547 -0.061388 0.285642 0.078627 -0.013478 0.95501
7.019726 -0.024647 0.122277 -0.055727 0.28441 0.085954 -0.01452 0.954731
7.024729 -0.025663 0.122845 -0.05199 0.283792 0.090795 -0.014988 0.95446
7.029729 -0.02646 0.12364 -0.048433 0.283656 0.093421 -0.015936 0.954232
7.034729 -0.027151 0.124645 -0.044931 0.28392 0.095332 -0.017365 0.953939
7.039721 -0.027454 0.125176 -0.043187 0.282467 0.095795 -0.019229 0.954288
7.044715 -0.028243 0.126172 -0.039554 0.280997 0.099336 -0.021223 0.954318
7.049707 -0.028839 0.127335 -0.036097 0.280109 0.101414 -0.023101 0.954317
7.054693 -0.029399 0.128633 -0.032664 0.279109 0.103557 -0.02497 0.954333
7.059676 -0.029757 0.130124 -0.029402 0.278561 0.103882 -0.027022 0.954401
7.064663 -0.030041 0.131742 -0.026176 0.277997 0.103939 -0.029488 0.954487
7.069654 -0.030186 0.132526 -0.024563 0.277406 0.103422 -0.031169 0.954661
7.074648 -0.030379 0.134382 -0.02144 0.278216 0.103881 -0.032479 0.954332
7.079649 -0.030373 0.136417 -0.018506 0.279212 0.102249 -0.034248 0.954156
7.084656 -0.030422 0.13859 -0.015526 0.281898 0.103118 -0.034219 0.953273
7.089666 -0.030381 0.141976 -0.011197 0.285624 0.103774 -0.033844 0.952105
7.094689 -0.030213 0.14441 -0.0084 0.288423 0.103756 -0.034042 0.951256
7.099713 -0.029976 0.146946 -0.00566 0.291301 0.103403 -0.034233 0.95041
7.104733 -0.029525 0.149731 -0.003161 0.295374 0.101032 -0.034553 0.949396
7.109746 -0.028816 0.153914 0.000568 0.299182 0.097855 -0.036031 0.948481
7.114749 -0.028398 0.156729 0.00306 0.30185 0.096776 -0.036804 0.947716
7.119748 -0.027862 0.159648 0.005398 0.304726 0.094577 -0.037465 0.946992
7.124739 -0.027301 0.162634 0.007701 0.307676 0.092501 -0.038483 0.946202
7.129725 -0.027069 0.164155 0.00882 0.308909 0.09221 -0.038896 0.945812
7.134707 -0.026501 0.167221 0.011006 0.311689 0.09022 -0.039903 0.945049
7.139691 -0.025956 0.170324 0.013144 0.314375 0.088777 -0.040765 0.944259
7.144678 -0.025468 0.173394 0.01528 0.316437 0.088058 -0.041509 0.943605
7.149665 -0.025236 0.174914 0.016378 0.317422 0.087735 -0.041973 0.943284
7.154655 -0.024782 0.178062 0.018436 0.319618 0.087611 -0.042906 0.942512
7.159653 -0.024279 0.181216 0.020404 0.321166 0.087076 -0.043833 0.941992
7.164657 -0.023758 0.184412 0.0223 0.322815 0.086596 -0.044803 0.941427
7.169666 -0.023449 0.186062 0.023135 0.323719 0.086025 -0.045082 0.941155
7.174679 -0.022266 0.192602 0.026591 0.326879 0.083567 -0.046872 0.940196
7.179691 -0.021782 0.195865 0.028281 0.328291 0.084442 -0.047182 0.939611
7.184708 -0.021154 0.199139 0.029819 0.329754 0.084367 -0.047277 0.9391
7.189723 -0.020379 0.202476 0.031174 0.331279 0.082793 -0.047592 0.938688
7.194739 -0.019714 0.205796 0.032546 0.332707 0.082833 -0.047823 0.938167
7.199752 -0.019016 0.209167 0.033808 0.334097 0.082677 -0.048399 0.937657
7.204758 -0.017847 0.214196 0.035466 0.335685 0.082276 -0.049647 0.93706
7.20976 -0.017071 0.217562 0.036532 0.336859 0.082507 -0.050594 0.936568
7.214762 -0.016218 0.220982 0.037445 0.337912 0.081902 -0.052001 0.936164
7.219759 -0.015414 0.224426 0.038332 0.338806 0.082083 -0.053849 0.935721
7.224751 -0.014993 0.226135 0.0387 0.339076 0.082504 -0.054698 0.935536
7.229739 -0.014176 0.229576 0.039491 0.339836 0.083258 -0.056425 0.935091
7.234722 -0.013242 0.233086 0.040147 0.340666 0.083068 -0.058476 0.93468
7.239706 -0.01227 0.236584 0.040738 0.341446 0.082971 -0.060445 0.934279
7.244691 -0.01128 0.240114 0.041266 0.342273 0.083095 -0.062302 0.933843
7.249686 -0.010227 0.243702 0.041703 0.34326 0.082857 -0.064325 0.933365
7.254674 -0.009132 0.247285 0.042076 0.344199 0.082744 -0.065973 0.932914
7.259667 -0.007894 0.250914 0.042321 0.345346 0.081582 -0.067667 0.932471
7.264661 -0.007309 0.252712 0.042476 0.345859 0.081228 -0.068453 0.932254
7.269659 -0.005963 0.256365 0.042587 0.34716 0.079643 -0.069838 0.931804
7.27466 -0.004526 0.260023 0.042595 0.348413 0.077474 -0.071053 0.931428
7.279664 -0.003011 0.263614 0.042514 0.349514 0.075138 -0.071697 0.931157
7.284672 -0.000643 0.269039 0.042271 0.351277 0.071105 -0.072782 0.930726
7.289684 0.001038 0.272569 0.041967 0.352345 0.068235 -0.072923 0.930526
7.294695 0.002765 0.276079 0.041563 0.353453 0.064986 -0.073051 0.930329
7.299706 0.004502 0.279582 0.041075 0.354669 0.061766 -0.0731 0.930081
7.304714 0.006273 0.283057 0.040476 0.35573 0.058105 -0.073075 0.929914
7.309723 0.008915 0.288095 0.039384 0.35731 0.0533 -0.072403 0.929649
7.314729 0.010667 0.291413 0.038585 0.35841 0.050238 -0.071986 0.929428
7.319728 0.012407 0.294645 0.037674 0.359297 0.047154 -0.071398 0.929292
7.324724 0.0141 0.297843 0.036663 0.36015 0.044185 -0.071041 0.929136
7.329721 0.014917 0.299338 0.036033 0.360288 0.042843 -0.070888 0.929156
7.334716 0.016574 0.302376 0.034848 0.360693 0.040049 -0.070617 0.929145
7.339711 0.018209 0.305287 0.033551 0.360738 0.037379 -0.070438 0.929252
7.344705 0.019792 0.308106 0.032157 0.360671 0.03506 -0.070577 0.929358
7.349699 0.020609 0.309558 0.031491 0.360689 0.033728 -0.070487 0.929407
7.354695 0.022097 0.312229 0.029912 0.360141 0.031677 -0.070919 0.929659
7.359694 0.023513 0.314779 0.02821 0.359135 0.029851 -0.071407 0.930071
7.364698 0.024857 0.317269 0.026419 0.358161 0.028432 -0.072331 0.93042
7.369704 0.026854 0.320853 0.023583 0.356226 0.026134 -0.074015 0.931097
7.374711 0.028074 0.323127 0.021521 0.354721 0.024738 -0.075642 0.931579
7.379768 0.029232 0.325242 0.019373 0.352636 0.023723 -0.076893 0.932294
7.38481 0.03079 0.328187 0.015992 0.349327 0.023724 -0.078215 0.933429
7.389834 0.031822 0.330095 0.013667 0.346986 0.023461 -0.079376 0.934211
7.394839 0.032832 0.33192 0.011277 0.344586 0.023318 -0.080649 0.934993
7.399827 0.033795 0.333629 0.00882 0.341829 0.023427 -0.081656 0.935915
7.404799 0.034243 0.334401 0.007527 0.340323 0.023571 -0.082182 0.936414
7.409767 0.03517 0.335941 0.004981 0.337117 0.023795 -0.083015 0.937494
7.414726 0.03607 0.337403 0.002404 0.333876 0.024383 -0.083766 0.938571
7.419677 0.036948 0.338823 -0.000237 0.33068 0.024815 -0.084733 0.939604
7.424626 0.037847 0.340144 -0.002949 0.327086 0.024697 -0.085829 0.940765
7.429586 0.038713 0.341421 -0.00568 0.323577 0.024776 -0.087079 0.941861
7.434556 0.039151 0.342072 -0.007034 0.321835 0.024871 -0.087645 0.942402
7.439541 0.039995 0.343222 -0.009826 0.31801 0.024915 -0.088778 0.943593
7.444541 0.040849 0.344291 -0.012648 0.314006 0.024752 -0.089861 0.944835
7.449553 0.04168 0.345277 -0.015475 0.309963 0.024941 -0.090757 0.946078
7.454578 0.042919 0.34672 -0.019748 0.303949 0.024968 -0.092331 0.947875
7.45961 0.043769 0.347548 -0.02263 0.299636 0.024663 -0.09314 0.949176
7.464645 0.044611 0.348313 -0.025515 0.295275 0.024385 -0.093894 0.950475
7.469683 0.045462 0.349007 -0.028405 0.290845 0.024007 -0.094572 0.951782
7.474716 0.046303 0.349634 -0.031291 0.286457 0.023703 -0.095183 0.953059
7.479748 0.047105 0.350278 -0.034166 0.282343 0.023468 -0.096301 0.954179
7.484774 0.048332 0.350957 -0.038527 0.275369 0.022434 -0.097338 0.956135
7.489788 0.049117 0.351376 -0.041412 0.270825 0.021888 -0.098199 0.957357
7.494784 0.04986 0.351763 -0.044274 0.266481 0.021535 -0.099345 0.958465
7.499776 0.050563 0.352111 -0.047124 0.262234 0.021239 -0.100675 0.959503
7.50476 0.050869 0.352191 -0.048543 0.259924 0.021098 -0.101302 0.960069
7.509737 0.051499 0.35242 -0.051383 0.255425 0.020777 -0.102682 0.961136
7.514709 0.052082 0.352577 -0.054204 0.250885 0.020607 -0.104116 0.962181
7.519677 0.052626 0.352604 -0.057017 0.246028 0.0205 -0.105166 0.963322
7.524647 0.053064 0.352634 -0.059792 0.241506 0.020805 -0.106661 0.964295
7.529623 0.053454 0.352621 -0.062555 0.236977 0.02102 -0.108348 0.965226
7.534606 0.053783 0.352504 -0.065297 0.232311 0.021544 -0.109788 0.966185
7.539591 0.053964 0.352469 -0.066675 0.229978 0.021749 -0.11051 0.966656
7.544581 0.0542 0.352216 -0.06939 0.22506 0.022458 -0.111689 0.967662
7.549582 0.054374 0.351888 -0.072072 0.220136 0.023443 -0.112748 0.968648
7.554587 0.054488 0.35149 -0.074729 0.215196 0.024668 -0.113711 0.969614
7.559597 0.054585 0.35085 -0.078683 0.207838 0.026456 -0.115436 0.970968
7.564614 0.054596 0.350303 -0.081268 0.202771 0.027723 -0.116569 0.971868
7.569633 0.054511 0.349689 -0.083801 0.1976 0.029496 -0.117541 0.972763
7.574653 0.054363 0.349046 -0.086312 0.192351 0.031221 -0.118794 0.973609
7.579671 0.054166 0.348347 -0.088773 0.187091 0.033156 -0.120456 0.974366
7.584683 0.053931 0.347634 -0.091173 0.182079 0.035256 -0.122651 0.974967
7.589694 0.053683 0.346832 -0.093521 0.176869 0.037355 -0.124984 0.975552
7.594701 0.053278 0.345556 -0.096931 0.169262 0.040315 -0.129756 0.97616
7.59971 0.052996 0.344633 -0.099162 0.164024 0.042452 -0.132606 0.976581
7.604706 0.052712 0.343719 -0.101336 0.159142 0.044541 -0.135931 0.976838
7.609702 0.052444 0.342786 -0.103469 0.154349 0.046443 -0.139304 0.977043
7.614693 0.052337 0.342266 -0.104481 0.152034 0.047412 -0.14042 0.9772
7.619679 0.05212 0.341263 -0.106515 0.147547 0.049409 -0.142952 0.977422
7.624663 0.051935 0.340232 -0.108509 0.143102 0.051197 -0.145149 0.977667
7.629647 0.051776 0.339194 -0.110454 0.138836 0.052857 -0.147067 0.977907
7.634631 0.051646 0.338131 -0.112335 0.134763 0.054644 -0.148463 0.978168
7.63962 0.051558 0.337605 -0.113296 0.132622 0.05561 -0.149243 0.978287
7.644614 0.051505 0.336534 -0.115113 0.128811 0.056838 -0.15039 0.97855
7.649613 0.051529 0.335391 -0.116888 0.124798 0.057562 -0.151162 0.978909
7.654616 0.051617 0.334165 -0.118584 0.12083 0.058239 -0.15145 0.979322
7.659625 0.051757 0.332374 -0.121055 0.115264 0.059005 -0.152169 0.979835
7.664636 0.051907 0.331123 -0.122589 0.111631 0.059185 -0.152632 0.980173
7.669649 0.052082 0.329839 -0.124056 0.108061 0.059227 -0.153104 0.980497
7.674664 0.052302 0.328486 -0.125465 0.104343 0.05894 -0.153342 0.98088
7.679674 0.052537 0.327145 -0.126788 0.100969 0.058676 -0.153821 0.981173
7.684682 0.052791 0.325786 -0.128041 0.097723 0.058372 -0.154084 0.981479
7.689688 0.053043 0.324462 -0.129229 0.094813 0.058074 -0.15438 0.981736
7.694691 0.053345 0.323143 -0.130368 0.091963 0.057379 -0.154741 0.981991
7.699695 0.053677 0.321793 -0.131461 0.089019 0.056407 -0.154782 0.982312
7.7047 0.054199 0.319859 -0.132918 0.08561 0.054997 -0.154831 0.982687
7.709702 0.054567 0.318536 -0.133842 0.083087 0.05368 -0.154563 0.983018
7.714704 0.054924 0.31722 -0.134674 0.080886 0.05268 -0.153917 0.983357
7.719703 0.055257 0.315949 -0.135424 0.078954 0.051803 -0.153391 0.983643
7.724699 0.055257 0.315949 -0.135424 0.078954 0.051803 -0.153391 0.983643
7.729694 0.055596 0.314628 -0.136082 0.07689 0.050909 -0.152371 0.984012
7.734688 0.055923 0.313358 -0.136684 0.074796 0.04959 -0.15178 0.984332
7.739696 0.056223 0.312099 -0.137151 0.073108 0.048878 -0.151029 0.98461
7.744705 0.056671 0.310156 -0.137748 0.070047 0.047446 -0.149384 0.985153
7.749713 0.056927 0.308922 -0.13795 0.068545 0.047002 -0.148586 0.985401
7.754716 0.057299 0.307103 -0.138007 0.066061 0.046066 -0.14787 0.985722
7.759719 0.05756 0.305864 -0.137943 0.064434 0.045508 -0.147219 0.985953
7.76472 0.057803 0.304706 -0.137781 0.063014 0.044893 -0.147327 0.986057
7.769717 0.058046 0.303512 -0.137489 0.061694 0.04463 -0.146935 0.986211
7.774714 0.05816 0.302961 -0.137244 0.061053 0.044275 -0.147127 0.986238
7.77971 0.058396 0.301834 -0.136819 0.059727 0.043609 -0.147296 0.986324
7.784703 0.05863 0.300719 -0.136279 0.058509 0.043036 -0.147496 0.986392
7.789695 0.05885 0.299673 -0.135642 0.05744 0.042303 -0.148115 0.986394
7.794688 0.059078 0.298604 -0.13488 0.056396 0.041728 -0.148329 0.986447
7.799681 0.059287 0.297597 -0.134019 0.055534 0.041196 -0.148769 0.986452
7.804671 0.059489 0.296656 -0.133068 0.054755 0.040453 -0.149558 0.986407
7.809666 0.059597 0.296152 -0.132625 0.054307 0.040094 -0.149747 0.986417
7.814666 0.059787 0.295237 -0.131498 0.053588 0.039462 -0.150162 0.986419
7.819664 0.059992 0.294375 -0.130281 0.052991 0.038536 -0.150932 0.98637
7.824666 0.060178 0.293563 -0.128963 0.052443 0.037669 -0.151612 0.986329
7.829671 0.060448 0.292378 -0.126837 0.05181 0.036637 -0.152311 0.986294
7.834681 0.060617 0.291675 -0.125246 0.051642 0.035974 -0.152878 0.986239
7.839689 0.060866 0.290745 -0.122606 0.051539 0.034637 -0.15386 0.98614
7.844693 0.061039 0.290109 -0.120724 0.051606 0.034064 -0.154044 0.986127
7.849693 0.061189 0.289559 -0.118756 0.051723 0.033363 -0.154636 0.986052
7.854688 0.061328 0.289023 -0.116658 0.05193 0.032919 -0.154713 0.986044
7.859681 0.061386 0.288809 -0.115496 0.052027 0.032586 -0.154799 0.986037
7.864677 0.061508 0.288352 -0.113223 0.052503 0.032226 -0.155085 0.985978
7.869673 0.061576 0.288113 -0.11213 0.05267 0.031941 -0.155325 0.985941
7.87467 0.061705 0.287704 -0.109713 0.052938 0.03121 -0.15569 0.985893
7.87967 0.061802 0.287386 -0.107185 0.053568 0.030628 -0.156443 0.985757
7.884676 0.061891 0.287056 -0.104525 0.054246 0.030426 -0.15677 0.985675
7.889682 0.062014 0.286658 -0.10043 0.055314 0.029684 -0.157681 0.985493
7.894691 0.062065 0.286454 -0.097521 0.056308 0.029437 -0.158189 0.985362
7.899698 0.062149 0.286241 -0.094494 0.057413 0.029153 -0.158579 0.985244
7.904701 0.062215 0.286073 -0.089772 0.059031 0.028411 -0.159079 0.98509
7.909703 0.062223 0.286023 -0.086544 0.060372 0.028178 -0.159457 0.984954
7.914705 0.062246 0.285982 -0.083234 0.061625 0.027784 -0.159734 0.984843
7.9197 0.062267 0.285982 -0.079839 0.06311 0.027463 -0.159784 0.98475
7.924695 0.062257 0.286044 -0.07807 0.063912 0.027272 -0.159828 0.984696
7.929691 0.062261 0.286105 -0.074574 0.065443 0.026948 -0.159665 0.984631
7.934685 0.062271 0.286124 -0.072846 0.066157 0.026726 -0.159753 0.984575
7.939682 0.062231 0.286311 -0.069271 0.067934 0.026391 -0.159794 0.984456
7.944686 0.062196 0.286536 -0.065631 0.069923 0.02609 -0.15987 0.984313
7.949689 0.062153 0.286777 -0.061938 0.072029 0.025871 -0.159533 0.984221
7.954689 0.062076 0.287208 -0.056341 0.075554 0.025647 -0.158925 0.984061
7.959689 0.061952 0.287628 -0.052578 0.078267 0.025562 -0.158888 0.983857
7.964691 0.06186 0.288013 -0.048779 0.081193 0.025624 -0.158351 0.983705
7.969691 0.061699 0.288446 -0.044974 0.084279 0.025928 -0.157889 0.983512
7.974693 0.061513 0.288926 -0.041167 0.087687 0.02633 -0.157669 0.983239
7.979698 0.061319 0.289346 -0.037337 0.091166 0.027122 -0.15699 0.983009
7.984704 0.061071 0.289823 -0.033542 0.094709 0.027829 -0.156836 0.982679
7.989712 0.060806 0.290309 -0.029766 0.098235 0.028359 -0.156852 0.982315
7.99472 0.060515 0.290788 -0.025987 0.102014 0.029233 -0.156983 0.981883
7.999729 0.05996 0.29153 -0.020378 0.107744 0.030734 -0.157727 0.981106
8.004733 0.059561 0.292057 -0.016665 0.111711 0.031744 -0.158518 0.980502
8.009735 0.059158 0.292487 -0.012968 0.115445 0.032924 -0.158949 0.979961
8.014735 0.058704 0.292933 -0.009304 0.1193 0.034186 -0.159509 0.979365
8.019727 0.058442 0.293096 -0.007504 0.121198 0.035136 -0.159399 0.979116
8.024714 0.057957 0.293473 -0.003904 0.124907 0.03649 -0.159768 0.97854
8.029697 0.057456 0.293751 -0.000335 0.128471 0.038167 -0.159957 0.977984
8.034679 0.057215 0.293905 0.001471 0.130273 0.03893 -0.15989 0.977726
8.039672 0.05666 0.294121 0.004963 0.133661 0.040731 -0.159901 0.977194
8.044675 0.05612 0.294208 0.008397 0.136648 0.042504 -0.159692 0.976739
8.049685 0.055586 0.294199 0.011771 0.139416 0.04425 -0.159738 0.976263
8.054698 0.054725 0.294141 0.016765 0.143622 0.047241 -0.159856 0.975493
8.059715 0.05416 0.293977 0.019969 0.146073 0.049033 -0.160643 0.974911
8.064734 0.053612 0.293694 0.02312 0.148423 0.051067 -0.161533 0.974305
8.069746 0.053063 0.293311 0.026176 0.150322 0.052891 -0.162443 0.973765
8.074758 0.052548 0.292829 0.02917 0.15224 0.0548 -0.163576 0.973172
8.079766 0.051867 0.291856 0.033453 0.154525 0.057323 -0.16569 0.972308
8.084766 0.051434 0.291143 0.036259 0.156094 0.059143 -0.167055 0.971715
8.089765 0.051072 0.290304 0.038963 0.15709 0.060365 -0.168351 0.971255
8.094764 0.050759 0.289366 0.04161 0.158041 0.061636 -0.169759 0.970776
8.099762 0.050654 0.288797 0.042846 0.158174 0.062 -0.170189 0.970656
8.104753 0.050401 0.287755 0.045373 0.158803 0.062934 -0.17143 0.970274
8.109745 0.050193 0.286654 0.047832 0.159364 0.063758 -0.172767 0.969891
8.11473 0.050039 0.28547 0.050213 0.159609 0.064251 -0.174086 0.969583
8.119716 0.049906 0.284232 0.052517 0.159671 0.064636 -0.17522 0.969343
8.124702 0.049809 0.28296 0.054748 0.159674 0.064897 -0.176602 0.969074
8.129691 0.049757 0.28232 0.055885 0.159593 0.064973 -0.177071 0.968997
8.134682 0.049703 0.280953 0.058 0.159244 0.065036 -0.178288 0.968827
8.139683 0.049677 0.279545 0.060022 0.158677 0.064826 -0.179394 0.968729
8.14469 0.049658 0.278157 0.061963 0.158234 0.064505 -0.180986 0.968527
8.149699 0.049647 0.275966 0.064782 0.157259 0.064186 -0.182596 0.968405
8.154707 0.04964 0.274499 0.066502 0.156557 0.063788 -0.183716 0.968333
8.15972 0.049671 0.273022 0.068136 0.15602 0.063253 -0.184971 0.968216
8.164731 0.049703 0.271521 0.069661 0.155362 0.062505 -0.18589 0.968195
8.169739 0.049747 0.270019 0.071087 0.154808 0.061693 -0.186701 0.968179
8.174741 0.049778 0.268509 0.072411 0.154264 0.060953 -0.187228 0.968211
8.179744 0.04978 0.265401 0.074576 0.152778 0.059361 -0.186742 0.96864
8.184743 0.04979 0.264643 0.075157 0.152432 0.05881 -0.186879 0.968701
8.189744 0.049775 0.263035 0.076066 0.151328 0.057712 -0.18614 0.969082
8.194743 0.049714 0.261449 0.076861 0.150279 0.056601 -0.185692 0.969397
8.199744 0.049627 0.259791 0.077563 0.149213 0.055873 -0.184903 0.969755
8.204743 0.049542 0.258926 0.07778 0.14858 0.055461 -0.184545 0.969944
8.209742 0.049389 0.257251 0.07829 0.147441 0.054592 -0.184001 0.97027
8.214737 0.049193 0.255535 0.078671 0.146126 0.053653 -0.183528 0.970611
8.219728 0.048944 0.253804 0.078936 0.144921 0.052939 -0.183289 0.970876
8.224719 0.04865 0.252028 0.07907 0.143628 0.052287 -0.183026 0.971153
8.229713 0.048315 0.250223 0.079068 0.142394 0.051604 -0.182954 0.971385
8.234709 0.047916 0.248402 0.078938 0.141265 0.051165 -0.183088 0.971548
8.239698 0.047458 0.24655 0.078659 0.140041 0.05084 -0.183136 0.971733
8.244694 0.047253 0.245643 0.078562 0.139395 0.050453 -0.183284 0.971818
8.249687 0.046718 0.243743 0.078052 0.13799 0.050054 -0.183299 0.972036
8.254686 0.046118 0.241818 0.077393 0.13666 0.04991 -0.183205 0.972249
8.259693 0.045463 0.239843 0.076575 0.135241 0.049859 -0.182707 0.972544
8.264703 0.044417 0.23685 0.075129 0.133009 0.049545 -0.181859 0.973027
8.269714 0.043627 0.234786 0.073914 0.131599 0.049731 -0.18111 0.973349
8.274725 0.042798 0.232673 0.072538 0.130131 0.049889 -0.180274 0.973693
8.279736 0.041923 0.230457 0.071003 0.128485 0.050106 -0.178897 0.974154
8.284745 0.040971 0.228228 0.069323 0.127054 0.050591 -0.177665 0.974543
8.289754 0.039994 0.225907 0.067465 0.125276 0.050612 -0.176369 0.975007
8.294762 0.038402 0.222217 0.064328 0.122504 0.051057 -0.174248 0.975717
8.299768 0.037322 0.21962 0.062123 0.120303 0.051291 -0.172458 0.976296
8.30477 0.036198 0.216915 0.059784 0.117885 0.05158 -0.170518 0.976917
8.309764 0.035025 0.214108 0.057312 0.115223 0.05182 -0.168623 0.97755
8.314752 0.034403 0.212574 0.055951 0.113637 0.051963 -0.167787 0.977872
8.319736 0.033191 0.209583 0.053312 0.110594 0.052127 -0.166031 0.978512
8.324722 0.031964 0.206438 0.050559 0.107127 0.05213 -0.164206 0.979205
8.32971 0.030693 0.203171 0.047727 0.103579 0.05251 -0.16242 0.979864
8.334701 0.029408 0.199781 0.044797 0.099659 0.052636 -0.160991 0.9805
8.33968 0.028112 0.196266 0.041771 0.095392 0.05254 -0.159978 0.981095
8.344667 0.027463 0.194558 0.040286 0.093385 0.05259 -0.159373 0.981384
8.349658 0.026117 0.190914 0.03714 0.088926 0.052478 -0.15913 0.981843
8.354656 0.024738 0.187165 0.033943 0.084473 0.052677 -0.15914 0.982224
8.359661 0.023362 0.183279 0.030664 0.079554 0.052458 -0.159287 0.982623
8.364676 0.021235 0.177358 0.0257 0.072207 0.052704 -0.160052 0.983052
8.369693 0.01981 0.173296 0.022256 0.066985 0.052328 -0.161214 0.983252
8.374719 0.018345 0.169168 0.01878 0.061936 0.052546 -0.162271 0.983398
8.379755 0.016878 0.16503 0.015217 0.056983 0.05241 -0.163457 0.983508
8.384785 0.015389 0.160869 0.011609 0.052181 0.05259 -0.164589 0.983576
8.389809 0.013249 0.154499 0.005996 0.045204 0.052473 -0.164496 0.983943
8.39482 0.011829 0.150229 0.002248 0.040975 0.053156 -0.163567 0.984246
8.399818 0.010486 0.145931 -0.001585 0.036902 0.05344 -0.16201 0.98465
8.404802 0.009117 0.141589 -0.005364 0.032976 0.055008 -0.159547 0.985105
8.40978 0.008491 0.139321 -0.007254 0.031004 0.056244 -0.157121 0.985489
8.41475 0.007258 0.134855 -0.011116 0.0269 0.057175 -0.153333 0.986152
8.41972 0.005987 0.130289 -0.01484 0.022574 0.059954 -0.148949 0.986768
8.424692 0.004824 0.125603 -0.018573 0.01811 0.062589 -0.1437 0.987474
8.429673 0.004214 0.123308 -0.020452 0.016068 0.06404 -0.14113 0.987787
8.434666 0.003166 0.118537 -0.024177 0.011338 0.066306 -0.136107 0.988408
8.439661 0.002172 0.113764 -0.027884 0.006846 0.068427 -0.131977 0.988865
8.44467 0.00126 0.108918 -0.031571 0.002084 0.070094 -0.128534 0.989223
8.449681 0.000103 0.101502 -0.037178 -0.005438 0.070756 -0.123601 0.989791
8.454694 -0.000576 0.096549 -0.040854 -0.010374 0.070605 -0.122228 0.989933
8.459713 -0.001162 0.091604 -0.044562 -0.014843 0.069668 -0.1213 0.990057
8.464732 -0.001619 0.086631 -0.048294 -0.019585 0.067188 -0.121138 0.990166
8.469749 -0.002117 0.081609 -0.051874 -0.026135 0.063832 -0.12254 0.990064
8.474764 -0.00257 0.07654 -0.055403 -0.032945 0.060209 -0.123787 0.989932
8.479778 -0.003263 0.06901 -0.060559 -0.043382 0.054588 -0.125755 0.989608
8.484783 -0.003822 0.064085 -0.06393 -0.049916 0.051945 -0.127389 0.989233
8.48978 -0.004365 0.059188 -0.067292 -0.055923 0.049362 -0.128679 0.988877
8.494768 -0.00487 0.054328 -0.070703 -0.062451 0.045297 -0.130197 0.988482
8.49975 -0.005204 0.052026 -0.072415 -0.064386 0.044613 -0.130414 0.98836
8.504726 -0.005861 0.047339 -0.075799 -0.069749 0.042196 -0.131464 0.987963
8.509708 -0.006573 0.042779 -0.079204 -0.073735 0.0413 -0.131746 0.987674
8.514691 -0.007344 0.038326 -0.082623 -0.07737 0.040731 -0.131833 0.987408
8.519677 -0.008159 0.033984 -0.086095 -0.080493 0.040255 -0.131758 0.987188
8.524663 -0.00904 0.029741 -0.089537 -0.083214 0.040716 -0.131466 0.986982
8.529647 -0.009963 0.025629 -0.092991 -0.085527 0.041261 -0.130813 0.986849
8.534636 -0.01042 0.023517 -0.094706 -0.08716 0.041329 -0.130662 0.986723
8.539631 -0.011436 0.019586 -0.09814 -0.088814 0.043129 -0.129534 0.986647
8.544625 -0.012453 0.015739 -0.101568 -0.090427 0.043486 -0.128676 0.986597
8.54963 -0.013473 0.01199 -0.10497 -0.091682 0.044014 -0.127755 0.986578
8.554643 -0.014946 0.006518 -0.110145 -0.092939 0.04463 -0.126062 0.98665
8.559661 -0.015974 0.00308 -0.113486 -0.093367 0.045923 -0.125502 0.986622
8.564681 -0.016957 -0.000233 -0.116857 -0.093483 0.047425 -0.12463 0.98665
8.569697 -0.017887 -0.003493 -0.12023 -0.093834 0.047833 -0.124179 0.986654
8.574713 -0.018847 -0.006676 -0.123567 -0.093709 0.048516 -0.123628 0.986702
8.579721 -0.019808 -0.009715 -0.126916 -0.093476 0.050609 -0.123279 0.986663
8.584728 -0.020835 -0.0127 -0.13019 -0.093492 0.052764 -0.123667 0.9865
8.589737 -0.022782 -0.018314 -0.136591 -0.092719 0.057809 -0.123704 0.986285
8.594741 -0.023265 -0.019754 -0.138221 -0.092539 0.058901 -0.123508 0.986262
8.599748 -0.024107 -0.022431 -0.141458 -0.091946 0.060483 -0.123324 0.986245
8.604745 -0.02495 -0.025014 -0.144616 -0.091338 0.062946 -0.123189 0.986164
8.609739 -0.025753 -0.027538 -0.147695 -0.091471 0.064993 -0.123544 0.985975
8.614729 -0.026062 -0.028694 -0.14921 -0.09106 0.066112 -0.123205 0.985981
8.619719 -0.026728 -0.031116 -0.152226 -0.090974 0.06786 -0.12308 0.985886
8.624707 -0.027319 -0.03337 -0.155211 -0.09057 0.070098 -0.122678 0.985816
8.629698 -0.02785 -0.03568 -0.15812 -0.0903 0.071582 -0.12202 0.985816
8.63469 -0.028341 -0.037852 -0.160963 -0.090204 0.072829 -0.12208 0.985726
8.639683 -0.028573 -0.03892 -0.16244 -0.090001 0.073847 -0.121914 0.985689
8.644677 -0.029015 -0.041059 -0.165146 -0.089604 0.075431 -0.121674 0.985635
8.64968 -0.029383 -0.043112 -0.167777 -0.089574 0.07654 -0.121658 0.985554
8.654685 -0.029664 -0.045054 -0.170395 -0.088781 0.077488 -0.12147 0.985575
8.659689 -0.030082 -0.047958 -0.17417 -0.088217 0.079055 -0.121306 0.985522
8.664695 -0.030369 -0.049996 -0.176458 -0.088555 0.079154 -0.121337 0.98548
8.669701 -0.03056 -0.05182 -0.178748 -0.088793 0.079359 -0.121677 0.9854
8.674705 -0.030692 -0.053707 -0.180924 -0.08908 0.079354 -0.120818 0.98548
8.679708 -0.030795 -0.055456 -0.183 -0.089976 0.078805 -0.120666 0.985461
8.68471 -0.030738 -0.058665 -0.186921 -0.090429 0.078306 -0.118734 0.985694
8.689711 -0.030758 -0.059549 -0.187913 -0.090754 0.078086 -0.118268 0.985738
8.694711 -0.030789 -0.060422 -0.188833 -0.091515 0.077688 -0.118107 0.985718
8.69971 -0.030643 -0.06174 -0.190668 -0.091263 0.078478 -0.116897 0.985823
8.70471 -0.030545 -0.063072 -0.192278 -0.091499 0.079722 -0.115381 0.98588
8.709708 -0.030425 -0.06374 -0.193006 -0.091867 0.079441 -0.114185 0.986008
8.714711 -0.030074 -0.065564 -0.195399 -0.091987 0.079548 -0.111991 0.98624
8.719714 -0.02985 -0.066693 -0.196747 -0.092322 0.080454 -0.110268 0.986329
8.724716 -0.029582 -0.067728 -0.197992 -0.093018 0.080261 -0.109143 0.986404
8.729719 -0.029254 -0.068679 -0.199194 -0.093262 0.079606 -0.107442 0.986621
8.734719 -0.028914 -0.069613 -0.200313 -0.094014 0.078559 -0.106305 0.986757
8.739717 -0.028528 -0.070407 -0.201373 -0.094327 0.077592 -0.104894 0.986955
8.744718 -0.028167 -0.071025 -0.202305 -0.094648 0.077356 -0.104303 0.987005
8.749725 -0.027821 -0.071637 -0.203139 -0.095211 0.076873 -0.103291 0.987095
8.75473 -0.027419 -0.072125 -0.203955 -0.0953 0.075617 -0.102389 0.987277
8.759734 -0.02703 -0.072493 -0.204634 -0.095643 0.074889 -0.101657 0.987375
8.764746 -0.026403 -0.072772 -0.205511 -0.095584 0.074664 -0.100729 0.987493
8.769748 -0.025958 -0.072861 -0.206009 -0.095561 0.074336 -0.099867 0.987608
8.774744 -0.025517 -0.072858 -0.20645 -0.095487 0.073517 -0.099619 0.987701
8.779737 -0.025544 -0.072688 -0.206302 -0.095301 0.07411 -0.099876 0.987649
8.784729 -0.024918 -0.072588 -0.206861 -0.0952 0.072981 -0.099765 0.987754
8.789722 -0.024547 -0.072306 -0.207033 -0.095334 0.07275 -0.100497 0.987684
8.794711 -0.024155 -0.071878 -0.207138 -0.095165 0.07267 -0.101302 0.987624
8.799702 -0.023759 -0.071334 -0.207192 -0.094831 0.072631 -0.102068 0.98758
8.804692 -0.023379 -0.070709 -0.207122 -0.094846 0.071874 -0.103126 0.987524
8.809687 -0.023005 -0.069971 -0.206978 -0.094582 0.071307 -0.10417 0.987481
8.814684 -0.022831 -0.06964 -0.206923 -0.094527 0.071017 -0.104822 0.987438
8.819683 -0.022429 -0.068666 -0.206704 -0.093989 0.070331 -0.106018 0.987411
8.824685 -0.021972 -0.067562 -0.206449 -0.093291 0.069229 -0.10717 0.98743
8.829684 -0.021496 -0.066284 -0.206111 -0.092335 0.068759 -0.108184 0.987442
8.834686 -0.020687 -0.064227 -0.205613 -0.090165 0.067383 -0.108842 0.987666
8.839692 -0.020084 -0.062637 -0.205156 -0.088556 0.06625 -0.109267 0.987841
8.844697 -0.019422 -0.060888 -0.20468 -0.086573 0.064984 -0.109461 0.988079
8.849704 -0.018648 -0.058936 -0.204208 -0.083954 0.063377 -0.109433 0.988413
8.854706 -0.017465 -0.055784 -0.203282 -0.07982 0.06093 -0.108814 0.988977
8.859706 -0.016692 -0.05353 -0.202586 -0.077215 0.059196 -0.108869 0.989283
8.864707 -0.015939 -0.051143 -0.20183 -0.074154 0.057932 -0.108704 0.98961
8.869706 -0.01522 -0.048614 -0.200967 -0.070836 0.056655 -0.108599 0.989939
8.874705 -0.01485 -0.047238 -0.200488 -0.069142 0.055744 -0.108124 0.990162
8.879705 -0.014042 -0.044496 -0.199601 -0.065498 0.053871 -0.10744 0.990588
8.884702 -0.013238 -0.041644 -0.198637 -0.061434 0.052589 -0.106213 0.991049
8.889697 -0.01249 -0.038701 -0.197561 -0.058006 0.05123 -0.105398 0.991414
8.894693 -0.011772 -0.035564 -0.196418 -0.054079 0.050309 -0.10461 0.991767
8.899693 -0.011017 -0.032373 -0.195243 -0.050099 0.048975 -0.103591 0.992149
8.904682 -0.010286 -0.029083 -0.193967 -0.045933 0.048358 -0.10204 0.992542
8.909678 -0.009866 -0.027453 -0.193392 -0.04375 0.0472 -0.101207 0.992782
8.914675 -0.009091 -0.024085 -0.192003 -0.040333 0.045838 -0.099581 0.993154
8.919675 -0.008356 -0.020556 -0.190543 -0.036489 0.044755 -0.098648 0.993446
8.924677 -0.007702 -0.017031 -0.18897 -0.032817 0.044192 -0.097418 0.99372
8.92968 -0.006732 -0.011602 -0.186546 -0.027214 0.042945 -0.096208 0.994062
8.934682 -0.006102 -0.00796 -0.184791 -0.024225 0.041469 -0.095596 0.994261
8.939685 -0.005565 -0.00419 -0.18293 -0.021082 0.040698 -0.095436 0.99438
8.94469 -0.005087 -0.000396 -0.181001 -0.01819 0.039897 -0.095404 0.994472
8.949693 -0.004676 0.003527 -0.179037 -0.014441 0.039472 -0.09597 0.994496
8.954696 -0.004299 0.007458 -0.176954 -0.010989 0.039636 -0.095748 0.994555
8.959702 -0.003793 0.013524 -0.173735 -0.005403 0.039603 -0.095747 0.994603
8.964704 -0.003496 0.017603 -0.17153 -0.001651 0.039961 -0.095506 0.994625
8.969701 -0.003353 0.019649 -0.170438 0.000334 0.040223 -0.095511 0.994615
8.974698 -0.003004 0.023815 -0.168297 0.004879 0.039661 -0.094771 0.994697
8.979701 -0.002656 0.028027 -0.16609 0.009121 0.038624 -0.093523 0.994826
8.984701 -0.002279 0.032278 -0.163946 0.014211 0.037469 -0.092334 0.994921
8.989701 -0.001751 0.038687 -0.16068 0.021405 0.035838 -0.090345 0.995035
8.994701 -0.001379 0.043086 -0.158584 0.026902 0.034116 -0.088594 0.99512
8.999701 -0.00121 0.045378 -0.157581 0.02963 0.032663 -0.088243 0.995122
9.004699 -0.000916 0.049816 -0.155413 0.034767 0.03128 -0.087044 0.995106
9.009694 -0.000611 0.054307 -0.153301 0.040083 0.029291 -0.085978 0.995059
9.014688 -0.000396 0.058805 -0.151096 0.045224 0.028461 -0.084871 0.994958
9.01968 -0.000166 0.063342 -0.148937 0.050676 0.027362 -0.083623 0.994832
9.024674 4e-06 0.067912 -0.146762 0.055882 0.026588 -0.082684 0.994652
9.029671 0.000137 0.072437 -0.144528 0.060389 0.026297 -0.081741 0.994475
9.034666 0.000288 0.076934 -0.142295 0.064784 0.02595 -0.080655 0.994296
9.039662 0.000342 0.079205 -0.141166 0.067142 0.02585 -0.080385 0.994164
9.044656 0.000442 0.083617 -0.13881 0.071261 0.026843 -0.079001 0.993962
9.049654 0.000583 0.088054 -0.136523 0.075173 0.027103 -0.078076 0.99374
9.054661 0.00076 0.092436 -0.134214 0.07885 0.027553 -0.076956 0.99353
9.059669 0.001056 0.098982 -0.130762 0.083782 0.027968 -0.075692 0.993211
9.064679 0.001366 0.103356 -0.12853 0.086943 0.027213 -0.075831 0.99295
9.069693 0.001709 0.107681 -0.126284 0.089915 0.026733 -0.076243 0.992667
9.074704 0.002082 0.112024 -0.124069 0.092998 0.026278 -0.077115 0.992328
9.079719 0.002514 0.1163 -0.121875 0.095663 0.025724 -0.077749 0.992039
9.084725 0.003051 0.120537 -0.11972 0.098163 0.024808 -0.078492 0.99176
9.089728 0.003627 0.124778 -0.11762 0.100514 0.023853 -0.079342 0.99148
9.094731 0.004659 0.131146 -0.114576 0.104607 0.022716 -0.079603 0.991062
9.099739 0.005434 0.135305 -0.112537 0.107467 0.022506 -0.078853 0.990821
9.104741 0.006288 0.139513 -0.110596 0.110409 0.021744 -0.078168 0.990569
9.109738 0.007252 0.143668 -0.108743 0.113115 0.020598 -0.076853 0.990391
9.114732 0.007808 0.145769 -0.107908 0.114596 0.019796 -0.076183 0.990289
9.119725 0.008862 0.149953 -0.106184 0.117474 0.018357 -0.074971 0.990072
9.124719 0.009986 0.154102 -0.104533 0.120439 0.016863 -0.073581 0.989846
9.129709 0.011179 0.158231 -0.102955 0.12364 0.01538 -0.072159 0.989581
9.134701 0.012452 0.162295 -0.101467 0.126746 0.013727 -0.070669 0.989319
9.139691 0.013788 0.166266 -0.100066 0.129719 0.012081 -0.069041 0.98907
9.144683 0.015124 0.170204 -0.098757 0.133028 0.010955 -0.067347 0.988761
9.149677 0.016502 0.174047 -0.097549 0.136187 0.00991 -0.065242 0.988483
9.154674 0.017941 0.177868 -0.09647 0.139412 0.008303 -0.063807 0.988142
9.159662 0.018652 0.17978 -0.095875 0.141032 0.007665 -0.062928 0.987973
9.164658 0.020189 0.18338 -0.094943 0.144188 0.006348 -0.060715 0.987665
9.169654 0.021749 0.186921 -0.094161 0.147146 0.004708 -0.058568 0.987368
9.174656 0.023341 0.190319 -0.093495 0.149931 0.003143 -0.055931 0.987108
9.179668 0.025737 0.195303 -0.092643 0.154229 0.00106 -0.051725 0.98668
9.184684 0.027427 0.198379 -0.09231 0.156449 -0.001153 -0.048734 0.986482
9.189698 0.029153 0.201278 -0.0921 0.158417 -0.003571 -0.045883 0.986299
9.194711 0.030848 0.203961 -0.091984 0.160243 -0.005185 -0.042578 0.986145
9.199721 0.032546 0.20648 -0.092012 0.161642 -0.007162 -0.039967 0.986014
9.204729 0.034989 0.209724 -0.092344 0.163106 -0.009064 -0.036683 0.985885
9.209733 0.036592 0.211715 -0.092684 0.163653 -0.010318 -0.035118 0.985839
9.214733 0.038142 0.213494 -0.093157 0.163915 -0.011266 -0.033838 0.98583
9.219729 0.039613 0.215104 -0.093774 0.163899 -0.011964 -0.03317 0.985847
9.224724 0.040276 0.215702 -0.094226 0.163661 -0.011859 -0.033189 0.985887
9.229714 0.041649 0.21704 -0.095033 0.163483 -0.011841 -0.033007 0.985923
9.234704 0.04295 0.218199 -0.09598 0.163005 -0.011543 -0.033054 0.986004
9.239696 0.044172 0.219204 -0.097065 0.162365 -0.010901 -0.033291 0.986109
9.244678 0.045347 0.220031 -0.098288 0.161445 -0.010156 -0.033588 0.986258
9.249654 0.046441 0.220729 -0.099653 0.160413 -0.009167 -0.033896 0.986425
9.254626 0.047688 0.221271 -0.101308 0.157588 -0.011741 -0.035793 0.986786
9.2596 0.048886 0.221675 -0.103117 0.154306 -0.014622 -0.037988 0.987184
9.264575 0.049461 0.22191 -0.103929 0.153184 -0.015068 -0.038609 0.987328
9.269556 0.050589 0.222124 -0.105979 0.14931 -0.018657 -0.041143 0.987758
9.274554 0.051654 0.222186 -0.108176 0.144825 -0.022612 -0.043752 0.988231
9.279566 0.052677 0.222083 -0.110515 0.13987 -0.026923 -0.046254 0.988722
9.284589 0.054182 0.221794 -0.11426 0.131301 -0.035198 -0.051078 0.9894
9.28962 0.055005 0.22139 -0.116954 0.125222 -0.040379 -0.05444 0.989811
9.294659 0.055455 0.220878 -0.119588 0.121137 -0.040644 -0.055814 0.990232
9.299696 0.05578 0.220255 -0.122323 0.117103 -0.040303 -0.05703 0.990661
9.304731 0.056061 0.219475 -0.125166 0.112605 -0.040171 -0.058313 0.991113
9.309758 0.056246 0.218604 -0.128102 0.108218 -0.039723 -0.059677 0.991539
9.314776 0.056292 0.21711 -0.132744 0.10168 -0.038573 -0.062097 0.992128
9.319785 0.056262 0.216033 -0.135887 0.097433 -0.037448 -0.063446 0.992511
9.324785 0.056211 0.214827 -0.139118 0.092828 -0.036657 -0.0647 0.992901
9.329777 0.056119 0.21354 -0.142425 0.08832 -0.035903 -0.066041 0.993252
9.334761 0.055994 0.21282 -0.144136 0.086268 -0.035132 -0.066611 0.993422
9.33974 0.055817 0.211407 -0.147534 0.081743 -0.034299 -0.068079 0.993734
9.344708 0.055571 0.209894 -0.150965 0.077428 -0.032913 -0.069205 0.994048
9.349685 0.055292 0.208277 -0.154446 0.073049 -0.031489 -0.070269 0.994351
9.35467 0.054985 0.206568 -0.157975 0.06861 -0.030257 -0.071494 0.994618
9.359659 0.054644 0.204777 -0.161551 0.064072 -0.02925 -0.073173 0.994829
9.36465 0.054262 0.202883 -0.165152 0.05961 -0.028008 -0.074717 0.995027
9.369641 0.053824 0.200929 -0.16878 0.055288 -0.026643 -0.076558 0.995174
9.374635 0.053604 0.199975 -0.170582 0.053121 -0.025825 -0.07734 0.995254
9.379629 0.053154 0.197843 -0.174253 0.048384 -0.024938 -0.079371 0.995358
9.384627 0.05267 0.195653 -0.177933 0.043759 -0.023983 -0.081624 0.995413
9.389631 0.052133 0.193438 -0.181639 0.039186 -0.023178 -0.084462 0.995386
9.394639 0.051281 0.19007 -0.187224 0.032255 -0.022373 -0.089212 0.995239
9.399654 0.050694 0.187673 -0.190929 0.027529 -0.021746 -0.092128 0.995129
9.404672 0.050095 0.185273 -0.194653 0.02277 -0.021693 -0.095742 0.994909
9.409686 0.049474 0.182842 -0.198376 0.018005 -0.021808 -0.099426 0.994643
9.414707 0.048815 0.18042 -0.202097 0.013553 -0.021897 -0.103411 0.994305
9.419725 0.048134 0.177975 -0.205817 0.009172 -0.022048 -0.107206 0.99395
9.424738 0.047096 0.174205 -0.211326 0.003157 -0.021501 -0.111479 0.993529
9.429744 0.046406 0.171669 -0.214973 -0.000501 -0.02072 -0.113797 0.993288
9.434742 0.045722 0.169159 -0.218634 -0.003978 -0.020196 -0.116102 0.993024
9.439739 0.045052 0.166616 -0.222294 -0.007611 -0.019803 -0.117514 0.992845
9.444732 0.044764 0.165282 -0.224077 -0.009275 -0.019218 -0.116942 0.992909
9.449722 0.044171 0.162673 -0.227674 -0.012656 -0.018489 -0.117123 0.992865
9.454711 0.043632 0.160014 -0.23122 -0.016016 -0.017627 -0.116344 0.992923
9.4597 0.043155 0.157309 -0.234699 -0.019201 -0.016556 -0.114789 0.993066
9.464687 0.042755 0.154596 -0.238163 -0.022661 -0.016231 -0.113229 0.993178
9.469675 0.042517 0.153262 -0.239919 -0.024258 -0.015824 -0.112488 0.993231
9.474668 0.042238 0.150487 -0.243284 -0.027712 -0.015744 -0.110206 0.993398
9.47967 0.042016 0.147673 -0.24656 -0.031224 -0.015729 -0.107652 0.993574
9.484674 0.04185 0.144852 -0.249741 -0.03441 -0.01554 -0.105202 0.993734
9.489682 0.041699 0.140627 -0.254442 -0.039281 -0.016256 -0.102245 0.99385
9.494693 0.041693 0.137802 -0.257454 -0.042595 -0.017433 -0.100926 0.993829
9.499702 0.041715 0.135023 -0.26042 -0.045941 -0.019089 -0.100277 0.993715
9.504711 0.041798 0.132223 -0.263284 -0.048905 -0.020569 -0.099396 0.993633
9.509716 0.042123 0.12685 -0.268752 -0.054449 -0.024485 -0.098274 0.993367
9.514719 0.042183 0.125489 -0.270147 -0.055856 -0.025375 -0.09798 0.993296
9.519723 0.04245 0.122812 -0.272787 -0.05867 -0.027778 -0.096856 0.993179
9.524721 0.042763 0.120198 -0.275352 -0.061446 -0.030376 -0.095565 0.99306
9.529717 0.04316 0.11761 -0.277822 -0.063817 -0.032802 -0.093396 0.99304
9.53471 0.043433 0.116369 -0.27897 -0.064876 -0.034139 -0.091779 0.993077
9.539708 0.043939 0.113842 -0.28131 -0.067091 -0.03679 -0.088769 0.993109
9.544695 0.044468 0.111419 -0.283579 -0.069084 -0.039483 -0.085687 0.99314
9.549689 0.045038 0.109055 -0.28577 -0.07094 -0.042265 -0.082245 0.993185
9.55468 0.045626 0.106777 -0.287869 -0.072507 -0.044882 -0.078683 0.993246
9.559672 0.045939 0.105584 -0.288948 -0.073487 -0.046342 -0.076619 0.993268
9.564671 0.04656 0.103451 -0.290916 -0.074552 -0.04898 -0.073031 0.993332
9.569671 0.047197 0.101345 -0.292785 -0.075513 -0.051324 -0.069084 0.993424
9.574674 0.047775 0.099377 -0.294589 -0.076563 -0.053887 -0.066026 0.993416
9.579679 0.049057 0.094924 -0.298607 -0.078632 -0.059898 -0.06102 0.99323
9.584682 0.049318 0.094025 -0.299426 -0.079064 -0.061145 -0.059958 0.993184
9.589683 0.049784 0.092369 -0.300821 -0.079863 -0.063281 -0.058413 0.993079
9.594683 0.050219 0.090831 -0.302112 -0.080379 -0.06539 -0.057238 0.992969
9.599681 0.050593 0.089357 -0.303302 -0.081043 -0.067121 -0.056285 0.992854
9.604671 0.050732 0.088739 -0.303791 -0.081149 -0.067749 -0.055825 0.992828
9.609661 0.051032 0.08747 -0.304844 -0.081365 -0.069175 -0.055133 0.992751
9.614645 0.051297 0.086305 -0.305794 -0.08126 -0.070266 -0.054348 0.992726
9.619635 0.051448 0.085681 -0.306294 -0.081199 -0.070862 -0.053963 0.99271
9.624628 0.051681 0.084646 -0.307102 -0.080999 -0.071764 -0.052799 0.992724
9.629633 0.051871 0.083735 -0.30782 -0.080644 -0.072499 -0.051577 0.992764
9.634642 0.052059 0.082921 -0.308443 -0.080194 -0.073387 -0.050216 0.992805
9.639653 0.052287 0.081816 -0.309258 -0.079353 -0.074179 -0.047858 0.99293
9.644666 0.0524 0.08126 -0.309637 -0.078398 -0.074536 -0.046339 0.993051
9.649676 0.052458 0.080789 -0.309893 -0.077315 -0.074554 -0.0449 0.993201
9.654687 0.052459 0.080398 -0.310027 -0.076085 -0.074199 -0.043704 0.993376
9.659698 0.052378 0.080136 -0.310034 -0.074333 -0.073254 -0.042992 0.99361
9.664703 0.052245 0.079956 -0.309905 -0.07243 -0.072071 -0.042643 0.993852
9.669705 0.051842 0.079931 -0.309359 -0.068987 -0.068756 -0.043206 0.994307
9.674705 0.051544 0.079985 -0.308905 -0.06666 -0.066642 -0.04386 0.994581
9.679708 0.051236 0.080133 -0.308331 -0.064256 -0.064858 -0.045059 0.994804
9.684707 0.05092 0.080368 -0.307628 -0.061858 -0.063237 -0.046593 0.994989
9.689701 0.050769 0.080604 -0.307146 -0.060571 -0.062758 -0.047888 0.995037
9.694695 0.050459 0.080967 -0.306244 -0.058194 -0.061375 -0.049694 0.995177
9.699686 0.050164 0.081385 -0.305198 -0.055925 -0.060167 -0.051587 0.995284
9.704679 0.049883 0.081886 -0.304012 -0.053612 -0.059138 -0.0536 0.995367
9.70967 0.04963 0.082438 -0.302694 -0.051517 -0.058576 -0.05554 0.995405
9.714664 0.049381 0.083092 -0.301234 -0.049223 -0.058042 -0.057615 0.995434
9.719654 0.049136 0.08383 -0.299619 -0.046919 -0.057451 -0.059684 0.995458
9.724649 0.049007 0.084174 -0.298851 -0.045772 -0.056999 -0.060746 0.995473
9.729647 0.048789 0.08497 -0.296995 -0.043712 -0.056333 -0.062183 0.995514
9.734645 0.048595 0.085788 -0.294987 -0.042003 -0.055918 -0.063161 0.99555
9.739647 0.048414 0.086701 -0.292842 -0.040191 -0.055629 -0.064215 0.995573
9.744653 0.048135 0.088165 -0.289449 -0.037442 -0.055083 -0.065397 0.995634
9.74966 0.047981 0.08927 -0.28697 -0.035685 -0.054987 -0.065794 0.995678
9.754664 0.047809 0.090466 -0.284358 -0.033789 -0.054741 -0.066242 0.995728
9.75967 0.047686 0.091681 -0.281623 -0.032355 -0.05507 -0.06617 0.995762
9.764678 0.047416 0.093729 -0.277232 -0.029956 -0.055121 -0.065964 0.995848
9.769682 0.047226 0.095172 -0.274213 -0.02818 -0.055107 -0.065756 0.995914
9.774683 0.047004 0.09672 -0.271087 -0.026222 -0.055023 -0.065617 0.995982
9.77968 0.046768 0.098326 -0.26786 -0.024454 -0.055007 -0.065345 0.996045
9.784675 0.046608 0.099225 -0.266144 -0.023392 -0.054795 -0.065149 0.996095
9.789669 0.046306 0.100984 -0.262783 -0.021392 -0.054645 -0.065072 0.996154
9.794664 0.045986 0.102797 -0.259337 -0.019547 -0.054656 -0.064805 0.996208
9.799663 0.045825 0.103692 -0.257636 -0.018454 -0.054445 -0.064741 0.996245
9.804663 0.04544 0.105685 -0.254055 -0.016079 -0.054206 -0.064855 0.996292
9.809661 0.044986 0.107795 -0.250395 -0.013569 -0.05363 -0.06501 0.99635
9.814663 0.044464 0.110042 -0.246666 -0.010898 -0.053039 -0.065513 0.996382
9.819668 0.043635 0.113461 -0.240963 -0.006959 -0.051849 -0.065658 0.99647
9.824668 0.043008 0.115913 -0.23705 -0.004257 -0.051154 -0.066186 0.996486
9.829671 0.041998 0.119774 -0.230919 0.000999 -0.048585 -0.066474 0.996604
9.834671 0.041307 0.122444 -0.226811 0.00409 -0.047513 -0.067247 0.996596
9.839671 0.0406 0.125189 -0.222604 0.007665 -0.045984 -0.067986 0.996597
9.844672 0.039887 0.127993 -0.218329 0.011307 -0.044502 -0.06866 0.996583
9.849669 0.039532 0.129485 -0.21612 0.013335 -0.043721 -0.069104 0.996562
9.854665 0.038844 0.132357 -0.211721 0.017222 -0.041975 -0.069298 0.996564
9.859657 0.038165 0.135342 -0.207275 0.021302 -0.040557 -0.069939 0.996499
9.864652 0.037817 0.136812 -0.205055 0.023466 -0.039585 -0.070256 0.996467
9.869647 0.037164 0.139885 -0.200511 0.027654 -0.038255 -0.0706 0.996387
9.874646 0.036521 0.143048 -0.195921 0.032011 -0.037032 -0.070884 0.996283
9.879649 0.035887 0.14626 -0.191225 0.037221 -0.034932 -0.07038 0.996213
9.884655 0.035027 0.151094 -0.184164 0.044195 -0.033026 -0.06917 0.996078
9.889672 0.034528 0.154344 -0.179357 0.04919 -0.031639 -0.067526 0.996002
9.894691 0.034045 0.157669 -0.174532 0.054386 -0.030538 -0.066078 0.995863
9.89971 0.033623 0.160948 -0.169661 0.059438 -0.029557 -0.064215 0.995726
9.90472 0.033214 0.16426 -0.164768 0.064582 -0.028716 -0.062576 0.995534
9.909734 0.032859 0.167547 -0.159839 0.069838 -0.028113 -0.060932 0.995299
9.914738 0.03244 0.172333 -0.152387 0.077069 -0.028172 -0.059086 0.994875
9.919739 0.03216 0.175498 -0.14739 0.08204 -0.02808 -0.058053 0.994541
9.924739 0.031921 0.178595 -0.142376 0.08675 -0.028415 -0.05746 0.994166
9.929736 0.031727 0.181589 -0.13734 0.091186 -0.028968 -0.05707 0.993775
9.93473 0.031656 0.182994 -0.134803 0.093231 -0.029387 -0.057145 0.993569
9.93971 0.031498 0.18586 -0.129746 0.097391 -0.03014 -0.057081 0.993151
9.944691 0.03136 0.188628 -0.12468 0.101337 -0.03099 -0.057128 0.992727
9.949675 0.03125 0.191267 -0.119605 0.10491 -0.031897 -0.05699 0.992335
9.954661 0.031125 0.19384 -0.114541 0.108403 -0.032668 -0.057028 0.991932
9.95965 0.031073 0.195153 -0.112007 0.110136 -0.033225 -0.05713 0.991717
9.964647 0.030969 0.197587 -0.106963 0.113238 -0.034133 -0.057373 0.991323
9.969644 0.030864 0.19995 -0.101956 0.116051 -0.035214 -0.057722 0.990939
9.974647 0.030728 0.202249 -0.096987 0.118615 -0.036194 -0.058099 0.990578
9.979656 0.030502 0.205597 -0.089564 0.122291 -0.037369 -0.058354 0.990072
9.98467 0.030301 0.207774 -0.084697 0.124549 -0.038028 -0.058971 0.989729
9.989683 0.030059 0.209898 -0.079876 0.126673 -0.038441 -0.059567 0.989408
9.994698 0.029809 0.21195 -0.075095 0.128681 -0.03869 -0.060203 0.989101
9.999711 0.029535 0.213922 -0.07036 0.130525 -0.038689 -0.060686 0.988829
10.004719 0.029226 0.215852 -0.065677 0.132376 -0.038364 -0.061402 0.988552
10.009724 0.028735 0.218585 -0.058799 0.13496 -0.03744 -0.062658 0.988159
10.014726 0.028368 0.220404 -0.054277 0.13669 -0.036684 -0.063706 0.987882
10.019724 0.02799 0.222172 -0.049836 0.138271 -0.035883 -0.064818 0.987619
10.024723 0.027574 0.22391 -0.045471 0.139881 -0.034777 -0.065998 0.987354
10.029722 0.027379 0.224745 -0.04339 0.140443 -0.034515 -0.06693 0.987221
10.034719 0.026979 0.226446 -0.039153 0.1419 -0.033648 -0.068505 0.986934
10.039712 0.026555 0.228139 -0.034992 0.143487 -0.032503 -0.070144 0.986628
10.044711 0.026134 0.229765 -0.030897 0.144919 -0.031177 -0.07144 0.986368
10.049704 0.025907 0.230619 -0.028833 0.145694 -0.030617 -0.072351 0.986205
10.0547 0.025508 0.232223 -0.02488 0.146903 -0.029676 -0.073891 0.985941
10.059705 0.025121 0.233807 -0.020993 0.148216 -0.02858 -0.075384 0.985663
10.064709 0.024733 0.235354 -0.017168 0.149469 -0.02734 -0.076559 0.985419
10.069713 0.02401 0.238392 -0.009696 0.152384 -0.024328 -0.078303 0.984914
10.074718 0.023679 0.239873 -0.006068 0.153786 -0.022798 -0.078838 0.98469
10.079718 0.023401 0.241323 -0.002511 0.155123 -0.021446 -0.079217 0.98448
10.084713 0.023145 0.242845 0.000943 0.156557 -0.020485 -0.080209 0.984194
10.089708 0.023059 0.243592 0.002593 0.157399 -0.019924 -0.080527 0.984045
10.094698 0.022847 0.245071 0.005955 0.159084 -0.018545 -0.080868 0.983773
10.099686 0.02269 0.246527 0.00922 0.160611 -0.017482 -0.081272 0.983511
10.104674 0.022582 0.247989 0.012389 0.162248 -0.016595 -0.081722 0.98322
10.109664 0.022513 0.248737 0.014006 0.163072 -0.01615 -0.082075 0.983062
10.114657 0.022468 0.250189 0.017028 0.164636 -0.015583 -0.082628 0.982764
10.119658 0.022444 0.251647 0.01997 0.166474 -0.014795 -0.083152 0.982422
10.124664 0.022452 0.253119 0.022799 0.168379 -0.01422 -0.084059 0.982029
10.129675 0.022545 0.255228 0.026931 0.171173 -0.01343 -0.084702 0.981501
10.134687 0.022678 0.256594 0.029502 0.173002 -0.013208 -0.085283 0.981133
10.139701 0.022842 0.25796 0.031974 0.175007 -0.013016 -0.085781 0.980737
10.144712 0.023055 0.25928 0.034342 0.176878 -0.013016 -0.086235 0.980361
10.149719 0.023321 0.260546 0.036612 0.17873 -0.013116 -0.08659 0.979993
10.154724 0.023827 0.262362 0.039728 0.181286 -0.014006 -0.087043 0.979471
10.159723 0.024157 0.263561 0.041715 0.183014 -0.014571 -0.087173 0.979129
10.164724 0.024493 0.264715 0.043605 0.184839 -0.014894 -0.087144 0.978784
10.169724 0.024853 0.265814 0.045381 0.186643 -0.015213 -0.086839 0.978464
10.174721 0.025058 0.266294 0.046124 0.187308 -0.01561 -0.086774 0.978337
10.179721 0.025441 0.267294 0.047714 0.188934 -0.015984 -0.086525 0.97804
10.18472 0.025844 0.268235 0.049172 0.190414 -0.016495 -0.08627 0.977767
10.18972 0.026234 0.269174 0.050483 0.191951 -0.017091 -0.086241 0.977458
10.194714 0.026626 0.270043 0.051665 0.193395 -0.017563 -0.086111 0.977177
10.199703 0.027032 0.270831 0.052711 0.194662 -0.018043 -0.085812 0.976943
10.204695 0.02746 0.27153 0.05362 0.19585 -0.01843 -0.085339 0.97674
10.209686 0.02768 0.271894 0.054113 0.196335 -0.01881 -0.08514 0.976652
10.214685 0.028114 0.272561 0.054792 0.197355 -0.019534 -0.085382 0.976411
10.219686 0.02854 0.273168 0.055346 0.198422 -0.02003 -0.085308 0.976192
10.224683 0.029014 0.273677 0.055729 0.199007 -0.02103 -0.085178 0.976063
10.229689 0.029261 0.27384 0.055779 0.199274 -0.021354 -0.084838 0.976031
10.234694 0.030431 0.27482 0.056084 0.200721 -0.023338 -0.084356 0.975731
10.239697 0.030894 0.275055 0.055943 0.201302 -0.023763 -0.083891 0.975641
10.244696 0.031386 0.275199 0.055662 0.201635 -0.024418 -0.08348 0.975591
10.249692 0.031875 0.275213 0.055266 0.201864 -0.024729 -0.082708 0.975602
10.25469 0.032121 0.275128 0.054924 0.201905 -0.024881 -0.082497 0.975607
10.259686 0.032619 0.275004 0.054324 0.201906 -0.025262 -0.081942 0.975644
10.264683 0.033091 0.274795 0.053598 0.201793 -0.025466 -0.081536 0.975696
10.269677 0.033323 0.274752 0.053274 0.201841 -0.025654 -0.081462 0.975688
10.274672 0.033788 0.274365 0.052361 0.201406 -0.025665 -0.080936 0.975821
10.27967 0.034223 0.273904 0.051292 0.200566 -0.025917 -0.080512 0.976022
10.284672 0.034657 0.273318 0.050081 0.199229 -0.026395 -0.080191 0.97631
10.28968 0.035266 0.272367 0.048088 0.196968 -0.027204 -0.080359 0.976732
10.294683 0.035617 0.271583 0.046544 0.195045 -0.027566 -0.080716 0.977079
10.299691 0.035959 0.270703 0.044862 0.192836 -0.028079 -0.081229 0.97746
10.304697 0.036304 0.269717 0.043071 0.190563 -0.028512 -0.081752 0.977849
10.309702 0.03665 0.268627 0.041166 0.188229 -0.028821 -0.082332 0.978244
10.314703 0.037009 0.267422 0.039162 0.18595 -0.028925 -0.083056 0.978615
10.319706 0.03751 0.265452 0.035864 0.182355 -0.029046 -0.084422 0.979171
10.324708 0.037834 0.264082 0.033562 0.17989 -0.029208 -0.085398 0.979537
10.329711 0.038168 0.262603 0.031162 0.177362 -0.029308 -0.086299 0.979916
10.334708 0.038483 0.261056 0.028657 0.174824 -0.029317 -0.087187 0.980294
10.339701 0.038626 0.260199 0.027301 0.173641 -0.029103 -0.087681 0.980466
10.344694 0.038916 0.258556 0.024642 0.171122 -0.029024 -0.088734 0.980817
10.349689 0.039196 0.256813 0.021888 0.168541 -0.028856 -0.08964 0.981186
10.354684 0.039467 0.255001 0.019036 0.165939 -0.028701 -0.090539 0.981551
10.359677 0.039601 0.254119 0.017643 0.164687 -0.028525 -0.09093 0.981731
10.364673 0.039837 0.252212 0.014647 0.162256 -0.028116 -0.091831 0.982064
10.369669 0.040084 0.250171 0.011577 0.159709 -0.027646 -0.092265 0.982454
10.374676 0.040304 0.248115 0.008403 0.157263 -0.027294 -0.093135 0.982776
10.379683 0.040618 0.24494 0.003538 0.153663 -0.026657 -0.094281 0.983254
10.384688 0.040791 0.242761 0.000144 0.151452 -0.026306 -0.095441 0.983494
10.389694 0.040943 0.240546 -0.003332 0.149359 -0.025974 -0.096679 0.983702
10.394696 0.041124 0.237069 -0.008714 0.146517 -0.025085 -0.09836 0.983986
10.399697 0.041242 0.234714 -0.012358 0.144585 -0.024666 -0.099661 0.984152
10.404699 0.041323 0.232333 -0.016054 0.142847 -0.02401 -0.101165 0.984268
10.409698 0.041385 0.229846 -0.019783 0.141156 -0.022898 -0.101873 0.984466
10.414693 0.041377 0.228564 -0.021697 0.140322 -0.022201 -0.102344 0.984552
10.419685 0.041368 0.226054 -0.025499 0.138707 -0.020902 -0.103397 0.984699
10.424674 0.041383 0.224786 -0.027381 0.137906 -0.02021 -0.10367 0.984798
10.429667 0.041329 0.222188 -0.031226 0.136372 -0.018425 -0.104327 0.984977
10.434669 0.041227 0.21955 -0.035093 0.134814 -0.016341 -0.104973 0.985159
10.439674 0.041095 0.216951 -0.039022 0.133228 -0.014654 -0.106558 0.985231
10.44468 0.040866 0.212965 -0.044919 0.13092 -0.01161 -0.108549 0.985364
10.449688 0.040651 0.210331 -0.048913 0.129401 -0.009659 -0.110533 0.985365
10.454698 0.040404 0.20763 -0.052895 0.128082 -0.007047 -0.111822 0.985414
10.459701 0.040151 0.204932 -0.0569 0.126842 -0.004513 -0.113202 0.985432
10.464707 0.039743 0.200997 -0.062962 0.125508 -0.000883 -0.116046 0.985282
10.469712 0.039492 0.198396 -0.06701 0.124859 0.001423 -0.117892 0.985144
10.474712 0.039239 0.195809 -0.071049 0.124576 0.004123 -0.119233 0.985011
10.479711 0.038994 0.193241 -0.075089 0.124525 0.006947 -0.12016 0.984889
10.484706 0.038897 0.192008 -0.077106 0.124897 0.008423 -0.120494 0.98479
10.489709 0.038689 0.189508 -0.081143 0.12537 0.011293 -0.121233 0.98461
10.49471 0.038519 0.187059 -0.085187 0.126162 0.013988 -0.121921 0.98439
10.499706 0.038373 0.18462 -0.08922 0.127208 0.016849 -0.122176 0.984179
10.504703 0.038259 0.182225 -0.093252 0.128575 0.019637 -0.122314 0.983932
10.509697 0.038179 0.179824 -0.097266 0.130117 0.022623 -0.121964 0.983709
10.514694 0.038151 0.177388 -0.101247 0.131761 0.025753 -0.121066 0.983524
10.519693 0.038172 0.174957 -0.1052 0.133585 0.028802 -0.120188 0.983301
10.524687 0.038262 0.172524 -0.109134 0.135452 0.031579 -0.119413 0.983055
10.529681 0.038413 0.170059 -0.113033 0.137258 0.034205 -0.118523 0.982824
10.534678 0.038614 0.167515 -0.116853 0.139165 0.037267 -0.117073 0.982618
10.539678 0.038913 0.164972 -0.120657 0.140864 0.039608 -0.116249 0.982382
10.544665 0.039285 0.162408 -0.124412 0.142511 0.041744 -0.11565 0.982127
10.54965 0.039445 0.161101 -0.126291 0.143334 0.043119 -0.114923 0.982033
10.554642 0.039966 0.158426 -0.129943 0.144849 0.045095 -0.114288 0.981796
10.559644 0.040559 0.15577 -0.133549 0.146498 0.046786 -0.114103 0.981494
10.564653 0.041263 0.153068 -0.137123 0.147847 0.047884 -0.114054 0.981244
10.569664 0.042375 0.148977 -0.142392 0.149996 0.049836 -0.113602 0.980873
10.574677 0.043295 0.146264 -0.145874 0.151201 0.049941 -0.113962 0.980641
10.579689 0.044258 0.143489 -0.149287 0.152405 0.05037 -0.113492 0.980487
10.584693 0.045323 0.140701 -0.152647 0.153758 0.050509 -0.112889 0.980338
10.5897 0.046397 0.137965 -0.155968 0.155187 0.050684 -0.112028 0.980203
10.594701 0.047548 0.135254 -0.159266 0.156561 0.050308 -0.111225 0.980095
10.599702 0.048741 0.132543 -0.162505 0.157974 0.049994 -0.109933 0.98003
10.604703 0.049968 0.12989 -0.165692 0.159718 0.049651 -0.108668 0.979906
10.609704 0.051211 0.127275 -0.168816 0.161718 0.049532 -0.107122 0.979754
10.614705 0.052473 0.124737 -0.171896 0.163922 0.049295 -0.105641 0.979561
10.61971 0.053727 0.122245 -0.174914 0.166291 0.049346 -0.103917 0.979343
10.624717 0.055035 0.119743 -0.17788 0.16855 0.049176 -0.101856 0.979182
10.629725 0.056976 0.116072 -0.182135 0.172567 0.050051 -0.098075 0.978824
10.634727 0.05826 0.113637 -0.184892 0.175456 0.051063 -0.095266 0.978536
10.639725 0.059557 0.111126 -0.187566 0.177993 0.05251 -0.091505 0.97836
10.644719 0.06088 0.108693 -0.190189 0.180657 0.053658 -0.088367 0.978098
10.649714 0.06156 0.107457 -0.191401 0.181936 0.054516 -0.086636 0.977968
10.654706 0.062917 0.104985 -0.193892 0.184399 0.055922 -0.083248 0.977722
10.659695 0.064312 0.102491 -0.1963 0.186681 0.057368 -0.079864 0.977487
10.664683 0.065739 0.099971 -0.198614 0.188879 0.058964 -0.076499 0.977239
10.669674 0.066439 0.098706 -0.199794 0.19 0.059835 -0.074617 0.977114
10.674674 0.0679 0.096131 -0.201978 0.191737 0.061604 -0.071226 0.976918
10.679677 0.069434 0.093592 -0.204113 0.193219 0.062647 -0.068735 0.976738
10.684678 0.07105 0.091106 -0.206178 0.19468 0.063045 -0.067327 0.97652
10.689684 0.073509 0.087248 -0.209132 0.196293 0.064142 -0.064489 0.976317
10.694687 0.075247 0.084614 -0.210932 0.197015 0.064809 -0.06286 0.976234
10.699692 0.077056 0.082017 -0.212661 0.197558 0.064844 -0.06184 0.976188
10.704696 0.079894 0.078228 -0.21502 0.198371 0.064223 -0.061161 0.976106
10.709696 0.081845 0.075722 -0.216532 0.198734 0.06332 -0.06077 0.976116
10.714696 0.083823 0.073191 -0.217917 0.198975 0.062697 -0.05985 0.976164
10.719693 0.085832 0.070713 -0.219202 0.199285 0.061923 -0.058916 0.976207
10.724692 0.086895 0.069522 -0.219749 0.199298 0.061073 -0.05825 0.976298
10.729692 0.088972 0.067128 -0.220893 0.199583 0.059831 -0.057068 0.976386
10.734692 0.091088 0.064823 -0.221949 0.199914 0.058154 -0.056003 0.976482
10.739692 0.092126 0.063647 -0.222508 0.200094 0.05749 -0.0555 0.976513
10.744691 0.094283 0.061402 -0.223427 0.200264 0.055476 -0.053801 0.976689
10.749691 0.096448 0.059231 -0.224236 0.200523 0.053497 -0.051827 0.976853
10.754691 0.098617 0.057154 -0.224941 0.200948 0.051473 -0.049763 0.976982
10.759694 0.101902 0.054118 -0.225889 0.201555 0.047999 -0.046298 0.977204
10.764698 0.10407 0.052246 -0.226363 0.202158 0.045617 -0.043802 0.977309
10.769702 0.107261 0.049678 -0.226823 0.203465 0.041931 -0.040005 0.977366
10.774701 0.109372 0.048044 -0.227056 0.204361 0.03928 -0.037501 0.977388
10.7797 0.111436 0.04651 -0.227172 0.205494 0.036794 -0.035054 0.977338
10.784699 0.113504 0.045038 -0.227191 0.206586 0.033896 -0.032603 0.977297
10.789699 0.114501 0.044402 -0.22709 0.207224 0.032244 -0.031538 0.977253
10.794698 0.116518 0.043058 -0.226953 0.208427 0.029065 -0.0292 0.97717
10.799698 0.118499 0.0418 -0.226714 0.209622 0.025651 -0.027065 0.977071
10.804697 0.120422 0.040641 -0.226363 0.210977 0.022172 -0.025113 0.976917
10.809697 0.122316 0.03952 -0.225922 0.212106 0.018421 -0.023005 0.976802
10.814697 0.124149 0.038465 -0.225371 0.213236 0.014659 -0.020957 0.976666
10.819696 0.12592 0.037501 -0.22472 0.214456 0.010682 -0.019171 0.976487
10.824694 0.126844 0.036982 -0.224428 0.214997 0.008622 -0.018167 0.976408
10.82969 0.128504 0.036116 -0.223641 0.216103 0.00452 -0.016526 0.97622
10.834688 0.130062 0.035302 -0.222752 0.217203 0.00064 -0.014944 0.976012
10.839691 0.131538 0.034537 -0.221784 0.218126 -0.0034 -0.013545 0.975821
10.844695 0.133589 0.033455 -0.220212 0.219582 -0.008848 -0.0114 0.975487
10.849699 0.134758 0.032808 -0.219027 0.220355 -0.012207 -0.010225 0.97529
10.854703 0.135774 0.032245 -0.217763 0.221304 -0.015194 -0.009415 0.975041
10.859714 0.136685 0.031657 -0.216431 0.22182 -0.017918 -0.008282 0.974888
10.864721 0.137447 0.031139 -0.215028 0.222371 -0.020347 -0.007394 0.974722
10.869734 0.138329 0.030396 -0.21277 0.222485 -0.023752 -0.00575 0.97463
10.874738 0.138787 0.029962 -0.211209 0.222659 -0.025608 -0.004814 0.974548
10.879735 0.13915 0.029561 -0.209595 0.22267 -0.027473 -0.00394 0.974499
10.884729 0.139416 0.029171 -0.207926 0.222399 -0.029257 -0.00297 0.974512
10.889713 0.139443 0.029017 -0.207032 0.222101 -0.030077 -0.002613 0.974556
10.894697 0.139581 0.028702 -0.205284 0.221672 -0.031929 -0.002077 0.974596
10.899682 0.139611 0.028424 -0.203477 0.221147 -0.033546 -0.001652 0.974662
10.904672 0.139536 0.02822 -0.201618 0.220679 -0.035071 -0.001694 0.974714
10.909664 0.139528 0.028104 -0.200704 0.220493 -0.035837 -0.001628 0.974729
10.914661 0.139362 0.027931 -0.198789 0.219671 -0.037633 -0.001906 0.974846
10.919663 0.139152 0.027777 -0.196829 0.218603 -0.039661 -0.0025 0.975004
10.924668 0.138877 0.02766 -0.194818 0.21744 -0.041753 -0.003394 0.975174
10.929675 0.138356 0.0276 -0.191754 0.215875 -0.04498 -0.005632 0.975368
10.93469 0.13792 0.027592 -0.189657 0.214463 -0.04747 -0.007418 0.97555
10.939709 0.137403 0.027649 -0.187531 0.212997 -0.050165 -0.009662 0.975716
10.944723 0.13685 0.027682 -0.185365 0.2112 -0.05292 -0.011523 0.975941
10.949735 0.136153 0.027861 -0.18316 0.209748 -0.055404 -0.014058 0.976083
10.954741 0.135365 0.02808 -0.180914 0.208187 -0.057704 -0.016342 0.976249
10.959749 0.133903 0.028635 -0.177478 0.205868 -0.060686 -0.01937 0.976504
10.964751 0.132885 0.029015 -0.175154 0.204142 -0.062441 -0.020763 0.976727
10.969748 0.131776 0.02947 -0.172808 0.20221 -0.064136 -0.021985 0.976992
10.974748 0.130558 0.030005 -0.170428 0.200315 -0.065325 -0.022364 0.977295
10.979748 0.129879 0.030354 -0.169225 0.199142 -0.065879 -0.022283 0.9775
10.984739 0.128558 0.030942 -0.166788 0.197189 -0.066194 -0.021769 0.977886
10.989733 0.127167 0.031654 -0.164356 0.195074 -0.066806 -0.021469 0.978275
10.994722 0.125708 0.032474 -0.161917 0.193018 -0.067329 -0.021295 0.978651
10.999707 0.1242 0.033367 -0.159473 0.190769 -0.067879 -0.021152 0.979057
11.004693 0.12264 0.034338 -0.157012 0.188532 -0.068261 -0.020931 0.979468
11.009677 0.121011 0.035417 -0.154554 0.186194 -0.068792 -0.021056 0.979876
11.014662 0.119301 0.036596 -0.152067 0.184234 -0.068707 -0.021126 0.98025
11.019649 0.117572 0.037898 -0.149587 0.182359 -0.068988 -0.022249 0.980556
11.02464 0.116713 0.038491 -0.148334 0.181434 -0.068825 -0.022333 0.980738
11.029635 0.114925 0.039999 -0.145876 0.179505 -0.069905 -0.024527 0.980964
11.034634 0.113091 0.041511 -0.143382 0.177672 -0.070131 -0.02594 0.981245
11.039639 0.111202 0.043124 -0.140889 0.17597 -0.070169 -0.02744 0.981508
11.044643 0.108327 0.04567 -0.137151 0.173675 -0.070106 -0.03007 0.981844
11.049648 0.106381 0.047529 -0.134685 0.172273 -0.070104 -0.032111 0.982027
11.054651 0.104432 0.049473 -0.132234 0.170895 -0.07014 -0.03414 0.982196
11.059655 0.102472 0.051463 -0.129784 0.169557 -0.069834 -0.035367 0.982407
11.06466 0.100483 0.053595 -0.127365 0.168408 -0.069555 -0.036625 0.982578
11.069665 0.098507 0.055809 -0.124953 0.167502 -0.069185 -0.037802 0.982714
11.074669 0.09556 0.059375 -0.121354 0.166553 -0.068751 -0.038967 0.982861
11.07967 0.093634 0.061773 -0.118954 0.165841 -0.068535 -0.039287 0.982983
11.084669 0.091658 0.064316 -0.116555 0.165618 -0.067905 -0.039628 0.983051
11.089666 0.089716 0.066915 -0.11417 0.165254 -0.067578 -0.039652 0.983134
11.094664 0.089716 0.066915 -0.11417 0.165254 -0.067578 -0.039652 0.983134
11.099665 0.087747 0.069631 -0.111788 0.165232 -0.067001 -0.039752 0.983173
11.104665 0.085803 0.072395 -0.109433 0.1651 -0.066629 -0.039548 0.983229
11.109664 0.083823 0.075291 -0.107096 0.165153 -0.066151 -0.039586 0.983251
11.114667 0.080869 0.079674 -0.103614 0.165081 -0.06537 -0.039227 0.983329
11.119669 0.078845 0.082757 -0.101327 0.165399 -0.064269 -0.03911 0.983353
11.124671 0.076834 0.085885 -0.099075 0.165625 -0.063217 -0.038767 0.983397
11.129672 0.074796 0.089086 -0.09685 0.16612 -0.061714 -0.038346 0.983425
11.134672 0.070769 0.095697 -0.092544 0.166737 -0.058766 -0.038085 0.983511
11.139675 0.069737 0.097342 -0.091446 0.167015 -0.057809 -0.038026 0.983523
11.144676 0.067763 0.10066 -0.089339 0.167041 -0.056459 -0.03768 0.983611
11.149676 0.065771 0.104062 -0.087249 0.167415 -0.054775 -0.037712 0.983641
11.154675 0.063788 0.107495 -0.085199 0.167608 -0.053292 -0.037788 0.983687
11.159666 0.062807 0.109233 -0.084197 0.167689 -0.052429 -0.037867 0.983716
11.16466 0.060832 0.112699 -0.082189 0.167828 -0.050754 -0.038095 0.983772
11.169652 0.058891 0.116176 -0.080216 0.16773 -0.049356 -0.038527 0.983843
11.174648 0.057912 0.117905 -0.079222 0.167624 -0.048659 -0.038586 0.983893
11.179646 0.055965 0.121415 -0.077275 0.167735 -0.046866 -0.039048 0.983943
11.184647 0.054042 0.124915 -0.075371 0.167541 -0.045217 -0.039564 0.984033
11.189649 0.052091 0.128481 -0.073485 0.167705 -0.043188 -0.04048 0.984059
11.194652 0.049238 0.133769 -0.070702 0.167514 -0.040475 -0.041441 0.984166
11.199656 0.047353 0.137347 -0.068924 0.167401 -0.03867 -0.042403 0.984217
11.20466 0.045532 0.140895 -0.067175 0.167206 -0.037063 -0.043061 0.984284
11.209665 0.04369 0.144517 -0.065472 0.167366 -0.035182 -0.043846 0.984291
11.214672 0.041927 0.148101 -0.063845 0.16713 -0.033829 -0.044366 0.984355
11.219674 0.04014 0.15179 -0.062257 0.167592 -0.032029 -0.045232 0.984297
11.224677 0.038424 0.155429 -0.060742 0.167645 -0.030574 -0.045688 0.984313
11.229679 0.035879 0.160956 -0.058631 0.168206 -0.028056 -0.046596 0.98425
11.234679 0.035039 0.162781 -0.057902 0.168301 -0.027366 -0.04679 0.984244
11.23968 0.033373 0.166476 -0.056582 0.168857 -0.025635 -0.047403 0.984166
11.244679 0.031727 0.17015 -0.055335 0.169413 -0.023864 -0.04794 0.984089
11.249677 0.030889 0.172007 -0.054788 0.169885 -0.022854 -0.048386 0.98401
11.254681 0.028412 0.17752 -0.053066 0.170942 -0.019925 -0.049158 0.983852
11.259686 0.02672 0.181249 -0.052048 0.172015 -0.017787 -0.050148 0.983656
11.264688 0.025036 0.184974 -0.051108 0.17311 -0.015654 -0.051279 0.983442
11.269691 0.023385 0.188638 -0.050253 0.174027 -0.013556 -0.052389 0.983253
11.274693 0.021713 0.192313 -0.049459 0.175218 -0.011049 -0.053506 0.983013
11.279696 0.019285 0.1978 -0.048481 0.177045 -0.007454 -0.055241 0.982623
11.284698 0.017722 0.201413 -0.047897 0.1781 -0.005152 -0.056124 0.982397
11.289699 0.016171 0.205048 -0.047385 0.179402 -0.002761 -0.057375 0.982097
11.294699 0.015408 0.206835 -0.047105 0.179983 -0.001556 -0.057811 0.981968
11.299695 0.014714 0.208549 -0.046945 0.180452 -0.000321 -0.057846 0.981881
11.304693 0.013278 0.212054 -0.046587 0.181589 0.002123 -0.058504 0.98163
11.309696 0.011864 0.215529 -0.046299 0.182787 0.004688 -0.058997 0.98137
11.314704 0.009823 0.220711 -0.045984 0.184505 0.008071 -0.060078 0.980961
11.319712 0.00854 0.224043 -0.045886 0.185399 0.01031 -0.060937 0.980718
11.324716 0.007313 0.227289 -0.045852 0.186205 0.012454 -0.061836 0.980484
11.329718 0.006138 0.23046 -0.045876 0.186917 0.014602 -0.062828 0.980256
11.334718 0.004989 0.233605 -0.045968 0.187567 0.016607 -0.064324 0.980003
11.339724 0.003464 0.238046 -0.046239 0.188012 0.019234 -0.066553 0.979721
11.344726 0.002502 0.240963 -0.04649 0.188118 0.02063 -0.068225 0.979557
11.349726 0.001613 0.243765 -0.046784 0.188084 0.022145 -0.06955 0.979437
11.354722 0.000796 0.246515 -0.047143 0.187964 0.023428 -0.070693 0.979348
11.359716 0.000473 0.24784 -0.0474 0.187823 0.023783 -0.071256 0.979326
11.364708 -0.000232 0.250533 -0.047866 0.187684 0.024709 -0.072431 0.979244
11.369701 -0.000846 0.25317 -0.048413 0.187371 0.025233 -0.073479 0.979212
11.374693 -0.001381 0.255748 -0.049008 0.187229 0.025759 -0.074114 0.979178
11.379683 -0.001852 0.25829 -0.049675 0.187069 0.026152 -0.074497 0.979169
11.384673 -0.002098 0.259562 -0.049993 0.186889 0.026274 -0.074759 0.97918
11.389671 -0.002432 0.262033 -0.050765 0.186721 0.02627 -0.074878 0.979203
11.394672 -0.002686 0.264458 -0.051604 0.186575 0.026026 -0.074861 0.979239
11.399673 -0.002884 0.266832 -0.052484 0.186722 0.026036 -0.074655 0.979226
11.404676 -0.002894 0.267933 -0.05299 0.186762 0.025897 -0.074299 0.979249
11.409682 -0.003082 0.272492 -0.054941 0.186807 0.025243 -0.073343 0.97933
11.414689 -0.003028 0.274611 -0.056045 0.186796 0.024744 -0.072767 0.979387
11.419697 -0.002909 0.276649 -0.057219 0.18665 0.023992 -0.07222 0.979475
11.424703 -0.002722 0.278597 -0.058437 0.186698 0.023248 -0.07173 0.979519
11.429709 -0.002478 0.280409 -0.059713 0.186538 0.022505 -0.070916 0.979627
11.434714 -0.002167 0.282142 -0.061076 0.186126 0.021176 -0.070461 0.979767
11.439724 -0.001866 0.283832 -0.062487 0.186004 0.020133 -0.07042 0.979815
11.444733 -0.001308 0.28603 -0.064701 0.185937 0.018878 -0.069876 0.979892
11.449737 -0.000876 0.287402 -0.066272 0.185433 0.017288 -0.069935 0.980013
11.454737 -0.000466 0.288679 -0.067863 0.185299 0.016309 -0.069959 0.980053
11.459729 -1.9e-05 0.289795 -0.069511 0.184822 0.015224 -0.069775 0.980174
11.464717 0.000237 0.290209 -0.070397 0.184414 0.014539 -0.069844 0.980256
11.469707 0.000729 0.291128 -0.072134 0.183669 0.013125 -0.069931 0.98041
11.474697 0.001218 0.29192 -0.073903 0.183009 0.011988 -0.070072 0.980538
11.479691 0.00148 0.292338 -0.074776 0.182608 0.011301 -0.069933 0.98063
11.484685 0.002006 0.292904 -0.076638 0.181466 0.009836 -0.070224 0.980837
11.489687 0.002547 0.293292 -0.078535 0.180061 0.008446 -0.070326 0.981102
11.494694 0.003062 0.293533 -0.080437 0.178811 0.007595 -0.07017 0.981349
11.499701 0.003911 0.293664 -0.08338 0.176167 0.005511 -0.070258 0.981834
11.504708 0.004473 0.293443 -0.085368 0.174218 0.00468 -0.069864 0.982214
11.509713 0.005038 0.293094 -0.087393 0.172206 0.003788 -0.069835 0.982575
11.514716 0.005619 0.292574 -0.089448 0.16997 0.002841 -0.069839 0.982967
11.519729 0.006203 0.291871 -0.091519 0.167566 0.002079 -0.069631 0.983397
11.524744 0.006774 0.291043 -0.093614 0.165087 0.001341 -0.069714 0.983811
11.529755 0.007672 0.289392 -0.096829 0.160641 -0.000299 -0.070431 0.984497
11.534758 0.008254 0.288185 -0.098975 0.157712 -0.001269 -0.071152 0.984918
11.53976 0.008826 0.286875 -0.101153 0.154602 -0.002578 -0.072488 0.985311
11.544749 0.009379 0.285387 -0.103334 0.151263 -0.003737 -0.073742 0.985732
11.549735 0.009624 0.284523 -0.104444 0.149528 -0.004366 -0.074881 0.985908
11.554714 0.010145 0.282866 -0.106633 0.146227 -0.005498 -0.076725 0.986256
11.559691 0.010654 0.281038 -0.108819 0.142658 -0.006599 -0.078356 0.986644
11.564671 0.011145 0.279112 -0.111001 0.139247 -0.007643 -0.080702 0.986934
11.569654 0.011398 0.278187 -0.112098 0.137519 -0.008209 -0.081743 0.987086
11.574645 0.011863 0.276054 -0.114266 0.134069 -0.009036 -0.083997 0.987364
11.579644 0.012327 0.273781 -0.116424 0.130569 -0.009852 -0.08627 0.98763
11.584649 0.012777 0.271401 -0.118575 0.127215 -0.010575 -0.08861 0.987853
11.589662 0.013426 0.267675 -0.121769 0.122175 -0.011216 -0.091644 0.988205
11.594677 0.013843 0.26499 -0.123886 0.118747 -0.01148 -0.093302 0.988465
11.599696 0.014254 0.262262 -0.125995 0.115678 -0.011764 -0.095478 0.988617
11.604713 0.014665 0.259387 -0.128104 0.11225 -0.01206 -0.096842 0.988876
11.609727 0.01543 0.253375 -0.132259 0.106622 -0.012052 -0.099936 0.989191
11.614738 0.015612 0.251904 -0.133302 0.105155 -0.011996 -0.100609 0.989281
11.619738 0.015988 0.248782 -0.135379 0.102265 -0.011945 -0.101803 0.989462
11.624734 0.016378 0.24557 -0.137445 0.09942 -0.011999 -0.1031 0.989617
11.629728 0.016772 0.242295 -0.139522 0.096395 -0.012312 -0.10447 0.989769
11.634719 0.016975 0.240579 -0.140542 0.095092 -0.012357 -0.105148 0.989823
11.639713 0.017377 0.237165 -0.142579 0.092269 -0.012349 -0.106271 0.98997
11.644701 0.017796 0.233706 -0.144611 0.089557 -0.012694 -0.107861 0.990043
11.649691 0.018238 0.230131 -0.146638 0.086487 -0.013255 -0.109268 0.990154
11.654681 0.018697 0.226457 -0.148631 0.083441 -0.01371 -0.11033 0.990291
11.659676 0.018911 0.224668 -0.149643 0.081956 -0.013941 -0.111063 0.99033
11.664674 0.019387 0.220887 -0.151594 0.079 -0.014497 -0.112347 0.990418
11.669675 0.019918 0.217021 -0.153531 0.075959 -0.015585 -0.113709 0.990484
11.67468 0.020489 0.213049 -0.155432 0.072853 -0.016754 -0.114868 0.990564
11.679687 0.021398 0.206996 -0.158264 0.067865 -0.019272 -0.116819 0.990644
11.684694 0.02204 0.202788 -0.160063 0.064627 -0.020493 -0.116925 0.990824
11.689708 0.022716 0.198562 -0.161838 0.061458 -0.022154 -0.117361 0.990938
11.694717 0.023442 0.194236 -0.163587 0.057838 -0.024321 -0.117469 0.991093
11.699725 0.025023 0.185274 -0.166893 0.04963 -0.029337 -0.116581 0.991506
11.70473 0.025405 0.183067 -0.167734 0.047746 -0.030431 -0.116475 0.991579
11.709731 0.026196 0.178509 -0.169306 0.043639 -0.032725 -0.115622 0.991794
11.714729 0.026996 0.173872 -0.17082 0.039233 -0.034974 -0.114256 0.99206
11.719727 0.027825 0.169198 -0.172298 0.034599 -0.037698 -0.113319 0.99224
11.72472 0.028218 0.166838 -0.172987 0.032256 -0.039007 -0.112976 0.992308
11.729712 0.029022 0.162136 -0.174399 0.027476 -0.041819 -0.112278 0.992416
11.734702 0.029815 0.157429 -0.175762 0.022824 -0.044521 -0.111782 0.992473
11.739697 0.030564 0.152712 -0.177056 0.018548 -0.046484 -0.111048 0.992554
11.74469 0.031294 0.14801 -0.178357 0.013765 -0.049168 -0.110584 0.992554
11.749685 0.032003 0.143332 -0.179638 0.008916 -0.051981 -0.110355 0.992492
11.754683 0.03237 0.140974 -0.18027 0.006576 -0.053248 -0.110164 0.992464
11.759684 0.033023 0.136372 -0.181514 0.002107 -0.055787 -0.110189 0.992341
11.764684 0.033628 0.13183 -0.182751 -0.002154 -0.05808 -0.110307 0.992197
11.769683 0.034219 0.127291 -0.183972 -0.006501 -0.060189 -0.109812 0.992107
11.774684 0.034461 0.125095 -0.184577 -0.008206 -0.060623 -0.109351 0.992119
11.779686 0.035514 0.116209 -0.187039 -0.016362 -0.0641 -0.107803 0.991969
11.784689 0.035982 0.111879 -0.188277 -0.020016 -0.065255 -0.106537 0.991963
11.789698 0.036357 0.107662 -0.189531 -0.023209 -0.065634 -0.105021 0.99203
11.794704 0.036736 0.10346 -0.19078 -0.026526 -0.066071 -0.103228 0.992106
11.799711 0.037073 0.099313 -0.19205 -0.030037 -0.066592 -0.101181 0.992182
11.804716 0.037485 0.093272 -0.193941 -0.034717 -0.066882 -0.098457 0.992284
11.809719 0.037759 0.089276 -0.19521 -0.038139 -0.067525 -0.096549 0.992302
11.814719 0.037995 0.085335 -0.196448 -0.041224 -0.067693 -0.09471 0.992345
11.819717 0.038203 0.081465 -0.197677 -0.04411 -0.067713 -0.092909 0.99239
11.824716 0.038284 0.079597 -0.198272 -0.045444 -0.067689 -0.092168 0.9924
11.82971 0.038498 0.07578 -0.199469 -0.048518 -0.068082 -0.090473 0.992384
11.834707 0.038667 0.072043 -0.200656 -0.051406 -0.068212 -0.088851 0.992376
11.839709 0.038826 0.068367 -0.201811 -0.053969 -0.068151 -0.087416 0.992372
11.844707 0.038978 0.064709 -0.202945 -0.056846 -0.068218 -0.085411 0.992381
11.849704 0.039051 0.062888 -0.203524 -0.058149 -0.068258 -0.084787 0.992356
11.854701 0.039168 0.059325 -0.204618 -0.060732 -0.067974 -0.083102 0.992363
11.859703 0.03929 0.055803 -0.205692 -0.063271 -0.06785 -0.081258 0.992366
11.864701 0.039377 0.052354 -0.20675 -0.06571 -0.067653 -0.079668 0.99235
11.869711 0.039533 0.047199 -0.2083 -0.069294 -0.067321 -0.076815 0.992354
11.87472 0.03961 0.043856 -0.209304 -0.071338 -0.066901 -0.075063 0.992371
11.87973 0.03969 0.040534 -0.210291 -0.073633 -0.066611 -0.073017 0.992376
11.884746 0.039762 0.037281 -0.21126 -0.07551 -0.066203 -0.071462 0.992375
11.88976 0.039933 0.032417 -0.21262 -0.078655 -0.066105 -0.068692 0.992333
11.894768 0.040038 0.029202 -0.213491 -0.080686 -0.066032 -0.067028 0.992289
11.899767 0.040164 0.025982 -0.214307 -0.08275 -0.065957 -0.065088 0.992253
11.904761 0.040271 0.022805 -0.215081 -0.084825 -0.065959 -0.063484 0.992181
11.909744 0.040337 0.021213 -0.215399 -0.085994 -0.066178 -0.062722 0.992115
11.914721 0.040446 0.018035 -0.216087 -0.08838 -0.066538 -0.06117 0.991978
11.9197 0.040551 0.014841 -0.216676 -0.090783 -0.06666 -0.059768 0.991838
11.924675 0.040653 0.011648 -0.2172 -0.093365 -0.066878 -0.058447 0.991662
11.929655 0.040728 0.00848 -0.217665 -0.095911 -0.067047 -0.057215 0.99148
11.934641 0.040766 0.006905 -0.217925 -0.097098 -0.067184 -0.056635 0.991388
11.939637 0.040833 0.00374 -0.218294 -0.099866 -0.067405 -0.055439 0.991166
11.94464 0.04089 0.00059 -0.218609 -0.102657 -0.067695 -0.054335 0.990922
11.949651 0.040962 -0.002571 -0.218848 -0.105402 -0.06796 -0.053166 0.990679
11.954663 0.041034 -0.007283 -0.219122 -0.109698 -0.068204 -0.051448 0.990287
11.959682 0.041117 -0.010381 -0.219244 -0.112404 -0.068765 -0.049907 0.990023
11.9647 0.041172 -0.013433 -0.219312 -0.115042 -0.069327 -0.048384 0.989757
11.969706 0.041228 -0.016472 -0.219314 -0.11766 -0.069828 -0.046784 0.989491
11.97471 0.04126 -0.019456 -0.219259 -0.1202 -0.070406 -0.045207 0.989218
11.979713 0.041275 -0.022403 -0.219136 -0.122701 -0.071031 -0.043692 0.988934
11.984715 0.041224 -0.025297 -0.218919 -0.125594 -0.0715 -0.042404 0.988593
11.989715 0.041165 -0.02815 -0.218641 -0.128052 -0.071992 -0.041173 0.988294
11.99472 0.040906 -0.032296 -0.218074 -0.13161 -0.072376 -0.040132 0.987841
11.999724 0.040736 -0.035037 -0.217654 -0.133826 -0.072768 -0.03932 0.987547
12.004726 0.040499 -0.037697 -0.217192 -0.135796 -0.073085 -0.038625 0.987282
12.009715 0.040413 -0.037603 -0.217138 -0.135406 -0.072917 -0.038737 0.987344
12.014704 0.039981 -0.041534 -0.216381 -0.138286 -0.073096 -0.0379 0.986964
12.019703 0.039589 -0.044055 -0.215783 -0.139962 -0.072798 -0.03738 0.986769
12.024699 0.039157 -0.046506 -0.215173 -0.141187 -0.072609 -0.036812 0.98663
12.029695 0.038652 -0.048891 -0.214504 -0.142435 -0.072176 -0.036279 0.986502
12.034689 0.038103 -0.051202 -0.213776 -0.14355 -0.071607 -0.035574 0.986408
12.039691 0.037351 -0.053446 -0.212841 -0.145228 -0.069809 -0.035583 0.986291
12.044689 0.036572 -0.055629 -0.211862 -0.146901 -0.068164 -0.03537 0.986166
12.049688 0.035741 -0.057725 -0.21082 -0.148414 -0.066336 -0.035144 0.986072
12.054686 0.034869 -0.059743 -0.209707 -0.14997 -0.064504 -0.034765 0.985971
12.059685 0.033951 -0.061635 -0.208575 -0.151308 -0.062716 -0.034341 0.985897
12.064682 0.032988 -0.063435 -0.207361 -0.152695 -0.060916 -0.033896 0.985812
12.069682 0.031983 -0.065106 -0.206112 -0.153903 -0.05923 -0.033525 0.985739
12.074684 0.03097 -0.066635 -0.204857 -0.154623 -0.057469 -0.032929 0.985751
12.079681 0.029926 -0.068054 -0.203554 -0.155584 -0.055911 -0.03244 0.985705
12.084677 0.028975 -0.069327 -0.202357 -0.155709 -0.055303 -0.031109 0.985763
12.089675 0.02794 -0.070438 -0.201104 -0.155259 -0.05389 -0.029775 0.985953
12.094677 0.026879 -0.071462 -0.199801 -0.155024 -0.052354 -0.028093 0.986122
12.099677 0.026366 -0.071996 -0.199184 -0.154864 -0.051832 -0.027492 0.986192
12.104676 0.025248 -0.072845 -0.197799 -0.154402 -0.050007 -0.025915 0.986401
12.109674 0.024094 -0.073629 -0.196365 -0.152912 -0.049535 -0.024046 0.986705
12.114675 0.022896 -0.074282 -0.194894 -0.151305 -0.0482 -0.022294 0.987059
12.119686 0.021049 -0.075148 -0.192543 -0.149043 -0.046088 -0.019263 0.987568
12.124696 0.019824 -0.075536 -0.190959 -0.146673 -0.04494 -0.017235 0.988013
12.129713 0.018525 -0.075724 -0.189324 -0.144597 -0.042886 -0.015755 0.988435
12.134726 0.017254 -0.075781 -0.18771 -0.142224 -0.042673 -0.015166 0.988798
12.139741 0.015277 -0.075533 -0.185128 -0.1391 -0.04123 -0.014692 0.989311
12.144753 0.013975 -0.075133 -0.183445 -0.13721 -0.038842 -0.014651 0.989672
12.149756 0.012661 -0.074617 -0.181704 -0.135217 -0.036787 -0.014343 0.990029
12.154754 0.011305 -0.07397 -0.179961 -0.13277 -0.034868 -0.0145 0.990427
12.159739 0.010595 -0.073517 -0.179023 -0.131547 -0.033873 -0.014515 0.990625
12.164716 0.00923 -0.072647 -0.177211 -0.1294 -0.031682 -0.014543 0.99098
12.169694 0.007901 -0.0717 -0.175376 -0.127149 -0.030647 -0.014761 0.9913
12.174675 0.006556 -0.070564 -0.173488 -0.124865 -0.028081 -0.014508 0.99167
12.179662 0.005256 -0.069204 -0.171652 -0.122476 -0.025502 -0.014551 0.992037
12.184649 0.004595 -0.068616 -0.170727 -0.121106 -0.024705 -0.014468 0.992227
12.189651 0.003333 -0.067097 -0.168859 -0.118161 -0.022632 -0.013906 0.992639
12.194655 0.002124 -0.065422 -0.166988 -0.115023 -0.020898 -0.013455 0.993052
12.199654 0.000988 -0.063557 -0.165114 -0.11223 -0.019072 -0.013148 0.993412
12.204656 0.000434 -0.062507 -0.164132 -0.110462 -0.01768 -0.01289 0.993639
12.209659 -0.001741 -0.058413 -0.160325 -0.104326 -0.013201 -0.012358 0.994379
12.214665 -0.002701 -0.056038 -0.158425 -0.100156 -0.01068 -0.011809 0.994844
12.21967 -0.003606 -0.053585 -0.156483 -0.095887 -0.008764 -0.010851 0.995295
12.224674 -0.004558 -0.050996 -0.154447 -0.092319 -0.005632 -0.011477 0.995647
12.229686 -0.005321 -0.048306 -0.152468 -0.088595 -0.003837 -0.011534 0.995994
12.234694 -0.006116 -0.045568 -0.150369 -0.085063 -0.001088 -0.011886 0.996304
12.239708 -0.006722 -0.042638 -0.148355 -0.081301 0.000675 -0.0119 0.996618
12.244716 -0.007528 -0.038142 -0.145163 -0.075964 0.002837 -0.012743 0.997025
12.249721 -0.008004 -0.035062 -0.142989 -0.072999 0.004322 -0.013641 0.997229
12.254723 -0.008352 -0.031896 -0.140825 -0.069573 0.005742 -0.014178 0.99746
12.259721 -0.008538 -0.028639 -0.138695 -0.066144 0.0063 -0.01432 0.997687
12.264713 -0.008538 -0.028639 -0.138695 -0.066144 0.0063 -0.01432 0.997687
12.269711 -0.008735 -0.025244 -0.136489 -0.063016 0.007944 -0.015699 0.997857
12.274714 -0.008752 -0.021777 -0.134324 -0.05973 0.008115 -0.016884 0.998039
12.27972 -0.008686 -0.016476 -0.130938 -0.054805 0.010299 -0.018711 0.998269
12.284721 -0.008386 -0.011049 -0.127665 -0.049953 0.010921 -0.020211 0.998487
12.289723 -0.008034 -0.007369 -0.125468 -0.046674 0.010782 -0.021493 0.998621
12.294724 -0.0076 -0.003583 -0.123248 -0.043734 0.0113 -0.023141 0.998711
12.299714 -0.007263 -0.001627 -0.122168 -0.041931 0.011614 -0.02375 0.998771
12.304702 -0.006666 0.002243 -0.119993 -0.03849 0.011894 -0.025292 0.998868
12.309686 -0.005987 0.006114 -0.117759 -0.035776 0.011691 -0.027028 0.998926
12.314671 -0.005253 0.010082 -0.115538 -0.032721 0.012659 -0.028655 0.998973
12.319659 -0.004316 0.01414 -0.113412 -0.029827 0.011647 -0.030678 0.999016
12.324655 -0.003276 0.018241 -0.111261 -0.026945 0.011092 -0.032659 0.999042
12.32965 -0.002159 0.022437 -0.109122 -0.02354 0.011558 -0.034118 0.999074
12.334647 -0.000935 0.026739 -0.107025 -0.020121 0.012103 -0.035394 0.999098
12.339647 0.000355 0.031089 -0.104936 -0.016735 0.012722 -0.036779 0.999102
12.344648 0.001731 0.035468 -0.102826 -0.013728 0.012997 -0.038339 0.999086
12.349643 0.002384 0.037625 -0.101745 -0.012519 0.012871 -0.039348 0.999064
12.354637 0.003666 0.042065 -0.099456 -0.007982 0.018049 -0.039591 0.999021
12.359636 0.005118 0.046553 -0.097227 -0.003967 0.021662 -0.040121 0.998952
12.36464 0.006845 0.051202 -0.095298 0.001128 0.022457 -0.040872 0.998911
12.369649 0.009406 0.058136 -0.092255 0.008088 0.0253 -0.041847 0.998771
12.374661 0.011291 0.062737 -0.090293 0.012862 0.025968 -0.042799 0.998663
12.379676 0.013256 0.067312 -0.088397 0.018072 0.026203 -0.043395 0.998551
12.38469 0.015328 0.071937 -0.086594 0.023737 0.026181 -0.043769 0.998416
12.389709 0.017753 0.076596 -0.085135 0.028938 0.020821 -0.044861 0.998357
12.394734 0.021373 0.083443 -0.082872 0.036898 0.015255 -0.045559 0.998163
12.39975 0.023713 0.087914 -0.081179 0.041577 0.013691 -0.045628 0.997999
12.404745 0.026113 0.092381 -0.079548 0.046139 0.01177 -0.0459 0.997811
12.409735 0.028556 0.096818 -0.07794 0.051078 0.010042 -0.045925 0.997588
12.414724 0.02983 0.099016 -0.07713 0.05352 0.009453 -0.04604 0.99746
12.419725 0.032344 0.10345 -0.075556 0.058284 0.007643 -0.046619 0.997182
12.424721 0.034928 0.107768 -0.073978 0.062769 0.005908 -0.046865 0.99691
12.42971 0.03755 0.112044 -0.072424 0.066979 0.004292 -0.047205 0.996628
12.434699 0.040191 0.116289 -0.070875 0.071302 0.002984 -0.047919 0.996299
12.439692 0.042848 0.120464 -0.06937 0.075587 0.001891 -0.048633 0.995951
12.444679 0.045512 0.124566 -0.067889 0.079648 0.000965 -0.049596 0.995588
12.449669 0.048191 0.128563 -0.066431 0.083542 0.000262 -0.050513 0.995223
12.454659 0.050902 0.132462 -0.06503 0.08712 -0.000687 -0.051925 0.994843
12.459651 0.052262 0.134444 -0.064328 0.088876 -0.001362 -0.052545 0.994655
12.464647 0.05502 0.138138 -0.062977 0.091956 -0.002296 -0.053705 0.994311
12.46965 0.057728 0.141762 -0.061662 0.094899 -0.002905 -0.055387 0.993941
12.474657 0.060462 0.145207 -0.060379 0.097314 -0.003472 -0.056883 0.993621
12.479669 0.064581 0.150229 -0.058511 0.100428 -0.004527 -0.059389 0.99316
12.484678 0.067289 0.153353 -0.057289 0.102189 -0.004572 -0.061209 0.99287
12.489697 0.070016 0.156326 -0.056096 0.103654 -0.004683 -0.062961 0.992608
12.494711 0.074099 0.160527 -0.054397 0.105026 -0.005188 -0.066211 0.992249
12.499721 0.076808 0.163242 -0.053274 0.105847 -0.005379 -0.068447 0.992009
12.504724 0.079517 0.165844 -0.052178 0.106442 -0.005552 -0.070597 0.991794
12.509719 0.082204 0.168382 -0.051099 0.107172 -0.005498 -0.073032 0.991539
12.51471 0.083545 0.169538 -0.050604 0.107171 -0.005615 -0.074038 0.991464
12.519697 0.086231 0.171909 -0.049586 0.107442 -0.005747 -0.076142 0.991275
12.524677 0.088903 0.174187 -0.048609 0.107543 -0.00585 -0.078049 0.991115
12.529657 0.091531 0.176417 -0.047691 0.107504 -0.005926 -0.0802 0.990947
12.534643 0.094124 0.178581 -0.046809 0.107611 -0.005765 -0.082395 0.990756
12.539639 0.096683 0.180664 -0.04598 0.107618 -0.005484 -0.084432 0.990585
12.544634 0.099184 0.182684 -0.045201 0.107719 -0.004849 -0.086269 0.990419
12.549631 0.100469 0.18371 -0.044797 0.10769 -0.00478 -0.087268 0.990335
12.554626 0.10291 0.185662 -0.044136 0.1076 -0.00452 -0.089618 0.990137
12.559623 0.105299 0.187546 -0.043523 0.107609 -0.003975 -0.092079 0.989912
12.564628 0.107591 0.189409 -0.042954 0.107912 -0.002894 -0.094589 0.989646
12.569639 0.111002 0.192102 -0.042175 0.108102 -0.001596 -0.098573 0.989239
12.57466 0.113162 0.193811 -0.041729 0.108348 -0.000358 -0.101185 0.98895
12.579679 0.115256 0.195447 -0.041329 0.108486 0.001021 -0.103558 0.988689
12.584692 0.117313 0.197027 -0.040973 0.108463 0.002164 -0.106231 0.988406
12.589708 0.119293 0.198536 -0.040621 0.108529 0.003897 -0.108411 0.988157
12.594722 0.122161 0.200624 -0.040136 0.108617 0.006647 -0.111271 0.987814
12.599726 0.124076 0.201935 -0.039856 0.108183 0.007919 -0.113285 0.987624
12.604727 0.125918 0.203232 -0.039589 0.108011 0.009506 -0.115506 0.987371
12.609718 0.127744 0.204432 -0.039341 0.107724 0.011059 -0.117515 0.987149
12.614711 0.128633 0.204958 -0.039248 0.107512 0.011714 -0.11858 0.987037
12.619701 0.13041 0.206087 -0.039037 0.107386 0.013256 -0.120871 0.986754
12.624686 0.132166 0.20714 -0.038863 0.107195 0.014722 -0.123139 0.986473
12.629671 0.133917 0.208124 -0.03875 0.106817 0.015703 -0.125547 0.986195
12.634662 0.135626 0.209099 -0.038704 0.106428 0.016337 -0.128573 0.985837
12.63966 0.136492 0.209572 -0.038644 0.106241 0.016937 -0.129674 0.985703
12.644657 0.138146 0.210417 -0.038629 0.106284 0.018149 -0.131986 0.98537
12.649658 0.139789 0.211193 -0.038682 0.106283 0.019038 -0.134433 0.985022
12.654659 0.141424 0.211884 -0.038795 0.106258 0.019631 -0.1367 0.984702
12.65966 0.143836 0.212891 -0.039065 0.106305 0.020115 -0.140484 0.984154
12.664662 0.14542 0.21338 -0.03933 0.106343 0.020363 -0.142203 0.983898
12.669667 0.146952 0.213862 -0.039663 0.106682 0.020528 -0.144232 0.983562
12.674677 0.148499 0.214152 -0.040041 0.106844 0.020672 -0.145173 0.983403
12.679688 0.150037 0.214394 -0.040524 0.106779 0.020017 -0.146612 0.98321
12.684709 0.151532 0.214536 -0.041056 0.106819 0.019452 -0.14758 0.983073
12.689728 0.15368 0.214527 -0.042038 0.106929 0.018091 -0.148857 0.982894
12.694739 0.15509 0.21439 -0.042754 0.106785 0.017055 -0.149261 0.982867
12.699739 0.156465 0.214166 -0.043551 0.106633 0.015611 -0.149824 0.982822
12.704731 0.157796 0.213771 -0.044387 0.106547 0.014472 -0.149483 0.9829
12.709718 0.15843 0.213445 -0.044895 0.1064 0.013495 -0.14935 0.98295
12.714704 0.159688 0.212921 -0.045866 0.106227 0.01178 -0.149278 0.983002
12.719685 0.160883 0.212284 -0.046915 0.106012 0.009935 -0.149119 0.98307
12.724668 0.162051 0.211473 -0.048045 0.105533 0.007789 -0.148597 0.98322
12.729654 0.163142 0.210502 -0.049234 0.104983 0.00589 -0.14749 0.983458
12.734648 0.164151 0.209405 -0.050494 0.104417 0.004023 -0.146314 0.983704
12.739651 0.165114 0.208132 -0.051817 0.103731 0.002015 -0.144864 0.983997
12.744652 0.165977 0.206755 -0.05323 0.102905 -0.000123 -0.14377 0.984246
12.749649 0.166456 0.206108 -0.053918 0.102446 -0.001358 -0.143212 0.984375
12.754645 0.167176 0.204489 -0.055448 0.101157 -0.003623 -0.141795 0.984707
12.759647 0.167802 0.202661 -0.057012 0.099807 -0.00548 -0.140117 0.985077
12.764651 0.168325 0.20066 -0.058633 0.098282 -0.007155 -0.138418 0.985459
12.769655 0.168955 0.197468 -0.061151 0.095621 -0.009696 -0.136159 0.986014
12.774664 0.169178 0.195072 -0.062926 0.093455 -0.011297 -0.135068 0.986355
12.779677 0.16926 0.192494 -0.064765 0.090878 -0.012662 -0.133958 0.98673
12.7847 0.169205 0.189761 -0.066664 0.088024 -0.013862 -0.132995 0.987103
12.789726 0.16902 0.186868 -0.068591 0.085286 -0.014361 -0.132184 0.987445
12.794751 0.168486 0.182122 -0.071664 0.080167 -0.01524 -0.131412 0.987963
12.799764 0.168063 0.178816 -0.073774 0.076387 -0.016061 -0.130952 0.988311
12.804767 0.167538 0.175384 -0.07594 0.072567 -0.01669 -0.130709 0.988621
12.809759 0.16692 0.171827 -0.078179 0.068639 -0.017178 -0.130634 0.988903
12.814743 0.166528 0.169903 -0.079353 0.066704 -0.017182 -0.130472 0.989056
12.81972 0.165794 0.166165 -0.08167 0.062807 -0.0174 -0.130283 0.989332
12.824694 0.165005 0.162283 -0.084022 0.059103 -0.017231 -0.129759 0.989633
12.829666 0.164636 0.160364 -0.085188 0.05702 -0.017385 -0.129571 0.989777
12.834657 0.163771 0.156319 -0.087651 0.053069 -0.017582 -0.12917 0.990045
12.839658 0.162852 0.152147 -0.090165 0.048982 -0.017757 -0.128337 0.990361
12.844666 0.161873 0.147869 -0.092711 0.045134 -0.017462 -0.127021 0.990719
12.849674 0.161348 0.145631 -0.094042 0.043236 -0.017522 -0.126173 0.990911
12.854682 0.159317 0.136817 -0.099285 0.035434 -0.017618 -0.123101 0.991605
12.859701 0.158215 0.132208 -0.102007 0.031544 -0.017867 -0.121087 0.99198
12.864723 0.157074 0.127525 -0.104781 0.02758 -0.018379 -0.118992 0.992342
12.869742 0.155879 0.122766 -0.107593 0.02371 -0.018825 -0.116686 0.992707
12.874754 0.153953 0.11553 -0.111891 0.018526 -0.019415 -0.113585 0.993166
12.87976 0.152648 0.110622 -0.114774 0.014935 -0.019879 -0.111284 0.993478
12.884763 0.151286 0.105625 -0.117681 0.011141 -0.020248 -0.108608 0.993816
12.889761 0.14988 0.10057 -0.120592 0.007473 -0.020416 -0.105851 0.994144
12.894742 0.149133 0.097967 -0.122053 0.005591 -0.020402 -0.104262 0.994325
12.899716 0.147676 0.092819 -0.124973 0.001927 -0.020504 -0.101317 0.994641
12.904692 0.146166 0.087629 -0.127888 -0.001673 -0.02036 -0.098439 0.994933
12.90967 0.144635 0.08238 -0.13079 -0.005243 -0.020205 -0.095522 0.995208
12.914651 0.143058 0.077068 -0.133678 -0.008863 -0.0197 -0.092485 0.99548
12.919641 0.14228 0.074428 -0.135131 -0.010673 -0.019537 -0.090937 0.995608
12.924636 0.140644 0.069098 -0.138016 -0.014104 -0.019093 -0.088389 0.995803
12.929634 0.138995 0.06371 -0.140875 -0.017511 -0.018615 -0.086085 0.99596
12.934643 0.137314 0.058299 -0.143731 -0.020837 -0.018235 -0.083983 0.996082
12.939664 0.134714 0.050199 -0.147994 -0.025743 -0.01757 -0.081573 0.99618
12.944685 0.132888 0.044809 -0.150827 -0.028973 -0.01737 -0.080865 0.996152
12.949699 0.131 0.039415 -0.153644 -0.032159 -0.016995 -0.080312 0.996106
12.954709 0.128072 0.031386 -0.157836 -0.036664 -0.016446 -0.079745 0.996005
12.959715 0.126089 0.026067 -0.160602 -0.03928 -0.015624 -0.079265 0.995957
12.964716 0.124057 0.020871 -0.163378 -0.041384 -0.014719 -0.079164 0.995893
12.969711 0.121976 0.015715 -0.166133 -0.043407 -0.013424 -0.078812 0.995854
12.974704 0.120944 0.013256 -0.167517 -0.043875 -0.012818 -0.07858 0.995859
12.979692 0.118869 0.008224 -0.170252 -0.045092 -0.011122 -0.077779 0.995888
12.984677 0.117846 0.005645 -0.171619 -0.045988 -0.010386 -0.077233 0.995898
12.989671 0.115778 0.000747 -0.174336 -0.046594 -0.008336 -0.075918 0.99599
12.994677 0.11373 -0.004107 -0.177008 -0.046912 -0.005885 -0.073974 0.996139
12.999679 0.11169 -0.008874 -0.179657 -0.046874 -0.003249 -0.071865 0.996307
13.004683 0.108661 -0.015947 -0.183616 -0.046945 0.000319 -0.068388 0.996554
13.009687 0.106697 -0.020567 -0.18617 -0.046662 0.00286 -0.065646 0.996747
13.014692 0.104764 -0.025193 -0.188647 -0.046437 0.005694 -0.062501 0.996948
13.019698 0.102887 -0.02975 -0.191069 -0.046196 0.008101 -0.059755 0.997111
13.024702 0.101017 -0.034311 -0.193356 -0.045951 0.011182 -0.057051 0.997251
13.029705 0.099206 -0.038794 -0.195594 -0.045673 0.013701 -0.054914 0.997352
13.034707 0.096626 -0.045359 -0.198761 -0.045149 0.017145 -0.05208 0.997474
13.039716 0.094981 -0.049712 -0.200797 -0.044899 0.019195 -0.049934 0.997558
13.044718 0.093394 -0.053959 -0.202743 -0.044254 0.021287 -0.048091 0.997635
13.049713 0.091886 -0.058152 -0.204606 -0.043723 0.023162 -0.04601 0.997715
13.054707 0.091221 -0.060166 -0.205454 -0.043446 0.023795 -0.044683 0.997772
13.059692 0.089805 -0.064232 -0.207159 -0.043408 0.025316 -0.042647 0.997826
13.064681 0.088464 -0.068185 -0.208807 -0.04327 0.026551 -0.040409 0.997893
13.069672 0.087116 -0.072054 -0.210273 -0.04336 0.028627 -0.038062 0.997924
13.074664 0.085897 -0.075872 -0.211696 -0.043605 0.029691 -0.035243 0.997985
13.079659 0.08526 -0.07779 -0.212439 -0.043495 0.030411 -0.033961 0.998013
13.084655 0.084083 -0.081468 -0.213687 -0.043658 0.032003 -0.030809 0.998058
13.089658 0.082955 -0.085072 -0.214832 -0.044093 0.033455 -0.027456 0.99809
13.094661 0.081855 -0.088575 -0.215869 -0.044311 0.03515 -0.024003 0.998111
13.099664 0.080257 -0.093688 -0.217325 -0.044385 0.037653 -0.018515 0.998133
13.104668 0.079286 -0.096936 -0.218184 -0.044069 0.038749 -0.014517 0.998171
13.109674 0.078389 -0.10005 -0.219046 -0.043357 0.039109 -0.010337 0.99824
13.114679 0.077483 -0.103017 -0.219797 -0.04217 0.040146 -0.006149 0.998285
13.119681 0.076619 -0.105943 -0.220385 -0.042604 0.039262 -0.003229 0.998315
13.124681 0.075778 -0.108749 -0.220889 -0.043098 0.038073 -0.0007 0.998345
13.129681 0.074979 -0.111403 -0.221329 -0.043193 0.036841 0.002374 0.998384
13.134681 0.074167 -0.113965 -0.221637 -0.043545 0.035915 0.005157 0.998392
13.139685 0.073442 -0.1164 -0.221896 -0.043787 0.034108 0.008081 0.998426
13.144683 0.072745 -0.118729 -0.222063 -0.044152 0.032078 0.01064 0.998453
13.149687 0.072036 -0.120935 -0.222106 -0.044365 0.030769 0.013431 0.998451
13.154696 0.071386 -0.122925 -0.222165 -0.043183 0.030201 0.01718 0.998463
13.159706 0.070782 -0.124807 -0.222155 -0.041896 0.029478 0.021215 0.998462
13.164716 0.070152 -0.12658 -0.222036 -0.041366 0.028325 0.024077 0.998452
13.169727 0.069621 -0.128206 -0.221901 -0.040127 0.026762 0.027691 0.998452
13.174734 0.069038 -0.129695 -0.221668 -0.038829 0.025798 0.030898 0.998435
13.179747 0.068193 -0.131676 -0.221091 -0.035063 0.021414 0.035682 0.998518
13.184751 0.067652 -0.132835 -0.220677 -0.032754 0.018192 0.038181 0.998568
13.189752 0.067084 -0.133854 -0.220176 -0.03009 0.015629 0.040586 0.998601
13.194753 0.066479 -0.134713 -0.219548 -0.02792 0.013555 0.042437 0.998617
13.199744 0.066169 -0.134971 -0.219137 -0.027087 0.012502 0.042881 0.998635
13.204729 0.065605 -0.13561 -0.218441 -0.02408 0.01017 0.045102 0.99864
13.209719 0.064953 -0.136064 -0.217633 -0.021985 0.00825 0.04598 0.998666
13.21471 0.064348 -0.136417 -0.216739 -0.019651 0.005903 0.047221 0.998674
13.219697 0.063731 -0.136601 -0.215789 -0.018037 0.004679 0.048084 0.998669
13.224684 0.063139 -0.136616 -0.214795 -0.0165 0.003115 0.048469 0.998684
13.22967 0.062473 -0.136568 -0.21364 -0.015651 0.002107 0.04835 0.998706
13.23466 0.062144 -0.13657 -0.213091 -0.015269 0.001564 0.048366 0.998712
13.239659 0.06151 -0.136298 -0.211934 -0.013189 3.4e-05 0.04858 0.998732
13.244659 0.060908 -0.13592 -0.210722 -0.011231 -0.001179 0.049343 0.998718
13.249664 0.060297 -0.13543 -0.209386 -0.010206 -0.002956 0.0491 0.998737
13.254674 0.059374 -0.134576 -0.207331 -0.007896 -0.005491 0.048871 0.998759
13.259686 0.058709 -0.133818 -0.205873 -0.006559 -0.007186 0.048073 0.998796
13.264697 0.057987 -0.133087 -0.204265 -0.005676 -0.008309 0.048366 0.998779
13.269707 0.05733 -0.132173 -0.202674 -0.004319 -0.00946 0.048989 0.998745
13.274711 0.056679 -0.131148 -0.20102 -0.004004 -0.011316 0.048937 0.99873
13.279714 0.055985 -0.130036 -0.199296 -0.003724 -0.012789 0.048751 0.998722
13.28471 0.055259 -0.128821 -0.197545 -0.003234 -0.013451 0.048949 0.998705
13.28971 0.053892 -0.125788 -0.193925 -0.001599 -0.014616 0.05002 0.99864
13.294714 0.053563 -0.125098 -0.19302 -0.001353 -0.014757 0.050696 0.998604
13.299716 0.052905 -0.123382 -0.191164 -0.000776 -0.015856 0.050054 0.99862
13.304716 0.052294 -0.121586 -0.189268 -0.000522 -0.017114 0.049709 0.998617
13.309712 0.052331 -0.121395 -0.18922 -0.000254 -0.017069 0.049287 0.998639
13.314703 0.051439 -0.118529 -0.186348 0.000758 -0.018953 0.04876 0.99863
13.319695 0.050822 -0.116424 -0.184339 0.001438 -0.019959 0.047927 0.99865
13.324696 0.05025 -0.114148 -0.182316 0.002226 -0.021483 0.046765 0.998672
13.32969 0.04972 -0.111761 -0.18025 0.002612 -0.023491 0.04527 0.998695
13.334684 0.049453 -0.110628 -0.179225 0.002938 -0.02432 0.044471 0.99871
13.339682 0.048894 -0.10807 -0.177109 0.003754 -0.025701 0.043081 0.998734
13.344681 0.048365 -0.10536 -0.174974 0.004682 -0.026849 0.04216 0.998739
13.349684 0.04784 -0.1025 -0.172846 0.006089 -0.028203 0.041068 0.99874
13.354688 0.046462 -0.094844 -0.167343 0.009283 -0.03033 0.040224 0.998687
13.359694 0.046211 -0.09329 -0.166261 0.010022 -0.030991 0.039789 0.998677
13.364696 0.045681 -0.089974 -0.164043 0.011569 -0.030972 0.04035 0.998638
13.369693 0.045269 -0.086476 -0.161894 0.013699 -0.032438 0.04115 0.998532
13.374688 0.045335 -0.086223 -0.161945 0.013283 -0.033303 0.040769 0.998525
13.37968 0.04462 -0.080851 -0.158671 0.01558 -0.034569 0.041493 0.998419
13.384667 0.0442 -0.077021 -0.156502 0.016932 -0.03586 0.042126 0.998325
13.38966 0.043969 -0.075153 -0.155411 0.017813 -0.036268 0.042657 0.998272
13.394657 0.043549 -0.071181 -0.153199 0.019298 -0.036919 0.043594 0.99818
13.399656 0.043157 -0.06703 -0.151037 0.02119 -0.038146 0.044314 0.998064
13.404659 0.0428 -0.062802 -0.148811 0.02221 -0.039072 0.045101 0.997971
13.409666 0.042197 -0.056345 -0.145482 0.023934 -0.039909 0.045833 0.997865
13.414678 0.041781 -0.051921 -0.143203 0.025173 -0.03898 0.047205 0.997807
13.419697 0.041474 -0.047374 -0.141 0.026699 -0.039641 0.048061 0.9977
13.424708 0.041151 -0.042769 -0.138773 0.028917 -0.040106 0.049092 0.99757
13.429718 0.040736 -0.035562 -0.135533 0.031746 -0.041617 0.049826 0.997385
13.434721 0.040356 -0.030714 -0.133311 0.033569 -0.041562 0.049951 0.997322
13.439718 0.039977 -0.025766 -0.131181 0.035715 -0.042434 0.049662 0.997225
13.44471 0.039561 -0.020752 -0.129015 0.037696 -0.043024 0.049171 0.997151
13.449698 0.039334 -0.01816 -0.12796 0.038936 -0.04343 0.048741 0.997107
13.454687 0.03917 -0.015667 -0.126889 0.040355 -0.044166 0.048828 0.997014
13.459681 0.038619 -0.010528 -0.124693 0.042597 -0.04426 0.047432 0.996984
13.464683 0.038038 -0.005255 -0.12256 0.045453 -0.04311 0.04667 0.996944
13.469688 0.037449 0.000133 -0.120529 0.049367 -0.042257 0.046182 0.996817
13.474699 0.036564 0.008291 -0.11751 0.05518 -0.041088 0.045775 0.99658
13.479702 0.035997 0.013875 -0.115602 0.060479 -0.040177 0.046383 0.996281
13.484703 0.035418 0.01958 -0.113805 0.066301 -0.039845 0.046937 0.995898
13.489702 0.034784 0.025368 -0.11205 0.072335 -0.039002 0.047728 0.995474
13.494712 0.034163 0.031258 -0.110393 0.079179 -0.038245 0.049312 0.994905
13.499721 0.033163 0.040097 -0.107974 0.088327 -0.038738 0.050244 0.994069
13.504726 0.032385 0.045999 -0.106297 0.094165 -0.038028 0.050622 0.993541
13.509727 0.031631 0.051956 -0.104678 0.100524 -0.037289 0.051623 0.992895
13.514722 0.030797 0.057916 -0.103027 0.106422 -0.036487 0.051981 0.992291
13.519713 0.030386 0.060915 -0.102216 0.109183 -0.036278 0.052025 0.991996
13.524698 0.02953 0.066893 -0.100571 0.114755 -0.035391 0.052361 0.991381
13.529681 0.028636 0.072863 -0.098919 0.120169 -0.034279 0.052725 0.990759
13.534663 0.027737 0.078835 -0.097268 0.125357 -0.033063 0.053073 0.990139
13.53965 0.02682 0.084841 -0.095633 0.130768 -0.031708 0.053226 0.989475
13.544637 0.026328 0.087838 -0.09478 0.133446 -0.03059 0.053428 0.989142
13.549628 0.02543 0.093856 -0.093168 0.1384 -0.030014 0.052927 0.988506
13.554627 0.024502 0.099902 -0.091592 0.143224 -0.029586 0.052081 0.987876
13.559634 0.023526 0.105942 -0.090009 0.148093 -0.028591 0.051292 0.987229
13.56464 0.022001 0.115025 -0.087624 0.155773 -0.026345 0.049879 0.986181
13.569646 0.021041 0.12108 -0.086076 0.161148 -0.025028 0.048756 0.985407
13.574658 0.020096 0.127085 -0.084537 0.166412 -0.023507 0.047842 0.984615
13.579668 0.0192 0.133117 -0.083052 0.171665 -0.022554 0.0469 0.98378
13.584678 0.018263 0.139112 -0.081533 0.176874 -0.020714 0.04632 0.982925
13.589694 0.017369 0.145065 -0.08 0.182157 -0.01869 0.04576 0.982026
13.594716 0.016532 0.150986 -0.078481 0.187376 -0.016845 0.045101 0.981108
13.599732 0.015751 0.156872 -0.07697 0.192516 -0.015203 0.044353 0.980173
13.604748 0.014681 0.165594 -0.074706 0.200219 -0.012769 0.042993 0.978724
13.609755 0.01402 0.171419 -0.073225 0.205405 -0.011695 0.041783 0.977715
13.614753 0.013411 0.17716 -0.071738 0.210534 -0.010527 0.040806 0.976678
13.619745 0.012845 0.182848 -0.07027 0.215575 -0.009467 0.039788 0.97563
13.624735 0.012625 0.185591 -0.069549 0.217899 -0.00907 0.039641 0.975124
13.629725 0.012149 0.191144 -0.0681 0.222661 -0.008285 0.038959 0.974082
13.634713 0.011747 0.196624 -0.066679 0.227164 -0.007982 0.038307 0.97307
13.6397 0.011372 0.202009 -0.065267 0.231485 -0.007619 0.038027 0.972065
13.644687 0.011006 0.207366 -0.063885 0.235731 -0.00753 0.03746 0.971067
13.649672 0.01064 0.212658 -0.062509 0.240011 -0.007228 0.03692 0.970041
13.654666 0.010476 0.215304 -0.061819 0.242045 -0.00719 0.036831 0.969539
13.659666 0.01014 0.220448 -0.06047 0.245981 -0.006831 0.036519 0.968562
13.664667 0.009829 0.225499 -0.059143 0.249698 -0.006552 0.036271 0.967622
13.669671 0.009506 0.230533 -0.057855 0.253387 -0.006421 0.035614 0.966688
13.674676 0.008969 0.238016 -0.055943 0.258987 -0.00568 0.03456 0.965246
13.67968 0.008612 0.242901 -0.054739 0.262452 -0.005253 0.033485 0.96435
13.684686 0.00824 0.247697 -0.053548 0.265973 -0.004318 0.032661 0.963417
13.689692 0.007887 0.252422 -0.052432 0.269055 -0.003724 0.031729 0.962595
13.694696 0.007305 0.259433 -0.050829 0.274154 -0.002281 0.029636 0.961226
13.699698 0.006911 0.264081 -0.049787 0.277665 -0.001174 0.028137 0.960265
13.704699 0.006322 0.270882 -0.048327 0.282758 0.000779 0.026201 0.958833
13.709698 0.006315 0.270957 -0.048279 0.282734 0.000629 0.026059 0.958844
13.714693 0.006122 0.273173 -0.047822 0.284431 0.001371 0.025503 0.958356
13.719692 0.005699 0.277654 -0.046873 0.288067 0.003112 0.024417 0.957294
13.7247 0.004946 0.286464 -0.045129 0.29491 0.005794 0.022481 0.955243
13.729702 0.00459 0.290791 -0.044296 0.298485 0.007256 0.021711 0.95414
13.7347 0.004271 0.295026 -0.043513 0.301793 0.008513 0.021535 0.953092
13.739698 0.003957 0.299205 -0.042786 0.304975 0.009697 0.021421 0.95207
13.744693 0.003835 0.301232 -0.042462 0.306635 0.010166 0.021259 0.951535
13.749686 0.003553 0.305327 -0.041798 0.309893 0.011266 0.021071 0.950471
13.754682 0.003284 0.309351 -0.041197 0.31302 0.012257 0.021072 0.949434
13.759677 0.003056 0.313285 -0.040661 0.315979 0.01309 0.021006 0.948443
13.764672 0.002843 0.31711 -0.040173 0.31891 0.014128 0.021148 0.947444
13.769669 0.00265 0.320852 -0.039749 0.321837 0.015176 0.021152 0.946437
13.774664 0.00255 0.322752 -0.039522 0.323186 0.015558 0.021227 0.94597
13.779661 0.002369 0.326377 -0.039216 0.325922 0.016582 0.021034 0.945017
13.784661 0.002212 0.331476 -0.038957 0.329543 0.018023 0.020886 0.943737
13.789666 0.002125 0.334745 -0.038856 0.331671 0.019181 0.021126 0.942963
13.794669 0.002043 0.339533 -0.038769 0.334982 0.020925 0.021003 0.941758
13.79967 0.002063 0.342502 -0.038857 0.33689 0.02199 0.020961 0.941054
13.804661 0.002131 0.343831 -0.038993 0.337576 0.022443 0.020898 0.940799
13.809654 0.002224 0.346575 -0.039212 0.339074 0.023456 0.020799 0.940237
13.814649 0.002355 0.349191 -0.039517 0.340365 0.024403 0.020597 0.939751
13.819643 0.002418 0.350528 -0.039643 0.340991 0.024862 0.020617 0.939511
13.824642 0.002667 0.352866 -0.040083 0.341724 0.025621 0.020512 0.939227
13.829643 0.002955 0.355056 -0.040597 0.342271 0.02643 0.020142 0.939013
13.834645 0.003307 0.357105 -0.041219 0.342501 0.026792 0.019374 0.938935
13.839654 0.003922 0.359927 -0.04228 0.342198 0.027206 0.018262 0.939056
13.844663 0.004423 0.361512 -0.043139 0.341355 0.027254 0.017016 0.939385
13.849669 0.004943 0.362949 -0.044069 0.340301 0.027443 0.015407 0.93979
13.854675 0.005525 0.364213 -0.045088 0.338882 0.027411 0.013527 0.940332
13.859681 0.00615 0.365236 -0.0462 0.33672 0.027355 0.012068 0.94113
13.864684 0.006825 0.366102 -0.047395 0.33411 0.027002 0.010532 0.942088
13.869687 0.007529 0.366838 -0.048632 0.331343 0.026754 0.008896 0.943089
13.87469 0.008264 0.367429 -0.049921 0.328304 0.026494 0.007379 0.944172
13.87969 0.009032 0.367897 -0.051274 0.325023 0.026114 0.006002 0.945326
13.88469 0.009844 0.368264 -0.052666 0.321668 0.025539 0.004562 0.946497
13.889693 0.010705 0.368487 -0.054108 0.31793 0.024782 0.00344 0.947784
13.894696 0.011547 0.368744 -0.055552 0.31478 0.024119 0.001585 0.948857
13.899699 0.012854 0.368939 -0.057792 0.310037 0.023042 -0.001129 0.950445
13.904701 0.013732 0.369001 -0.059317 0.306798 0.022278 -0.002767 0.95151
13.909702 0.014592 0.369005 -0.060855 0.303614 0.021667 -0.004338 0.952539
13.914701 0.015451 0.368951 -0.06241 0.300438 0.021038 -0.005837 0.953552
13.9197 0.015857 0.368893 -0.063207 0.299047 0.020829 -0.006566 0.953988
13.924698 0.01669 0.368774 -0.064792 0.296001 0.02027 -0.007972 0.954939
13.929697 0.017498 0.368639 -0.066374 0.293235 0.019823 -0.009543 0.955787
13.934693 0.018282 0.368445 -0.067972 0.290447 0.019398 -0.010924 0.956632
13.939689 0.019037 0.368215 -0.069578 0.28781 0.019044 -0.012209 0.95742
13.944681 0.019751 0.367932 -0.071177 0.285288 0.018988 -0.013262 0.958162
13.949676 0.020442 0.367606 -0.072773 0.282862 0.018973 -0.014215 0.958868
13.954671 0.020805 0.367457 -0.073579 0.281574 0.018844 -0.014746 0.959241
13.95967 0.02146 0.367073 -0.075166 0.279425 0.019002 -0.015574 0.959853
13.964671 0.022368 0.366334 -0.077532 0.276151 0.019562 -0.016165 0.960779
13.969673 0.022963 0.365812 -0.079107 0.27406 0.019858 -0.016591 0.961365
13.974673 0.023829 0.364932 -0.081463 0.27085 0.020536 -0.016843 0.962255
13.979673 0.0241 0.364637 -0.082237 0.269847 0.020966 -0.016849 0.962528
13.984672 0.024357 0.364243 -0.083009 0.268818 0.021317 -0.016886 0.962807
13.989672 0.024886 0.363518 -0.08456 0.266907 0.021868 -0.017181 0.963321
13.994674 0.025405 0.362709 -0.086101 0.264975 0.022496 -0.01742 0.963835
13.999677 0.026144 0.361429 -0.088411 0.262106 0.023474 -0.018059 0.964584
14.004681 0.026391 0.360994 -0.089173 0.261215 0.023863 -0.018297 0.964812
14.009686 0.026628 0.360526 -0.089931 0.26031 0.024314 -0.018567 0.96504
14.014689 0.026858 0.360041 -0.090694 0.259437 0.024749 -0.018875 0.965258
