# timestamp[secs] tx ty tz qx qy qz qw
0.026182 -0.0 -0.0 0.0 -0.0 -0.0 0.0 1.0
0.031192 -0.000561 0.000367 0.000854 -4.8e-05 0.000611 -0.000198 1.0
0.036204 -0.001114 0.000715 0.001708 -0.000228 0.001272 -0.000375 0.999999
0.041216 -0.001679 0.001058 0.002564 -0.000392 0.002053 -0.000596 0.999998
0.046229 -0.002829 0.001734 0.004282 -0.000738 0.003705 -0.000838 0.999993
0.051235 -0.004498 0.002626 0.006842 -0.001845 0.005762 -0.001153 0.999981
0.056239 -0.005649 0.003173 0.008558 -0.002794 0.007434 -0.001241 0.999968
0.061238 -0.006807 0.003681 0.010265 -0.003769 0.009236 -0.001202 0.99995
0.066233 -0.007959 0.004144 0.011978 -0.004855 0.010859 -0.00136 0.999928
0.071224 -0.008532 0.004328 0.012827 -0.005469 0.011505 -0.001657 0.999917
0.076211 -0.009673 0.004739 0.014521 -0.006743 0.012615 -0.002329 0.999895
0.081195 -0.01082 0.005105 0.016203 -0.008039 0.013682 -0.002982 0.99987
0.086182 -0.011925 0.00545 0.017876 -0.009314 0.014312 -0.004064 0.999846
0.091172 -0.013063 0.005778 0.01953 -0.010574 0.015048 -0.005253 0.999817
0.096165 -0.014148 0.006089 0.021174 -0.011668 0.015349 -0.006705 0.999792
0.101158 -0.014702 0.006253 0.021996 -0.012214 0.015574 -0.00741 0.999777
0.106156 -0.015795 0.006553 0.023608 -0.01321 0.015837 -0.008991 0.999747
0.111158 -0.01685 0.006835 0.025186 -0.014368 0.015811 -0.01085 0.999713
0.116165 -0.017876 0.00712 0.026748 -0.015341 0.015607 -0.012378 0.999684
0.121172 -0.01939 0.007548 0.029058 -0.016571 0.015606 -0.01453 0.999635
0.126182 -0.020362 0.007836 0.030564 -0.017355 0.015717 -0.015717 0.999602
0.131193 -0.021303 0.008132 0.032036 -0.017852 0.015713 -0.016568 0.99958
0.136202 -0.022283 0.008404 0.033488 -0.018503 0.016342 -0.016966 0.999551
0.141213 -0.023174 0.008669 0.034904 -0.019136 0.016393 -0.017531 0.999529
0.146221 -0.024101 0.008934 0.036308 -0.019505 0.016843 -0.017519 0.999514
0.151228 -0.025473 0.009267 0.038337 -0.020375 0.017569 -0.017757 0.99948
0.156231 -0.026379 0.009464 0.039684 -0.020897 0.018116 -0.017745 0.99946
0.161231 -0.027301 0.00967 0.040971 -0.02146 0.018455 -0.018044 0.999436
0.166226 -0.028206 0.009819 0.042254 -0.022312 0.018919 -0.018179 0.999407
0.171223 -0.028633 0.0099 0.042861 -0.022585 0.018826 -0.018525 0.999396
0.176216 -0.029496 0.010079 0.044089 -0.023255 0.018706 -0.019262 0.999369
0.181209 -0.030357 0.010252 0.045277 -0.02375 0.018532 -0.020048 0.999345
0.186202 -0.031209 0.010407 0.046448 -0.024328 0.018358 -0.020953 0.999316
0.191197 -0.032045 0.010569 0.047569 -0.024735 0.017991 -0.021943 0.999291
0.19619 -0.032872 0.010717 0.048669 -0.025077 0.017577 -0.022937 0.999268
0.201186 -0.033727 0.010867 0.049732 -0.025349 0.01736 -0.023896 0.999242
0.206184 -0.034564 0.010988 0.050794 -0.025488 0.017361 -0.024584 0.999222
0.211181 -0.035415 0.011118 0.051826 -0.025655 0.017247 -0.025537 0.999196
0.216179 -0.036248 0.01123 0.05281 -0.025842 0.016997 -0.026496 0.99917
0.221177 -0.036665 0.011283 0.053309 -0.025851 0.016918 -0.026833 0.999162
0.226177 -0.037521 0.011358 0.054275 -0.026175 0.016871 -0.027659 0.999132
0.231177 -0.038369 0.011433 0.055206 -0.026287 0.016753 -0.02858 0.999105
0.236178 -0.03925 0.011481 0.056148 -0.026682 0.016924 -0.029657 0.999061
0.24118 -0.04054 0.011574 0.057521 -0.027034 0.016898 -0.031559 0.998993
0.246182 -0.04136 0.011635 0.058391 -0.027476 0.016137 -0.033809 0.99892
0.251182 -0.042166 0.011707 0.05924 -0.027539 0.015353 -0.036106 0.99885
0.256187 -0.043004 0.011761 0.060085 -0.027757 0.014915 -0.038376 0.998766
0.261191 -0.043845 0.011821 0.060921 -0.027765 0.014351 -0.040539 0.998689
0.266197 -0.044677 0.011872 0.061712 -0.027744 0.013842 -0.0425 0.998615
0.271198 -0.045504 0.01194 0.062463 -0.027647 0.013174 -0.044486 0.99854
0.276203 -0.046345 0.011987 0.063199 -0.027484 0.01298 -0.046171 0.998471
0.281206 -0.047205 0.01205 0.063881 -0.027171 0.013053 -0.047315 0.998425
0.286213 -0.048037 0.012109 0.064523 -0.026932 0.013141 -0.048507 0.998373
0.291217 -0.049294 0.012235 0.065419 -0.026538 0.013694 -0.050099 0.998298
0.296219 -0.050099 0.012319 0.065972 -0.02625 0.014173 -0.051114 0.998247
0.301219 -0.050868 0.012433 0.066479 -0.026151 0.014556 -0.052608 0.998167
0.306214 -0.051579 0.012558 0.066926 -0.02577 0.014928 -0.053851 0.998105
0.311212 -0.051914 0.012631 0.067104 -0.025618 0.015195 -0.054394 0.998075
0.316207 -0.052584 0.012783 0.067483 -0.025093 0.015712 -0.055508 0.998019
0.321199 -0.053206 0.012952 0.067816 -0.024602 0.016191 -0.056634 0.997961
0.326192 -0.053546 0.013026 0.068007 -0.024425 0.016465 -0.057182 0.997929
0.331193 -0.054074 0.013229 0.068269 -0.023871 0.016858 -0.058241 0.997875
0.33619 -0.054544 0.013465 0.068477 -0.023122 0.017354 -0.059031 0.997837
0.341191 -0.054945 0.013734 0.068635 -0.022292 0.01774 -0.059656 0.997812
0.346193 -0.055061 0.013896 0.068676 -0.021731 0.017761 -0.059571 0.997829
0.351204 -0.055684 0.01448 0.068921 -0.019475 0.018529 -0.059616 0.997859
0.356213 -0.055824 0.014828 0.068978 -0.018423 0.018362 -0.059222 0.997906
0.361219 -0.055894 0.015514 0.069054 -0.015435 0.018269 -0.05634 0.998125
0.366226 -0.055925 0.015692 0.069067 -0.014714 0.018191 -0.055763 0.99817
0.371226 -0.055909 0.015992 0.069088 -0.013064 0.018113 -0.053728 0.998306
0.376226 -0.055885 0.016273 0.069113 -0.01146 0.018005 -0.051662 0.998437
0.38122 -0.055856 0.01651 0.069154 -0.009967 0.017907 -0.049577 0.99856
0.386213 -0.055856 0.01658 0.069183 -0.009424 0.017799 -0.048725 0.998609
0.391208 -0.055853 0.016755 0.069237 -0.008234 0.017561 -0.047043 0.998705
0.396198 -0.05587 0.016881 0.069308 -0.007107 0.017397 -0.045389 0.998793
0.401193 -0.055861 0.016951 0.069332 -0.006328 0.017425 -0.044186 0.998851
0.40619 -0.05591 0.016993 0.069425 -0.00552 0.017179 -0.042919 0.998916
0.411192 -0.056006 0.016982 0.069559 -0.005207 0.016952 -0.042164 0.998953
0.416194 -0.056136 0.016917 0.069721 -0.005034 0.01674 -0.041683 0.998978
0.421194 -0.05623 0.016818 0.069846 -0.005188 0.016673 -0.041532 0.998985
0.426197 -0.056579 0.016534 0.070281 -0.005484 0.016358 -0.041083 0.999007
0.431204 -0.056809 0.016269 0.070593 -0.00604 0.016237 -0.041074 0.999006
0.436207 -0.057054 0.015945 0.070938 -0.006958 0.015938 -0.041346 0.998994
0.441208 -0.05729 0.01556 0.071316 -0.008018 0.015268 -0.04187 0.998974
0.44621 -0.057564 0.015141 0.071745 -0.009042 0.014738 -0.042518 0.998946
0.451218 -0.057811 0.014693 0.072196 -0.010138 0.013792 -0.04351 0.998906
0.456225 -0.058342 0.013629 0.073209 -0.012469 0.011304 -0.04647 0.998778
0.461233 -0.058465 0.013377 0.073447 -0.013039 0.010668 -0.047133 0.998747
0.466235 -0.058698 0.012821 0.073952 -0.014207 0.008881 -0.048922 0.998662
0.471231 -0.058927 0.012242 0.074488 -0.01517 0.007044 -0.050808 0.998568
0.476225 -0.059154 0.011639 0.075038 -0.016171 0.005049 -0.052805 0.998461
0.481218 -0.059265 0.011339 0.07531 -0.016489 0.00388 -0.0541 0.998392
0.486219 -0.059477 0.01073 0.075839 -0.017249 0.001395 -0.056286 0.998265
0.491218 -0.059714 0.010105 0.076382 -0.017982 -0.000996 -0.058675 0.998115
0.496218 -0.059895 0.00948 0.076896 -0.018429 -0.003963 -0.0612 0.997948
0.501212 -0.060097 0.00886 0.077405 -0.018799 -0.007019 -0.064121 0.99774
0.506205 -0.060312 0.008224 0.077903 -0.019132 -0.009997 -0.067026 0.997518
0.511196 -0.060514 0.007583 0.078395 -0.019286 -0.013238 -0.070281 0.997253
0.516189 -0.060718 0.006925 0.078863 -0.019435 -0.016611 -0.073559 0.996963
0.521181 -0.06083 0.006613 0.0791 -0.019402 -0.018207 -0.075144 0.996818
0.526176 -0.061036 0.005951 0.07954 -0.019368 -0.021718 -0.078674 0.996476
0.531171 -0.061238 0.005278 0.079964 -0.019347 -0.025136 -0.082477 0.996088
0.536171 -0.061431 0.004599 0.080346 -0.019124 -0.028727 -0.086334 0.995668
0.541181 -0.061526 0.004252 0.080506 -0.018873 -0.030344 -0.088315 0.995451
0.546191 -0.061897 0.002879 0.081216 -0.018233 -0.03725 -0.096133 0.994504
0.5512 -0.062041 0.002195 0.081487 -0.017432 -0.040455 -0.099807 0.994031
0.556208 -0.062133 0.001556 0.081713 -0.016275 -0.043706 -0.1036 0.993525
0.561214 -0.062122 0.000925 0.081877 -0.015022 -0.047503 -0.107191 0.992989
0.566218 -0.062041 0.00032 0.082012 -0.013485 -0.051371 -0.110672 0.992437
0.57122 -0.061866 -0.000226 0.082114 -0.011777 -0.055393 -0.114052 0.991859
0.576219 -0.061584 -0.000725 0.082174 -0.009919 -0.059777 -0.117387 0.991236
0.58122 -0.060895 -0.001381 0.082217 -0.006492 -0.067234 -0.121385 0.990305
0.586219 -0.060355 -0.001775 0.082231 -0.004132 -0.072416 -0.123852 0.989646
0.591221 -0.05972 -0.002131 0.082222 -0.001834 -0.077886 -0.126066 0.988958
0.596222 -0.058991 -0.002443 0.082222 0.000597 -0.083477 -0.128067 0.988246
0.601218 -0.05852 -0.002543 0.082201 0.001783 -0.086644 -0.128906 0.987863
0.606213 -0.057678 -0.002786 0.082177 0.003989 -0.092639 -0.130521 0.9871
0.61121 -0.056731 -0.003008 0.082146 0.006096 -0.098976 -0.131702 0.986317
0.616207 -0.055722 -0.003192 0.082114 0.00811 -0.105332 -0.132399 0.985551
0.621201 -0.054662 -0.003342 0.08206 0.009751 -0.111647 -0.132843 0.98478
0.626197 -0.053552 -0.003463 0.081973 0.010882 -0.117889 -0.1331 0.984006
0.631194 -0.052417 -0.003569 0.081865 0.011583 -0.123906 -0.132763 0.983304
0.63619 -0.051246 -0.003654 0.081731 0.012038 -0.129673 -0.131935 0.982666
0.641185 -0.050666 -0.003699 0.081681 0.012377 -0.132763 -0.131704 0.98228
0.646184 -0.04951 -0.003752 0.081477 0.012218 -0.137741 -0.129775 0.981854
0.651184 -0.04836 -0.003792 0.081207 0.011561 -0.142126 -0.127415 0.981546
0.656185 -0.047279 -0.003837 0.080877 0.010229 -0.145485 -0.124515 0.981441
0.661187 -0.046819 -0.003876 0.08064 0.009041 -0.146028 -0.122186 0.981664
0.666186 -0.044867 -0.003996 0.079792 0.004942 -0.150133 -0.11427 0.982027
0.671188 -0.044109 -0.004091 0.079206 0.001883 -0.150015 -0.109092 0.982645
0.676192 -0.043505 -0.004245 0.078542 -0.00195 -0.148874 -0.10343 0.98343
0.681201 -0.043021 -0.004471 0.077815 -0.006354 -0.14713 -0.0976 0.98427
0.686206 -0.042707 -0.004729 0.077029 -0.010948 -0.144507 -0.091805 0.985175
0.691209 -0.042521 -0.005049 0.076161 -0.015625 -0.141532 -0.086162 0.986053
0.696214 -0.04247 -0.0054 0.075217 -0.020444 -0.138422 -0.081833 0.986775
0.701214 -0.042515 -0.0058 0.074218 -0.025019 -0.135319 -0.078257 0.98739
0.706216 -0.042836 -0.0065 0.072568 -0.031459 -0.130719 -0.076098 0.987994
0.711213 -0.042912 -0.006726 0.072041 -0.033683 -0.129137 -0.07484 0.988225
0.716215 -0.043225 -0.007223 0.070855 -0.037649 -0.126374 -0.075094 0.988419
0.721216 -0.043612 -0.007745 0.069606 -0.041268 -0.123629 -0.076542 0.988511
0.726215 -0.043861 -0.00802 0.06894 -0.042641 -0.122164 -0.07799 0.988522
0.731219 -0.04483 -0.009062 0.066297 -0.048484 -0.116648 -0.083719 0.98845
0.736221 -0.045341 -0.009594 0.064909 -0.051114 -0.114186 -0.087397 0.988287
0.741223 -0.045904 -0.010126 0.063509 -0.053512 -0.111266 -0.09112 0.988157
0.74622 -0.046438 -0.010624 0.062068 -0.055682 -0.108766 -0.095148 0.987935
0.751216 -0.046709 -0.010835 0.061319 -0.056587 -0.107494 -0.097141 0.987829
0.75621 -0.047264 -0.011275 0.059866 -0.058473 -0.104685 -0.100908 0.987643
0.761206 -0.047773 -0.011704 0.058401 -0.060399 -0.102228 -0.104426 0.987419
0.766207 -0.048264 -0.012086 0.056919 -0.062437 -0.100003 -0.107814 0.987156
0.771206 -0.048715 -0.012429 0.055409 -0.064487 -0.097951 -0.110925 0.986885
0.776199 -0.04914 -0.012737 0.053894 -0.066471 -0.095796 -0.113407 0.986683
0.781192 -0.049537 -0.012991 0.052373 -0.068523 -0.093641 -0.11538 0.986521
0.786187 -0.049879 -0.013176 0.050822 -0.07058 -0.091847 -0.116879 0.986368
0.791182 -0.050066 -0.013295 0.050052 -0.07164 -0.090942 -0.117841 0.986261
0.796178 -0.050351 -0.013419 0.048484 -0.074063 -0.089105 -0.118581 0.986161
0.801175 -0.050588 -0.013505 0.046867 -0.076518 -0.087559 -0.118654 0.986103
0.806177 -0.050796 -0.013512 0.045209 -0.078824 -0.08582 -0.118238 0.986125
0.811184 -0.051054 -0.013449 0.042679 -0.082296 -0.083204 -0.116979 0.986215
0.816197 -0.051154 -0.013255 0.040903 -0.084022 -0.081557 -0.115307 0.986404
0.821211 -0.051247 -0.013009 0.039091 -0.085901 -0.079654 -0.113436 0.986615
0.826222 -0.05132 -0.012691 0.037222 -0.087497 -0.077729 -0.111302 0.986871
0.831227 -0.051413 -0.012031 0.03427 -0.088926 -0.074702 -0.107711 0.987375
0.836232 -0.051484 -0.011511 0.032256 -0.089601 -0.072639 -0.105528 0.987704
0.841231 -0.051558 -0.010945 0.030194 -0.09013 -0.07066 -0.103354 0.988029
0.846228 -0.05163 -0.010325 0.028078 -0.090386 -0.068826 -0.101368 0.988341
0.851225 -0.051695 -0.009956 0.026955 -0.090268 -0.067904 -0.100725 0.988481
0.856217 -0.051825 -0.009276 0.024769 -0.090513 -0.065858 -0.099081 0.988763
0.86121 -0.05197 -0.008511 0.022518 -0.090222 -0.063937 -0.097703 0.989053
0.866202 -0.052136 -0.007716 0.02021 -0.089885 -0.06205 -0.096495 0.989323
0.871197 -0.052317 -0.006854 0.017858 -0.089274 -0.060379 -0.095513 0.989577
0.876191 -0.052398 -0.006444 0.016702 -0.089069 -0.059544 -0.094972 0.989698
0.881189 -0.052644 -0.005528 0.014274 -0.088323 -0.057562 -0.094009 0.989974
0.886189 -0.052922 -0.004551 0.011786 -0.087389 -0.055422 -0.09322 0.990253
0.89119 -0.053259 -0.003532 0.009255 -0.086368 -0.052915 -0.092171 0.990578
0.896196 -0.053798 -0.001959 0.005389 -0.084725 -0.048943 -0.090451 0.991083
0.901198 -0.054453 -0.000238 0.00132 -0.082817 -0.044461 -0.088428 0.991638
0.906199 -0.054659 0.000332 -1.3e-05 -0.082134 -0.043077 -0.087768 0.991814
0.911199 -0.055154 0.001497 -0.002772 -0.080923 -0.03963 -0.086272 0.992189
0.916197 -0.05564 0.002678 -0.005552 -0.079688 -0.036252 -0.084642 0.992558
0.921198 -0.055899 0.003268 -0.006956 -0.078993 -0.034489 -0.083686 0.992757
0.926201 -0.056673 0.005035 -0.011162 -0.077299 -0.029338 -0.081064 0.993274
0.931204 -0.057165 0.006192 -0.013983 -0.07618 -0.02622 -0.079241 0.993594
0.936207 -0.057677 0.007308 -0.01681 -0.075516 -0.023151 -0.077465 0.993861
0.941217 -0.05843 0.008939 -0.02108 -0.0746 -0.018347 -0.074662 0.994245
0.946221 -0.058909 0.009982 -0.023919 -0.074045 -0.015214 -0.072541 0.994497
0.95122 -0.059382 0.011027 -0.026782 -0.073621 -0.012252 -0.070741 0.994699
0.956219 -0.059829 0.012066 -0.029679 -0.073311 -0.009651 -0.069219 0.994857
0.961214 -0.060009 0.012591 -0.031151 -0.072994 -0.008673 -0.068843 0.994916
0.966208 -0.060416 0.013632 -0.034075 -0.072461 -0.006383 -0.067808 0.995043
0.971201 -0.060813 0.01468 -0.037024 -0.072086 -0.004265 -0.067251 0.995119
0.976196 -0.06118 0.015728 -0.040002 -0.071488 -0.002445 -0.066798 0.995199
0.981192 -0.061528 0.016751 -0.042995 -0.070805 -0.000707 -0.066264 0.995287
0.986184 -0.061845 0.017781 -0.046034 -0.070083 0.000945 -0.065899 0.995362
0.99118 -0.062015 0.018318 -0.04755 -0.069772 0.001682 -0.06594 0.99538
0.996177 -0.062317 0.019379 -0.050646 -0.069065 0.003022 -0.066162 0.995411
1.001176 -0.062603 0.020436 -0.053769 -0.068314 0.004485 -0.066227 0.995453
1.00618 -0.062906 0.02148 -0.056927 -0.06762 0.006228 -0.065961 0.995509
1.011186 -0.063295 0.023047 -0.061726 -0.066491 0.008392 -0.065308 0.995612
1.01619 -0.063553 0.024096 -0.06497 -0.065624 0.010282 -0.064473 0.995706
1.021192 -0.063803 0.025165 -0.068242 -0.064981 0.012138 -0.063768 0.995773
1.026197 -0.064047 0.026229 -0.071531 -0.064298 0.014004 -0.062659 0.995863
1.031211 -0.064262 0.027263 -0.074827 -0.063469 0.016071 -0.061082 0.995983
1.036224 -0.06447 0.028294 -0.078136 -0.062956 0.01818 -0.059663 0.996065
1.041236 -0.064617 0.029327 -0.081475 -0.062342 0.019868 -0.058087 0.996165
1.046243 -0.064841 0.031433 -0.088175 -0.060927 0.023369 -0.055314 0.996334
1.051251 -0.064908 0.031948 -0.089842 -0.060675 0.024336 -0.054521 0.99637
1.056253 -0.064982 0.033031 -0.093201 -0.060012 0.02581 -0.053447 0.996432
1.061251 -0.065039 0.034148 -0.096561 -0.05929 0.02725 -0.052696 0.996476
1.066244 -0.065077 0.03527 -0.099924 -0.058487 0.028491 -0.052025 0.996524
1.071233 -0.065073 0.035867 -0.10161 -0.057933 0.029075 -0.051803 0.996551
1.076223 -0.065063 0.037046 -0.104988 -0.056923 0.030139 -0.051215 0.996608
1.081209 -0.065055 0.038257 -0.108353 -0.055972 0.031272 -0.050807 0.996648
1.086197 -0.065006 0.039499 -0.111721 -0.054945 0.032224 -0.050374 0.996697
1.091186 -0.064956 0.04077 -0.115056 -0.053914 0.033605 -0.049959 0.996729
1.09618 -0.064883 0.042085 -0.118413 -0.052794 0.034846 -0.049574 0.996765
1.101173 -0.064784 0.043423 -0.121764 -0.051618 0.035973 -0.048909 0.99682
1.106166 -0.064731 0.044065 -0.123444 -0.051048 0.03651 -0.048587 0.996845
1.111164 -0.064563 0.045442 -0.12679 -0.049748 0.037643 -0.047566 0.996918
1.116166 -0.064347 0.046812 -0.130096 -0.048533 0.038717 -0.04628 0.996997
1.121169 -0.064121 0.048205 -0.133381 -0.047081 0.039984 -0.044687 0.99709
1.126176 -0.063734 0.050315 -0.138283 -0.045031 0.041985 -0.042235 0.997209
1.131184 -0.063389 0.051762 -0.141537 -0.043718 0.042692 -0.040503 0.997309
1.136191 -0.062978 0.053201 -0.144762 -0.042362 0.043385 -0.038334 0.997424
1.141195 -0.062507 0.054624 -0.147947 -0.041029 0.044188 -0.035915 0.997534
1.146198 -0.06198 0.056049 -0.151096 -0.039982 0.044666 -0.033566 0.997637
1.1512 -0.061477 0.057519 -0.154221 -0.038954 0.045318 -0.0314 0.997719
1.156204 -0.060896 0.058968 -0.157301 -0.038154 0.045839 -0.029256 0.997791
1.161207 -0.060279 0.060423 -0.160364 -0.037138 0.046222 -0.026875 0.997879
1.166216 -0.059604 0.061843 -0.163399 -0.036124 0.046442 -0.024176 0.997975
1.171223 -0.058944 0.063293 -0.16639 -0.034976 0.046788 -0.021772 0.998055
1.176228 -0.057862 0.065463 -0.170812 -0.032962 0.046789 -0.018344 0.998192
1.181229 -0.057156 0.066912 -0.173736 -0.031736 0.046975 -0.016273 0.998259
1.186228 -0.056417 0.068354 -0.176629 -0.030417 0.04697 -0.014128 0.998333
1.191225 -0.055671 0.069794 -0.179494 -0.029076 0.046727 -0.012048 0.998412
1.196222 -0.055307 0.070516 -0.18088 -0.028422 0.046748 -0.011155 0.99844
1.20122 -0.054571 0.071945 -0.183675 -0.02715 0.046675 -0.009314 0.998498
1.206219 -0.053851 0.073384 -0.186442 -0.025976 0.046595 -0.007732 0.998546
1.211213 -0.053109 0.074797 -0.189165 -0.024798 0.046406 -0.006087 0.998596
1.216209 -0.05242 0.076213 -0.191846 -0.023735 0.046463 -0.004621 0.998627
1.221203 -0.051748 0.077609 -0.194473 -0.022898 0.046602 -0.003363 0.998645
1.226196 -0.051093 0.079009 -0.197061 -0.021863 0.046781 -0.002209 0.998663
1.231193 -0.050427 0.080378 -0.199605 -0.020851 0.046863 -0.001096 0.998683
1.236189 -0.049793 0.081749 -0.202111 -0.019875 0.047055 -0.000255 0.998695
1.241187 -0.049162 0.083096 -0.204578 -0.018983 0.04719 0.000538 0.998705
1.246184 -0.048519 0.084433 -0.207011 -0.01814 0.047234 0.001286 0.998718
1.251184 -0.047896 0.085761 -0.209397 -0.017156 0.047428 0.001997 0.998725
1.256184 -0.047283 0.08706 -0.21172 -0.016303 0.047802 0.002612 0.99872
1.261181 -0.04697 0.087713 -0.2129 -0.015827 0.047886 0.002893 0.998723
1.266182 -0.04632 0.088973 -0.215175 -0.014986 0.048032 0.003631 0.998727
1.271181 -0.045635 0.090208 -0.217425 -0.014238 0.047984 0.004425 0.998737
1.276184 -0.044979 0.091413 -0.219623 -0.013713 0.048115 0.005116 0.998735
1.28119 -0.043949 0.093201 -0.22288 -0.012776 0.048076 0.006326 0.998742
1.286195 -0.043263 0.094348 -0.224983 -0.01224 0.048015 0.007129 0.998746
1.291202 -0.042563 0.095468 -0.227058 -0.011723 0.047889 0.007883 0.998753
1.296207 -0.041484 0.097103 -0.230143 -0.011091 0.047485 0.009369 0.998766
1.301206 -0.040764 0.098177 -0.232187 -0.010569 0.047203 0.010536 0.998774
1.306209 -0.040074 0.099231 -0.234199 -0.010074 0.047102 0.011701 0.998771
1.311206 -0.039364 0.100274 -0.23621 -0.009462 0.046922 0.013007 0.998769
1.316202 -0.039029 0.10076 -0.237197 -0.009184 0.046936 0.013825 0.99876
1.321199 -0.038351 0.101754 -0.239186 -0.008679 0.046937 0.015247 0.998744
1.326193 -0.037705 0.102724 -0.241154 -0.008186 0.047149 0.016634 0.998716
1.331189 -0.037364 0.103212 -0.242143 -0.008003 0.047178 0.017479 0.998701
1.336185 -0.036754 0.104129 -0.244096 -0.007513 0.047324 0.018965 0.998671
1.341184 -0.036159 0.105024 -0.246041 -0.006899 0.047551 0.02047 0.998635
1.346187 -0.035625 0.10589 -0.247954 -0.006484 0.048061 0.021641 0.998589
1.351194 -0.034826 0.107141 -0.250837 -0.005744 0.048346 0.02336 0.998541
1.3562 -0.03436 0.107906 -0.252724 -0.005487 0.048833 0.024205 0.998499
1.361203 -0.033904 0.108624 -0.254604 -0.005196 0.04914 0.025072 0.998464
1.366206 -0.033292 0.109606 -0.257365 -0.004902 0.049901 0.025919 0.998406
1.371209 -0.032891 0.110237 -0.2592 -0.004752 0.050426 0.026449 0.998366
1.37621 -0.032497 0.110797 -0.261026 -0.004638 0.050775 0.02705 0.998333
1.381208 -0.032113 0.111315 -0.262831 -0.004504 0.051206 0.02758 0.998297
1.386202 -0.031921 0.11153 -0.263727 -0.00451 0.051291 0.027721 0.998289
1.391195 -0.03157 0.111989 -0.265496 -0.004524 0.052 0.028126 0.998241
1.396191 -0.031205 0.112406 -0.267252 -0.004474 0.052448 0.02842 0.998209
1.401185 -0.030848 0.112774 -0.268992 -0.0046 0.052874 0.028563 0.998182
1.406179 -0.030477 0.113087 -0.270725 -0.004779 0.053098 0.028854 0.998161
1.411171 -0.030294 0.113263 -0.271597 -0.004778 0.053301 0.029062 0.998144
1.416166 -0.029927 0.113516 -0.273286 -0.004896 0.053507 0.029159 0.99813
1.421167 -0.02957 0.113729 -0.274949 -0.005238 0.053848 0.029128 0.99811
1.42617 -0.029198 0.113901 -0.276601 -0.005607 0.053979 0.029164 0.9981
1.431173 -0.028661 0.114091 -0.279022 -0.0062 0.054474 0.029297 0.998066
1.436176 -0.028287 0.114163 -0.280618 -0.006806 0.054598 0.029309 0.998055
1.441187 -0.027927 0.114198 -0.282176 -0.007231 0.0548 0.029456 0.998037
1.446194 -0.027565 0.114212 -0.283714 -0.007775 0.05504 0.029387 0.998021
1.451202 -0.027216 0.11418 -0.285219 -0.008497 0.055486 0.02958 0.997985
1.456205 -0.026876 0.114146 -0.28671 -0.009109 0.05599 0.029599 0.997951
1.461213 -0.02652 0.114082 -0.288183 -0.009809 0.056299 0.029619 0.997926
1.466217 -0.026161 0.114008 -0.289644 -0.010502 0.056535 0.029523 0.997909
1.471216 -0.025818 0.11391 -0.291079 -0.010933 0.056747 0.029527 0.997892
1.476214 -0.025474 0.113792 -0.292502 -0.011631 0.057025 0.029536 0.997868
1.481254 -0.025134 0.113659 -0.293902 -0.012112 0.057203 0.029605 0.99785
1.486278 -0.024654 0.113422 -0.295967 -0.013155 0.057633 0.029576 0.997813
1.491288 -0.024322 0.11326 -0.297329 -0.013635 0.057767 0.029669 0.997796
1.496282 -0.024021 0.113085 -0.298675 -0.014189 0.058146 0.029752 0.997764
1.501264 -0.023728 0.112921 -0.299999 -0.014528 0.058556 0.029791 0.997734
1.50624 -0.023584 0.112826 -0.300653 -0.014775 0.058778 0.029886 0.997714
1.511215 -0.023308 0.112637 -0.301948 -0.015333 0.059439 0.030049 0.997662
1.516189 -0.023022 0.112457 -0.303237 -0.015694 0.059939 0.030131 0.997624
1.521169 -0.022887 0.11236 -0.303884 -0.016003 0.060289 0.030222 0.997595
1.526154 -0.022596 0.112161 -0.305161 -0.016246 0.060611 0.030368 0.997567
1.531161 -0.022331 0.111973 -0.306399 -0.016422 0.0613 0.03046 0.997519
1.536171 -0.022043 0.111753 -0.307623 -0.016798 0.061718 0.03053 0.997485
1.541184 -0.021612 0.111405 -0.309422 -0.017385 0.062404 0.03069 0.997428
1.5462 -0.021303 0.11117 -0.310569 -0.017655 0.062805 0.030623 0.9974
1.551216 -0.020961 0.110906 -0.311704 -0.018097 0.062891 0.030698 0.997384
1.556225 -0.020606 0.110611 -0.312778 -0.018621 0.063075 0.03083 0.997359
1.561242 -0.020216 0.110332 -0.313834 -0.019166 0.063011 0.030749 0.997355
1.56625 -0.019589 0.109852 -0.315314 -0.020124 0.062524 0.030704 0.997368
1.571251 -0.019197 0.109544 -0.316265 -0.020759 0.062639 0.030642 0.99735
1.576244 -0.018753 0.109244 -0.317201 -0.021207 0.062266 0.030559 0.997366
1.581245 -0.018294 0.108936 -0.3181 -0.021719 0.061767 0.030562 0.997386
1.586242 -0.01806 0.108786 -0.318516 -0.022024 0.061487 0.030545 0.997397
1.591236 -0.01759 0.108499 -0.319366 -0.022468 0.061028 0.030457 0.997418
1.596232 -0.017125 0.10823 -0.320185 -0.02278 0.060594 0.030338 0.997441
1.601224 -0.01665 0.107963 -0.320963 -0.023101 0.060165 0.030232 0.997463
1.606212 -0.016186 0.107703 -0.321696 -0.023466 0.060036 0.030154 0.997465
1.6112 -0.015688 0.107465 -0.322403 -0.02372 0.059729 0.030099 0.997479
1.616187 -0.015167 0.107236 -0.323075 -0.023853 0.059175 0.030052 0.99751
1.621179 -0.014652 0.107011 -0.323689 -0.024018 0.058855 0.030079 0.997524
1.626171 -0.014126 0.106801 -0.324253 -0.024115 0.05862 0.030024 0.997537
1.631172 -0.013868 0.106703 -0.324555 -0.024071 0.058542 0.029975 0.997544
1.636171 -0.013308 0.106496 -0.325051 -0.024055 0.058129 0.030043 0.997567
1.641168 -0.012725 0.106299 -0.325493 -0.024058 0.057803 0.030203 0.997581
1.64617 -0.012127 0.106106 -0.325885 -0.024018 0.057476 0.030462 0.997593
1.651176 -0.011187 0.105832 -0.326419 -0.023756 0.056672 0.030915 0.997631
1.656181 -0.010532 0.105646 -0.326674 -0.023745 0.056176 0.031391 0.997645
1.661183 -0.00988 0.105432 -0.326866 -0.023954 0.055871 0.032037 0.997636
1.666189 -0.009203 0.105192 -0.327003 -0.024262 0.055471 0.033074 0.997617
1.671193 -0.008511 0.104944 -0.327078 -0.024648 0.055112 0.034069 0.997594
1.676197 -0.007804 0.104688 -0.327098 -0.02521 0.054522 0.035027 0.99758
1.68121 -0.007099 0.104398 -0.327034 -0.025785 0.05414 0.036237 0.997542
1.686219 -0.006369 0.104092 -0.326904 -0.026347 0.053595 0.037498 0.997511
1.69123 -0.005611 0.103753 -0.326709 -0.02693 0.052876 0.038943 0.997478
1.696241 -0.004421 0.103209 -0.326241 -0.02789 0.051532 0.040903 0.997443
1.701245 -0.003627 0.102815 -0.325874 -0.028599 0.050552 0.042101 0.997424
1.706245 -0.002822 0.102393 -0.325436 -0.029382 0.049478 0.043353 0.997401
1.71124 -0.002014 0.101927 -0.32493 -0.030213 0.048336 0.044614 0.997377
1.716232 -0.001612 0.101663 -0.324621 -0.030682 0.047574 0.045074 0.997378
1.721222 -0.000795 0.101152 -0.324038 -0.031494 0.046105 0.046214 0.99737
1.726214 -1.1e-05 0.100601 -0.323391 -0.032451 0.044802 0.047293 0.997348
1.731202 0.000747 0.100014 -0.322687 -0.033446 0.043515 0.048182 0.99733
1.736194 0.001474 0.099392 -0.321938 -0.034511 0.042196 0.04906 0.997307
1.741183 0.002183 0.098736 -0.321141 -0.035455 0.040795 0.049894 0.997291
1.746175 0.002552 0.098424 -0.320759 -0.035958 0.04007 0.050317 0.997281
1.751169 0.003193 0.097732 -0.319902 -0.036827 0.038779 0.050932 0.997269
1.756163 0.003755 0.096994 -0.318968 -0.037807 0.037998 0.051512 0.997233
1.761171 0.004301 0.096222 -0.318011 -0.038785 0.037073 0.052162 0.997196
1.766178 0.005051 0.095014 -0.316515 -0.040443 0.035716 0.052747 0.997149
1.771187 0.005477 0.094161 -0.315469 -0.041533 0.034863 0.05301 0.997121
1.776193 0.005839 0.093245 -0.314361 -0.042573 0.034203 0.053105 0.997095
1.781199 0.006171 0.092293 -0.31323 -0.043698 0.033456 0.053145 0.997069
1.786202 0.006557 0.090732 -0.311435 -0.045422 0.032392 0.052894 0.997041
1.791201 0.006812 0.089657 -0.310238 -0.046569 0.031217 0.05251 0.997045
1.796203 0.006981 0.088529 -0.30897 -0.047729 0.030507 0.051903 0.997044
1.801201 0.007114 0.087353 -0.307687 -0.048912 0.029653 0.05123 0.997047
1.806196 0.007117 0.086711 -0.306997 -0.04947 0.029386 0.050734 0.997053
1.811189 0.007187 0.08545 -0.305649 -0.05074 0.028533 0.04984 0.997059
1.816182 0.007211 0.084157 -0.304271 -0.051985 0.027748 0.048732 0.997072
1.821179 0.007198 0.082816 -0.30286 -0.053211 0.026889 0.04747 0.997092
1.826175 0.007202 0.082168 -0.302168 -0.053742 0.026385 0.04677 0.99711
1.831174 0.007105 0.080752 -0.300682 -0.055186 0.025994 0.045424 0.997104
1.836175 0.006973 0.079293 -0.299168 -0.056588 0.025635 0.044011 0.997098
1.841172 0.00683 0.0778 -0.297634 -0.058106 0.025028 0.042433 0.997094
1.846176 0.006727 0.077024 -0.29683 -0.058888 0.024836 0.041526 0.997091
1.851183 0.006339 0.073966 -0.293666 -0.061847 0.024139 0.038174 0.997063
1.856191 0.006103 0.072383 -0.292038 -0.063355 0.023819 0.036447 0.997041
1.861195 0.005814 0.070797 -0.29037 -0.064921 0.023853 0.034577 0.997006
1.866202 0.005552 0.069189 -0.288715 -0.066399 0.023429 0.032863 0.996977
1.871206 0.005261 0.067601 -0.287026 -0.067753 0.023262 0.031029 0.996948
1.87621 0.004964 0.066005 -0.285337 -0.068968 0.023155 0.02946 0.996915
1.881209 0.004687 0.064419 -0.283657 -0.070124 0.022851 0.028001 0.996883
1.886206 0.004388 0.062848 -0.281948 -0.071166 0.022798 0.026588 0.996849
1.891212 0.003976 0.060515 -0.279378 -0.072584 0.022482 0.024908 0.996798
1.896217 0.003729 0.058956 -0.27766 -0.073459 0.022103 0.024083 0.996762
1.901218 0.003468 0.057422 -0.275913 -0.074273 0.02191 0.023215 0.996727
1.906215 0.003235 0.05589 -0.274171 -0.075022 0.021494 0.022709 0.996692
1.91121 0.003122 0.055113 -0.273278 -0.075438 0.02132 0.022767 0.996663
1.916205 0.002881 0.053571 -0.271492 -0.076289 0.021039 0.022459 0.996611
1.921197 0.002613 0.052022 -0.269666 -0.077124 0.021091 0.022446 0.996546
1.926187 0.002369 0.050457 -0.267825 -0.077964 0.020951 0.022743 0.996477
1.931181 0.002105 0.048877 -0.265943 -0.078915 0.021032 0.023157 0.99639
1.93617 0.001819 0.04728 -0.264017 -0.07989 0.021326 0.023775 0.996292
1.941162 0.001684 0.046495 -0.263071 -0.080332 0.021437 0.02402 0.996248
1.946157 0.001378 0.044862 -0.261096 -0.081398 0.021929 0.025011 0.996126
1.951156 0.001051 0.043216 -0.259082 -0.082485 0.022483 0.025868 0.996003
1.956159 0.000695 0.041553 -0.25703 -0.083714 0.023267 0.026722 0.99586
1.961167 0.000157 0.039008 -0.253916 -0.085595 0.024319 0.02831 0.995631
1.966179 -0.000234 0.03727 -0.251786 -0.086987 0.025063 0.029101 0.995469
1.971192 -0.00062 0.035506 -0.249642 -0.088341 0.025499 0.029924 0.995314
1.976205 -0.001012 0.033741 -0.247484 -0.089571 0.025739 0.030362 0.995185
1.981222 -0.0014 0.031929 -0.245301 -0.09087 0.025776 0.030834 0.995051
1.986234 -0.002005 0.029111 -0.241968 -0.092992 0.025579 0.031564 0.994838
1.991243 -0.002433 0.027232 -0.239707 -0.094341 0.025488 0.031701 0.994709
1.996245 -0.002871 0.02532 -0.237425 -0.095807 0.025217 0.031668 0.994576
2.001241 -0.003335 0.023391 -0.235121 -0.097378 0.024964 0.031592 0.994433
2.006233 -0.003593 0.022394 -0.233939 -0.098226 0.024913 0.031489 0.994354
2.01122 -0.004077 0.020425 -0.2316 -0.099831 0.024757 0.031409 0.9942
2.016202 -0.004574 0.018421 -0.229248 -0.101494 0.02458 0.031476 0.994034
2.021184 -0.005105 0.016408 -0.226869 -0.103266 0.024463 0.031314 0.99386
2.026167 -0.005368 0.015411 -0.225678 -0.10412 0.024446 0.031168 0.993776
2.031159 -0.005942 0.013393 -0.223266 -0.105798 0.024575 0.030849 0.993605
2.036148 -0.006508 0.011342 -0.220852 -0.107524 0.024455 0.030775 0.993425
2.041156 -0.007118 0.009306 -0.218413 -0.109209 0.024811 0.030619 0.993237
2.046183 -0.007968 0.006225 -0.214768 -0.111681 0.024627 0.030619 0.992967
2.051246 -0.008561 0.004173 -0.212327 -0.113222 0.024532 0.030492 0.992799
2.056306 -0.009503 0.001087 -0.208604 -0.115743 0.024777 0.030194 0.992511
2.061342 -0.010121 -0.000975 -0.20612 -0.117281 0.02499 0.030291 0.992322
2.066351 -0.010743 -0.003037 -0.203613 -0.11883 0.02518 0.030398 0.99213
2.071338 -0.01138 -0.005115 -0.201084 -0.120494 0.025641 0.030637 0.99191
2.0763 -0.011701 -0.006158 -0.199796 -0.121254 0.025924 0.030927 0.991801
2.081281 -0.012312 -0.008255 -0.197251 -0.122797 0.026118 0.031473 0.991589
2.086245 -0.012954 -0.010337 -0.194674 -0.124325 0.02662 0.031831 0.991374
2.091199 -0.013283 -0.011379 -0.193385 -0.125178 0.026981 0.032043 0.99125
2.096148 -0.013895 -0.013486 -0.190766 -0.126881 0.027409 0.032729 0.990999
2.10117 -0.014511 -0.015594 -0.188121 -0.128488 0.027857 0.033408 0.990757
2.106208 -0.015122 -0.017707 -0.185449 -0.130223 0.028181 0.033887 0.990505
2.111257 -0.016006 -0.020883 -0.181437 -0.132866 0.028319 0.034832 0.990117
2.116285 -0.016612 -0.022998 -0.178707 -0.134746 0.028553 0.035189 0.989843
2.121296 -0.017495 -0.026159 -0.174571 -0.137417 0.028497 0.035743 0.989458
2.126324 -0.018089 -0.028266 -0.171796 -0.139217 0.028621 0.036205 0.989186
2.131325 -0.018692 -0.030363 -0.169017 -0.140896 0.028617 0.036551 0.988935
2.13632 -0.019308 -0.032451 -0.166227 -0.142661 0.028646 0.036777 0.988673
2.141293 -0.019618 -0.033489 -0.164831 -0.143515 0.028594 0.036923 0.988546
2.146246 -0.020231 -0.03556 -0.162043 -0.145202 0.028505 0.037277 0.988289
2.151186 -0.020859 -0.037625 -0.159244 -0.146968 0.028501 0.037458 0.988021
2.156157 -0.02148 -0.039674 -0.15646 -0.148563 0.02833 0.037709 0.987778
2.161119 -0.022145 -0.041706 -0.153665 -0.150268 0.028536 0.037844 0.987508
2.166092 -0.022806 -0.043726 -0.150881 -0.151895 0.028691 0.038099 0.987245
2.171072 -0.023133 -0.044745 -0.149488 -0.152763 0.02865 0.03813 0.987111
2.176077 -0.023823 -0.046732 -0.146709 -0.154486 0.029001 0.038289 0.986827
2.181078 -0.024504 -0.048687 -0.143945 -0.155979 0.029288 0.038419 0.986578
2.186086 -0.025208 -0.050609 -0.141191 -0.157458 0.029774 0.038456 0.986327
2.191105 -0.026282 -0.053469 -0.137063 -0.159655 0.030655 0.038663 0.985939
2.196144 -0.026965 -0.055349 -0.134329 -0.161105 0.031143 0.038961 0.985676
2.201169 -0.027644 -0.057192 -0.131615 -0.162448 0.031517 0.039097 0.985438
2.206179 -0.028314 -0.059014 -0.128891 -0.163811 0.032065 0.039337 0.985185
2.211202 -0.028985 -0.060809 -0.126173 -0.165061 0.032591 0.039354 0.984959
2.216251 -0.029949 -0.063466 -0.122116 -0.167305 0.033244 0.039667 0.984546
2.221278 -0.03056 -0.065218 -0.119423 -0.168727 0.033602 0.039919 0.984281
2.226282 -0.031159 -0.066944 -0.116739 -0.170156 0.034011 0.040091 0.984014
2.23126 -0.031763 -0.068633 -0.114068 -0.171537 0.034527 0.040205 0.983751
2.23623 -0.031763 -0.068633 -0.114068 -0.171537 0.034527 0.040205 0.983751
2.241184 -0.032333 -0.070294 -0.11141 -0.172921 0.034997 0.040391 0.983485
2.246209 -0.032889 -0.071916 -0.108785 -0.174215 0.035432 0.040488 0.983237
2.25122 -0.033397 -0.073508 -0.106191 -0.175505 0.035624 0.040751 0.98299
2.256245 -0.034366 -0.076577 -0.101074 -0.177894 0.0361 0.041143 0.982526
2.261263 -0.034823 -0.078062 -0.098545 -0.179027 0.036362 0.041318 0.982303
2.266264 -0.03526 -0.079516 -0.096048 -0.180104 0.036677 0.04146 0.982089
2.271239 -0.035662 -0.080939 -0.093574 -0.181194 0.036901 0.041662 0.981871
2.276201 -0.035829 -0.081621 -0.092373 -0.181674 0.036954 0.041889 0.981771
2.281155 -0.036193 -0.082991 -0.089954 -0.182726 0.037122 0.042258 0.981553
2.286104 -0.03653 -0.084319 -0.087547 -0.183809 0.037344 0.042441 0.981335
2.291052 -0.036844 -0.085629 -0.085167 -0.18482 0.037628 0.042691 0.981123
2.296004 -0.037122 -0.086909 -0.082819 -0.185849 0.037822 0.042884 0.980913
2.300973 -0.037271 -0.087559 -0.081634 -0.186311 0.037981 0.04304 0.980813
2.305964 -0.037495 -0.088798 -0.079336 -0.187326 0.038143 0.043432 0.980596
2.310972 -0.037687 -0.089984 -0.077074 -0.188334 0.038265 0.043725 0.980385
2.315995 -0.037871 -0.091144 -0.074844 -0.189322 0.038569 0.043998 0.98017
2.321027 -0.038107 -0.092853 -0.071522 -0.190921 0.039099 0.044152 0.979832
2.326091 -0.038201 -0.093942 -0.069406 -0.191897 0.039214 0.044347 0.979628
2.331176 -0.038265 -0.094987 -0.067327 -0.192829 0.039458 0.044548 0.979426
2.336237 -0.038296 -0.096022 -0.065278 -0.193728 0.039832 0.044879 0.979218
2.341298 -0.03823 -0.097485 -0.062341 -0.195127 0.040116 0.045011 0.978923
2.346327 -0.038144 -0.098445 -0.060437 -0.195983 0.040235 0.045016 0.978747
2.351326 -0.038107 -0.098928 -0.059472 -0.196455 0.04026 0.045047 0.97865
2.356302 -0.037964 -0.099831 -0.05764 -0.197303 0.040486 0.044812 0.978481
2.361293 -0.037825 -0.100274 -0.056787 -0.197668 0.040409 0.044583 0.978421
2.366314 -0.037386 -0.101594 -0.054251 -0.198762 0.040517 0.044191 0.978212
2.371344 -0.036871 -0.102897 -0.05178 -0.199974 0.040401 0.043727 0.977991
2.37635 -0.036408 -0.103725 -0.050257 -0.200474 0.040353 0.043241 0.977912
2.381324 -0.035855 -0.104527 -0.048808 -0.201038 0.040437 0.042975 0.977805
2.386275 -0.035461 -0.104909 -0.04817 -0.201091 0.040343 0.042978 0.977797
2.391208 -0.034754 -0.105688 -0.046832 -0.201475 0.040371 0.04299 0.977717
2.396136 -0.033913 -0.10646 -0.045585 -0.201677 0.040054 0.043165 0.97768
2.401062 -0.033546 -0.106846 -0.044931 -0.201858 0.040076 0.043189 0.977641
2.406029 -0.032545 -0.107579 -0.043799 -0.201833 0.039878 0.043628 0.977635
2.411 -0.031425 -0.108312 -0.042736 -0.201922 0.039644 0.044311 0.977595
2.416034 -0.030161 -0.109023 -0.041754 -0.201647 0.039187 0.04512 0.977633
2.421091 -0.028116 -0.110093 -0.040349 -0.201441 0.038561 0.046748 0.977624
2.426145 -0.026519 -0.110808 -0.039502 -0.201419 0.038005 0.048309 0.977575
2.431184 -0.023796 -0.111893 -0.038331 -0.201433 0.037046 0.050871 0.977479
2.436205 -0.021867 -0.112616 -0.037586 -0.201496 0.036333 0.052818 0.977389
2.441207 -0.019807 -0.113345 -0.036871 -0.201644 0.03536 0.054676 0.977292
2.446198 -0.017616 -0.11407 -0.0362 -0.201786 0.034277 0.056744 0.977184
2.451172 -0.017616 -0.11407 -0.0362 -0.201786 0.034277 0.056744 0.977184
2.456141 -0.01534 -0.1148 -0.035532 -0.202117 0.033479 0.058907 0.977015
2.461136 -0.012916 -0.115539 -0.03491 -0.202412 0.032161 0.061025 0.976868
2.466156 -0.010398 -0.116268 -0.034321 -0.20269 0.030837 0.063035 0.976725
2.471196 -0.006508 -0.117353 -0.033459 -0.202994 0.028944 0.066145 0.976514
2.476239 -0.003733 -0.118056 -0.032954 -0.203116 0.027294 0.067923 0.976415
2.481301 -0.000873 -0.118781 -0.032466 -0.203415 0.025741 0.06988 0.976256
2.486343 0.003595 -0.119836 -0.031796 -0.203611 0.02349 0.072589 0.976075
2.491359 0.006656 -0.120535 -0.031393 -0.203781 0.021595 0.074257 0.975957
2.496361 0.009776 -0.121215 -0.030999 -0.203754 0.019858 0.075929 0.975871
2.501354 0.012928 -0.1219 -0.030608 -0.203794 0.018487 0.077738 0.975747
2.506314 0.014577 -0.12224 -0.030435 -0.203879 0.017628 0.078586 0.975678
2.511254 0.017846 -0.122907 -0.030093 -0.203872 0.015747 0.08018 0.975582
2.516174 0.021142 -0.123569 -0.029747 -0.203933 0.014135 0.081772 0.975461
2.521096 0.0245 -0.124233 -0.029409 -0.204023 0.012493 0.083563 0.975313
2.526037 0.027896 -0.124884 -0.02908 -0.204156 0.010887 0.085308 0.975153
2.531036 0.031344 -0.125519 -0.02877 -0.204454 0.009108 0.086681 0.974988
2.536034 0.034815 -0.126139 -0.028462 -0.204565 0.007558 0.088254 0.974837
2.541032 0.036528 -0.126462 -0.0283 -0.20473 0.006908 0.089104 0.97473
2.546027 0.040076 -0.127073 -0.028012 -0.205029 0.005103 0.09059 0.974541
2.551026 0.043597 -0.127651 -0.027726 -0.205102 0.003793 0.092248 0.974376
2.556034 0.047167 -0.128214 -0.027458 -0.205282 0.002342 0.093854 0.97419
2.561049 0.052548 -0.12902 -0.027071 -0.205499 0.000155 0.096221 0.973916
2.56607 0.056191 -0.129497 -0.026864 -0.205293 -0.00166 0.097697 0.973811
2.571097 0.059806 -0.129943 -0.02666 -0.204832 -0.003097 0.099482 0.973724
2.576123 0.063443 -0.130354 -0.026454 -0.204567 -0.004606 0.101146 0.973602
2.581146 0.067098 -0.130714 -0.026285 -0.204248 -0.006353 0.102598 0.973507
2.586164 0.070802 -0.131057 -0.026117 -0.204053 -0.008355 0.104154 0.973368
2.591179 0.076308 -0.131455 -0.025893 -0.203439 -0.011178 0.106407 0.973224
2.596186 0.079988 -0.131687 -0.025757 -0.203094 -0.013234 0.107867 0.97311
2.601187 0.083624 -0.131881 -0.025608 -0.20279 -0.01493 0.109358 0.972982
2.606182 0.087275 -0.132046 -0.025491 -0.202577 -0.016956 0.110906 0.972818
2.611178 0.08906 -0.132082 -0.025468 -0.202446 -0.017907 0.111702 0.972737
2.616174 0.092632 -0.132185 -0.025392 -0.202148 -0.019549 0.113384 0.972573
2.621168 0.096171 -0.132237 -0.025347 -0.201767 -0.021222 0.115175 0.972407
2.626164 0.099653 -0.132242 -0.025313 -0.201434 -0.022671 0.116711 0.97226
2.631162 0.10143 -0.132265 -0.025291 -0.201406 -0.023613 0.117501 0.972148
2.636161 0.104843 -0.132225 -0.025286 -0.201192 -0.024815 0.11936 0.971936
2.641162 0.108194 -0.132139 -0.025325 -0.200816 -0.025855 0.121199 0.971759
2.646164 0.111491 -0.132006 -0.025416 -0.200428 -0.026873 0.122967 0.971589
2.651165 0.116318 -0.131752 -0.025546 -0.199867 -0.027678 0.12584 0.971314
2.656171 0.119462 -0.131522 -0.025699 -0.199633 -0.028528 0.127498 0.971122
2.661175 0.125426 -0.130864 -0.026128 -0.198629 -0.029424 0.131071 0.970825
2.66618 0.126953 -0.130717 -0.026233 -0.198363 -0.029754 0.132034 0.970739
2.671182 0.129874 -0.130326 -0.026493 -0.197678 -0.030328 0.133797 0.970619
2.676183 0.132705 -0.129889 -0.026779 -0.197148 -0.030648 0.135619 0.970464
2.681177 0.135499 -0.129426 -0.027083 -0.196604 -0.031148 0.137384 0.97031
2.686168 0.13684 -0.129136 -0.027271 -0.196229 -0.031416 0.138284 0.97025
2.691159 0.139534 -0.128599 -0.027614 -0.195572 -0.031759 0.1401 0.970111
2.696151 0.142178 -0.128005 -0.027988 -0.194712 -0.032247 0.141905 0.970005
2.701149 0.143523 -0.127725 -0.028163 -0.194399 -0.03245 0.14276 0.969936
2.706143 0.146089 -0.12708 -0.028569 -0.193635 -0.032978 0.144648 0.969791
2.71114 0.148594 -0.126384 -0.028991 -0.192854 -0.033428 0.146421 0.969665
2.716143 0.151054 -0.12565 -0.029458 -0.192082 -0.03411 0.148476 0.969482
2.721149 0.154643 -0.124479 -0.030177 -0.19079 -0.034749 0.151662 0.969221
2.726155 0.156938 -0.123634 -0.030715 -0.190116 -0.035194 0.153982 0.968972
2.731162 0.159183 -0.122742 -0.031296 -0.189386 -0.03575 0.156413 0.968705
2.736165 0.161279 -0.121825 -0.031884 -0.188717 -0.035227 0.15948 0.968355
2.741167 0.163297 -0.120868 -0.032513 -0.188139 -0.034599 0.162575 0.967975
2.74617 0.16687 -0.118843 -0.033914 -0.186927 -0.031617 0.169484 0.967127
2.751173 0.167792 -0.118343 -0.034247 -0.186696 -0.030828 0.171113 0.96691
2.756174 0.169457 -0.117296 -0.034986 -0.186126 -0.029047 0.174777 0.966419
2.761173 0.171016 -0.116223 -0.035749 -0.185453 -0.026933 0.178516 0.965927
2.766171 0.172485 -0.115115 -0.03654 -0.184854 -0.024644 0.18217 0.96542
2.771163 0.173151 -0.11453 -0.036955 -0.184582 -0.023499 0.18394 0.965165
2.776156 0.174578 -0.113385 -0.037794 -0.183993 -0.021899 0.18738 0.964653
2.781148 0.175904 -0.112212 -0.038648 -0.183255 -0.020006 0.190979 0.964129
2.786138 0.177181 -0.111022 -0.03954 -0.182453 -0.018374 0.194559 0.963597
2.791128 0.178362 -0.1098 -0.040439 -0.181679 -0.016573 0.19793 0.96309
2.796122 0.178982 -0.109189 -0.040885 -0.181238 -0.015707 0.199643 0.962834
2.801119 0.180089 -0.107927 -0.041822 -0.180523 -0.014143 0.202787 0.962335
2.806117 0.181114 -0.106647 -0.042795 -0.179587 -0.012619 0.2061 0.961827
2.811119 0.182063 -0.105353 -0.0438 -0.17854 -0.01116 0.209422 0.961323
2.816129 0.183385 -0.103384 -0.045357 -0.176877 -0.009011 0.214429 0.960549
2.821138 0.184131 -0.102055 -0.046437 -0.175875 -0.007411 0.217659 0.96002
2.826147 0.184792 -0.100707 -0.047532 -0.174967 -0.005629 0.220988 0.959437
2.831152 0.18538 -0.099348 -0.048652 -0.173898 -0.003819 0.224377 0.958853
2.836155 0.185888 -0.097967 -0.04981 -0.172756 -0.002159 0.227609 0.958303
2.841156 0.186342 -0.09657 -0.05097 -0.171776 -0.000441 0.230717 0.957738
2.846165 0.18675 -0.095155 -0.052137 -0.17074 0.001201 0.233849 0.957163
2.851172 0.187183 -0.092972 -0.053927 -0.169055 0.004004 0.238442 0.956321
2.856174 0.187425 -0.091499 -0.055129 -0.167856 0.00585 0.241588 0.955733
2.861174 0.187608 -0.089998 -0.056358 -0.166658 0.007661 0.244645 0.955152
2.866169 0.18775 -0.088466 -0.057626 -0.165316 0.009216 0.247685 0.954588
2.871163 0.187755 -0.087678 -0.058283 -0.164594 0.010076 0.249314 0.95428
2.876157 0.187797 -0.086121 -0.059572 -0.163157 0.011845 0.252497 0.953669
2.881154 0.187771 -0.08453 -0.060885 -0.16159 0.013689 0.25559 0.953087
2.88615 0.187699 -0.082906 -0.062241 -0.159955 0.015227 0.258654 0.952513
2.891147 0.187677 -0.082113 -0.062898 -0.159195 0.01614 0.260268 0.952185
2.896147 0.187506 -0.080446 -0.064287 -0.157403 0.017702 0.26318 0.951655
2.901146 0.187283 -0.078754 -0.065713 -0.155489 0.019043 0.265965 0.951169
2.906149 0.18698 -0.077034 -0.067149 -0.153403 0.020527 0.268516 0.95076
2.91115 0.186444 -0.074425 -0.069318 -0.150222 0.02281 0.272214 0.950164
2.916158 0.185991 -0.072652 -0.070787 -0.147918 0.02414 0.274386 0.949869
2.921166 0.18546 -0.070882 -0.072257 -0.145653 0.025593 0.276362 0.949607
2.926173 0.184498 -0.068229 -0.074454 -0.142122 0.027907 0.278973 0.949314
2.931178 0.183831 -0.066434 -0.075949 -0.139642 0.029086 0.280562 0.949178
2.936179 0.183092 -0.064636 -0.077437 -0.137174 0.030415 0.282069 0.94905
2.941177 0.181856 -0.061932 -0.07969 -0.13344 0.032011 0.284143 0.948911
2.946173 0.182319 -0.062835 -0.078943 -0.134668 0.03138 0.283538 0.948939
2.951177 0.180963 -0.06013 -0.081171 -0.130925 0.033314 0.285341 0.948857
2.956179 0.180029 -0.058303 -0.082677 -0.128356 0.034341 0.286393 0.948854
2.961179 0.178582 -0.055551 -0.084935 -0.124393 0.035769 0.288049 0.948828
2.966175 0.178511 -0.055548 -0.084923 -0.124353 0.035715 0.287981 0.948856
2.97117 0.176961 -0.052778 -0.087175 -0.120346 0.037004 0.289423 0.948884
2.976163 0.175826 -0.050949 -0.088643 -0.117688 0.038064 0.29039 0.948881
2.981158 0.174671 -0.049094 -0.09012 -0.114952 0.03885 0.291269 0.948915
2.986154 0.173447 -0.047244 -0.091569 -0.112235 0.039752 0.29193 0.949
2.991148 0.172859 -0.046311 -0.092308 -0.110808 0.040093 0.292296 0.94904
2.996146 0.171589 -0.044477 -0.093747 -0.108084 0.040867 0.293123 0.949066
3.001145 0.170263 -0.042661 -0.095149 -0.105443 0.04188 0.293989 0.949051
3.006148 0.168908 -0.040839 -0.096549 -0.102813 0.042581 0.294602 0.949119
3.011154 0.16681 -0.03812 -0.098626 -0.098853 0.043869 0.295649 0.949155
3.016156 0.165357 -0.036319 -0.099981 -0.096343 0.044602 0.29624 0.949195
3.021158 0.163819 -0.034557 -0.101281 -0.093968 0.045847 0.29674 0.949217
3.026162 0.162286 -0.0328 -0.102567 -0.091638 0.046843 0.297384 0.949195
3.031168 0.160715 -0.031043 -0.103817 -0.089359 0.047925 0.297809 0.949225
3.036175 0.15912 -0.0293 -0.105038 -0.087086 0.048825 0.29805 0.949315
3.041184 0.157516 -0.027572 -0.106224 -0.084881 0.049599 0.298336 0.949384
3.046189 0.155898 -0.025841 -0.107379 -0.082645 0.050186 0.298309 0.949559
3.0512 0.154277 -0.024112 -0.108507 -0.080445 0.050522 0.298107 0.949794
3.056209 0.152636 -0.022377 -0.109601 -0.078236 0.050843 0.297589 0.950124
3.061214 0.15014 -0.019784 -0.111151 -0.075008 0.051082 0.296357 0.950756
3.066218 0.148487 -0.018052 -0.112165 -0.072807 0.05086 0.295414 0.951232
3.071217 0.146795 -0.016337 -0.113123 -0.070751 0.0511 0.294392 0.951691
3.076212 0.145102 -0.014613 -0.114052 -0.068688 0.051197 0.293259 0.952187
3.081205 0.144232 -0.013756 -0.114469 -0.06767 0.051443 0.292756 0.952401
3.086197 0.142488 -0.012051 -0.115326 -0.065779 0.051902 0.291534 0.952884
3.091184 0.140739 -0.010341 -0.116156 -0.063782 0.05225 0.290391 0.953349
3.096169 0.139055 -0.008647 -0.116977 -0.061772 0.052133 0.289667 0.953708
3.101158 0.137327 -0.006965 -0.117758 -0.059844 0.052386 0.28897 0.954029
3.106148 0.13646 -0.006114 -0.118157 -0.05884 0.052498 0.288445 0.954244
3.111141 0.134718 -0.004451 -0.118875 -0.056994 0.052826 0.287845 0.954519
3.116148 0.132986 -0.002779 -0.119576 -0.055064 0.052791 0.287242 0.954816
3.121156 0.131246 -0.001139 -0.120224 -0.053291 0.053073 0.286821 0.955027
3.126166 0.128683 0.001299 -0.121176 -0.050636 0.052877 0.286382 0.955314
3.131174 0.12696 0.002872 -0.121716 -0.049035 0.05307 0.286171 0.95545
3.136185 0.125171 0.004415 -0.122178 -0.04769 0.053612 0.285616 0.955654
3.141193 0.123426 0.005936 -0.122586 -0.046329 0.053963 0.285123 0.955849
3.146198 0.121686 0.007442 -0.122957 -0.044974 0.05431 0.284551 0.956064
3.151203 0.119067 0.009628 -0.123391 -0.043019 0.054906 0.283514 0.956428
3.156205 0.117323 0.011073 -0.123643 -0.04169 0.055126 0.282554 0.956758
3.161206 0.115569 0.012495 -0.123836 -0.040373 0.055595 0.281549 0.957084
3.166205 0.113839 0.013921 -0.123991 -0.038858 0.055851 0.280486 0.957444
3.171201 0.112979 0.014618 -0.124018 -0.038045 0.056007 0.279976 0.957616
3.176195 0.11128 0.01604 -0.124114 -0.036408 0.056031 0.278774 0.958029
3.181188 0.109592 0.017435 -0.124169 -0.034801 0.055968 0.277647 0.95842
3.186181 0.10792 0.018827 -0.124189 -0.033091 0.05582 0.276438 0.958838
3.191172 0.106281 0.020202 -0.124166 -0.031381 0.055498 0.275242 0.959259
3.196167 0.104652 0.021559 -0.12409 -0.029663 0.055246 0.274082 0.95966
3.201162 0.103056 0.022902 -0.123979 -0.027846 0.054922 0.273027 0.960034
3.20616 0.101496 0.024235 -0.123844 -0.026049 0.054324 0.272049 0.960396
3.211158 0.100706 0.024903 -0.123786 -0.025234 0.054062 0.271484 0.960592
3.216156 0.099173 0.026185 -0.123581 -0.02369 0.053541 0.270523 0.960932
3.221154 0.097635 0.027415 -0.123315 -0.022353 0.053263 0.269804 0.961181
3.226155 0.095378 0.029183 -0.122785 -0.020614 0.052917 0.268768 0.961529
3.231159 0.093127 0.030913 -0.122211 -0.018996 0.052769 0.26794 0.961802
3.236163 0.091654 0.031979 -0.121747 -0.018284 0.052714 0.267664 0.961896
3.241156 0.090908 0.032524 -0.121525 -0.017933 0.052755 0.26753 0.961937
3.246153 0.090189 0.033003 -0.121228 -0.017812 0.052526 0.267402 0.961987
3.251155 0.088713 0.033981 -0.120642 -0.017438 0.052495 0.267003 0.962107
3.256156 0.087241 0.034923 -0.120008 -0.016981 0.052432 0.266671 0.962211
3.261158 0.085053 0.036302 -0.119003 -0.016262 0.052154 0.266137 0.962386
3.266161 0.083535 0.037142 -0.118233 -0.015818 0.052373 0.265789 0.962478
3.271164 0.082013 0.037935 -0.117405 -0.015417 0.052588 0.265327 0.9626
3.276169 0.080458 0.03868 -0.116501 -0.014938 0.053072 0.264856 0.962711
3.281174 0.078869 0.039367 -0.115539 -0.014495 0.053876 0.264407 0.962796
3.286178 0.077261 0.040013 -0.114531 -0.013941 0.054666 0.263833 0.962917
3.291177 0.075615 0.040606 -0.113457 -0.013477 0.055582 0.263206 0.963043
3.29618 0.073924 0.041103 -0.112314 -0.013211 0.057011 0.262694 0.963103
3.301183 0.072265 0.041563 -0.111138 -0.012909 0.057829 0.261954 0.96326
3.306186 0.070606 0.041985 -0.109938 -0.0125 0.058306 0.261237 0.963431
3.311188 0.068888 0.042349 -0.108653 -0.012099 0.05928 0.260338 0.96362
3.316186 0.066327 0.042716 -0.106602 -0.011804 0.060267 0.258743 0.963992
3.321188 0.064596 0.042899 -0.105199 -0.01174 0.061021 0.257761 0.964208
3.326191 0.062842 0.04301 -0.103738 -0.011758 0.061682 0.256706 0.964448
3.331189 0.061093 0.043079 -0.10224 -0.011789 0.062041 0.255472 0.964752
3.336185 0.060181 0.043038 -0.101426 -0.011929 0.062417 0.254681 0.964935
3.341174 0.058412 0.042999 -0.099861 -0.012132 0.062732 0.253343 0.965264
3.346164 0.056581 0.042894 -0.098218 -0.012425 0.063492 0.251751 0.965627
3.351154 0.05477 0.042719 -0.096562 -0.012868 0.063728 0.250163 0.966018
3.356146 0.053856 0.042661 -0.095753 -0.013008 0.063926 0.249463 0.966185
3.36114 0.051986 0.042407 -0.094016 -0.013398 0.064404 0.247771 0.966583
3.366138 0.050114 0.042098 -0.092234 -0.013847 0.064665 0.245963 0.967021
3.371146 0.048246 0.041744 -0.090426 -0.014336 0.064734 0.24387 0.967539
3.376153 0.045382 0.041137 -0.087655 -0.015111 0.065128 0.240778 0.968275
3.381159 0.043426 0.040656 -0.085734 -0.015691 0.065524 0.238421 0.968822
3.386163 0.041508 0.040129 -0.083809 -0.016177 0.065295 0.236046 0.969411
3.391166 0.039547 0.039558 -0.081827 -0.016732 0.065413 0.233427 0.970027
3.396167 0.037559 0.038946 -0.079809 -0.017292 0.065578 0.230484 0.97071
3.401169 0.035562 0.038291 -0.077774 -0.017838 0.065665 0.227555 0.971385
3.406168 0.033561 0.037592 -0.075703 -0.018279 0.065731 0.224689 0.972039
3.411167 0.031582 0.036845 -0.073616 -0.018924 0.065395 0.221601 0.972758
3.416175 0.028584 0.035632 -0.070383 -0.019894 0.065333 0.216982 0.973784
3.421179 0.026571 0.034793 -0.068204 -0.020728 0.065431 0.213899 0.974442
3.426179 0.024566 0.033934 -0.06602 -0.021428 0.065412 0.210991 0.975061
3.431176 0.022593 0.033036 -0.063823 -0.022219 0.065164 0.208066 0.975689
3.436172 0.021614 0.032565 -0.062712 -0.022701 0.065033 0.206628 0.975992
3.441166 0.020625 0.032118 -0.061608 -0.023104 0.064896 0.205117 0.97631
3.446159 0.018645 0.031179 -0.059364 -0.024074 0.064872 0.202154 0.976906
3.451161 0.016719 0.030239 -0.057144 -0.025054 0.064504 0.199197 0.977513
3.456167 0.014771 0.029269 -0.054909 -0.025876 0.06432 0.196707 0.978008
3.461168 0.011888 0.027803 -0.051562 -0.027256 0.063793 0.192533 0.978835
3.466172 0.009984 0.026803 -0.049301 -0.02815 0.063637 0.189706 0.979372
3.471178 0.008087 0.0258 -0.04705 -0.028985 0.063561 0.187051 0.979863
3.476182 0.005325 0.024282 -0.043706 -0.030164 0.063433 0.18317 0.980569
3.481183 0.003516 0.023273 -0.0415 -0.030935 0.063144 0.180448 0.981068
3.486183 0.001697 0.022258 -0.039285 -0.031591 0.063208 0.177904 0.981507
3.491182 -4.5e-05 0.021248 -0.037117 -0.032334 0.062771 0.175092 0.982017
3.496178 -0.00089 0.020731 -0.036062 -0.032877 0.062601 0.17388 0.982225
3.501174 -0.002617 0.019697 -0.033897 -0.033665 0.062663 0.171589 0.982597
3.50617 -0.004287 0.018683 -0.0318 -0.034567 0.062293 0.169244 0.982996
3.511166 -0.005898 0.017659 -0.029736 -0.035513 0.061697 0.167054 0.983375
3.516162 -0.007468 0.016636 -0.027707 -0.036491 0.061087 0.164916 0.983737
3.521154 -0.009054 0.015608 -0.025679 -0.037423 0.060886 0.163033 0.984029
3.526149 -0.010557 0.014602 -0.023727 -0.03846 0.060277 0.161328 0.984307
3.531144 -0.012074 0.013566 -0.021758 -0.039439 0.060158 0.159796 0.984526
3.536141 -0.012847 0.013051 -0.020769 -0.040047 0.060163 0.159009 0.984628
3.541137 -0.014291 0.012032 -0.018857 -0.040926 0.059871 0.157548 0.984845
3.546135 -0.015675 0.011043 -0.01701 -0.041987 0.059265 0.15582 0.985112
3.551143 -0.01707 0.010022 -0.015145 -0.043032 0.059108 0.15433 0.98531
3.556154 -0.01915 0.008515 -0.012396 -0.044575 0.059109 0.152238 0.985567
3.561165 -0.020452 0.007529 -0.010622 -0.045505 0.05867 0.150507 0.985817
3.56618 -0.02177 0.006528 -0.008836 -0.046318 0.058747 0.148924 0.986015
3.571215 -0.022984 0.005566 -0.007149 -0.047208 0.058167 0.147313 0.986249
3.576243 -0.024205 0.004588 -0.005461 -0.048073 0.057793 0.145675 0.986472
3.58126 -0.02593 0.003127 -0.003043 -0.049093 0.05686 0.143146 0.986847
3.586267 -0.027034 0.00215 -0.001478 -0.049851 0.056074 0.141443 0.987099
3.591263 -0.028138 0.001188 6.3e-05 -0.050488 0.055364 0.139605 0.987368
3.596254 -0.029224 0.000223 0.00156 -0.051151 0.054843 0.138035 0.987584
3.601233 -0.02975 -0.000277 0.002272 -0.051503 0.054588 0.137335 0.987677
3.606208 -0.0308 -0.001254 0.003713 -0.052239 0.053984 0.135764 0.987889
3.611182 -0.031865 -0.002243 0.005139 -0.053006 0.05366 0.134275 0.988069
3.616156 -0.032891 -0.003212 0.006506 -0.053739 0.053356 0.132915 0.98823
3.621134 -0.033917 -0.004203 0.007858 -0.054617 0.053289 0.131763 0.98834
3.626118 -0.034942 -0.005188 0.00918 -0.055434 0.053239 0.130627 0.988448
3.631106 -0.035465 -0.005668 0.009848 -0.055753 0.053222 0.130017 0.988511
3.6361 -0.036469 -0.006643 0.011113 -0.05655 0.053437 0.129115 0.988573
3.641096 -0.037456 -0.007619 0.012341 -0.057334 0.053596 0.12823 0.988634
3.646097 -0.03844 -0.008572 0.013528 -0.05809 0.053958 0.127543 0.988659
3.651112 -0.039893 -0.010017 0.015277 -0.059128 0.05456 0.126632 0.988682
3.656134 -0.040829 -0.010957 0.016383 -0.059748 0.054763 0.126066 0.988705
3.661153 -0.041749 -0.011883 0.017445 -0.060318 0.054906 0.125449 0.988741
3.666175 -0.042657 -0.012817 0.01848 -0.060779 0.055101 0.124984 0.988761
3.671192 -0.04353 -0.013749 0.019485 -0.061348 0.055165 0.124611 0.98877
3.676209 -0.044379 -0.014684 0.020479 -0.061962 0.055109 0.124154 0.988792
3.681218 -0.045202 -0.015619 0.021441 -0.062599 0.054893 0.123501 0.988846
3.686232 -0.046008 -0.016562 0.022382 -0.063221 0.054523 0.123059 0.988882
3.691238 -0.047154 -0.017986 0.023727 -0.064107 0.053846 0.12214 0.988976
3.696244 -0.04791 -0.018941 0.024613 -0.064613 0.053333 0.121652 0.989031
3.701244 -0.048637 -0.019893 0.025473 -0.065089 0.052736 0.121258 0.98908
3.706236 -0.04936 -0.020839 0.026328 -0.065355 0.052152 0.120572 0.989177
3.711223 -0.049702 -0.021331 0.026739 -0.065447 0.051864 0.120464 0.989199
3.716208 -0.050405 -0.022297 0.027566 -0.065705 0.051356 0.120018 0.989263
3.721187 -0.051087 -0.023274 0.028383 -0.065962 0.050715 0.119496 0.989342
3.726166 -0.051758 -0.024267 0.029177 -0.066258 0.050149 0.119164 0.989391
3.731146 -0.052429 -0.025262 0.029961 -0.066413 0.049507 0.118741 0.989464
3.736131 -0.053104 -0.02631 0.030748 -0.066715 0.04911 0.118497 0.989493
3.741118 -0.053442 -0.026817 0.031145 -0.066803 0.04894 0.118394 0.989507
3.74611 -0.054083 -0.027862 0.031886 -0.067162 0.048312 0.117953 0.989567
3.751109 -0.054732 -0.028967 0.032628 -0.067478 0.047834 0.118049 0.989557
3.756122 -0.055347 -0.030066 0.033328 -0.067857 0.047063 0.117821 0.989595
3.761141 -0.056272 -0.031754 0.034363 -0.068256 0.046134 0.11797 0.989594
3.766161 -0.056884 -0.03291 0.035034 -0.068447 0.04549 0.117923 0.989616
3.771181 -0.057495 -0.034105 0.035692 -0.068795 0.044975 0.118266 0.989574
3.776196 -0.058064 -0.035308 0.036301 -0.069031 0.04403 0.118681 0.989551
3.781207 -0.058671 -0.036552 0.036932 -0.069062 0.043482 0.119067 0.989527
3.78622 -0.059602 -0.03849 0.037812 -0.069426 0.042524 0.119445 0.989497
3.791224 -0.060237 -0.039793 0.038394 -0.069417 0.042133 0.119763 0.989476
3.796225 -0.060866 -0.041143 0.03896 -0.069518 0.041418 0.12001 0.989469
3.801222 -0.061511 -0.042534 0.039508 -0.069615 0.040872 0.120331 0.989446
3.806215 -0.061828 -0.043254 0.039762 -0.069614 0.040622 0.120416 0.989446
3.811202 -0.062489 -0.044674 0.040283 -0.069585 0.040295 0.12071 0.989426
3.816189 -0.063146 -0.046122 0.040799 -0.069484 0.03996 0.120912 0.989422
3.821176 -0.063796 -0.047594 0.04129 -0.069393 0.039667 0.121262 0.989397
3.826161 -0.064444 -0.049078 0.041755 -0.069209 0.039259 0.121569 0.989389
3.831149 -0.065047 -0.050567 0.042196 -0.069193 0.03862 0.121689 0.9894
3.83614 -0.065373 -0.051327 0.042435 -0.069197 0.038414 0.121859 0.989387
3.841133 -0.066003 -0.052847 0.042851 -0.069089 0.038029 0.122155 0.989373
3.846133 -0.066623 -0.054388 0.043263 -0.068957 0.037736 0.122538 0.989346
3.85114 -0.067207 -0.055945 0.043646 -0.068709 0.037143 0.123054 0.989322
3.85616 -0.068048 -0.058289 0.044193 -0.068444 0.035937 0.123698 0.989304
3.861178 -0.068611 -0.059871 0.04453 -0.068293 0.035257 0.124337 0.989259
3.866205 -0.069119 -0.061431 0.044837 -0.068103 0.034309 0.124948 0.989228
3.87123 -0.069627 -0.063013 0.045138 -0.067747 0.033385 0.125768 0.989181
3.876244 -0.070334 -0.065418 0.045539 -0.06724 0.031948 0.12743 0.98905
3.881253 -0.070806 -0.067024 0.045763 -0.066924 0.030763 0.128541 0.988965
3.886249 -0.071315 -0.068623 0.045977 -0.066608 0.02987 0.129502 0.988888
3.891236 -0.071767 -0.070193 0.046142 -0.066041 0.028728 0.130384 0.988844
3.896225 -0.071988 -0.070996 0.046206 -0.065635 0.028133 0.130851 0.988827
3.901208 -0.072441 -0.072601 0.046359 -0.065026 0.027012 0.13185 0.988766
3.906184 -0.072901 -0.074214 0.046474 -0.064232 0.025992 0.132931 0.9887
3.911162 -0.073368 -0.075836 0.04656 -0.063499 0.025131 0.134108 0.988611
3.916142 -0.073822 -0.077462 0.046607 -0.062761 0.024142 0.13516 0.988539
3.921125 -0.074284 -0.07908 0.046631 -0.061856 0.023192 0.136135 0.988485
3.926116 -0.074487 -0.079864 0.046647 -0.061329 0.022564 0.136467 0.988487
3.931113 -0.074911 -0.081487 0.046624 -0.060282 0.021465 0.137661 0.98841
3.936116 -0.075378 -0.083136 0.046581 -0.059316 0.020754 0.1391 0.988282
3.941125 -0.075844 -0.084775 0.046489 -0.058473 0.019879 0.140341 0.988175
3.946135 -0.07652 -0.087258 0.046318 -0.057327 0.018627 0.142396 0.987973
3.951149 -0.07701 -0.088938 0.046181 -0.056477 0.018153 0.143866 0.987818
3.956159 -0.077487 -0.090601 0.045978 -0.055711 0.017353 0.145445 0.987644
3.961169 -0.077986 -0.092276 0.045759 -0.055183 0.016953 0.147088 0.987437
3.966185 -0.078501 -0.093954 0.045507 -0.054707 0.016588 0.148582 0.987246
3.971198 -0.079002 -0.095634 0.045246 -0.05427 0.016194 0.15012 0.987044
3.976207 -0.079532 -0.097301 0.044951 -0.053692 0.016033 0.151734 0.986832
3.981212 -0.080315 -0.099763 0.044418 -0.052775 0.015449 0.153829 0.986566
3.986212 -0.080838 -0.101408 0.04405 -0.052267 0.015043 0.155288 0.986371
3.991207 -0.081377 -0.103047 0.043681 -0.051762 0.014824 0.156695 0.986178
3.99621 -0.081893 -0.104668 0.043276 -0.051178 0.014181 0.158039 0.986004
4.00121 -0.08215 -0.105459 0.043058 -0.05081 0.013866 0.158667 0.985926
4.006207 -0.082676 -0.107055 0.04264 -0.050206 0.013491 0.159993 0.985748
4.011199 -0.083212 -0.108611 0.042192 -0.049588 0.013035 0.161035 0.985616
4.016189 -0.083724 -0.11017 0.041749 -0.049096 0.01248 0.162223 0.985453
4.021176 -0.084267 -0.111703 0.041316 -0.048569 0.012265 0.163482 0.985274
4.026165 -0.084787 -0.113206 0.040867 -0.047998 0.011774 0.164708 0.985103
4.031155 -0.085309 -0.114675 0.040416 -0.047477 0.011337 0.165831 0.984945
4.036145 -0.085832 -0.116107 0.039958 -0.046953 0.010864 0.166786 0.984815
4.041138 -0.086372 -0.117507 0.039516 -0.046426 0.010696 0.167722 0.984683
4.046128 -0.086642 -0.118222 0.039291 -0.046247 0.010614 0.168227 0.984606
4.051125 -0.087166 -0.119567 0.03885 -0.04581 0.01031 0.169216 0.98446
4.056126 -0.087698 -0.120899 0.038429 -0.045428 0.010075 0.170303 0.984293
4.061131 -0.088231 -0.122165 0.038005 -0.044973 0.009999 0.171308 0.98414
4.066148 -0.089008 -0.12401 0.037353 -0.044304 0.009422 0.172615 0.983947
4.071168 -0.089529 -0.12514 0.036924 -0.043842 0.009188 0.173298 0.98385
4.076186 -0.09005 -0.126233 0.036521 -0.043208 0.009104 0.174306 0.983701
4.0812 -0.090578 -0.127257 0.036109 -0.042743 0.008907 0.17514 0.983575
4.086211 -0.091117 -0.128233 0.035712 -0.042192 0.008904 0.176002 0.983445
4.091218 -0.091635 -0.129128 0.035297 -0.041344 0.008555 0.176802 0.98334
4.096231 -0.092428 -0.130337 0.034702 -0.04032 0.008209 0.178021 0.983166
4.10124 -0.092965 -0.131084 0.034307 -0.039603 0.008086 0.178796 0.983056
4.106246 -0.093488 -0.131787 0.033915 -0.038922 0.007799 0.179824 0.982897
4.111242 -0.094025 -0.132428 0.033529 -0.038376 0.007637 0.18069 0.982761
4.11623 -0.094296 -0.132668 0.033339 -0.03804 0.007609 0.181032 0.982712
4.121213 -0.094825 -0.133209 0.032953 -0.037322 0.007341 0.181849 0.982591
4.126191 -0.095361 -0.133694 0.032563 -0.036591 0.007041 0.182681 0.982466
4.131165 -0.095921 -0.13413 0.032184 -0.036005 0.007023 0.183654 0.982306
4.136137 -0.096498 -0.134515 0.031802 -0.035338 0.006968 0.184608 0.982152
4.141117 -0.097063 -0.134839 0.031412 -0.034641 0.006689 0.185413 0.982027
4.1461 -0.097343 -0.135025 0.031227 -0.034377 0.006656 0.18587 0.98195
4.151087 -0.097961 -0.135253 0.030847 -0.033599 0.006759 0.186471 0.981863
4.156087 -0.098567 -0.13543 0.030457 -0.032738 0.006592 0.187103 0.981773
4.161095 -0.099185 -0.135583 0.030073 -0.031974 0.006473 0.187825 0.981661
4.166109 -0.100152 -0.135717 0.029508 -0.030814 0.006713 0.188637 0.98154
4.171126 -0.100804 -0.135709 0.029135 -0.030068 0.006762 0.188793 0.981533
4.176148 -0.101445 -0.135652 0.028772 -0.029343 0.006837 0.188949 0.981525
4.181168 -0.102097 -0.135546 0.02842 -0.028763 0.006969 0.188943 0.981542
4.186185 -0.102731 -0.135389 0.028063 -0.028138 0.006823 0.188951 0.98156
4.191198 -0.103395 -0.135187 0.027727 -0.027463 0.007024 0.189052 0.981558
4.196218 -0.10405 -0.134932 0.027415 -0.026767 0.007244 0.189232 0.981541
4.201232 -0.104993 -0.134436 0.026987 -0.025941 0.007271 0.189487 0.981514
4.20624 -0.105638 -0.134068 0.026723 -0.025345 0.007549 0.189833 0.98146
4.211236 -0.10627 -0.133628 0.02646 -0.024753 0.007699 0.190103 0.981422
4.216224 -0.106889 -0.13311 0.026202 -0.024061 0.007701 0.190082 0.981443
4.221206 -0.107202 -0.132803 0.026094 -0.02376 0.007752 0.190108 0.981445
4.226184 -0.107837 -0.13224 0.025883 -0.023095 0.007981 0.190435 0.981396
4.231162 -0.108447 -0.131619 0.025691 -0.022777 0.008081 0.190333 0.981422
4.236145 -0.109067 -0.130946 0.025513 -0.022216 0.008152 0.190415 0.981419
4.24113 -0.109378 -0.130616 0.025408 -0.021971 0.008179 0.190396 0.981427
4.246121 -0.110008 -0.129867 0.025265 -0.021377 0.008404 0.190374 0.981443
4.251122 -0.11061 -0.129056 0.025131 -0.020878 0.008317 0.190115 0.981505
4.256125 -0.111241 -0.128223 0.025048 -0.020433 0.008622 0.189923 0.981548
4.261134 -0.112165 -0.126938 0.024951 -0.020046 0.008951 0.189793 0.981579
4.26615 -0.112782 -0.126012 0.024944 -0.019847 0.009354 0.189453 0.981645
4.271166 -0.113394 -0.125031 0.024948 -0.019535 0.009704 0.189076 0.98172
4.276178 -0.114041 -0.124035 0.025005 -0.019551 0.010371 0.188535 0.981817
4.281189 -0.11465 -0.122995 0.025077 -0.019365 0.010639 0.187958 0.981929
4.2862 -0.115284 -0.121925 0.02519 -0.019125 0.011192 0.187375 0.982039
4.291206 -0.115886 -0.120807 0.025332 -0.018991 0.011389 0.186395 0.982225
4.296218 -0.116803 -0.119003 0.025626 -0.018245 0.011956 0.184706 0.982552
4.301225 -0.11738 -0.117761 0.025832 -0.017972 0.01196 0.183336 0.982813
4.306224 -0.117971 -0.116516 0.026102 -0.017596 0.012205 0.182352 0.983
4.311216 -0.118521 -0.115212 0.026388 -0.017325 0.012223 0.180997 0.983255
4.316205 -0.118787 -0.114502 0.026566 -0.017128 0.012211 0.180174 0.98341
4.321189 -0.11935 -0.113135 0.02692 -0.016894 0.012606 0.178685 0.983681
4.326173 -0.119877 -0.111731 0.02729 -0.01679 0.012679 0.177152 0.983959
4.33116 -0.120399 -0.110275 0.027696 -0.016574 0.012844 0.175623 0.984234
4.336145 -0.120916 -0.108789 0.028135 -0.016426 0.013016 0.174102 0.984505
4.341136 -0.121426 -0.107271 0.028611 -0.016383 0.013423 0.172729 0.984742
4.346128 -0.121924 -0.105703 0.029114 -0.016264 0.013914 0.171299 0.984987
4.351118 -0.122176 -0.104918 0.029351 -0.016173 0.01403 0.170387 0.985145
4.356112 -0.122615 -0.103239 0.029861 -0.015881 0.014143 0.16876 0.985428
4.361114 -0.123045 -0.101574 0.030429 -0.015914 0.014757 0.167552 0.985624
4.366127 -0.123431 -0.099849 0.030995 -0.015868 0.015038 0.166382 0.985819
4.37114 -0.12399 -0.097184 0.031866 -0.015659 0.015638 0.164648 0.986104
4.376153 -0.124292 -0.095351 0.032481 -0.015543 0.01596 0.163789 0.986244
4.381173 -0.124557 -0.093447 0.033103 -0.015287 0.015886 0.162948 0.986388
4.386188 -0.124819 -0.091537 0.033767 -0.014936 0.01629 0.162278 0.986497
4.391201 -0.125072 -0.089603 0.034458 -0.014744 0.016841 0.161612 0.986601
4.396208 -0.125403 -0.086602 0.035525 -0.014138 0.017466 0.160751 0.986739
4.401213 -0.125586 -0.084563 0.036241 -0.013597 0.017721 0.159995 0.986865
4.406213 -0.125743 -0.082497 0.036986 -0.012978 0.017945 0.159201 0.986998
4.411211 -0.125874 -0.0804 0.037742 -0.012385 0.01812 0.158238 0.987157
4.416204 -0.125896 -0.079331 0.038127 -0.012128 0.018046 0.15758 0.987267
4.421194 -0.125968 -0.077235 0.038912 -0.011621 0.018271 0.156557 0.987432
4.426183 -0.125987 -0.075109 0.039684 -0.011256 0.01791 0.155494 0.98761
4.431171 -0.125988 -0.072978 0.040497 -0.01066 0.017753 0.15461 0.987759
4.436161 -0.125963 -0.070835 0.041319 -0.010131 0.017549 0.153466 0.987946
4.441152 -0.125902 -0.068683 0.04215 -0.009608 0.017049 0.15234 0.988134
4.446143 -0.125856 -0.066528 0.04302 -0.009148 0.016862 0.15137 0.988291
4.451135 -0.125786 -0.064404 0.043917 -0.008816 0.016768 0.150501 0.988428
4.45613 -0.125746 -0.063341 0.044351 -0.008668 0.016631 0.150041 0.988502
4.461126 -0.125643 -0.06123 0.045268 -0.008467 0.016461 0.149461 0.988594
4.466126 -0.125563 -0.05913 0.046203 -0.008395 0.016635 0.149096 0.988647
4.471129 -0.125441 -0.057027 0.047158 -0.008389 0.016674 0.148423 0.988748
4.47614 -0.12524 -0.053883 0.048569 -0.008596 0.016585 0.147431 0.988896
4.481152 -0.125078 -0.051802 0.049536 -0.008578 0.016662 0.146961 0.988965
4.486163 -0.1249 -0.049758 0.050485 -0.00852 0.016592 0.146585 0.989022
4.49117 -0.124653 -0.046726 0.051904 -0.008781 0.016777 0.145746 0.989141
4.496173 -0.124502 -0.044712 0.052865 -0.008899 0.01704 0.145025 0.989241
4.501173 -0.124294 -0.042681 0.053776 -0.008814 0.016578 0.143925 0.98941
4.506173 -0.124164 -0.040707 0.054728 -0.008782 0.017009 0.143307 0.989493
4.511165 -0.124111 -0.039767 0.055211 -0.008999 0.017364 0.14296 0.989535
4.516156 -0.12397 -0.037837 0.056163 -0.00914 0.017735 0.142279 0.989625
4.521149 -0.123914 -0.036876 0.05664 -0.009308 0.017962 0.141913 0.989672
4.526145 -0.123788 -0.034986 0.057604 -0.009792 0.018367 0.140969 0.989795
4.531144 -0.123621 -0.033106 0.058547 -0.010237 0.018567 0.139617 0.989979
4.536147 -0.123487 -0.031264 0.059498 -0.010729 0.018906 0.138468 0.990128
4.541152 -0.123287 -0.028582 0.060975 -0.01182 0.019772 0.136987 0.990305
4.546161 -0.123101 -0.026824 0.061931 -0.012608 0.019713 0.135822 0.990457
4.551164 -0.122926 -0.025094 0.062927 -0.013257 0.019873 0.13469 0.9906
4.55617 -0.122738 -0.023403 0.063934 -0.014259 0.020001 0.133179 0.990788
4.561173 -0.122509 -0.021749 0.064919 -0.015284 0.019993 0.13175 0.990963
4.566186 -0.122321 -0.020162 0.065955 -0.016336 0.020491 0.130815 0.99106
4.571195 -0.121983 -0.017801 0.067461 -0.018046 0.020427 0.128422 0.991345
4.576199 -0.121793 -0.016244 0.068479 -0.019028 0.020626 0.126858 0.991524
4.581198 -0.121617 -0.014728 0.06951 -0.020377 0.020907 0.125049 0.991721
4.586195 -0.12143 -0.01321 0.070509 -0.021658 0.020891 0.123056 0.991943
4.591187 -0.121338 -0.012474 0.070997 -0.022325 0.020729 0.12195 0.992069
4.596172 -0.121168 -0.010995 0.071986 -0.023698 0.020695 0.120001 0.992275
4.601157 -0.121004 -0.009519 0.072973 -0.024971 0.020627 0.117813 0.992508
4.606141 -0.120834 -0.00806 0.073933 -0.026415 0.020355 0.115521 0.992745
4.611126 -0.120688 -0.006632 0.074909 -0.027813 0.020433 0.11342 0.992948
4.616117 -0.120616 -0.005914 0.075404 -0.028491 0.020345 0.112271 0.993061
4.621117 -0.120428 -0.004503 0.076319 -0.030151 0.019879 0.109828 0.993294
4.626121 -0.120314 -0.003117 0.077265 -0.031546 0.020178 0.107825 0.993464
4.631126 -0.120192 -0.001741 0.078167 -0.033331 0.020154 0.105453 0.993661
4.636137 -0.120022 0.000315 0.079509 -0.035724 0.020243 0.102156 0.993921
4.641149 -0.119965 0.001647 0.080372 -0.037467 0.020682 0.100244 0.994042
4.646162 -0.119953 0.002961 0.081234 -0.039335 0.021329 0.098562 0.994124
4.651174 -0.119947 0.004288 0.082036 -0.041034 0.021989 0.096868 0.994208
4.656184 -0.119994 0.006272 0.083156 -0.043424 0.023225 0.094984 0.99426
4.661186 -0.119971 0.00762 0.083832 -0.044931 0.023463 0.093285 0.994348
4.666186 -0.119979 0.00894 0.08449 -0.046302 0.02424 0.092155 0.994372
4.671185 -0.12001 0.010271 0.085096 -0.047504 0.025156 0.090917 0.994407
4.67618 -0.120014 0.010951 0.085328 -0.048105 0.025357 0.090114 0.994446
4.681177 -0.120041 0.012276 0.08586 -0.049363 0.0262 0.088882 0.994473
4.68617 -0.120062 0.013632 0.086336 -0.050299 0.027002 0.087448 0.994532
4.691156 -0.120076 0.015005 0.086741 -0.051311 0.02757 0.085858 0.994603
4.696146 -0.12008 0.016361 0.087109 -0.05218 0.028283 0.084316 0.99467
4.701138 -0.120069 0.017702 0.087447 -0.053033 0.029094 0.082903 0.99472
4.706131 -0.120083 0.018371 0.087628 -0.053528 0.029579 0.082228 0.994735
4.711127 -0.120037 0.019724 0.087854 -0.054385 0.029895 0.080679 0.994806
4.716125 -0.119979 0.021048 0.088057 -0.055396 0.030335 0.079318 0.994847
4.721127 -0.119912 0.022355 0.088227 -0.05635 0.030888 0.077975 0.994882
4.726131 -0.119839 0.022979 0.088259 -0.056927 0.030838 0.077364 0.994899
4.73114 -0.119621 0.025518 0.088478 -0.059132 0.031391 0.074973 0.994936
4.736149 -0.119432 0.026716 0.088512 -0.060468 0.031299 0.073773 0.994948
4.741158 -0.119223 0.0279 0.088507 -0.061784 0.031009 0.072483 0.994971
4.746171 -0.119016 0.02903 0.088517 -0.063359 0.031079 0.071251 0.994959
4.751182 -0.118799 0.030119 0.088504 -0.064911 0.031218 0.070174 0.994931
4.756192 -0.118542 0.031187 0.08844 -0.066548 0.03093 0.069178 0.994902
4.761198 -0.118297 0.032213 0.088389 -0.068279 0.031097 0.068348 0.994836
4.766209 -0.117875 0.033741 0.088196 -0.070811 0.030561 0.066702 0.994788
4.771213 -0.117625 0.034748 0.088031 -0.072489 0.030335 0.065753 0.994737
4.776209 -0.117374 0.035743 0.087821 -0.074247 0.029989 0.064736 0.994685
4.781202 -0.117135 0.036727 0.087569 -0.075653 0.029793 0.06396 0.994635
4.786197 -0.117034 0.037213 0.087391 -0.076303 0.029671 0.063522 0.994617
4.79119 -0.116799 0.038187 0.087059 -0.077614 0.029414 0.062905 0.994562
4.796184 -0.116592 0.039137 0.086711 -0.078788 0.029478 0.062295 0.994506
4.801178 -0.11638 0.040102 0.086293 -0.079821 0.029302 0.061542 0.994476
4.806162 -0.116162 0.041032 0.085819 -0.080815 0.02899 0.061078 0.994433
4.811149 -0.116061 0.041512 0.08559 -0.081347 0.028818 0.060767 0.994414
4.816142 -0.115858 0.042418 0.085055 -0.082136 0.028777 0.060497 0.994367
4.821144 -0.115684 0.043289 0.084502 -0.083058 0.028908 0.060283 0.9943
4.826149 -0.115501 0.044146 0.083907 -0.083749 0.028948 0.060208 0.994245
4.831153 -0.115213 0.045386 0.082956 -0.084831 0.028709 0.060121 0.994165
4.836158 -0.115035 0.04616 0.082261 -0.085375 0.028497 0.06025 0.994117
4.841164 -0.114859 0.046903 0.081522 -0.085953 0.02812 0.060397 0.994069
4.846169 -0.114672 0.04793 0.080434 -0.086599 0.028313 0.060592 0.993996
4.851171 -0.114556 0.04857 0.07969 -0.087129 0.028193 0.060833 0.993938
4.856172 -0.114403 0.049176 0.078914 -0.087395 0.027774 0.061034 0.993914
4.861168 -0.1143 0.049735 0.078151 -0.087923 0.027645 0.061142 0.993865
4.866162 -0.114269 0.049945 0.077778 -0.088133 0.027799 0.061454 0.993823
4.871157 -0.114193 0.050417 0.077023 -0.088724 0.027839 0.061534 0.993764
4.87615 -0.11412 0.050847 0.07626 -0.089369 0.027703 0.061419 0.993717
4.881144 -0.114084 0.051074 0.075891 -0.089667 0.027743 0.061484 0.993685
4.886141 -0.11404 0.05141 0.075143 -0.090146 0.027895 0.061657 0.993627
4.891142 -0.113981 0.051684 0.074371 -0.090699 0.027654 0.061708 0.99358
4.896145 -0.113948 0.051904 0.073638 -0.091117 0.027765 0.061764 0.993535
4.901151 -0.113933 0.05214 0.07255 -0.091814 0.028102 0.061882 0.993454
4.906158 -0.113898 0.052204 0.071808 -0.092367 0.027962 0.061626 0.993423
4.911163 -0.113895 0.05222 0.071092 -0.092614 0.028188 0.061556 0.993398
4.916169 -0.113896 0.052083 0.070048 -0.093077 0.028553 0.061618 0.99334
4.921169 -0.1139 0.05192 0.069363 -0.093475 0.02869 0.061675 0.993295
4.92617 -0.113895 0.051697 0.068684 -0.093953 0.028772 0.061813 0.993239
4.93117 -0.113887 0.051413 0.067996 -0.094619 0.028612 0.061732 0.993186
4.936169 -0.11389 0.051195 0.067672 -0.094905 0.028608 0.061815 0.993153
4.941164 -0.113915 0.050803 0.067026 -0.095714 0.028687 0.062008 0.993061
4.946157 -0.11394 0.050354 0.066397 -0.096415 0.028765 0.062207 0.992979
4.951151 -0.113963 0.04983 0.065789 -0.097159 0.028754 0.062469 0.99289
4.956149 -0.113999 0.04922 0.065196 -0.098201 0.028894 0.062897 0.992757
4.961146 -0.114002 0.048944 0.064888 -0.098583 0.028806 0.063026 0.992713
4.966145 -0.114031 0.048251 0.064321 -0.099561 0.028865 0.06334 0.992594
4.971145 -0.114093 0.047493 0.063794 -0.100528 0.029243 0.063475 0.992477
4.976146 -0.114155 0.046658 0.063284 -0.101449 0.029614 0.063893 0.992345
4.981149 -0.114244 0.045334 0.062549 -0.102893 0.030086 0.064446 0.992146
4.986155 -0.11432 0.044343 0.062112 -0.104013 0.030416 0.064471 0.992018
4.991161 -0.114362 0.043276 0.06166 -0.105205 0.030643 0.064574 0.991879
4.996169 -0.114399 0.042151 0.06124 -0.106411 0.030687 0.064671 0.991742
5.001173 -0.114463 0.040287 0.060683 -0.108643 0.031165 0.064945 0.991467
5.006174 -0.114491 0.038997 0.060319 -0.110252 0.03128 0.065013 0.991282
5.011172 -0.114491 0.037654 0.059976 -0.111892 0.031358 0.065046 0.991093
5.01617 -0.114492 0.036265 0.059637 -0.113608 0.031458 0.064954 0.990901
5.021167 -0.114455 0.035515 0.059466 -0.114405 0.031296 0.065021 0.99081
5.026164 -0.114411 0.034064 0.059114 -0.116065 0.031122 0.065029 0.990622
5.031158 -0.114402 0.032569 0.058803 -0.1177 0.031286 0.065215 0.990411
5.036153 -0.114348 0.031031 0.058483 -0.119166 0.031263 0.065423 0.990223
5.041149 -0.114257 0.02947 0.058132 -0.120764 0.030791 0.065472 0.990041
5.046147 -0.114231 0.028696 0.057976 -0.121588 0.030701 0.065427 0.989946
5.051147 -0.114151 0.027077 0.057632 -0.123139 0.030408 0.065881 0.989733
5.056148 -0.114113 0.025442 0.057317 -0.124585 0.030656 0.066223 0.989522
5.061148 -0.114052 0.02375 0.057011 -0.126031 0.030828 0.066946 0.989285
5.066148 -0.113978 0.021205 0.05653 -0.128211 0.031026 0.067859 0.988936
5.07115 -0.113901 0.019466 0.056204 -0.129671 0.030978 0.068521 0.988702
5.076153 -0.11388 0.017717 0.055889 -0.131145 0.031387 0.069068 0.988456
5.081161 -0.113846 0.015951 0.055569 -0.13242 0.03162 0.069387 0.988256
5.086171 -0.113817 0.014184 0.055259 -0.13367 0.031908 0.069309 0.988084
5.091177 -0.113724 0.012375 0.054906 -0.134949 0.031352 0.069432 0.98792
5.096183 -0.113591 0.008609 0.054331 -0.137644 0.031295 0.069233 0.987563
5.101189 -0.113574 0.007686 0.054193 -0.138251 0.031447 0.069232 0.987474
5.10619 -0.113475 0.005802 0.053879 -0.139497 0.031095 0.068859 0.987336
5.111187 -0.113359 0.003888 0.053566 -0.140948 0.030511 0.068306 0.987186
5.116186 -0.113253 0.001951 0.053261 -0.142565 0.030057 0.067814 0.987002
5.121179 -0.113186 0.000961 0.053105 -0.143348 0.029773 0.067608 0.986911
5.126169 -0.113043 -0.001021 0.052799 -0.144813 0.029241 0.067441 0.986725
5.131155 -0.112937 -0.003006 0.052511 -0.146275 0.029278 0.067224 0.986523
5.136141 -0.112791 -0.00496 0.052164 -0.147372 0.028833 0.067008 0.986387
5.14113 -0.112631 -0.006918 0.051795 -0.14878 0.028178 0.06664 0.98622
5.146124 -0.112543 -0.007911 0.051616 -0.149592 0.027775 0.066381 0.986126
5.151121 -0.112365 -0.009889 0.051231 -0.151061 0.027087 0.066171 0.985935
5.15612 -0.112239 -0.011881 0.050867 -0.152524 0.027115 0.066416 0.985693
5.161126 -0.112078 -0.01388 0.050483 -0.153703 0.027156 0.067044 0.985466
5.166135 -0.111859 -0.016822 0.049874 -0.155375 0.027418 0.067549 0.985162
5.171145 -0.111713 -0.018775 0.049432 -0.156539 0.02746 0.06805 0.984942
5.176155 -0.111583 -0.020718 0.048982 -0.157926 0.027702 0.06836 0.984692
5.181165 -0.111445 -0.022635 0.048495 -0.158913 0.027799 0.068757 0.984503
5.186173 -0.111316 -0.024577 0.048012 -0.159941 0.028046 0.069368 0.984287
5.191181 -0.111146 -0.026484 0.047492 -0.160762 0.027996 0.069817 0.984123
5.196184 -0.110927 -0.029283 0.046682 -0.161921 0.027644 0.069525 0.983963
5.201186 -0.110801 -0.031141 0.046149 -0.162606 0.027668 0.069357 0.983861
5.206186 -0.110632 -0.032989 0.045587 -0.163281 0.027231 0.06878 0.983802
5.211185 -0.110464 -0.034822 0.045026 -0.163836 0.026942 0.068161 0.983761
5.216181 -0.110385 -0.035741 0.044739 -0.164159 0.026826 0.067793 0.983736
5.221178 -0.110261 -0.037566 0.044211 -0.164611 0.027205 0.06711 0.983697
5.226172 -0.110111 -0.039371 0.043651 -0.165013 0.027178 0.066199 0.983692
5.231166 -0.109907 -0.041194 0.043043 -0.16532 0.026729 0.065269 0.983715
5.236162 -0.109713 -0.042975 0.042441 -0.165735 0.026547 0.064348 0.983711
5.241158 -0.109633 -0.043879 0.04216 -0.165841 0.026622 0.063901 0.98372
5.246159 -0.109401 -0.045663 0.041544 -0.166187 0.026338 0.063216 0.983713
5.25116 -0.109016 -0.048284 0.040576 -0.166689 0.026122 0.062489 0.983681
5.256159 -0.10874 -0.050021 0.039918 -0.167091 0.026098 0.062126 0.983636
5.261159 -0.108536 -0.050862 0.03954 -0.167306 0.025648 0.062233 0.983605
5.26616 -0.107832 -0.054266 0.038134 -0.167733 0.024737 0.061902 0.983576
5.271159 -0.107832 -0.054266 0.038134 -0.167733 0.024737 0.061902 0.983576
5.276158 -0.107446 -0.055886 0.037429 -0.168014 0.024618 0.062161 0.983515
5.281158 -0.106987 -0.05751 0.03669 -0.168145 0.024222 0.062643 0.983472
5.28616 -0.106506 -0.059119 0.035943 -0.168534 0.023941 0.063532 0.983355
5.291163 -0.105723 -0.061482 0.034822 -0.16884 0.023606 0.065014 0.983214
5.296165 -0.105113 -0.063014 0.034064 -0.168867 0.022714 0.06627 0.983146
5.301167 -0.104178 -0.065229 0.032981 -0.168997 0.022506 0.067865 0.98302
5.30617 -0.103523 -0.066702 0.032232 -0.169206 0.022031 0.06917 0.982904
5.31117 -0.102864 -0.068122 0.031486 -0.16928 0.021768 0.070152 0.982827
5.316167 -0.102178 -0.069517 0.030714 -0.169165 0.021361 0.071477 0.98276
5.321165 -0.10182 -0.070168 0.030298 -0.168851 0.021068 0.071898 0.98279
5.326159 -0.101123 -0.071495 0.02949 -0.168337 0.020665 0.07291 0.982812
5.331154 -0.100397 -0.072793 0.028656 -0.167772 0.019978 0.073784 0.982858
5.336149 -0.099704 -0.074074 0.027831 -0.16718 0.020033 0.074757 0.982884
5.341145 -0.098959 -0.075304 0.02695 -0.166468 0.01921 0.075508 0.982964
5.346138 -0.098217 -0.076542 0.026089 -0.165638 0.019071 0.07642 0.983036
5.351136 -0.097855 -0.077151 0.025649 -0.165195 0.018922 0.076819 0.983083
5.356135 -0.097076 -0.078337 0.02475 -0.164326 0.018394 0.077577 0.983179
5.361135 -0.096287 -0.079515 0.023852 -0.163704 0.017917 0.078251 0.983238
5.366138 -0.095478 -0.080685 0.022972 -0.163021 0.017575 0.079043 0.983294
5.37114 -0.094194 -0.082418 0.02164 -0.162218 0.01669 0.079834 0.983378
5.376146 -0.093297 -0.083536 0.020766 -0.161849 0.015902 0.080378 0.983408
5.381155 -0.092365 -0.084655 0.019906 -0.161429 0.015358 0.08109 0.983427
5.386168 -0.091403 -0.085734 0.019041 -0.160784 0.014729 0.082025 0.983465
5.391174 -0.089847 -0.087292 0.017723 -0.160334 0.013603 0.083352 0.983443
5.396181 -0.088781 -0.0883 0.016862 -0.159702 0.013255 0.084386 0.983463
5.401182 -0.08763 -0.089265 0.015963 -0.159073 0.01236 0.085429 0.983486
5.406178 -0.086442 -0.090188 0.015043 -0.158602 0.011398 0.086474 0.983482
5.41117 -0.085775 -0.090609 0.01455 -0.158298 0.010738 0.087124 0.983481
5.416162 -0.084488 -0.091493 0.013598 -0.157536 0.009729 0.088626 0.98348
5.421154 -0.083209 -0.092306 0.012645 -0.156445 0.009223 0.090144 0.983521
5.426145 -0.081836 -0.093089 0.011644 -0.155721 0.008172 0.091566 0.983514
5.431139 -0.080395 -0.093835 0.010625 -0.154809 0.006899 0.093181 0.983516
5.436134 -0.079702 -0.09422 0.010136 -0.154097 0.006584 0.094064 0.983546
5.441132 -0.078204 -0.094913 0.009106 -0.153127 0.005498 0.095904 0.983527
5.44613 -0.076676 -0.095573 0.008087 -0.15197 0.004678 0.098005 0.983503
5.451136 -0.075101 -0.096222 0.007089 -0.150689 0.004087 0.100431 0.983458
5.45614 -0.072719 -0.097117 0.005594 -0.148639 0.00346 0.103749 0.983428
5.461146 -0.070999 -0.097683 0.004611 -0.147705 0.00254 0.105931 0.983339
5.466156 -0.069218 -0.098213 0.003619 -0.14687 0.001256 0.108013 0.98324
5.471163 -0.067402 -0.098705 0.002655 -0.145792 0.000265 0.110365 0.98314
5.476171 -0.065533 -0.099193 0.001669 -0.144943 -0.001119 0.112777 0.982991
5.481225 -0.063633 -0.099641 0.000683 -0.144215 -0.002411 0.115037 0.982834
5.486268 -0.060639 -0.100166 -0.000849 -0.142916 -0.005123 0.118127 0.982647
5.491293 -0.05863 -0.100469 -0.001893 -0.142003 -0.007048 0.120205 0.982515
5.496302 -0.056581 -0.100747 -0.002955 -0.140951 -0.009033 0.122584 0.982357
5.501291 -0.054517 -0.101003 -0.004025 -0.140011 -0.010753 0.125328 0.982127
5.506268 -0.053489 -0.101071 -0.004573 -0.139329 -0.011506 0.126733 0.982036
5.511236 -0.051466 -0.101263 -0.005648 -0.138213 -0.01269 0.129359 0.981836
5.516201 -0.049448 -0.101383 -0.006724 -0.136881 -0.01378 0.131888 0.981672
5.521164 -0.047415 -0.101468 -0.007814 -0.135469 -0.014931 0.134293 0.981525
5.526133 -0.045362 -0.101542 -0.008921 -0.133987 -0.016217 0.13694 0.981342
5.531107 -0.043339 -0.10157 -0.010041 -0.132579 -0.017366 0.139413 0.981165
5.53609 -0.042304 -0.101609 -0.010597 -0.131939 -0.017984 0.140836 0.981037
5.54108 -0.040287 -0.101615 -0.011722 -0.13056 -0.018966 0.143474 0.980821
5.546082 -0.038304 -0.101588 -0.012841 -0.128958 -0.019743 0.146102 0.98063
5.551085 -0.03632 -0.101536 -0.013963 -0.127459 -0.020455 0.148486 0.980453
5.556096 -0.03327 -0.101403 -0.015702 -0.125031 -0.02255 0.151815 0.98021
5.56111 -0.03125 -0.101298 -0.01689 -0.123972 -0.024031 0.154022 0.979965
5.566131 -0.029323 -0.10116 -0.018043 -0.122517 -0.024653 0.156477 0.979743
5.571148 -0.027357 -0.101027 -0.019224 -0.121179 -0.025792 0.158778 0.97951
5.576165 -0.025422 -0.100866 -0.020382 -0.119731 -0.026695 0.161024 0.979297
5.581179 -0.023496 -0.100673 -0.021553 -0.118177 -0.027786 0.163141 0.979105
5.58619 -0.021566 -0.100492 -0.022741 -0.116739 -0.029078 0.165546 0.978837
5.591198 -0.019685 -0.100311 -0.023908 -0.115334 -0.029967 0.168126 0.978536
5.596209 -0.01693 -0.099979 -0.025665 -0.113078 -0.030957 0.172081 0.978081
5.601212 -0.01507 -0.099732 -0.026863 -0.111612 -0.03215 0.17443 0.977795
5.606211 -0.013274 -0.099462 -0.028038 -0.110077 -0.032712 0.176784 0.977528
5.611205 -0.011492 -0.099159 -0.029258 -0.108796 -0.033629 0.178829 0.977268
5.616193 -0.010637 -0.098986 -0.029867 -0.10797 -0.033969 0.179889 0.977153
5.621179 -0.008928 -0.098661 -0.031082 -0.106401 -0.034445 0.182046 0.976909
5.626162 -0.007237 -0.098289 -0.032339 -0.105247 -0.035189 0.18375 0.976689
5.631148 -0.00559 -0.097885 -0.033597 -0.10386 -0.035805 0.185488 0.976486
5.636137 -0.003975 -0.097462 -0.034874 -0.102445 -0.036425 0.18723 0.97628
5.641129 -0.002405 -0.096987 -0.036159 -0.100697 -0.036951 0.188798 0.97614
5.646125 -0.001618 -0.09677 -0.036795 -0.099959 -0.037085 0.189656 0.976045
5.651124 -0.000112 -0.09627 -0.038098 -0.09859 -0.037453 0.191183 0.975872
5.656126 0.001398 -0.095751 -0.039407 -0.097074 -0.037991 0.192816 0.975682
5.661129 0.002863 -0.095205 -0.040735 -0.095729 -0.0383 0.194345 0.975499
5.666131 0.005025 -0.094345 -0.042711 -0.093393 -0.038746 0.196743 0.975228
5.671137 0.006462 -0.093748 -0.04403 -0.091743 -0.039195 0.198263 0.975058
5.676148 0.007902 -0.093105 -0.045373 -0.090112 -0.040206 0.199332 0.974951
5.681161 0.009302 -0.092463 -0.046701 -0.088586 -0.040935 0.20058 0.974805
5.686171 0.012089 -0.09106 -0.04935 -0.085171 -0.043044 0.202579 0.974605
5.691175 0.012768 -0.090718 -0.050011 -0.084289 -0.04331 0.203163 0.974548
5.696176 0.014148 -0.08999 -0.051331 -0.082616 -0.044553 0.204039 0.974452
5.701175 0.015498 -0.089257 -0.052633 -0.081035 -0.045538 0.204986 0.974341
5.706172 0.016799 -0.088517 -0.053916 -0.079574 -0.04628 0.206017 0.974209
5.711165 0.017443 -0.088126 -0.054553 -0.078921 -0.046732 0.20657 0.974123
5.716157 0.018715 -0.087313 -0.055838 -0.077273 -0.047351 0.207332 0.974064
5.721148 0.019963 -0.086499 -0.057116 -0.075813 -0.04807 0.208103 0.973979
5.726141 0.021163 -0.085674 -0.058379 -0.07433 -0.048456 0.208947 0.973893
5.731135 0.021795 -0.085264 -0.059022 -0.073595 -0.048856 0.209348 0.973843
5.736133 0.022966 -0.084399 -0.060292 -0.072116 -0.049403 0.210201 0.973742
5.741133 0.024092 -0.083514 -0.061554 -0.070562 -0.049688 0.210959 0.973678
5.746136 0.025205 -0.0826 -0.062815 -0.068919 -0.050186 0.211631 0.973624
5.751138 0.026826 -0.081175 -0.064727 -0.066335 -0.050692 0.212339 0.973623
5.756142 0.02787 -0.080246 -0.065979 -0.064766 -0.050976 0.213354 0.973492
5.761147 0.028933 -0.079306 -0.067241 -0.063115 -0.051487 0.21454 0.973313
5.766151 0.029973 -0.078335 -0.06851 -0.061359 -0.052169 0.215538 0.973168
5.771159 0.030963 -0.077352 -0.069747 -0.059612 -0.052544 0.216471 0.97305
5.776164 0.031925 -0.076362 -0.07097 -0.058016 -0.052986 0.217323 0.972932
5.781168 0.032862 -0.075373 -0.072182 -0.056394 -0.05335 0.218341 0.97278
5.78617 0.034219 -0.073856 -0.073955 -0.054036 -0.054173 0.219612 0.972582
5.791172 0.03512 -0.072833 -0.075115 -0.052371 -0.054757 0.220328 0.972479
5.796172 0.035968 -0.071811 -0.076241 -0.050825 -0.055081 0.220998 0.97239
5.80117 0.03681 -0.070788 -0.07734 -0.049362 -0.055441 0.221723 0.97228
5.806168 0.037218 -0.070268 -0.077874 -0.048659 -0.055689 0.222055 0.972225
5.811165 0.038029 -0.069259 -0.078944 -0.047389 -0.056057 0.222702 0.972119
5.816163 0.038821 -0.068228 -0.079988 -0.045911 -0.056359 0.223303 0.972035
5.82116 0.039581 -0.067204 -0.081001 -0.044598 -0.056495 0.223869 0.971958
5.826157 0.040323 -0.066165 -0.081972 -0.043224 -0.05661 0.224299 0.971914
5.831153 0.041074 -0.065114 -0.082936 -0.041838 -0.057029 0.224874 0.971817
5.83615 0.041793 -0.064077 -0.083857 -0.040587 -0.057298 0.225415 0.971729
5.841145 0.042514 -0.062998 -0.084751 -0.039249 -0.057692 0.225724 0.971689
5.846137 0.043215 -0.061917 -0.08562 -0.037897 -0.058177 0.226086 0.97163
5.851131 0.043892 -0.060833 -0.086447 -0.036672 -0.058518 0.226395 0.971584
5.85613 0.04423 -0.060282 -0.086872 -0.035914 -0.058648 0.226576 0.971563
5.861129 0.044894 -0.059164 -0.087659 -0.034686 -0.059143 0.226879 0.971506
5.866128 0.045558 -0.058012 -0.088427 -0.033326 -0.059889 0.227012 0.971477
5.871131 0.046193 -0.056841 -0.089176 -0.031944 -0.06052 0.22705 0.971476
5.876138 0.047128 -0.055052 -0.090264 -0.029876 -0.06146 0.227137 0.971462
5.881145 0.047709 -0.053837 -0.090955 -0.028474 -0.062055 0.227129 0.971468
5.886157 0.048262 -0.052605 -0.091611 -0.027122 -0.062409 0.226945 0.971527
5.891161 0.049069 -0.050738 -0.092523 -0.024984 -0.062964 0.227012 0.971533
5.896165 0.049597 -0.0495 -0.093102 -0.023641 -0.063321 0.227146 0.971512
5.901166 0.050106 -0.04825 -0.093654 -0.022271 -0.0637 0.227194 0.971509
5.906165 0.050603 -0.04702 -0.094181 -0.020999 -0.064135 0.227536 0.971428
5.911161 0.050839 -0.04642 -0.094425 -0.020324 -0.064196 0.227833 0.971369
5.916159 0.051301 -0.0452 -0.094923 -0.018949 -0.064312 0.228249 0.971292
5.921155 0.051754 -0.043978 -0.0954 -0.017669 -0.064623 0.228611 0.97121
5.92615 0.05199 -0.043369 -0.09564 -0.017039 -0.064766 0.228894 0.971145
5.931149 0.052401 -0.042154 -0.096081 -0.015806 -0.064969 0.229273 0.971063
5.936152 0.052814 -0.040905 -0.09652 -0.014382 -0.065539 0.229561 0.970979
5.941152 0.053188 -0.03965 -0.096941 -0.012997 -0.065945 0.229674 0.970944
5.946157 0.053725 -0.037789 -0.097545 -0.010997 -0.066341 0.230055 0.970852
5.951163 0.05403 -0.036522 -0.097908 -0.009743 -0.066858 0.230176 0.970801
5.95617 0.054327 -0.03525 -0.098246 -0.008578 -0.06746 0.230226 0.970758
5.961175 0.054568 -0.033986 -0.098565 -0.007392 -0.067707 0.230366 0.970718
5.966179 0.054889 -0.032068 -0.099018 -0.005522 -0.068325 0.23048 0.97066
5.971181 0.055072 -0.030799 -0.099306 -0.00437 -0.068544 0.230639 0.970612
5.976181 0.055238 -0.029519 -0.099592 -0.003106 -0.068887 0.230984 0.970511
5.98118 0.055384 -0.02823 -0.099862 -0.001845 -0.069258 0.231147 0.970449
5.986176 0.055431 -0.027574 -0.099994 -0.001154 -0.069474 0.231235 0.970413
5.991174 0.055521 -0.026276 -0.100249 0.000173 -0.06968 0.231328 0.970377
5.996172 0.055581 -0.024989 -0.100493 0.001428 -0.069789 0.231518 0.970323
6.00117 0.055618 -0.023684 -0.100731 0.002794 -0.069892 0.231658 0.970279
6.006167 0.055638 -0.022378 -0.100952 0.004158 -0.069995 0.23177 0.97024
6.011167 0.05563 -0.021085 -0.10116 0.005482 -0.070063 0.232 0.970174
6.016163 0.055596 -0.01977 -0.101353 0.006919 -0.070002 0.231994 0.97017
6.021163 0.055583 -0.01912 -0.101453 0.007599 -0.069993 0.231971 0.970171
6.026159 0.055506 -0.017836 -0.101624 0.008902 -0.069856 0.232114 0.970136
6.031157 0.055399 -0.016562 -0.101773 0.010155 -0.069617 0.232236 0.970112
6.036159 0.055295 -0.015288 -0.101911 0.011404 -0.069526 0.232378 0.97007
6.041171 0.055126 -0.013373 -0.102091 0.013307 -0.069513 0.232438 0.970033
6.046184 0.054991 -0.012094 -0.1022 0.014662 -0.069522 0.23265 0.969962
6.051194 0.054833 -0.010829 -0.102295 0.015929 -0.069561 0.232662 0.969936
6.056201 0.054685 -0.009561 -0.102385 0.017337 -0.069981 0.232793 0.96985
6.061205 0.054294 -0.007095 -0.102477 0.019987 -0.070334 0.232838 0.969763
6.066208 0.054212 -0.006464 -0.102507 0.020685 -0.070464 0.23283 0.969741
6.071209 0.053993 -0.005269 -0.102522 0.022007 -0.070468 0.233089 0.969649
6.07621 0.053753 -0.004117 -0.102516 0.02322 -0.070306 0.233612 0.969507
6.081206 0.053491 -0.002994 -0.102487 0.024323 -0.070075 0.234046 0.969392
6.086199 0.053353 -0.002457 -0.10245 0.024781 -0.069846 0.23433 0.969328
6.091191 0.053083 -0.001343 -0.102402 0.025885 -0.069513 0.234793 0.969211
6.096183 0.052799 -0.000275 -0.102329 0.026829 -0.069138 0.235273 0.969096
6.101172 0.052511 0.000802 -0.102251 0.027922 -0.068703 0.235731 0.968985
6.10616 0.052241 0.001851 -0.102151 0.028928 -0.068516 0.236138 0.968869
6.111146 0.051955 0.002898 -0.102043 0.030004 -0.068232 0.236442 0.968782
6.116137 0.051666 0.003926 -0.101926 0.030979 -0.068043 0.236519 0.968746
6.12113 0.051528 0.004463 -0.101876 0.031505 -0.067995 0.236457 0.968748
6.126125 0.051238 0.005464 -0.101736 0.032474 -0.067896 0.236319 0.968756
6.131125 0.050949 0.006469 -0.101594 0.03355 -0.06787 0.23604 0.968789
6.136127 0.050649 0.007425 -0.101426 0.034508 -0.067781 0.235727 0.968838
6.141144 0.050198 0.008814 -0.101143 0.035877 -0.067585 0.235299 0.968906
6.146159 0.049895 0.009692 -0.10093 0.036615 -0.067219 0.235155 0.968939
6.151174 0.049612 0.010555 -0.100705 0.037409 -0.067085 0.235048 0.968944
6.156186 0.049356 0.011403 -0.100459 0.038286 -0.067219 0.234798 0.968961
6.161194 0.048893 0.012584 -0.10005 0.039406 -0.066841 0.234406 0.969037
6.166201 0.048587 0.013323 -0.09974 0.040021 -0.066503 0.234347 0.96905
6.171197 0.048301 0.014059 -0.099418 0.040727 -0.06633 0.234135 0.969083
6.176196 0.048025 0.014787 -0.099084 0.041361 -0.066305 0.233753 0.96915
6.181191 0.047894 0.015128 -0.098894 0.041596 -0.066321 0.233497 0.969201
6.186185 0.047604 0.015804 -0.098514 0.042166 -0.066089 0.233226 0.969257
6.191179 0.047311 0.016447 -0.098116 0.042597 -0.065782 0.232846 0.969351
6.196171 0.047007 0.017062 -0.097697 0.042895 -0.065365 0.232524 0.969443
6.201162 0.046732 0.017661 -0.097253 0.043136 -0.065069 0.232245 0.969519
6.206153 0.046485 0.018254 -0.096792 0.043408 -0.065105 0.231814 0.969608
6.211145 0.046226 0.018822 -0.096318 0.043621 -0.064984 0.231364 0.969714
6.216138 0.046104 0.019114 -0.096087 0.043714 -0.064968 0.23116 0.969759
6.221132 0.045845 0.019639 -0.095576 0.043822 -0.064907 0.230735 0.96986
6.226131 0.045581 0.020139 -0.095045 0.044026 -0.064923 0.230307 0.969951
6.231134 0.045321 0.02064 -0.094518 0.044239 -0.065109 0.229603 0.970096
6.236143 0.044919 0.021359 -0.093692 0.044501 -0.065248 0.228664 0.970296
6.241161 0.044651 0.021812 -0.093111 0.044786 -0.065442 0.227902 0.97045
6.246177 0.04438 0.022249 -0.092512 0.045081 -0.065584 0.227046 0.970627
6.251185 0.04393 0.022872 -0.091569 0.045485 -0.065704 0.225527 0.970954
6.256188 0.043625 0.023265 -0.09092 0.045802 -0.065593 0.224613 0.971158
6.261187 0.043316 0.023637 -0.090248 0.046002 -0.065435 0.223658 0.97138
6.266182 0.043015 0.024001 -0.089548 0.046124 -0.065355 0.222839 0.971568
6.271176 0.042873 0.024168 -0.089159 0.046193 -0.065489 0.222418 0.971652
6.276171 0.042562 0.024511 -0.088408 0.046325 -0.065415 0.221531 0.971853
6.281165 0.042219 0.024836 -0.087635 0.046366 -0.065045 0.220606 0.972087
6.286161 0.041889 0.025139 -0.086825 0.046345 -0.064834 0.219806 0.972283
6.291159 0.041554 0.025429 -0.085987 0.046279 -0.064489 0.219057 0.972478
6.296154 0.041228 0.025702 -0.085116 0.046207 -0.064299 0.218441 0.972633
6.301153 0.041064 0.025851 -0.084692 0.046141 -0.064232 0.218077 0.972722
6.306149 0.040715 0.026116 -0.083778 0.04598 -0.063842 0.217465 0.972892
6.311148 0.040346 0.026365 -0.082828 0.045864 -0.063332 0.21668 0.973106
6.31615 0.039972 0.0266 -0.081859 0.045645 -0.062668 0.216016 0.973307
6.321154 0.03948 0.026945 -0.080371 0.045291 -0.062496 0.21502 0.973555
6.326159 0.039144 0.027149 -0.079336 0.044983 -0.062364 0.21436 0.973723
6.331164 0.038807 0.027348 -0.078281 0.044784 -0.062194 0.213613 0.973907
6.336168 0.038341 0.027608 -0.076616 0.044376 -0.062251 0.212189 0.974234
6.341169 0.038016 0.027763 -0.075486 0.044136 -0.062131 0.211362 0.974432
6.34617 0.037702 0.027897 -0.074331 0.043782 -0.062218 0.210474 0.974635
6.351165 0.037375 0.028017 -0.073156 0.043364 -0.062258 0.209474 0.974866
6.356164 0.037184 0.028068 -0.072548 0.043201 -0.062054 0.208951 0.974999
6.361162 0.036802 0.028173 -0.071343 0.042802 -0.061649 0.207913 0.975264
6.366162 0.036405 0.028284 -0.070121 0.04237 -0.061089 0.206787 0.975557
6.371161 0.036034 0.028393 -0.068873 0.041987 -0.060893 0.205618 0.975833
6.376156 0.035635 0.0285 -0.067619 0.041499 -0.060441 0.204534 0.97611
6.381155 0.035235 0.028619 -0.066348 0.041179 -0.060137 0.203246 0.976411
6.38615 0.034816 0.028749 -0.065058 0.040699 -0.059661 0.201843 0.976752
6.391148 0.034606 0.028807 -0.064422 0.040482 -0.059406 0.201206 0.976908
6.396146 0.034186 0.028953 -0.063108 0.040212 -0.058956 0.199856 0.977223
6.401146 0.033779 0.029123 -0.061778 0.039865 -0.058588 0.198517 0.977532
6.406148 0.033379 0.029314 -0.060424 0.039589 -0.05827 0.19715 0.977839
6.411155 0.032793 0.02963 -0.058376 0.039467 -0.057959 0.195117 0.97827
6.416156 0.032401 0.029882 -0.056978 0.039497 -0.057648 0.193806 0.978548
6.421156 0.032009 0.030156 -0.055565 0.039607 -0.057261 0.192716 0.978781
6.426156 0.031659 0.030493 -0.054143 0.039719 -0.057468 0.191198 0.979062
6.431162 0.031298 0.030878 -0.052708 0.03985 -0.057375 0.189804 0.979334
6.436168 0.030943 0.031275 -0.051251 0.039887 -0.057469 0.188303 0.979616
6.441171 0.030607 0.03173 -0.04978 0.040207 -0.057579 0.186824 0.97988
6.446173 0.030254 0.032177 -0.048301 0.04034 -0.057654 0.185623 0.980098
6.451182 0.029888 0.032658 -0.046822 0.040444 -0.057681 0.184443 0.980315
6.456191 0.029564 0.033167 -0.045321 0.040378 -0.058102 0.183323 0.980503
6.461195 0.028984 0.03391 -0.043025 0.04058 -0.057801 0.182562 0.980655
6.466197 0.0286 0.034426 -0.041493 0.040694 -0.05785 0.182003 0.980751
6.471199 0.028198 0.034938 -0.039952 0.040971 -0.057657 0.181791 0.98079
6.476198 0.027798 0.03546 -0.038416 0.041073 -0.057617 0.181629 0.980818
6.481194 0.027573 0.035765 -0.037645 0.041206 -0.05743 0.181463 0.980854
6.486187 0.027135 0.036333 -0.036104 0.04125 -0.057155 0.181285 0.980901
6.491177 0.026686 0.036928 -0.034561 0.04139 -0.056941 0.181107 0.980941
6.496167 0.026177 0.03755 -0.033025 0.041665 -0.056288 0.180955 0.980995
6.501156 0.025679 0.038215 -0.031512 0.041751 -0.055914 0.180543 0.981089
6.506151 0.025157 0.038892 -0.029993 0.042196 -0.055425 0.180495 0.981106
6.511147 0.024615 0.039575 -0.02847 0.042572 -0.054788 0.180378 0.981147
6.516141 0.024055 0.040316 -0.026965 0.043073 -0.054237 0.180057 0.981215
6.521139 0.023476 0.041075 -0.025471 0.043707 -0.053639 0.179897 0.981249
6.526135 0.023188 0.041434 -0.02472 0.043886 -0.053352 0.179867 0.981262
6.531135 0.022595 0.042243 -0.023241 0.044664 -0.052886 0.179592 0.981303
6.536135 0.02198 0.043055 -0.021757 0.045424 -0.052239 0.179383 0.981341
6.541135 0.021347 0.043877 -0.020269 0.046229 -0.051463 0.179253 0.981368
6.546141 0.020408 0.045135 -0.018038 0.047635 -0.050533 0.179126 0.981372
6.551157 0.019783 0.046032 -0.016588 0.048502 -0.050074 0.179072 0.981363
6.556172 0.01914 0.046948 -0.01514 0.049421 -0.049459 0.179099 0.981343
6.561188 0.018458 0.047869 -0.013682 0.050304 -0.048458 0.179231 0.981324
6.566198 0.017456 0.049305 -0.011523 0.051874 -0.047279 0.179503 0.98125
6.571204 0.016802 0.050297 -0.010102 0.052941 -0.046702 0.179773 0.981172
6.576203 0.016154 0.051312 -0.0087 0.054001 -0.04613 0.18007 0.981087
6.5812 0.015472 0.052339 -0.007322 0.054898 -0.045268 0.180575 0.980984
6.586195 0.015128 0.052866 -0.006644 0.05525 -0.044712 0.180943 0.980922
6.591189 0.014414 0.053913 -0.005264 0.056358 -0.043358 0.181756 0.980769
6.596179 0.013708 0.054998 -0.003894 0.057446 -0.042074 0.182532 0.980618
6.601171 0.01302 0.056112 -0.002553 0.058502 -0.041072 0.183254 0.980464
6.606163 0.012355 0.057253 -0.00124 0.059638 -0.040129 0.18407 0.980281
6.611155 0.011657 0.058403 7.1e-05 0.060796 -0.03889 0.184912 0.980102
6.61615 0.010952 0.059546 0.001376 0.061917 -0.037392 0.185821 0.979918
6.621149 0.01059 0.060123 0.002027 0.062418 -0.036661 0.186293 0.979824
6.62615 0.009967 0.061328 0.003302 0.063823 -0.036084 0.187024 0.979616
6.631149 0.00932 0.062533 0.004563 0.06515 -0.035343 0.187794 0.979408
6.63615 0.008724 0.063771 0.005801 0.066347 -0.03508 0.188241 0.979251
6.641153 0.007807 0.065576 0.007643 0.067945 -0.034123 0.189258 0.978979
6.646154 0.007184 0.066783 0.008859 0.068986 -0.033399 0.189967 0.978794
6.651166 0.00657 0.067982 0.010069 0.069907 -0.03249 0.190727 0.978612
6.656177 0.006017 0.069215 0.011243 0.07085 -0.032585 0.191009 0.978486
6.661181 0.00481 0.071608 0.013551 0.07268 -0.031109 0.19223 0.97816
6.666185 0.004511 0.072218 0.014137 0.073178 -0.030704 0.192506 0.978082
6.671187 0.003874 0.073417 0.01527 0.074228 -0.029748 0.193059 0.977923
6.676187 0.003282 0.074617 0.016371 0.075208 -0.029385 0.193483 0.977775
6.681182 0.002647 0.07581 0.017474 0.076226 -0.028433 0.193881 0.977646
6.686175 0.002323 0.076387 0.018018 0.076707 -0.027767 0.194168 0.97757
6.691168 0.001725 0.07758 0.019082 0.077908 -0.027359 0.194558 0.977409
6.696162 0.001089 0.07875 0.020146 0.079072 -0.026265 0.195169 0.977224
6.701152 0.000459 0.079913 0.0212 0.080257 -0.025417 0.195632 0.977057
6.706142 -0.000158 0.081044 0.022239 0.081286 -0.024439 0.196207 0.976882
6.711134 -0.000778 0.08214 0.023286 0.08216 -0.023379 0.196585 0.976759
6.716129 -0.00108 0.0827 0.023803 0.082592 -0.022945 0.196836 0.976682
6.721128 -0.001696 0.083771 0.024841 0.083653 -0.021742 0.197336 0.976518
6.72613 -0.002272 0.084813 0.025861 0.084533 -0.021022 0.197786 0.976367
6.731133 -0.00283 0.085858 0.026859 0.085586 -0.020397 0.19829 0.976186
6.736141 -0.003689 0.087367 0.028367 0.086649 -0.019076 0.199036 0.975968
6.74115 -0.004248 0.088344 0.029348 0.087434 -0.0183 0.19966 0.975785
6.746163 -0.004802 0.089303 0.030321 0.08821 -0.017568 0.200293 0.975599
6.751173 -0.005636 0.090662 0.03177 0.089166 -0.016275 0.201299 0.975327
6.75618 -0.006156 0.09155 0.032717 0.089672 -0.015853 0.201853 0.975173
6.761177 -0.006705 0.092406 0.033661 0.090117 -0.015108 0.202483 0.975013
6.76617 -0.007242 0.09322 0.034589 0.09049 -0.014485 0.203136 0.974853
6.771163 -0.007506 0.093584 0.035051 0.090624 -0.014229 0.203349 0.974799
6.776157 -0.007773 0.093988 0.035526 0.090856 -0.013881 0.203695 0.974711
6.781158 -0.008334 0.094707 0.03646 0.091044 -0.013008 0.204161 0.974608
6.786159 -0.008911 0.0954 0.037389 0.09126 -0.012003 0.20461 0.974506
6.791162 -0.009458 0.096086 0.038288 0.091494 -0.011497 0.204969 0.974415
6.796165 -0.010297 0.097059 0.039634 0.091972 -0.010474 0.205359 0.974299
6.801168 -0.010915 0.097635 0.040532 0.09212 -0.009247 0.205712 0.974223
6.806172 -0.011525 0.098194 0.041414 0.092155 -0.008353 0.205798 0.97421
6.811172 -0.012157 0.09871 0.042291 0.09212 -0.007185 0.20591 0.974199
6.816172 -0.01279 0.099204 0.04316 0.092194 -0.006162 0.205958 0.974189
6.821171 -0.013397 0.09966 0.043998 0.092235 -0.005459 0.20607 0.974165
6.826175 -0.014051 0.10007 0.044857 0.092341 -0.004367 0.206083 0.974158
6.831174 -0.01471 0.100441 0.045694 0.09211 -0.003227 0.206002 0.974202
6.836174 -0.015313 0.100802 0.046495 0.092155 -0.002787 0.206026 0.974194
6.841177 -0.01597 0.10111 0.047314 0.092018 -0.001914 0.205818 0.974252
6.846179 -0.016968 0.101451 0.048519 0.091821 -0.000584 0.205794 0.974278
6.851181 -0.017634 0.101646 0.049315 0.091479 0.00035 0.205751 0.974319
6.856181 -0.018336 0.101797 0.050118 0.091112 0.001557 0.205719 0.974359
6.861179 -0.019049 0.101891 0.050893 0.090652 0.002724 0.205777 0.974387
6.866179 -0.019413 0.101891 0.051271 0.090476 0.003294 0.20597 0.974361
6.871178 -0.020124 0.101912 0.052035 0.089863 0.004384 0.206116 0.974383
6.876175 -0.020858 0.101872 0.052798 0.089104 0.00568 0.206244 0.974419
6.881168 -0.021599 0.101789 0.053544 0.088338 0.007021 0.206445 0.974437
6.886161 -0.022349 0.101674 0.054271 0.087423 0.008223 0.206482 0.974502
6.891152 -0.023111 0.101541 0.05497 0.086544 0.009398 0.206399 0.974588
6.896146 -0.023893 0.101363 0.055639 0.085661 0.010516 0.20636 0.974663
6.901144 -0.024689 0.101128 0.056298 0.084631 0.011706 0.206272 0.974758
6.90614 -0.025076 0.101022 0.056641 0.084097 0.012315 0.206329 0.974784
6.911143 -0.025919 0.100709 0.057287 0.082701 0.013772 0.206008 0.974952
6.916142 -0.026787 0.100385 0.057899 0.081612 0.015107 0.205786 0.975071
6.921143 -0.027685 0.100028 0.058493 0.080431 0.016581 0.205224 0.975263
6.926147 -0.029056 0.09944 0.05935 0.078732 0.018679 0.204651 0.975485
6.931149 -0.030002 0.09896 0.059904 0.077409 0.020105 0.204137 0.97567
6.936154 -0.030956 0.098472 0.060428 0.076266 0.021374 0.203465 0.975873
6.941156 -0.031929 0.097947 0.060938 0.075068 0.022734 0.2027 0.976095
6.946156 -0.032901 0.097447 0.061402 0.0744 0.023664 0.201905 0.976288
6.951159 -0.033903 0.096906 0.061852 0.073463 0.024868 0.200834 0.97655
6.95616 -0.034901 0.096325 0.062278 0.072532 0.025824 0.199934 0.97678
6.961164 -0.035968 0.095733 0.062693 0.071636 0.027266 0.198845 0.977029
6.966167 -0.03702 0.095121 0.063065 0.070743 0.028397 0.197822 0.977269
6.971175 -0.038138 0.094446 0.063452 0.069619 0.029921 0.1967 0.977531
6.976182 -0.040461 0.093021 0.0641 0.067342 0.032937 0.19484 0.977966
6.981186 -0.041035 0.092664 0.064274 0.066614 0.033802 0.194267 0.9781
6.986186 -0.042197 0.091923 0.064568 0.065385 0.035176 0.193322 0.978322
6.991185 -0.043397 0.091167 0.064847 0.064176 0.036736 0.192357 0.978535
6.996182 -0.044601 0.090396 0.065112 0.062954 0.038228 0.19144 0.978737
7.001175 -0.045207 0.089993 0.065229 0.062319 0.039053 0.191104 0.978811
7.006166 -0.046424 0.089211 0.065476 0.061171 0.040619 0.190147 0.979006
7.011159 -0.047604 0.088429 0.065685 0.060004 0.041947 0.18933 0.97918
7.01615 -0.04879 0.087636 0.065897 0.058882 0.043279 0.188293 0.97939
7.021143 -0.049975 0.08685 0.066101 0.057983 0.044563 0.187306 0.979576
7.026141 -0.050561 0.086447 0.066199 0.05735 0.045176 0.186899 0.979663
7.031141 -0.051742 0.08563 0.066401 0.056138 0.046684 0.185905 0.979851
7.036142 -0.052895 0.084829 0.066577 0.055086 0.048051 0.18499 0.980018
7.041142 -0.053998 0.08402 0.066739 0.054024 0.049083 0.184093 0.980195
7.046145 -0.055648 0.082812 0.066975 0.052494 0.050688 0.182539 0.980487
7.05116 -0.05673 0.081997 0.067139 0.051469 0.052022 0.181612 0.980643
7.056177 -0.057773 0.081176 0.067275 0.050438 0.053123 0.180857 0.980778
7.061191 -0.058761 0.080359 0.06738 0.049135 0.054052 0.179903 0.980968
7.066206 -0.059715 0.079557 0.067479 0.048339 0.054703 0.179136 0.981112
7.071212 -0.061104 0.078291 0.067661 0.046906 0.056139 0.178217 0.981268
7.076212 -0.061991 0.077431 0.06777 0.045733 0.057033 0.177539 0.981395
7.081217 -0.062817 0.076589 0.067858 0.044738 0.057538 0.176848 0.981536
7.086216 -0.063616 0.075718 0.067946 0.043627 0.058057 0.176179 0.981676
7.091207 -0.063983 0.075272 0.06799 0.043134 0.058385 0.175905 0.981727
7.096191 -0.064753 0.074378 0.068095 0.042093 0.05925 0.175381 0.981814
7.101171 -0.065483 0.073457 0.068192 0.040942 0.059957 0.174896 0.981906
7.106154 -0.066182 0.072528 0.068277 0.039861 0.060565 0.174514 0.981982
7.111139 -0.066851 0.071585 0.068347 0.038553 0.06115 0.17391 0.982105
7.116131 -0.067473 0.070659 0.068388 0.037599 0.061338 0.173429 0.982215
7.121125 -0.067803 0.0702 0.06842 0.037165 0.061575 0.17317 0.982262
7.126121 -0.068412 0.069211 0.068469 0.036006 0.062184 0.172987 0.982299
7.131122 -0.068993 0.068234 0.068507 0.035021 0.062524 0.172694 0.982365
7.136126 -0.069553 0.067219 0.068532 0.033773 0.06288 0.172355 0.982445
7.141143 -0.070367 0.065732 0.068536 0.032331 0.063202 0.171787 0.982573
7.146165 -0.070874 0.06469 0.068534 0.031218 0.063652 0.171488 0.982632
7.151185 -0.071355 0.063644 0.068525 0.030343 0.063955 0.171324 0.982668
7.1562 -0.071804 0.062524 0.068514 0.028826 0.064446 0.170958 0.982746
7.161213 -0.072356 0.060827 0.068422 0.027208 0.065023 0.170414 0.982848
7.166218 -0.0727 0.059681 0.068342 0.026138 0.065311 0.169983 0.982933
7.171216 -0.072965 0.058527 0.068235 0.025133 0.065081 0.169649 0.983032
7.176206 -0.073232 0.057307 0.068156 0.023874 0.065153 0.169322 0.983115
7.181192 -0.073339 0.056686 0.068101 0.023305 0.065043 0.169055 0.983182
7.186178 -0.073564 0.05545 0.067999 0.022009 0.064913 0.168581 0.983302
7.191162 -0.073762 0.054189 0.067883 0.020749 0.064721 0.168072 0.983429
7.196142 -0.073943 0.052917 0.067757 0.0196 0.064414 0.167644 0.983546
7.201125 -0.074144 0.051601 0.067667 0.018298 0.064233 0.167316 0.983639
7.206112 -0.074337 0.050264 0.067566 0.016874 0.064059 0.166857 0.983753
7.211103 -0.074425 0.049598 0.06752 0.016136 0.063911 0.166692 0.983803
7.2161 -0.074648 0.048199 0.067446 0.014552 0.064203 0.166395 0.983859
7.221101 -0.074823 0.046804 0.067339 0.013138 0.064097 0.166012 0.983951
7.226108 -0.074974 0.045388 0.067218 0.01162 0.063754 0.165489 0.98408
7.23112 -0.075259 0.043201 0.067073 0.009335 0.063843 0.165094 0.984165
7.236133 -0.075481 0.041699 0.067001 0.007733 0.064326 0.165004 0.984163
7.241147 -0.075661 0.040213 0.066885 0.006187 0.064272 0.164625 0.984241
7.246159 -0.075861 0.038695 0.066798 0.004746 0.064412 0.164443 0.98427
7.251166 -0.076072 0.037196 0.066698 0.003381 0.064592 0.163979 0.984341
7.256176 -0.076258 0.035685 0.06657 0.001861 0.064512 0.163513 0.984428
7.261182 -0.076657 0.033338 0.066462 -0.00012 0.065529 0.163678 0.984335
7.266184 -0.076886 0.0318 0.066339 -0.001443 0.065586 0.163343 0.984386
7.271184 -0.077084 0.03027 0.066204 -0.0026 0.065417 0.162941 0.984461
7.276184 -0.077359 0.028698 0.066111 -0.003794 0.066056 0.162819 0.984435
7.281178 -0.077453 0.027912 0.066043 -0.00445 0.066079 0.162501 0.984483
7.286172 -0.07763 0.026373 0.065889 -0.005809 0.065882 0.161706 0.98462
7.291168 -0.077828 0.024803 0.065781 -0.00687 0.066052 0.161407 0.984651
7.296164 -0.078021 0.023227 0.065688 -0.008065 0.066293 0.161047 0.984685
7.301157 -0.078166 0.021668 0.065572 -0.009353 0.066102 0.16032 0.984805
7.306153 -0.078282 0.020104 0.065477 -0.010771 0.065848 0.159536 0.984935
7.311148 -0.07842 0.018516 0.065442 -0.012109 0.066196 0.159053 0.984974
7.316141 -0.078494 0.017725 0.065406 -0.012798 0.066297 0.158689 0.985017
7.321136 -0.078589 0.016144 0.065378 -0.014257 0.066191 0.158094 0.9851
7.326138 -0.07868 0.014566 0.065376 -0.015691 0.066118 0.15773 0.985141
7.33114 -0.0788 0.01295 0.065447 -0.017166 0.066483 0.157779 0.985084
7.336146 -0.078901 0.010551 0.065519 -0.019697 0.066268 0.157257 0.985135
7.341155 -0.078964 0.00896 0.065614 -0.02142 0.066079 0.156674 0.985205
7.34616 -0.079026 0.00738 0.065721 -0.022982 0.065875 0.156257 0.985249
7.351165 -0.079089 0.005792 0.065856 -0.02468 0.065641 0.155772 0.985301
7.356172 -0.079193 0.003435 0.066102 -0.027433 0.065232 0.154239 0.985496
7.361176 -0.079286 0.001864 0.066298 -0.029081 0.065091 0.15336 0.985595
7.366179 -0.079408 0.000297 0.06651 -0.030624 0.065151 0.152411 0.985692
7.371174 -0.079524 -0.00125 0.066716 -0.032304 0.064878 0.151059 0.985864
7.37617 -0.079589 -0.002003 0.066824 -0.03294 0.064671 0.150461 0.985948
7.381162 -0.079754 -0.003544 0.067071 -0.034363 0.064881 0.149647 0.98601
7.386155 -0.079907 -0.005059 0.067308 -0.035889 0.064842 0.148465 0.986137
7.39115 -0.079978 -0.005818 0.067419 -0.036654 0.064688 0.147793 0.98622
7.396148 -0.080112 -0.007295 0.067644 -0.038123 0.064321 0.14643 0.986391
7.401149 -0.080292 -0.00876 0.067887 -0.039334 0.064229 0.145606 0.986472
7.406154 -0.080473 -0.010191 0.06813 -0.040691 0.064219 0.144369 0.986599
7.411159 -0.080742 -0.0123 0.068509 -0.042678 0.064189 0.142688 0.986762
7.416162 -0.080972 -0.013684 0.0688 -0.044133 0.064705 0.141831 0.986787
7.421165 -0.081136 -0.015009 0.069048 -0.045639 0.06446 0.140524 0.986922
7.426168 -0.081358 -0.016313 0.069352 -0.046921 0.064741 0.139646 0.986968
7.431171 -0.081566 -0.017574 0.069654 -0.048268 0.064938 0.138879 0.986998
7.436176 -0.081858 -0.019395 0.070165 -0.050493 0.065395 0.137518 0.987047
7.441178 -0.082045 -0.020578 0.070508 -0.051851 0.065637 0.136727 0.987071
7.446176 -0.08219 -0.021704 0.070817 -0.053297 0.065343 0.135782 0.987144
7.451175 -0.082352 -0.022786 0.071154 -0.054605 0.065131 0.134869 0.987212
7.456172 -0.082418 -0.023277 0.071312 -0.055254 0.064822 0.134294 0.987274
7.461168 -0.082579 -0.024312 0.071647 -0.056414 0.064731 0.133465 0.987327
7.466167 -0.082728 -0.025304 0.07196 -0.05765 0.064385 0.132439 0.987416
7.471165 -0.082886 -0.026245 0.072263 -0.058864 0.063974 0.131151 0.987543
7.476165 -0.083069 -0.027149 0.072553 -0.059985 0.063564 0.130045 0.987649
7.481164 -0.083247 -0.028008 0.072825 -0.060941 0.062986 0.128818 0.987788
7.486165 -0.08345 -0.028836 0.073066 -0.062039 0.062258 0.127402 0.987949
7.491165 -0.083711 -0.029642 0.073316 -0.062825 0.062044 0.126319 0.988052
7.496163 -0.083966 -0.030413 0.073513 -0.063808 0.061546 0.124817 0.988211
7.50116 -0.084267 -0.031167 0.073698 -0.064717 0.061261 0.123315 0.988358
7.506154 -0.08463 -0.031902 0.073873 -0.065671 0.061198 0.122079 0.988453
7.511146 -0.08501 -0.032609 0.074006 -0.066442 0.061042 0.120847 0.988562
7.516139 -0.085442 -0.033319 0.074123 -0.067199 0.061164 0.119723 0.98864
7.521134 -0.08563 -0.033664 0.074176 -0.067641 0.060968 0.118955 0.988715
7.526134 -0.086116 -0.034369 0.074244 -0.068343 0.061275 0.118012 0.988761
7.531136 -0.086622 -0.035068 0.074274 -0.069127 0.061722 0.117113 0.988785
7.536138 -0.087132 -0.035744 0.074246 -0.07012 0.061859 0.115699 0.988873
7.541142 -0.087991 -0.036798 0.074208 -0.071133 0.063009 0.114765 0.988837
7.546151 -0.088576 -0.037495 0.074107 -0.071792 0.063848 0.114022 0.988822
7.551157 -0.089121 -0.038201 0.073952 -0.072873 0.06431 0.11298 0.988832
7.556162 -0.089678 -0.038899 0.073778 -0.073699 0.064951 0.112139 0.988825
7.561166 -0.090247 -0.039589 0.073563 -0.074446 0.065645 0.11117 0.988833
7.566167 -0.090798 -0.040283 0.073314 -0.07521 0.066119 0.1102 0.988852
7.571167 -0.091339 -0.040966 0.073024 -0.07567 0.066636 0.109424 0.988868
7.576175 -0.091827 -0.041629 0.072666 -0.0763 0.066532 0.108232 0.988958
7.581179 -0.092308 -0.042283 0.072294 -0.076888 0.066426 0.106791 0.989076
7.586182 -0.092816 -0.042907 0.071891 -0.077264 0.066708 0.105341 0.989183
7.591184 -0.093449 -0.04383 0.071136 -0.078188 0.065928 0.102775 0.989433
7.596188 -0.093808 -0.04443 0.070576 -0.079061 0.065135 0.100661 0.989633
7.601186 -0.094179 -0.045041 0.070017 -0.079631 0.064771 0.098905 0.989789
7.606185 -0.094506 -0.045649 0.069424 -0.080263 0.064199 0.097123 0.989951
7.611183 -0.094649 -0.045983 0.069101 -0.080508 0.064024 0.096741 0.98998
7.616177 -0.095037 -0.046648 0.068519 -0.080909 0.064338 0.096138 0.989986
7.621165 -0.095321 -0.047285 0.067841 -0.081549 0.063839 0.094883 0.990087
7.626155 -0.095578 -0.047959 0.067164 -0.08204 0.06347 0.094099 0.990145
7.631146 -0.095844 -0.048659 0.066485 -0.082503 0.063585 0.093732 0.990134
7.636137 -0.09608 -0.049386 0.065787 -0.08297 0.063604 0.09352 0.990113
7.641131 -0.096346 -0.050149 0.065099 -0.083091 0.063945 0.094204 0.990016
7.646132 -0.096594 -0.050936 0.064394 -0.083419 0.064259 0.094986 0.989894
7.65113 -0.096834 -0.051759 0.063685 -0.083753 0.064792 0.096039 0.989729
7.656127 -0.097054 -0.052583 0.062962 -0.084192 0.06519 0.09676 0.989596
7.661123 -0.097093 -0.05296 0.062559 -0.084571 0.064773 0.096477 0.989618
7.666121 -0.097293 -0.053834 0.061847 -0.084817 0.065337 0.097777 0.989433
7.671124 -0.097469 -0.054752 0.061114 -0.085321 0.065665 0.099114 0.989234
7.676126 -0.097646 -0.05569 0.060393 -0.085711 0.066109 0.100358 0.989046
7.681134 -0.097847 -0.05709 0.059267 -0.086527 0.066141 0.101722 0.988833
7.686139 -0.09797 -0.058072 0.05851 -0.087138 0.066034 0.102399 0.988717
7.691145 -0.098074 -0.059098 0.057742 -0.088205 0.06543 0.102889 0.988611
7.696149 -0.098209 -0.060158 0.056996 -0.089156 0.065122 0.103402 0.988493
7.701155 -0.098293 -0.061208 0.056201 -0.0906 0.064122 0.102623 0.988508
7.706159 -0.098433 -0.06229 0.055447 -0.091607 0.06339 0.102007 0.988526
7.71116 -0.098649 -0.064566 0.053911 -0.09421 0.060894 0.09868 0.988776
7.71616 -0.098741 -0.065147 0.053547 -0.094848 0.060658 0.098322 0.988766
7.721162 -0.098903 -0.066338 0.052803 -0.096122 0.059738 0.096716 0.988857
7.726163 -0.099056 -0.067555 0.052073 -0.097222 0.058973 0.094617 0.988998
7.731162 -0.099179 -0.068777 0.051335 -0.098261 0.058097 0.092372 0.98916
7.736155 -0.099216 -0.06944 0.050953 -0.098781 0.057425 0.091528 0.989226
7.741148 -0.099382 -0.070752 0.050253 -0.099753 0.057043 0.08999 0.989291
7.746144 -0.099511 -0.072091 0.049521 -0.10102 0.056401 0.08836 0.989347
7.751141 -0.099673 -0.073423 0.048796 -0.101897 0.056089 0.086915 0.989402
7.756136 -0.099739 -0.074091 0.048439 -0.102559 0.055949 0.085856 0.989434
7.761135 -0.099893 -0.075476 0.047706 -0.103366 0.055817 0.085069 0.989426
7.766135 -0.099978 -0.076825 0.046936 -0.104025 0.055365 0.083706 0.989498
7.771141 -0.100108 -0.078229 0.046177 -0.104801 0.055468 0.08321 0.989452
7.776143 -0.100362 -0.080338 0.045026 -0.105529 0.056101 0.082982 0.989359
7.781144 -0.100449 -0.081758 0.044198 -0.105996 0.056086 0.083298 0.989283
7.786146 -0.100505 -0.083146 0.043337 -0.106286 0.056031 0.083433 0.989243
7.791149 -0.100536 -0.084596 0.042469 -0.106719 0.05607 0.084228 0.989127
7.796154 -0.100523 -0.08602 0.041567 -0.107087 0.055891 0.084647 0.989062
7.801161 -0.100498 -0.087482 0.040658 -0.107761 0.055993 0.085564 0.988904
7.80617 -0.100396 -0.088902 0.039689 -0.108115 0.055412 0.086113 0.98885
7.811173 -0.100171 -0.091066 0.038213 -0.109007 0.054795 0.086638 0.988741
7.816175 -0.099989 -0.092486 0.037188 -0.109431 0.054245 0.086928 0.988699
7.821175 -0.099829 -0.093931 0.036181 -0.109691 0.054194 0.08751 0.988622
7.826175 -0.09964 -0.095355 0.035115 -0.110006 0.053896 0.088046 0.988555
7.831173 -0.099563 -0.096076 0.034589 -0.110085 0.054178 0.088693 0.988473
7.836171 -0.099382 -0.097491 0.033521 -0.110129 0.054349 0.089479 0.988388
7.841166 -0.099158 -0.098916 0.032432 -0.110283 0.05435 0.090184 0.988307
7.846159 -0.098943 -0.100325 0.031349 -0.110055 0.054911 0.091139 0.988214
7.851153 -0.098707 -0.101719 0.030223 -0.10996 0.05526 0.092046 0.988121
7.856147 -0.098418 -0.103144 0.029117 -0.109737 0.055834 0.093117 0.988013
7.861144 -0.0981 -0.104558 0.027983 -0.109495 0.056112 0.094103 0.987931
7.866141 -0.097963 -0.105256 0.027412 -0.109434 0.056314 0.094659 0.987873
7.871138 -0.097571 -0.106691 0.026281 -0.109219 0.056537 0.095644 0.987789
7.876138 -0.097176 -0.108082 0.025125 -0.1088 0.056813 0.09653 0.987733
7.881139 -0.096645 -0.109517 0.023933 -0.108758 0.056196 0.09716 0.987711
7.886146 -0.09587 -0.111664 0.022175 -0.108446 0.055862 0.098488 0.987633
7.891152 -0.095263 -0.113123 0.020992 -0.108362 0.055287 0.099293 0.987594
7.896156 -0.094695 -0.114547 0.019805 -0.108461 0.054933 0.100284 0.987503
7.901157 -0.094053 -0.11599 0.018608 -0.108573 0.054433 0.101046 0.98744
7.90616 -0.092975 -0.118104 0.016759 -0.108971 0.053315 0.101555 0.987405
7.911162 -0.092251 -0.119551 0.015543 -0.109275 0.05268 0.102303 0.987329
7.916164 -0.091577 -0.120941 0.014355 -0.109313 0.052777 0.10314 0.987232
7.921161 -0.09122 -0.121643 0.013733 -0.109535 0.052419 0.103339 0.987206
7.926158 -0.090815 -0.122349 0.013118 -0.109844 0.052006 0.103677 0.987158
7.931157 -0.090042 -0.123733 0.011918 -0.110027 0.051596 0.104318 0.987091
7.936159 -0.089157 -0.12514 0.010672 -0.110512 0.050424 0.104764 0.987051
7.941162 -0.088336 -0.126512 0.009491 -0.11048 0.050191 0.106366 0.986895
7.946164 -0.086746 -0.129256 0.007122 -0.110652 0.049822 0.108883 0.98662
7.951162 -0.086284 -0.129929 0.00651 -0.110771 0.049295 0.109163 0.986602
7.956161 -0.085325 -0.131327 0.005309 -0.111096 0.048266 0.110537 0.986463
7.961162 -0.084843 -0.131986 0.004717 -0.111073 0.047887 0.111056 0.986426
7.966163 -0.083901 -0.133329 0.003543 -0.110889 0.047277 0.11234 0.986331
7.971165 -0.082499 -0.135325 0.00178 -0.110677 0.046393 0.114512 0.986147
7.976168 -0.081577 -0.136657 0.000636 -0.110515 0.046079 0.11592 0.986015
7.981169 -0.080605 -0.137967 -0.000522 -0.110355 0.045388 0.116942 0.985944
7.986169 -0.07962 -0.139279 -0.001661 -0.110183 0.044684 0.117978 0.985872
7.99117 -0.078305 -0.141223 -0.003287 -0.109752 0.044914 0.120405 0.985617
7.996171 -0.077435 -0.14253 -0.004359 -0.109534 0.045116 0.122152 0.985416
8.00117 -0.076606 -0.143838 -0.005381 -0.109233 0.045848 0.124297 0.985148
8.00617 -0.075752 -0.145141 -0.006413 -0.109195 0.046166 0.126243 0.98489
8.011168 -0.075358 -0.145791 -0.006872 -0.108965 0.046905 0.127621 0.984703
8.016161 -0.074416 -0.14713 -0.007871 -0.109123 0.047101 0.129623 0.984414
8.021153 -0.073545 -0.148433 -0.008814 -0.108807 0.048032 0.132028 0.984085
8.026145 -0.072664 -0.149777 -0.009714 -0.10842 0.049168 0.135214 0.983639
8.031136 -0.072263 -0.150426 -0.01017 -0.108135 0.049867 0.136668 0.983434
8.036132 -0.07128 -0.151772 -0.011056 -0.108056 0.050723 0.139248 0.983037
8.041132 -0.070237 -0.153078 -0.011955 -0.107975 0.051083 0.141531 0.982701
8.046136 -0.069141 -0.154341 -0.01286 -0.10797 0.051069 0.143494 0.982417
8.051141 -0.067401 -0.15625 -0.014205 -0.107818 0.051013 0.146505 0.981993
8.056147 -0.066191 -0.157425 -0.015122 -0.107871 0.050463 0.147449 0.981874
8.061153 -0.064895 -0.158568 -0.016065 -0.108104 0.049339 0.147882 0.98184
8.066161 -0.063602 -0.159674 -0.016997 -0.108394 0.048241 0.148343 0.981793
8.071168 -0.062263 -0.160741 -0.017926 -0.108699 0.046842 0.148639 0.981783
8.076175 -0.060928 -0.161803 -0.018815 -0.108776 0.045845 0.149214 0.981734
8.08118 -0.059555 -0.162847 -0.01971 -0.108851 0.04462 0.149636 0.981718
8.086184 -0.058188 -0.163866 -0.02057 -0.108931 0.043612 0.150115 0.981681
8.091187 -0.056153 -0.165335 -0.02177 -0.108643 0.042685 0.152074 0.981452
8.096192 -0.054757 -0.16633 -0.022545 -0.108838 0.042076 0.153329 0.981262
8.10119 -0.053301 -0.167274 -0.02334 -0.109144 0.04111 0.153814 0.981193
8.106185 -0.051858 -0.168168 -0.024129 -0.109197 0.040149 0.154485 0.981121
8.111178 -0.051136 -0.168599 -0.024489 -0.109128 0.039962 0.155196 0.981024
8.116172 -0.049687 -0.169472 -0.025235 -0.109151 0.039374 0.156327 0.980866
8.121164 -0.048201 -0.170308 -0.025981 -0.109195 0.038689 0.157261 0.980739
8.126162 -0.046699 -0.171114 -0.026708 -0.109282 0.038055 0.158255 0.980594
8.13116 -0.045948 -0.171543 -0.027073 -0.109456 0.03769 0.158667 0.980522
8.136159 -0.04439 -0.172294 -0.027806 -0.10947 0.036811 0.159683 0.980389
8.141158 -0.042838 -0.173006 -0.028531 -0.109168 0.03611 0.161118 0.980214
8.146161 -0.040484 -0.173991 -0.029591 -0.108705 0.035215 0.163839 0.979847
8.151164 -0.038086 -0.174944 -0.03067 -0.108619 0.034041 0.165755 0.979576
8.156164 -0.036451 -0.175523 -0.031394 -0.108459 0.032978 0.167086 0.979404
8.161162 -0.034826 -0.176083 -0.0321 -0.108088 0.032157 0.168742 0.979188
8.16616 -0.034015 -0.17634 -0.032453 -0.107794 0.031819 0.169347 0.979127
8.171159 -0.032411 -0.176877 -0.033154 -0.107321 0.031157 0.17097 0.978918
8.176158 -0.031607 -0.177143 -0.033507 -0.107127 0.030849 0.171729 0.978816
8.181158 -0.029961 -0.177634 -0.034233 -0.106597 0.029888 0.172643 0.978743
8.186157 -0.028321 -0.1781 -0.034983 -0.106254 0.028641 0.173217 0.978716
8.191157 -0.026638 -0.178542 -0.03575 -0.105891 0.027069 0.173412 0.978766
8.196158 -0.024203 -0.179223 -0.036856 -0.104965 0.025369 0.174836 0.978658
8.201162 -0.022573 -0.179634 -0.037631 -0.104832 0.023817 0.174716 0.978733
8.206168 -0.020966 -0.180078 -0.038383 -0.104753 0.022363 0.175052 0.978715
8.211173 -0.019413 -0.180534 -0.039111 -0.104541 0.021231 0.175859 0.978618
8.216177 -0.017244 -0.181263 -0.040146 -0.104364 0.02048 0.177826 0.978298
8.22118 -0.015822 -0.181743 -0.040837 -0.104255 0.020063 0.17895 0.978113
8.226177 -0.01445 -0.182248 -0.041509 -0.104063 0.019888 0.18064 0.977826
8.231176 -0.01308 -0.182731 -0.042209 -0.103992 0.01959 0.181506 0.97768
8.236176 -0.012428 -0.182958 -0.042578 -0.103938 0.019328 0.181844 0.977628
8.241173 -0.011123 -0.183444 -0.04327 -0.103679 0.01907 0.183362 0.977377
8.246167 -0.009819 -0.183921 -0.043988 -0.103507 0.018773 0.184128 0.977257
8.251164 -0.00852 -0.184376 -0.044731 -0.103376 0.018189 0.184527 0.977206
8.25616 -0.007858 -0.184604 -0.045104 -0.103387 0.017874 0.184787 0.977162
8.261156 -0.006597 -0.185039 -0.045857 -0.103194 0.017233 0.185112 0.977132
8.266155 -0.005309 -0.185483 -0.046621 -0.1031 0.016473 0.185107 0.977156
8.271157 -0.004093 -0.185907 -0.047397 -0.102959 0.015897 0.185297 0.977145
8.27616 -0.002235 -0.186553 -0.048559 -0.102586 0.014615 0.185656 0.977136
8.281166 -0.001025 -0.186989 -0.049342 -0.10245 0.014053 0.185775 0.977136
8.286176 0.000139 -0.187399 -0.050114 -0.102154 0.013391 0.18675 0.97699
8.291183 0.001297 -0.187817 -0.050879 -0.101967 0.013016 0.187763 0.976821
8.296185 0.002445 -0.188243 -0.051646 -0.101984 0.01269 0.188636 0.976655
8.301188 0.004099 -0.188836 -0.052818 -0.1015 0.012254 0.190623 0.976325
8.306189 0.005236 -0.189257 -0.053603 -0.101324 0.011912 0.191369 0.976201
8.31119 0.006323 -0.189667 -0.054383 -0.101192 0.011835 0.192314 0.97603
8.316189 0.007396 -0.190075 -0.055164 -0.10121 0.01181 0.193037 0.975886
8.321185 0.007902 -0.190256 -0.055592 -0.101031 0.011601 0.193254 0.975864
8.32618 0.008942 -0.190652 -0.05641 -0.100728 0.011437 0.193891 0.975771
8.331171 0.009981 -0.191042 -0.057261 -0.100613 0.011095 0.194013 0.975763
8.336164 0.010958 -0.191427 -0.058108 -0.100295 0.01097 0.194435 0.975713
8.34116 0.011893 -0.191813 -0.058967 -0.100009 0.010826 0.194638 0.975703
8.346155 0.012832 -0.192235 -0.059819 -0.09975 0.010673 0.194681 0.975723
8.351151 0.01366 -0.192631 -0.060678 -0.099556 0.010686 0.19549 0.975581
8.356148 0.014477 -0.193052 -0.061536 -0.099248 0.010809 0.196115 0.975485
8.361141 0.015271 -0.19347 -0.062422 -0.098781 0.010586 0.196576 0.975442
8.366135 0.015687 -0.193691 -0.062848 -0.09868 0.010668 0.196776 0.975412
8.371132 0.016427 -0.194128 -0.063717 -0.098652 0.010634 0.196906 0.975388
8.376133 0.017084 -0.194564 -0.064569 -0.098394 0.010799 0.19755 0.975283
8.381137 0.017737 -0.195024 -0.065434 -0.098044 0.0108 0.197816 0.975264
8.386146 0.018655 -0.195727 -0.066703 -0.097994 0.01094 0.198702 0.975087
8.391156 0.0193 -0.196228 -0.067536 -0.098034 0.010913 0.198423 0.97514
8.396172 0.019859 -0.196737 -0.068349 -0.097996 0.01118 0.198682 0.975088
8.401184 0.020376 -0.19727 -0.069127 -0.098108 0.011797 0.199066 0.974992
8.406197 0.021093 -0.198087 -0.070244 -0.098439 0.012637 0.199953 0.974766
8.411201 0.021583 -0.198655 -0.07099 -0.098539 0.012875 0.200374 0.974666
8.416203 0.022067 -0.199245 -0.071705 -0.099044 0.013095 0.200602 0.974565
8.421193 0.02253 -0.199859 -0.072391 -0.099347 0.013515 0.200867 0.974474
8.42618 0.022732 -0.200178 -0.072708 -0.099373 0.01364 0.201165 0.974408
8.431165 0.023141 -0.200806 -0.073376 -0.099432 0.013901 0.201631 0.974302
8.436148 0.023559 -0.201453 -0.074025 -0.099833 0.013857 0.201781 0.974231
8.441135 0.023766 -0.201763 -0.074354 -0.099994 0.013869 0.201994 0.97417
8.446136 0.024122 -0.202456 -0.074949 -0.100191 0.014105 0.202682 0.974003
8.451138 0.024471 -0.203155 -0.075553 -0.100704 0.013941 0.202775 0.973934
8.456141 0.024828 -0.203901 -0.076128 -0.101379 0.013829 0.202644 0.973892
8.461144 0.025263 -0.205019 -0.076962 -0.101935 0.013845 0.203349 0.973687
8.46615 0.025515 -0.205833 -0.077497 -0.102505 0.013825 0.203605 0.973574
8.471156 0.025755 -0.206686 -0.078016 -0.103361 0.013785 0.203367 0.973534
8.476167 0.02593 -0.20756 -0.078512 -0.103975 0.013986 0.203527 0.973432
8.481175 0.026156 -0.208969 -0.079275 -0.104918 0.014125 0.20285 0.97347
8.48618 0.02629 -0.209923 -0.079761 -0.10567 0.014383 0.202452 0.973468
8.491179 0.026389 -0.210901 -0.08023 -0.10606 0.014793 0.202275 0.973456
8.496174 0.026496 -0.211904 -0.080717 -0.106532 0.01487 0.201619 0.97354
8.501163 0.02653 -0.212425 -0.080947 -0.106812 0.014954 0.201046 0.973626
8.506152 0.026561 -0.213469 -0.081392 -0.107365 0.01552 0.200537 0.973661
8.511139 0.026561 -0.214535 -0.081819 -0.107857 0.01612 0.199972 0.973714
8.516129 0.026583 -0.215067 -0.082045 -0.108125 0.016375 0.199539 0.973768
8.521128 0.026574 -0.216143 -0.082484 -0.108584 0.01666 0.198717 0.973881
8.526134 0.026552 -0.217282 -0.082879 -0.108846 0.017293 0.198236 0.973938
8.531137 0.026476 -0.21848 -0.083244 -0.10917 0.0181 0.197976 0.97394
8.53614 0.026297 -0.220282 -0.083776 -0.11002 0.019391 0.197424 0.973932
8.541144 0.02615 -0.221544 -0.084096 -0.110723 0.020312 0.197502 0.973818
8.546157 0.026051 -0.222847 -0.084416 -0.111447 0.020702 0.197335 0.973761
8.551166 0.025914 -0.224209 -0.084676 -0.11228 0.021367 0.198017 0.973512
8.55617 0.025718 -0.226275 -0.08505 -0.114253 0.021696 0.198198 0.973238
8.561172 0.025564 -0.227701 -0.085276 -0.115677 0.022053 0.198243 0.973053
8.566176 0.025406 -0.229134 -0.085497 -0.116984 0.022326 0.198408 0.972857
8.571176 0.025257 -0.230615 -0.085693 -0.118256 0.022611 0.198587 0.97266
8.576168 0.025159 -0.23138 -0.085781 -0.1188 0.022827 0.198393 0.972628
8.581159 0.024964 -0.232899 -0.085958 -0.119884 0.023311 0.198472 0.972468
8.586147 0.024759 -0.234439 -0.086131 -0.120924 0.023754 0.198566 0.972309
8.591138 0.024533 -0.235991 -0.086305 -0.121886 0.024415 0.198448 0.972197
8.596127 0.024299 -0.237601 -0.086447 -0.122832 0.025213 0.19837 0.972073
8.601117 0.024074 -0.239232 -0.086589 -0.123512 0.026003 0.198545 0.97193
8.606109 0.02383 -0.240848 -0.086734 -0.124201 0.02683 0.198418 0.971846
8.611102 0.023715 -0.24166 -0.086806 -0.12457 0.027238 0.198284 0.971815
8.616099 0.023466 -0.243308 -0.086939 -0.125376 0.028042 0.198158 0.971714
8.6211 0.023227 -0.244973 -0.087066 -0.126137 0.02882 0.198153 0.971594
8.626104 0.023011 -0.246639 -0.08719 -0.126969 0.029424 0.197918 0.971515
8.63111 0.022646 -0.249125 -0.087365 -0.128504 0.030641 0.19738 0.971385
8.636118 0.022423 -0.250787 -0.087474 -0.129382 0.031366 0.197514 0.971218
8.641125 0.022166 -0.252465 -0.087564 -0.13036 0.032513 0.197801 0.970991
8.64613 0.021963 -0.254138 -0.087654 -0.131451 0.033325 0.19806 0.970764
8.651138 0.021529 -0.25751 -0.087742 -0.133537 0.035623 0.199699 0.970061
8.656145 0.021412 -0.258345 -0.087772 -0.134078 0.036225 0.200059 0.96989
8.661148 0.021195 -0.26002 -0.087813 -0.135232 0.037326 0.200719 0.969552
8.666146 0.021014 -0.26171 -0.087834 -0.136338 0.038148 0.201387 0.969226
8.671141 0.020798 -0.263426 -0.087813 -0.137403 0.039396 0.202294 0.968837
8.67613 0.020686 -0.264315 -0.087772 -0.13794 0.039919 0.202676 0.96866
8.681123 0.020512 -0.266048 -0.087733 -0.139106 0.040603 0.203122 0.968371
8.686116 0.020288 -0.267798 -0.087663 -0.140323 0.041501 0.203643 0.968048
8.691113 0.020093 -0.269558 -0.087585 -0.141755 0.041947 0.203442 0.967862
8.696109 0.020015 -0.270422 -0.087565 -0.142361 0.042039 0.203518 0.967753
8.701108 0.019782 -0.272222 -0.087428 -0.143717 0.042691 0.20329 0.967572
8.706108 0.019558 -0.274067 -0.087253 -0.145075 0.042972 0.202914 0.967436
8.711111 0.019283 -0.275937 -0.087054 -0.146492 0.043436 0.202043 0.967384
8.716118 0.01888 -0.278746 -0.086739 -0.148712 0.043593 0.200321 0.967396
8.721124 0.018547 -0.280657 -0.086461 -0.150171 0.043812 0.198923 0.96745
8.726129 0.018205 -0.282591 -0.086171 -0.151488 0.043756 0.197368 0.967565
8.731133 0.017814 -0.284536 -0.085845 -0.152778 0.0439 0.19569 0.967697
8.736135 0.01739 -0.286484 -0.08549 -0.154196 0.044054 0.193706 0.967864
8.741138 0.016956 -0.288398 -0.085126 -0.155582 0.044154 0.191616 0.968054
8.746141 0.016229 -0.291285 -0.084452 -0.157725 0.04495 0.189522 0.968082
8.751145 0.01576 -0.293172 -0.084 -0.159275 0.045282 0.187847 0.96814
8.756147 0.015239 -0.295037 -0.08351 -0.16091 0.046017 0.186116 0.968169
8.761143 0.014727 -0.296897 -0.082972 -0.162551 0.046765 0.184707 0.968129
8.766136 0.014462 -0.297799 -0.082667 -0.163406 0.04731 0.184276 0.968041
8.771128 0.013927 -0.299621 -0.082071 -0.164967 0.048452 0.183325 0.9679
8.776115 0.013383 -0.301415 -0.081426 -0.166562 0.049683 0.182846 0.967655
8.781105 0.012803 -0.303192 -0.080738 -0.168173 0.051258 0.182592 0.967342
8.786098 0.01229 -0.304902 -0.080059 -0.16975 0.052251 0.182035 0.967118
8.791094 0.012025 -0.305772 -0.079725 -0.170599 0.052806 0.181674 0.967007
8.796091 0.011511 -0.307428 -0.078999 -0.172444 0.05367 0.180995 0.966759
8.801093 0.01102 -0.309027 -0.078249 -0.174138 0.054299 0.180405 0.966531
8.806096 0.01054 -0.310533 -0.077506 -0.176006 0.054738 0.179161 0.966399
8.811104 0.009816 -0.312755 -0.07636 -0.178725 0.055208 0.177523 0.966176
8.816109 0.009359 -0.314168 -0.075574 -0.180463 0.055297 0.176452 0.966044
8.821113 0.008946 -0.315501 -0.074813 -0.182175 0.054816 0.175163 0.965984
8.826117 0.008478 -0.316774 -0.074034 -0.183789 0.054703 0.173651 0.965958
8.831121 0.007996 -0.318012 -0.07323 -0.185178 0.054928 0.172532 0.96588
8.836126 0.007536 -0.319181 -0.072473 -0.186608 0.054714 0.171073 0.965877
8.841132 0.007028 -0.320341 -0.071679 -0.187766 0.055038 0.170055 0.965814
8.846137 0.006552 -0.321446 -0.07091 -0.188792 0.055104 0.169345 0.965735
8.851139 0.006056 -0.322485 -0.070165 -0.18998 0.055155 0.167969 0.965739
8.856141 0.005501 -0.32351 -0.069389 -0.191036 0.055982 0.167307 0.965598
8.861147 0.004967 -0.324509 -0.068629 -0.192159 0.056629 0.166676 0.965447
8.866155 0.004412 -0.325441 -0.067898 -0.193166 0.057398 0.166164 0.965289
8.871163 0.003579 -0.326743 -0.066845 -0.194684 0.058826 0.165993 0.964927
8.876167 0.003029 -0.327571 -0.06617 -0.19575 0.059821 0.166104 0.964631
8.881166 0.002479 -0.328337 -0.065528 -0.197065 0.060862 0.165667 0.964373
8.886164 0.00196 -0.329025 -0.064949 -0.198202 0.061585 0.165251 0.964166
8.891157 0.001721 -0.329313 -0.064693 -0.198858 0.061929 0.165008 0.96405
8.89615 0.001225 -0.329927 -0.064153 -0.200165 0.062735 0.164417 0.963828
8.901145 0.000733 -0.330476 -0.063652 -0.201531 0.063614 0.163903 0.963574
8.906138 0.000282 -0.330962 -0.063211 -0.202796 0.064184 0.1632 0.96339
8.911137 -0.000148 -0.3314 -0.062798 -0.203912 0.064771 0.162583 0.963219
8.916137 -0.000383 -0.33164 -0.062578 -0.204627 0.065181 0.16226 0.963094
8.921133 -0.000772 -0.332003 -0.062229 -0.205561 0.065647 0.161659 0.962965
8.926131 -0.001151 -0.332333 -0.061908 -0.206262 0.066297 0.161447 0.962806
8.931133 -0.001506 -0.332622 -0.061622 -0.207015 0.067034 0.161162 0.962641
8.936138 -0.00197 -0.332991 -0.061278 -0.207921 0.067654 0.160615 0.962494
8.941141 -0.002212 -0.333182 -0.061123 -0.208362 0.067867 0.160248 0.962445
8.946147 -0.002419 -0.333336 -0.061007 -0.208778 0.068131 0.159859 0.962401
8.95115 -0.002616 -0.333458 -0.060922 -0.209342 0.068655 0.159606 0.962283
8.956154 -0.002789 -0.33351 -0.060935 -0.210403 0.069043 0.159136 0.962101
8.961156 -0.002882 -0.333525 -0.060964 -0.211148 0.06938 0.159039 0.96193
8.966157 -0.002946 -0.333509 -0.061031 -0.211875 0.069778 0.158947 0.961757
8.971156 -0.002935 -0.333421 -0.061157 -0.212504 0.069934 0.158518 0.961677
8.976152 -0.002935 -0.333421 -0.061157 -0.212504 0.069934 0.158518 0.961677
8.981151 -0.002878 -0.333286 -0.061324 -0.213018 0.070124 0.158243 0.961595
8.986151 -0.002776 -0.33312 -0.061524 -0.213619 0.070213 0.158036 0.961489
8.991154 -0.002633 -0.332961 -0.061735 -0.214213 0.070325 0.158267 0.961311
8.996159 -0.002322 -0.332655 -0.062101 -0.215058 0.070225 0.158042 0.961167
9.001163 -0.002016 -0.332426 -0.062379 -0.215624 0.070106 0.157921 0.961068
9.006165 -0.00164 -0.332182 -0.062675 -0.216136 0.0697 0.157942 0.960979
9.011167 -0.00148 -0.332067 -0.062818 -0.216447 0.069635 0.158125 0.960884
9.016169 -0.001294 -0.331958 -0.062966 -0.216849 0.069404 0.158428 0.96076
9.021167 -0.001102 -0.331871 -0.063095 -0.217235 0.06938 0.158964 0.960586
