# timestamp[secs] tx ty tz qx qy qz qw
0.04943311635220126 -0.0 -0.0 -0.0 -0.0 -0.0 -0.0 1.0
0.09945011635220126 -0.0 -0.0 -0.0 -0.0 -0.0 -0.0 1.0
0.14946711635220125 -0.0 -0.0 -0.0 -0.0 -0.0 -0.0 1.0
0.19948411635220126 -0.005010311957448721 -0.0003945466014556587 0.008456152863800526 -0.009921004064381123 -0.01137573178857565 0.0025355021934956312 0.9998828768730164
0.24950111635220126 -0.005010311957448721 -0.0003945466014556587 0.008456152863800526 -0.009921004064381123 -0.01137573178857565 0.0025355021934956312 0.9998828768730164
0.29951911635220124 -0.005010311957448721 -0.0003945466014556587 0.008456152863800526 -0.009921004064381123 -0.01137573178857565 0.0025355021934956312 0.9998828768730164
0.3495361163522013 -0.005010311957448721 -0.0003945466014556587 0.008456152863800526 -0.009921004064381123 -0.01137573178857565 0.0025355021934956312 0.9998828768730164
0.39955311635220125 -0.005010311957448721 -0.0003945466014556587 0.008456152863800526 -0.009921004064381123 -0.01137573178857565 0.0025355021934956312 0.9998828768730164
0.4495701163522013 0.03925799950957298 -0.0012925441842526197 -0.0008528907783329487 -0.010135677643120289 -0.011020835489034653 0.011669350787997246 0.999819815158844
0.49958811635220124 0.03925799950957298 -0.0012925441842526197 -0.0008528907783329487 -0.010135677643120289 -0.011020835489034653 0.011669350787997246 0.999819815158844
0.5496051163522012 0.03925799950957298 -0.0012925441842526197 -0.0008528907783329487 -0.010135677643120289 -0.011020835489034653 0.011669350787997246 0.999819815158844
0.5996221163522012 0.07921712845563889 -0.003192578675225377 0.0010541139636188745 -0.013979136943817139 -0.008338574320077896 0.008238001726567745 0.9998335838317871
0.6496391163522012 0.07921712845563889 -0.003192578675225377 0.0010541139636188745 -0.013979136943817139 -0.008338574320077896 0.008238001726567745 0.9998335838317871
0.6996571163522012 0.10638976842164993 -0.008381952531635761 0.004412991926074028 -0.01757238246500492 -0.0055230469442903996 0.0043944744393229485 0.9998207092285156
0.7496741163522012 0.10638976842164993 -0.008381952531635761 0.004412991926074028 -0.01757238246500492 -0.0055230469442903996 0.0043944744393229485 0.9998207092285156
0.7996911163522012 0.10638976842164993 -0.008381952531635761 0.004412991926074028 -0.01757238246500492 -0.0055230469442903996 0.0043944744393229485 0.9998207092285156
0.8497081163522012 0.14193189144134521 -0.01551297027617693 0.006545289419591427 -0.01467940304428339 -0.0018985314527526498 -0.0029531705658882856 0.9998860955238342
0.8997261163522012 0.14193189144134521 -0.01551297027617693 0.006545289419591427 -0.01467940304428339 -0.0018985314527526498 -0.0029531705658882856 0.9998860955238342
0.9497431163522012 0.14193189144134521 -0.01551297027617693 0.006545289419591427 -0.01467940304428339 -0.0018985314527526498 -0.0029531705658882856 0.9998860955238342
0.9997601163522012 0.18748265504837036 -0.023548219352960587 0.008951276540756226 -0.009962673299014568 -0.0013393174158409238 -0.007849588990211487 0.9999186992645264
1.0497771163522012 0.18748265504837036 -0.023548219352960587 0.008951276540756226 -0.009962673299014568 -0.0013393174158409238 -0.007849588990211487 0.9999186992645264
1.0997941163522011 0.18748265504837036 -0.023548219352960587 0.008951276540756226 -0.009962673299014568 -0.0013393174158409238 -0.007849588990211487 0.9999186992645264
1.1498121163522013 0.18748265504837036 -0.023548219352960587 0.008951276540756226 -0.009962673299014568 -0.0013393174158409238 -0.007849588990211487 0.9999186992645264
1.1998291163522012 0.21111008524894714 -0.029446203261613846 0.011541427113115788 -0.006007522344589233 0.002173192100599408 -0.012519451789557934 0.9999012351036072
1.2498461163522012 0.2133079320192337 -0.027628719806671143 0.014641079120337963 -0.005233730189502239 0.003192869946360588 -0.010445230640470982 0.9999266862869263
1.2998631163522012 0.2056812196969986 -0.028992008417844772 0.019297068938612938 -0.006989425979554653 0.005810773931443691 -0.01178316306322813 0.9998893141746521
1.3498811163522013 0.19731661677360535 -0.030983315780758858 0.021772027015686035 -0.009731847792863846 0.005495078396052122 -0.013028020039200783 0.99985271692276
1.3998981163522013 0.18494224548339844 -0.026673512533307076 0.0255949255079031 -0.010514702647924423 0.002810942241922021 -0.013257979415357113 0.9998528957366943
1.4499151163522013 0.17022369801998138 -0.026780854910612106 0.028594112023711205 -0.013648414984345436 -0.00102935079485178 -0.01421308983117342 0.9998053312301636
1.4999321163522013 0.15431112051010132 -0.0232667438685894 0.03217480331659317 -0.014486544765532017 -0.003040710464119911 -0.01451731938868761 0.9997850656509399
1.5499501163522011 0.1335335224866867 -0.02341245487332344 0.03655804321169853 -0.01625232957303524 -0.0042442153207957745 -0.01610575057566166 0.9997292160987854
1.5999671163522011 0.11062680184841156 -0.022598490118980408 0.04031462222337723 -0.01672418974339962 -0.005114674102514982 -0.0161166749894619 0.9997171759605408
1.649984116352201 0.08467897772789001 -0.023399779573082924 0.045456212013959885 -0.017055291682481766 -0.0046308389864861965 -0.013189135119318962 0.999756932258606
1.7000011163522013 0.06361693888902664 -0.023647643625736237 0.0478486604988575 -0.01627749763429165 -0.005166555754840374 -0.011978639289736748 0.9997824430465698
1.7500181163522013 0.0404425747692585 -0.022938013076782227 0.05187290534377098 -0.014929617755115032 -0.006193302571773529 -0.01103729847818613 0.9998084306716919
1.8000361163522012 0.016717365011572838 -0.02372165396809578 0.055075518786907196 -0.015134560875594616 -0.010314485058188438 -0.009240823797881603 0.9997895956039429
1.8500531163522012 -0.011221010237932205 -0.026792997494339943 0.05770936235785484 -0.016389615833759308 -0.014796528965234756 -0.009402132593095303 0.9997119903564453
1.9000701163522011 -0.0326584093272686 -0.029060523957014084 0.0573149099946022 -0.017523588612675667 -0.022440822795033455 -0.009427362121641636 0.9995501637458801
1.950087116352201 -0.054674915969371796 -0.028956454247236252 0.05778473988175392 -0.016617685556411743 -0.029632428660988808 -0.008908077143132687 0.9993830919265747
2.0001051163522012 -0.07312169671058655 -0.03134750947356224 0.058232322335243225 -0.016859157010912895 -0.03417319804430008 -0.009717565029859543 0.9992265105247498
2.050122116352201 -0.08615514636039734 -0.035015933215618134 0.05436420813202858 -0.01584620028734207 -0.0404813252389431 -0.00882427766919136 0.999015748500824
2.1001391163522016 -0.09674502164125443 -0.036608994007110596 0.05171683058142662 -0.014297268353402615 -0.04550476372241974 -0.009393664076924324 0.9988176822662354
2.1501561163522016 -0.10210788249969482 -0.03922022506594658 0.04869901016354561 -0.01289979089051485 -0.05173619091510773 -0.009690307080745697 0.9985305070877075
2.2001741163522013 -0.10807747393846512 -0.039621129631996155 0.04701107740402222 -0.01058916375041008 -0.053431395441293716 -0.01099666953086853 0.9984548091888428
2.2501911163522013 -0.10717646777629852 -0.0464288666844368 0.04429581016302109 -0.013202953152358532 -0.05434834212064743 -0.014494461007416248 0.9983295202255249
2.3002081163522012 -0.10751064121723175 -0.04776747152209282 0.042916856706142426 -0.012926335446536541 -0.052391279488801956 -0.018222762271761894 0.998376727104187
2.3502251163522017 -0.10198633372783661 -0.052033595740795135 0.03940526023507118 -0.012980666942894459 -0.05042633041739464 -0.01991976425051689 0.9984447360038757
2.4002431163522013 -0.09344257414340973 -0.05025026202201843 0.038047611713409424 -0.011256642639636993 -0.04978378862142563 -0.022075774148106575 0.9984526634216309
2.4502601163522013 -0.08383814245462418 -0.05119412764906883 0.037523865699768066 -0.010436568409204483 -0.045574575662612915 -0.024350283667445183 0.9986096024513245
2.5002771163522013 -0.07108274847269058 -0.05049172788858414 0.036512669175863266 -0.008986443281173706 -0.042988136410713196 -0.02382657863199711 0.9987509846687317
2.5502941163522013 -0.05205050855875015 -0.0508057065308094 0.0349196195602417 -0.00801625195890665 -0.041300106793642044 -0.023482264950871468 0.9988387227058411
2.6003111163522012 -0.033478401601314545 -0.053185105323791504 0.03427562490105629 -0.007561292964965105 -0.038569219410419464 -0.022433903068304062 0.9989755153656006
2.6503291163522014 -0.010182442143559456 -0.05331017076969147 0.03625135123729706 -0.0056034112349152565 -0.03638402372598648 -0.01977205090224743 0.9991266131401062
2.7003461163522013 0.011743545532226562 -0.055410802364349365 0.03480589762330055 -0.003306115046143532 -0.03140031546354294 -0.020977206528186798 0.9992812871932983
2.7503631163522013 0.03477465733885765 -0.056458041071891785 0.0347815565764904 -0.0008009144803509116 -0.029796933755278587 -0.021332452073693275 0.9993280172348022
2.8003801163522013 0.05234424024820328 -0.05848615989089012 0.03602203354239464 9.135206346400082e-05 -0.027498789131641388 -0.025420745834708214 0.9992985725402832
2.8503981163522014 0.06804569065570831 -0.057930152863264084 0.037609174847602844 0.0015206598909571767 -0.0273003950715065 -0.03029453195631504 0.9991669654846191
2.9004151163522014 0.08381839096546173 -0.057993561029434204 0.03828969597816467 0.0027808072045445442 -0.027508344501256943 -0.0372936874628067 0.998921811580658
2.9504321163522014 0.09227541089057922 -0.056792423129081726 0.040614575147628784 0.003255079500377178 -0.02756587415933609 -0.044583793729543686 0.9986199736595154
3.0004491163522014 0.10457073152065277 -0.05104590579867363 0.04036878049373627 0.005995551124215126 -0.030661776661872864 -0.05129733309149742 0.9981946349143982
3.0504671163522015 0.10799343883991241 -0.04418831318616867 0.04055536165833473 0.007678100373595953 -0.029995685443282127 -0.058153584599494934 0.997827410697937
3.1004841163522014 0.11139918863773346 -0.02570013888180256 0.04165476933121681 0.013896867632865906 -0.03334575891494751 -0.061120133846998215 0.9974765181541443
3.1505011163522014 0.11231902986764908 -0.012668296694755554 0.04213621839880943 0.01557767391204834 -0.03701537474989891 -0.06145181134343147 0.9973018765449524
3.2005181163522014 0.11465171724557877 0.0007667890167795122 0.04585115984082222 0.014585490338504314 -0.04085560515522957 -0.059388648718595505 0.9972919225692749
3.2505351163522014 0.11802584677934647 0.015338102355599403 0.049146778881549835 0.013692980632185936 -0.04162774980068207 -0.055992867797613144 0.9974690675735474
3.3005531163522015 0.12194346636533737 0.03178364410996437 0.05274153873324394 0.012133839540183544 -0.041455041617155075 -0.05016022548079491 0.9978067278862
3.3505701163522015 0.1237386167049408 0.047391798347234726 0.056631822139024734 0.009888318367302418 -0.04143303632736206 -0.04472429305315018 0.9980908036231995
3.4005871163522015 0.12503370642662048 0.06438601016998291 0.06098656356334686 0.007431454490870237 -0.040575433522462845 -0.039140403270721436 0.9983819723129272
3.4506041163522014 0.12649628520011902 0.0753813311457634 0.06570270657539368 0.001898819929920137 -0.040657252073287964 -0.033268608152866364 0.99861741065979
3.5006221163522016 0.12470031529664993 0.0850987359881401 0.07022357732057571 -0.002109314315021038 -0.03984437137842178 -0.031212246045470238 0.9987161159515381
3.5506391163522015 0.12089209258556366 0.09105616807937622 0.07347910851240158 -0.006123613100498915 -0.04029298201203346 -0.029201500117778778 0.998742401599884
3.6006561163522015 0.11768314987421036 0.09743718057870865 0.07481927424669266 -0.006424250081181526 -0.040425073355436325 -0.026945089921355247 0.9987985491752625
3.6506731163522015 0.11675168573856354 0.09011400490999222 0.07606060802936554 -0.007682164665311575 -0.04176303744316101 -0.026098933070898056 0.9987570643424988
3.7006911163522016 0.11436319351196289 0.08498553186655045 0.07092700898647308 -0.00500106904655695 -0.04354621842503548 -0.02358793281018734 0.9987604022026062
3.7507081163522016 0.11259886622428894 0.07112621515989304 0.06746196746826172 -0.0024293060414493084 -0.045476898550987244 -0.020232748240232468 0.9987576007843018
3.8007251163522016 0.10892869532108307 0.05773146077990532 0.06315338611602783 0.0034953237045556307 -0.04757550731301308 -0.015782970935106277 0.9987368583679199
3.8507421163522015 0.1007474809885025 0.03868982940912247 0.05920219421386719 0.008659432642161846 -0.04771837592124939 -0.014214005321264267 0.9987221956253052
3.9007601163522017 0.09232310950756073 0.02558574266731739 0.05465962365269661 0.017982199788093567 -0.05101262778043747 -0.012342664413154125 0.9984598755836487
3.9507771163522016 0.08528877049684525 0.011747417971491814 0.04956831410527229 0.025410650297999382 -0.05537175014615059 -0.012897951528429985 0.998059093952179
4.000794116352202 0.07429593801498413 -0.0008730844710953534 0.05027210712432861 0.029842734336853027 -0.055002499371767044 -0.011610633693635464 0.9979726672172546
4.050811116352201 0.06314636021852493 -0.011843081563711166 0.050887901335954666 0.031800102442502975 -0.049172498285770416 -0.008701235987246037 0.9982460141181946
4.100828116352202 0.052685290575027466 -0.018756069242954254 0.056928135454654694 0.032766059041023254 -0.041984520852565765 -0.004031260963529348 0.9985727071762085
4.150846116352201 0.038217876106500626 -0.0265605878084898 0.06160064786672592 0.03140973299741745 -0.03681657835841179 0.0006245031836442649 0.9988281726837158
4.200863116352202 0.02745526283979416 -0.035000767558813095 0.06816917657852173 0.02938533015549183 -0.028405655175447464 0.004634289536625147 0.9991537928581238
4.250880116352201 0.01108088344335556 -0.038209374994039536 0.07644470781087875 0.030797351151704788 -0.021600985899567604 0.008369662798941135 0.9992572069168091
4.300897116352202 -0.002325867535546422 -0.04346653074026108 0.08167902380228043 0.03201468288898468 -0.01839420013129711 0.011419742368161678 0.9992529153823853
4.350915116352201 -0.018205778673291206 -0.04968869686126709 0.08520367741584778 0.034084122627973557 -0.01912815123796463 0.015203973278403282 0.9991202354431152
4.400932116352202 -0.030751908197999 -0.05263695865869522 0.08597011864185333 0.037749581038951874 -0.022092394530773163 0.017906419932842255 0.998882532119751
4.450949116352201 -0.0423610545694828 -0.05500619485974312 0.08618982136249542 0.04057004675269127 -0.02461520954966545 0.018804945051670074 0.9986963868141174
4.500966116352202 -0.05204599350690842 -0.05710887908935547 0.08553189039230347 0.04203755781054497 -0.02860649675130844 0.020488029345870018 0.9984962940216064
4.550984116352201 -0.061377156525850296 -0.05514049157500267 0.08402568846940994 0.04420781508088112 -0.033079054206609726 0.021898245438933372 0.9982344508171082
4.601001116352202 -0.07105010747909546 -0.05268080160021782 0.08088108152151108 0.04501838982105255 -0.040900446474552155 0.022274199873209 0.9979000091552734
4.651018116352201 -0.07412649691104889 -0.048180676996707916 0.07731055468320847 0.04485858976840973 -0.05033409595489502 0.02335195057094097 0.9974511861801147
4.701035116352202 -0.07772177457809448 -0.04344242811203003 0.074200339615345 0.04362855479121208 -0.0588686503469944 0.02252056449651718 0.9970576167106628
4.751052116352201 -0.07803719490766525 -0.03678344190120697 0.07296718657016754 0.040818020701408386 -0.06426168978214264 0.02109573781490326 0.9968748092651367
4.801070116352202 -0.07200543582439423 -0.03340766578912735 0.0708560198545456 0.036468505859375 -0.0669657289981842 0.021735168993473053 0.9968516826629639
4.851087116352201 -0.0624544620513916 -0.027020631358027458 0.06881431490182877 0.033071182668209076 -0.06944353878498077 0.020005444064736366 0.9968369007110596
4.901104116352202 -0.04918640851974487 -0.02347184345126152 0.06330422312021255 0.029077544808387756 -0.06908950954675674 0.018726810812950134 0.9970107674598694
4.951121116352201 -0.0306633822619915 -0.019560061395168304 0.06066093221306801 0.024239541962742805 -0.06878282874822617 0.01734102889895439 0.9971863627433777
5.001139116352202 -0.015031963586807251 -0.016730299219489098 0.05847407877445221 0.019819604232907295 -0.062184859067201614 0.015767639502882957 0.9977433085441589
5.051156116352201 0.007111513987183571 -0.014554762281477451 0.05305556207895279 0.015747850760817528 -0.05852500721812248 0.01496958453208208 0.9980494976043701
5.101173116352202 0.029763853177428246 -0.010673724114894867 0.04851602017879486 0.013193960301578045 -0.053940750658512115 0.014094576239585876 0.9983574748039246
5.151190116352201 0.05451732873916626 -0.00821775570511818 0.041447874158620834 0.010990711860358715 -0.0509064607322216 0.01373205054551363 0.9985485672950745
5.201208116352201 0.07706905156373978 -0.007373157888650894 0.038475602865219116 0.008408102206885815 -0.04646598920226097 0.012703430838882923 0.9988037347793579
5.2512251163522015 0.10108450800180435 -0.008712190203368664 0.034623973071575165 0.006214565597474575 -0.042475759983062744 0.01094039622694254 0.9990183115005493
5.301242116352202 0.12104684114456177 -0.011059300974011421 0.032099127769470215 0.004920214880257845 -0.039802636951208115 0.006904430687427521 0.9991716146469116
5.351259116352201 0.14149999618530273 -0.01449977420270443 0.029531627893447876 0.004193626344203949 -0.040227849036455154 0.0012792079942300916 0.9991809725761414
5.401277116352201 0.1536070853471756 -0.02177400328218937 0.030185770243406296 0.002422548132017255 -0.04145456850528717 -0.005109930410981178 0.9991244673728943
5.4512941163522015 0.16594482958316803 -0.028482802212238312 0.028656888753175735 0.0016895501175895333 -0.045910317450761795 -0.010040443390607834 0.9988937377929688
5.501311116352201 0.17484919726848602 -0.03274555504322052 0.030659852549433708 0.002201599068939686 -0.05078596621751785 -0.013845290057361126 0.9986112117767334
5.5513281163522015 0.18650829792022705 -0.042834777384996414 0.03166159987449646 0.0001881051721284166 -0.05597766116261482 -0.01774710603058338 0.9982742667198181
5.601345116352201 0.1921289563179016 -0.0551648885011673 0.035282786935567856 -0.0015085466438904405 -0.05799885839223862 -0.021850058808922768 0.9980764389038086
5.651363116352202 0.19963446259498596 -0.06319296360015869 0.03949202224612236 1.6047153621912003e-05 -0.06066982448101044 -0.023198746144771576 0.9978882670402527
5.701380116352201 0.20410244166851044 -0.07428617775440216 0.045767512172460556 0.0012261561350896955 -0.05889742821455002 -0.025723924860358238 0.9979317784309387
5.7513971163522015 0.2088683396577835 -0.08167269825935364 0.050569724291563034 0.004779616370797157 -0.06011578440666199 -0.026519952341914177 0.9978276491165161
5.801414116352201 0.2108226716518402 -0.08876141905784607 0.056531213223934174 0.008465525694191456 -0.05882297083735466 -0.02748151496052742 0.9978542327880859
5.851432116352202 0.2065165936946869 -0.09502203017473221 0.06377092003822327 0.011669431813061237 -0.05705292522907257 -0.02998494915664196 0.9978525638580322
5.901449116352201 0.204337477684021 -0.1018378734588623 0.07126250863075256 0.013249069452285767 -0.05767017602920532 -0.03191126883029938 0.9977376461029053
5.951466116352202 0.19536198675632477 -0.1027052253484726 0.07999761402606964 0.01557188667356968 -0.05661590024828911 -0.03182555362582207 0.9977672100067139
6.001483116352201 0.18078698217868805 -0.10578162223100662 0.09349922835826874 0.014550695195794106 -0.05471041798591614 -0.032973647117614746 0.9978516101837158
6.051501116352202 0.17253485321998596 -0.11378282308578491 0.10302773118019104 0.010675693862140179 -0.05740272253751755 -0.03322213888168335 0.9977411031723022
6.101518116352201 0.16289953887462616 -0.11572641879320145 0.11420362442731857 0.008224342949688435 -0.06816726177930832 -0.031465280801057816 0.9971436858177185
6.151535116352202 0.14841192960739136 -0.12016905099153519 0.12404055148363113 0.0025065743830055 -0.07736300677061081 -0.030381647869944572 0.996536910533905
6.201552116352201 0.13316525518894196 -0.12488408386707306 0.13456013798713684 -0.0034705069847404957 -0.08530674874782562 -0.030132485553622246 0.9958929419517517
6.251569116352202 0.11387976258993149 -0.12522859871387482 0.146046981215477 -0.007833457551896572 -0.08833132684230804 -0.03334035724401474 0.995502233505249
6.301587116352201 0.0977831482887268 -0.12196900695562363 0.15552522242069244 -0.010708874091506004 -0.09270543605089188 -0.03943897783756256 0.9948546290397644
6.351604116352202 0.07959742099046707 -0.12180928140878677 0.16261760890483856 -0.014354456216096878 -0.09744760394096375 -0.04557686671614647 0.9940929412841797
6.401621116352201 0.0639125183224678 -0.12153176963329315 0.1665060818195343 -0.01678878255188465 -0.10250701010227203 -0.05213441699743271 0.9932233095169067
6.451638116352202 0.047536659985780716 -0.11934810131788254 0.16966544091701508 -0.018440978601574898 -0.1098114624619484 -0.05831008404493332 0.9920692443847656
6.501656116352201 0.035489924252033234 -0.11776526272296906 0.16865618526935577 -0.02017708122730255 -0.11899695545434952 -0.06404270231723785 0.9906216263771057
6.551673116352202 0.02239285409450531 -0.11627164483070374 0.16553041338920593 -0.02305542305111885 -0.1297871172428131 -0.06959784030914307 0.9888275861740112
6.601690116352201 0.010401592589914799 -0.1144736185669899 0.1619868278503418 -0.026113780215382576 -0.13952291011810303 -0.0746273547410965 0.9870573878288269
6.651707116352202 -0.0015070342924445868 -0.11123182624578476 0.15540900826454163 -0.029460672289133072 -0.14996008574962616 -0.07987882941961288 0.9850195050239563
6.701725116352201 -0.01384633220732212 -0.10737642645835876 0.15033848583698273 -0.033066678792238235 -0.1589089184999466 -0.08596552908420563 0.9829875826835632
6.751742116352202 -0.024169020354747772 -0.10216793417930603 0.14036984741687775 -0.03473480045795441 -0.16686120629310608 -0.09235694259405136 0.9810306429862976
6.801759116352201 -0.031832799315452576 -0.09541112929582596 0.13049888610839844 -0.03517227619886398 -0.17402273416519165 -0.09658727794885635 0.9793620705604553
6.851776116352202 -0.038444843143224716 -0.08568253368139267 0.1193135529756546 -0.0338558666408062 -0.17850400507450104 -0.10032406449317932 0.978225588798523
6.901794116352201 -0.04101899638772011 -0.07560589164495468 0.10533502697944641 -0.03213081136345863 -0.18288397789001465 -0.10183606296777725 0.9773180484771729
6.951811116352202 -0.04064616188406944 -0.06681834906339645 0.08940859884023666 -0.0320543609559536 -0.18667538464069366 -0.10080904513597488 0.9767099618911743
7.001828116352201 -0.0413186214864254 -0.057214971631765366 0.07379072159528732 -0.03305525705218315 -0.18824326992034912 -0.09952332824468613 0.9765075445175171
7.051845116352202 -0.03766011446714401 -0.045138340443372726 0.0546698197722435 -0.03335225209593773 -0.18926610052585602 -0.09640640765428543 0.976612389087677
7.101862116352201 -0.03539527952671051 -0.03533053398132324 0.03895723074674606 -0.034930579364299774 -0.18822073936462402 -0.09460338950157166 0.9769355058670044
7.151880116352201 -0.02746989205479622 -0.023959754034876823 0.021057607606053352 -0.03554271161556244 -0.1880379617214203 -0.09096651524305344 0.9772939682006836
7.201897116352201 -0.018750444054603577 -0.013730368576943874 0.005453363060951233 -0.03581758588552475 -0.1855473816394806 -0.08865529298782349 0.9779722094535828
7.251914116352202 -0.01044949796050787 -0.00620718440040946 -0.010008550249040127 -0.03664744272828102 -0.1792963743209839 -0.08405057340860367 0.9795127511024475
7.301931116352201 -0.0015724061522632837 0.0018803933635354042 -0.023459047079086304 -0.036788467317819595 -0.172031968832016 -0.07795659452676773 0.9813125729560852
7.351949116352201 0.011254237033426762 0.006830586586147547 -0.03719831630587578 -0.03721204772591591 -0.16366706788539886 -0.07039579004049301 0.9832969307899475
7.4019661163522015 0.02523542381823063 0.01056722179055214 -0.04779091849923134 -0.03765011206269264 -0.15431587398052216 -0.06348837912082672 0.985260546207428
7.451983116352201 0.038636308163404465 0.01388117577880621 -0.056396543979644775 -0.03818584978580475 -0.142877459526062 -0.05685713142156601 0.9873678684234619
7.502000116352201 0.055020369589328766 0.01790238358080387 -0.06324182450771332 -0.03823744133114815 -0.1312832236289978 -0.050760600715875626 0.989305853843689
7.552018116352201 0.07020135968923569 0.019524576142430305 -0.06636884063482285 -0.03946058079600334 -0.11984226852655411 -0.04341169074177742 0.9910581707954407
7.6020351163522015 0.08616432547569275 0.02026679553091526 -0.06875737011432648 -0.04138394817709923 -0.10653185844421387 -0.0356442891061306 0.9928081035614014
7.652052116352201 0.10167954117059708 0.020465103909373283 -0.06799151748418808 -0.042790487408638 -0.09485851228237152 -0.028464725241065025 0.9941632747650146
7.7020691163522015 0.11492517590522766 0.020302068442106247 -0.06376336514949799 -0.04366767406463623 -0.08120769262313843 -0.0219280868768692 0.9954987168312073
7.752086116352201 0.12980176508426666 0.01865076646208763 -0.05961759388446808 -0.04386894777417183 -0.0711757242679596 -0.015912696719169617 0.9963716268539429
7.802104116352202 0.14201726019382477 0.014199904166162014 -0.05259311944246292 -0.044377025216817856 -0.06150422617793083 -0.009742362424731255 0.9970722794532776
7.852121116352201 0.15197691321372986 0.008544418029487133 -0.04488763585686684 -0.04457596689462662 -0.05254362151026726 -0.004215152468532324 0.9976143836975098
7.9021381163522015 0.16268816590309143 0.002180629875510931 -0.03591398894786835 -0.04363007843494415 -0.04585356265306473 0.0001947678392753005 0.9979948997497559
7.952155116352201 0.16853435337543488 -0.005971819162368774 -0.025235000997781754 -0.043338559567928314 -0.03787773475050926 0.0030420362018048763 0.9983375668525696
8.002173116352202 0.17150694131851196 -0.011285469867289066 -0.014646514318883419 -0.03875818848609924 -0.03380390256643295 0.006150285247713327 0.998657763004303
8.052190116352202 0.17352557182312012 -0.020053960382938385 -0.0021638476755470037 -0.035804249346256256 -0.029498420655727386 0.007772686425596476 0.998893141746521
8.1022071163522 0.17435146868228912 -0.027739642187952995 0.012019922025501728 -0.03172977268695831 -0.02741219848394394 0.011435550637543201 0.9990551471710205
8.152224116352201 0.17488977313041687 -0.03757718577980995 0.025112761184573174 -0.028389159590005875 -0.025480758398771286 0.015232008881866932 0.9991560578346252
8.2022421163522 0.1742672622203827 -0.04866631329059601 0.0409805104136467 -0.02513623796403408 -0.022742753848433495 0.01878703199326992 0.999248743057251
8.252259116352201 0.17326602339744568 -0.05750076100230217 0.055951572954654694 -0.02093403972685337 -0.018597116693854332 0.021447304636240005 0.9993778467178345
8.302276116352202 0.17446179687976837 -0.0672980323433876 0.07063215225934982 -0.017818419262766838 -0.013137263245880604 0.02424788288772106 0.9994608759880066
8.352293116352202 0.1728922426700592 -0.07764661312103271 0.08589798212051392 -0.015630826354026794 -0.010261405259370804 0.02539241872727871 0.9995027184486389
8.4023111163522 0.16963699460029602 -0.08387468755245209 0.10109361261129379 -0.012132474221289158 -0.006635374389588833 0.02647787146270275 0.9995537996292114
8.4523281163522 0.16759216785430908 -0.09313990920782089 0.11178585886955261 -0.010112781077623367 -0.00698341429233551 0.027587050572037697 0.9995439052581787
8.5023451163522 0.16128581762313843 -0.10052500665187836 0.1226128563284874 -0.007363033480942249 -0.005017054732888937 0.027461057528853416 0.9995831847190857
8.552362116352201 0.15398146212100983 -0.10410137474536896 0.13212376832962036 -0.0033690801355987787 -0.004903782624751329 0.026770642027258873 0.9996239542961121
8.6023791163522 0.14441698789596558 -0.10785256326198578 0.1382458209991455 -0.000868303410243243 -0.007149845361709595 0.02485213242471218 0.9996652603149414
8.652397116352201 0.13566939532756805 -0.10990005731582642 0.14101003110408783 0.00187682022806257 -0.009638212621212006 0.022575385868549347 0.9996969699859619
8.7024141163522 0.12541145086288452 -0.10928014665842056 0.14681117236614227 0.002813558327034116 -0.016144590452313423 0.019592851400375366 0.9996737241744995
8.7524311163522 0.11640848964452744 -0.10852175205945969 0.14642095565795898 0.003242776496335864 -0.023405488580465317 0.017794294282794 0.9995625019073486
8.8024481163522 0.10555188357830048 -0.10902802646160126 0.1449878066778183 0.00166853959672153 -0.031233564019203186 0.014308041892945766 0.9994083046913147
8.8524661163522 0.092522531747818 -0.10614855587482452 0.14182274043560028 0.0003974245919380337 -0.03875623270869255 0.011113903485238552 0.9991868138313293
8.902483116352201 0.07801283895969391 -0.10198178142309189 0.13659796118736267 -0.0012965698260813951 -0.046104688197374344 0.005611898843199015 0.9989200234413147
8.952500116352201 0.06452275067567825 -0.09722751379013062 0.13038235902786255 -0.003595139365643263 -0.05588529258966446 0.0011654351837933064 0.998430073261261
9.0025171163522 0.05053960531949997 -0.09253090620040894 0.12070099264383316 -0.005518290214240551 -0.06186472624540329 -0.004106082487851381 0.9980608820915222
9.0525351163522 0.03663470223546028 -0.08386398106813431 0.10995619744062424 -0.006056652404367924 -0.06902767717838287 -0.008309593424201012 0.9975618124008179
9.1025521163522 0.024617908522486687 -0.07681852579116821 0.09540353715419769 -0.006869161035865545 -0.07696348428726196 -0.011742315255105495 0.9969411492347717
9.1525691163522 0.012858809903264046 -0.07020716369152069 0.08241337537765503 -0.007800912018865347 -0.08282788097858429 -0.01459479983896017 0.9964264631271362
9.202586116352201 0.0025275947991758585 -0.06257425993680954 0.06599488854408264 -0.007389196194708347 -0.08666417002677917 -0.016551896929740906 0.9960727095603943
9.252603116352201 -0.006384682841598988 -0.05351121723651886 0.051053982228040695 -0.006823689676821232 -0.08899615705013275 -0.017954537644982338 0.9958468079566956
9.302621116352201 -0.011091162450611591 -0.04401521757245064 0.03253741189837456 -0.005456353072077036 -0.09146878123283386 -0.017972508445382118 0.9956308007240295
9.3526381163522 -0.014679285697638988 -0.03821493685245514 0.019210850819945335 -0.006023436319082975 -0.09124978631734848 -0.01584617607295513 0.9956837296485901
9.4026551163522 -0.017215002328157425 -0.029890790581703186 0.010066420771181583 -0.006292149890214205 -0.08939221501350403 -0.014618760906159878 0.9958693981170654
9.4526721163522 -0.014505078084766865 -0.026783602312207222 -0.0012129824608564377 -0.009472022764384747 -0.08853743225336075 -0.01061988901346922 0.9959712028503418
9.5026901163522 -0.011463947594165802 -0.018259746953845024 -0.006281007546931505 -0.010530058294534683 -0.08684155344963074 -0.007852007634937763 0.9961355328559875
9.5527071163522 -0.008634468540549278 -0.0137864975258708 -0.013884801417589188 -0.011933007277548313 -0.08149334788322449 -0.004017113242298365 0.9965943694114685
9.602724116352201 -0.005003728438168764 -0.010113291442394257 -0.020711371675133705 -0.013111884705722332 -0.0754224956035614 -0.0025416305288672447 0.9970622658729553
9.6527411163522 0.002989385277032852 -0.008838123641908169 -0.024571798741817474 -0.013379127718508244 -0.06521616131067276 0.0014438896905630827 0.997780442237854
9.702759116352201 0.008256512694060802 -0.009520689025521278 -0.026326531544327736 -0.012936118058860302 -0.057240813970565796 0.004264386836439371 0.9982675313949585
9.7527761163522 0.016046671196818352 -0.012548241764307022 -0.025111690163612366 -0.01298095565289259 -0.0503246895968914 0.0071558705531060696 0.9986228942871094
9.8027931163522 0.02367451973259449 -0.014302327297627926 -0.02425871416926384 -0.011806739494204521 -0.0434618815779686 0.010477686300873756 0.9989304542541504
9.8528101163522 0.031185828149318695 -0.019735410809516907 -0.0220563393086195 -0.010945594869554043 -0.03703468665480614 0.012254554778337479 0.999178946018219
9.9028281163522 0.0379972904920578 -0.027120254933834076 -0.01620348170399666 -0.010005009360611439 -0.02971334010362625 0.01345753762871027 0.999417781829834
9.9528451163522 0.04121190682053566 -0.03597766160964966 -0.008901615627110004 -0.008533432148396969 -0.02634633518755436 0.012242523021996021 0.9995414614677429
10.002862116352201 0.04501866176724434 -0.043680302798748016 0.0011122477008029819 -0.006009966600686312 -0.022918131202459335 0.012484364211559296 0.9996413588523865
10.0528791163522 0.05004148557782173 -0.055380214005708694 0.010932434350252151 -0.004560794681310654 -0.023351002484560013 0.010726691223680973 0.9996594190597534
10.1028961163522 0.05513080209493637 -0.06465780735015869 0.023715080693364143 -0.0012482177698984742 -0.022599969059228897 0.01044590212404728 0.9996892213821411
10.1529141163522 0.05715767294168472 -0.07479844987392426 0.03794693946838379 0.0022649122402071953 -0.021152419969439507 0.009451399557292461 0.9997290968894958
10.2029311163522 0.05778985843062401 -0.0831683948636055 0.0516546256840229 0.008333017118275166 -0.020144188776612282 0.007538560777902603 0.9997339844703674
10.2529481163522 0.06090269982814789 -0.08962729573249817 0.0661703571677208 0.014898275956511497 -0.02058321237564087 0.0075403121300041676 0.9996487498283386
10.302965116352201 0.05992095172405243 -0.09589384496212006 0.08158200234174728 0.019477637484669685 -0.02443648874759674 0.006658608093857765 0.9994894862174988
10.3529831163522 0.06140182912349701 -0.1073690801858902 0.09804078191518784 0.02059028670191765 -0.0240499097853899 0.0071701835840940475 0.999472975730896
10.403000116352201 0.06128392368555069 -0.11408957093954086 0.11294630914926529 0.021901698783040047 -0.02695639617741108 0.00839680153876543 0.9993613958358765
10.4530171163522 0.058680541813373566 -0.11520690470933914 0.12620379030704498 0.023816075176000595 -0.03205779194831848 0.008848827332258224 0.9991630911827087
10.5030341163522 0.05521126464009285 -0.12067094445228577 0.1382564902305603 0.021209346130490303 -0.035987380892038345 0.007296556141227484 0.9991005659103394
10.5530521163522 0.04860503599047661 -0.12004075944423676 0.14725424349308014 0.020074106752872467 -0.0409243106842041 0.004378599114716053 0.9989510178565979
10.6030691163522 0.04218757897615433 -0.12051568180322647 0.15644116699695587 0.016934465616941452 -0.044985752552747726 -2.325746027054265e-05 0.9988441467285156
10.6530861163522 0.03671419993042946 -0.11800376325845718 0.1616552621126175 0.013284790329635143 -0.05166570097208023 -0.005529685411602259 0.9985607862472534
10.703103116352201 0.02929260954260826 -0.11394002288579941 0.16170373558998108 0.009473106823861599 -0.05756841227412224 -0.01167304627597332 0.9982283711433411
10.7531201163522 0.02204369381070137 -0.10419369488954544 0.16197821497917175 0.007260814309120178 -0.06292108446359634 -0.017159298062324524 0.9978445768356323
10.803138116352201 0.016285426914691925 -0.09373650699853897 0.16113734245300293 0.005010422319173813 -0.06802938133478165 -0.019838081672787666 0.9974735379219055
10.8531551163522 0.01164906844496727 -0.08780858665704727 0.1555582731962204 -9.273493196815252e-05 -0.07176388055086136 -0.0231929998844862 0.9971520304679871
10.9031721163522 0.0068234666250646114 -0.07727206498384476 0.14535284042358398 -0.004057473037391901 -0.07818692177534103 -0.02521374821662903 0.9966115951538086
10.9531891163522 -0.00026954279746860266 -0.06284251064062119 0.13813011348247528 -0.007073064334690571 -0.08068165928125381 -0.02827293798327446 0.9963138103485107
11.0032071163522 -0.001511548412963748 -0.04968872666358948 0.12393782287836075 -0.010910792276263237 -0.08649273961782455 -0.02959948033094406 0.9957528710365295
11.053224116352201 -0.005635817535221577 -0.046427130699157715 0.11161442846059799 -0.019243111833930016 -0.08856379985809326 -0.028484096750617027 0.9954771995544434
11.103241116352201 -0.007900376804172993 -0.03018328733742237 0.09692742675542831 -0.02385849505662918 -0.09003544598817825 -0.029423102736473083 0.9952179193496704
11.1532581163522 -0.011835232377052307 -0.016761276870965958 0.08061287552118301 -0.02958803065121174 -0.0899110734462738 -0.028707843273878098 0.9950962662696838
11.2032761163522 -0.01139642670750618 -0.000641199410893023 0.06608039885759354 -0.03330330178141594 -0.08729985356330872 -0.02838560752570629 0.9952205419540405
11.2532931163522 -0.004376571159809828 0.009032629430294037 0.05070463940501213 -0.03792233020067215 -0.0869971290230751 -0.025835730135440826 0.9951512813568115
11.3033101163522 -0.002490036888048053 0.020419375970959663 0.03604522719979286 -0.0409303717315197 -0.08202619105577469 -0.022200703620910645 0.9955419301986694
11.353327116352201 0.004598420578986406 0.029993195086717606 0.022693518549203873 -0.04183022305369377 -0.07770409435033798 -0.01635654829442501 0.9959642291069031
11.4033451163522 0.008689682930707932 0.03538694232702255 0.009836774319410324 -0.04119650647044182 -0.06836207956075668 -0.00994314905256033 0.9967601299285889
11.453362116352201 0.01751839928328991 0.03361719474196434 -0.004220770671963692 -0.040334150195121765 -0.05839979648590088 -0.006139621138572693 0.9974592924118042
11.5033791163522 0.02888626977801323 0.02771138586103916 -0.011541450396180153 -0.03876810520887375 -0.051301438361406326 -0.002575567690655589 0.997927188873291
11.5533961163522 0.04441651329398155 0.030017152428627014 -0.0206487737596035 -0.03333049640059471 -0.04738778993487358 -0.0004219811235088855 0.9983202815055847
11.6034131163522 0.048671964555978775 0.026378771290183067 -0.02818440832197666 -0.03095163218677044 -0.04016484320163727 0.0017264136113226414 0.9987120628356934
11.6534311163522 0.060881782323122025 0.020981071516871452 -0.033595792949199677 -0.028640499338507652 -0.03362301364541054 0.003957646898925304 0.9990163445472717
11.7034481163522 0.07314015924930573 0.01143694669008255 -0.037444066256284714 -0.027328915894031525 -0.027467278763651848 0.005806150380522013 0.9992322325706482
11.753465116352201 0.0791182890534401 0.003777352161705494 -0.03681492805480957 -0.025325244292616844 -0.022553900256752968 0.007116660941392183 0.9993994832038879
11.8034821163522 0.08659057319164276 -0.005736491642892361 -0.03904212266206741 -0.021848207339644432 -0.019193146377801895 0.009070427156984806 0.9995359182357788
11.853500116352201 0.094990573823452 -0.013579536229372025 -0.03823615238070488 -0.017746329307556152 -0.01640072464942932 0.011278108693659306 0.99964439868927
11.9035171163522 0.10056199133396149 -0.020350439473986626 -0.033395230770111084 -0.01261250488460064 -0.011900297366082668 0.014403554610908031 0.9997459053993225
11.9535341163522 0.10947691649198532 -0.03214729204773903 -0.030821768566966057 -0.00943924393504858 -0.009212734177708626 0.017265910282731056 0.9997639656066895
12.0035511163522 0.1142304316163063 -0.0411224327981472 -0.023390978574752808 -0.005959236994385719 -0.007101777940988541 0.019917000085115433 0.9997586607933044
12.0535691163522 0.1218988373875618 -0.05110815912485123 -0.01566956751048565 -0.0031229525338858366 -0.007550391834229231 0.020550422370433807 0.9997554421424866
12.1035861163522 0.12031687051057816 -0.059379592537879944 -0.008184720762073994 -0.0001085784169845283 -0.004606262780725956 0.02158527262508869 0.999756395816803
12.153603116352201 0.12367402762174606 -0.06866107881069183 -0.00014351433492265642 0.0018048487836495042 -0.004384119529277086 0.02126198261976242 0.9997627139091492
12.2036201163522 0.12889938056468964 -0.07606423646211624 0.01088344119489193 0.004726175218820572 -0.004453349392861128 0.021830333396792412 0.9997406601905823
12.2536371163522 0.12405211478471756 -0.07772014290094376 0.023807885125279427 0.009202470071613789 -0.003099943045526743 0.02159898728132248 0.9997196197509766
12.3036551163522 0.12243399769067764 -0.08389676362276077 0.03432472050189972 0.011041143909096718 -0.006057300139218569 0.020542658865451813 0.9997097253799438
12.3536721163522 0.1188601553440094 -0.08772356808185577 0.041735850274562836 0.012919342145323753 -0.011728820390999317 0.019809233024716377 0.9996515512466431
12.4036891163522 0.11367681622505188 -0.0844990462064743 0.05433562397956848 0.01571979932487011 -0.01865146867930889 0.015342011116445065 0.9995847344398499
12.453706116352201 0.10374131053686142 -0.09010358899831772 0.06343770027160645 0.014521204866468906 -0.02383788675069809 0.012129465118050575 0.9995368123054504
12.5037241163522 0.09766378253698349 -0.09406968951225281 0.07688896358013153 0.012046272866427898 -0.032723765820264816 0.009127725847065449 0.9993501901626587
12.553741116352201 0.08716917037963867 -0.09693755209445953 0.08767236024141312 0.011109944432973862 -0.039435964077711105 0.005978005938231945 0.9991424679756165
12.6037581163522 0.08177119493484497 -0.09857074171304703 0.09740886092185974 0.00996589008718729 -0.04707725718617439 0.005196894984692335 0.9988280534744263
12.6537751163522 0.07078424096107483 -0.10133751481771469 0.1036052405834198 0.009308826178312302 -0.05271496623754501 0.0028263938147574663 0.9985622763633728
12.7037931163522 0.06386782228946686 -0.10494319349527359 0.11560961604118347 0.007630482316017151 -0.05801544710993767 0.002082944381982088 0.9982843995094299
12.7538101163522 0.05568200349807739 -0.10577230155467987 0.1217188760638237 0.00731964036822319 -0.06234373897314072 -0.00046337005915120244 0.9980278015136719
12.8038271163522 0.04786195605993271 -0.1072096973657608 0.1259310096502304 0.006943714804947376 -0.0664840117096901 -0.0013870054390281439 0.9977624416351318
12.853844116352201 0.04032972455024719 -0.10632733255624771 0.13133065402507782 0.0067955912090837955 -0.07301966100931168 -0.0032387517858296633 0.9973021149635315
12.903862116352201 0.033769164234399796 -0.10568730533123016 0.12991827726364136 0.006228808779269457 -0.07905800640583038 -0.0025000949390232563 0.9968474507331848
12.953879116352201 0.027301866561174393 -0.10190974920988083 0.13148772716522217 0.004815616644918919 -0.0828363299369812 -0.0037981742061674595 0.9965443015098572
13.0038961163522 0.0255654938519001 -0.09566620737314224 0.12885165214538574 0.0036420701071619987 -0.08993085473775864 -0.002972021931782365 0.995936930179596
13.0539131163522 0.021346330642700195 -0.08798037469387054 0.12767896056175232 0.001424466259777546 -0.09322202205657959 -0.0029347094241529703 0.9956400394439697
13.1039301163522 0.02153688110411167 -0.07267887890338898 0.12327002733945847 5.252146365819499e-05 -0.09867575764656067 -0.005311876069754362 0.995105504989624
13.1539481163522 0.022199243307113647 -0.0657634362578392 0.11511658132076263 -0.005892736837267876 -0.10110347718000412 -0.006585429888218641 0.9948367476463318
13.203965116352201 0.02782164327800274 -0.05652499943971634 0.11137590557336807 -0.012025448493659496 -0.10335006564855576 -0.007763425819575787 0.994542121887207
13.253982116352201 0.03393518924713135 -0.04755842313170433 0.10707405209541321 -0.01866629160940647 -0.10365168005228043 -0.008434019051492214 0.9944027662277222
13.3039991163522 0.04454627260565758 -0.040498267859220505 0.10063709318637848 -0.025110136717557907 -0.10249898582696915 -0.007469213102012873 0.9943881630897522
13.3540171163522 0.05692026764154434 -0.03409434109926224 0.09441467374563217 -0.030573900789022446 -0.1030462309718132 -0.005951634142547846 0.9941887855529785
13.4040341163522 0.06891320645809174 -0.02684975415468216 0.0837741568684578 -0.03282145783305168 -0.10196719318628311 -0.0056443531066179276 0.9942301511764526
13.4540511163522 0.08489897102117538 -0.021280411630868912 0.074615478515625 -0.03423736244440079 -0.10681028664112091 -0.005136206280440092 0.9936765432357788
13.504068116352201 0.09947676956653595 -0.014937103725969791 0.0606430284678936 -0.03291038051247597 -0.10940856486558914 -0.004823841154575348 0.9934402704238892
13.5540861163522 0.11753489077091217 -0.014024559408426285 0.04875948280096054 -0.03205246478319168 -0.11221899837255478 -0.007733264937996864 0.9931363463401794
13.604103116352201 0.1347162425518036 -0.012798238545656204 0.033749885857105255 -0.02950453571975231 -0.11448978632688522 -0.01099093072116375 0.9929254055023193
13.6541201163522 0.15103670954704285 -0.009077520109713078 0.020373178645968437 -0.026267586275935173 -0.11633598804473877 -0.017691323533654213 0.9927048683166504
13.7041371163522 0.1695135235786438 -0.00995589978992939 0.008721215650439262 -0.024662988260388374 -0.11734971404075623 -0.023856308311223984 0.9924977421760559
13.7541541163522 0.1880894899368286 -0.013281725347042084 -0.0010262990836054087 -0.02351047284901142 -0.11491464078426361 -0.028818948194384575 0.9926788806915283
13.8041721163522 0.20749443769454956 -0.01671825349330902 -0.011071154847741127 -0.022619888186454773 -0.1129533126950264 -0.03275507315993309 0.992802619934082
13.8541891163522 0.2252713143825531 -0.018494082614779472 -0.018076661974191666 -0.02086501382291317 -0.10829851031303406 -0.03438427671790123 0.9933044910430908
13.904206116352201 0.2414180487394333 -0.020498741418123245 -0.02247186377644539 -0.019761722534894943 -0.10298823565244675 -0.03389019891619682 0.9939086437225342
13.9542231163522 0.2553791105747223 -0.025575721636414528 -0.02741076424717903 -0.019191769883036613 -0.09975948929786682 -0.03287215530872345 0.9942832589149475
14.004241116352201 0.2691289484500885 -0.02760351449251175 -0.03183010593056679 -0.01594131998717785 -0.09958461672067642 -0.03118579462170601 0.9944124817848206
14.0542581163522 0.2825569212436676 -0.034681424498558044 -0.03217232599854469 -0.014629201032221317 -0.09860087186098099 -0.028826428577303886 0.9946019053459167
14.1042751163522 0.2941305637359619 -0.03983956575393677 -0.0364970900118351 -0.010934069752693176 -0.09876814484596252 -0.028068246319890022 0.9946544766426086
14.1542921163522 0.2988106906414032 -0.04428180679678917 -0.03744311258196831 -0.006545454263687134 -0.09919293224811554 -0.027903979644179344 0.994655430316925
14.2043101163522 0.2967768907546997 -0.04846129193902016 -0.03734208643436432 -0.001984545961022377 -0.10028775781393051 -0.02773507870733738 0.9945698976516724
14.2543271163522 0.2924167513847351 -0.049514539539813995 -0.03834974020719528 0.004042619839310646 -0.10176879912614822 -0.028742384165525436 0.9943846464157104
14.304344116352201 0.2889600992202759 -0.056617237627506256 -0.0392044372856617 0.0074767847545444965 -0.10577850043773651 -0.029223525896668434 0.9939321279525757
14.3543611163522 0.2855474352836609 -0.05727104842662811 -0.03893445432186127 0.01306683849543333 -0.11109781265258789 -0.03025059774518013 0.9932630658149719
14.404379116352201 0.2786273658275604 -0.06066276505589485 -0.037035614252090454 0.016268044710159302 -0.11586099863052368 -0.030400170013308525 0.9926669001579285
14.4543961163522 0.26930463314056396 -0.06475122272968292 -0.03620283305644989 0.01802125573158264 -0.12309149652719498 -0.03172781318426132 0.9917243123054504
14.5044131163522 0.2556803226470947 -0.06266219913959503 -0.03484677895903587 0.02033315598964691 -0.1289394497871399 -0.031434621661901474 0.99094557762146
14.5544301163522 0.23970985412597656 -0.06563309580087662 -0.03768903762102127 0.020462026819586754 -0.13532708585262299 -0.03234747797250748 0.9900614023208618
14.604447116352201 0.22755108773708344 -0.062098290771245956 -0.037663206458091736 0.02127280831336975 -0.14193205535411835 -0.03376325964927673 0.9890717267990112
14.6544651163522 0.21133849024772644 -0.06337318569421768 -0.03670189529657364 0.01851704902946949 -0.1458922177553177 -0.03351222723722458 0.988559365272522
14.704482116352201 0.19664594531059265 -0.05714436247944832 -0.037482891231775284 0.018091557547450066 -0.14949378371238708 -0.03355028107762337 0.9880276918411255
14.7544991163522 0.1863616555929184 -0.054699044674634933 -0.034522317349910736 0.01553284376859665 -0.15132765471935272 -0.032729461789131165 0.9878196120262146
14.8045161163522 0.17136333882808685 -0.048518769443035126 -0.03433029353618622 0.012697049416601658 -0.150355726480484 -0.03168974816799164 0.988042414188385
14.8545341163522 0.16105130314826965 -0.04280994459986687 -0.036569733172655106 0.009521828033030033 -0.1514277309179306 -0.02992355450987816 0.9879694581031799
14.9045511163522 0.15572819113731384 -0.03524615243077278 -0.03747048228979111 0.00626784935593605 -0.15274080634117126 -0.026492221280932426 0.9878912568092346
14.9545681163522 0.14961348474025726 -0.027732785791158676 -0.038081519305706024 0.003536485368385911 -0.14973081648349762 -0.02283957414329052 0.988456666469574
15.004585116352201 0.14690285921096802 -0.019411347806453705 -0.03774667903780937 0.0013414107961580157 -0.14436301589012146 -0.020534474402666092 0.9893108606338501
15.054603116352201 0.14929307997226715 -0.014425436966121197 -0.04068777337670326 -0.0010457284515723586 -0.14175067842006683 -0.015685390681028366 0.9897776246070862
15.104620116352201 0.14914169907569885 -0.008356457576155663 -0.04604716598987579 -0.0029213374946266413 -0.1342514455318451 -0.011093677021563053 0.9908809661865234
15.1546371163522 0.152074933052063 -0.0019560318905860186 -0.04759502783417702 -0.004127664025872946 -0.12707453966140747 -0.006639140658080578 0.991862416267395
15.2046541163522 0.15886597335338593 0.0028846748173236847 -0.051897767931222916 -0.006690815556794405 -0.11764341592788696 -0.003036661772057414 0.9930287599563599
15.2546711163522 0.16756398975849152 0.0051345014944672585 -0.05314081162214279 -0.009702221490442753 -0.10736214369535446 0.001025414327159524 0.9941721558570862
15.3046891163522 0.17759793996810913 0.006843583658337593 -0.05702454224228859 -0.012877133674919605 -0.10038977861404419 0.002784783486276865 0.9948610067367554
15.354706116352201 0.18825410306453705 0.005593931768089533 -0.05851048603653908 -0.01677272841334343 -0.09074003994464874 0.004928892012685537 0.9957212209701538
15.404723116352201 0.19920714199543 0.006367207039147615 -0.05753164365887642 -0.018449829891324043 -0.08353623747825623 0.005878129508346319 0.9963166117668152
15.4547401163522 0.21173304319381714 0.007532229647040367 -0.055991627275943756 -0.01956033520400524 -0.07673680782318115 0.004267069976776838 0.9968504309654236
15.5047581163522 0.22832393646240234 0.0012234790483489633 -0.0570625364780426 -0.02114752307534218 -0.07398011535406113 0.002767608966678381 0.9970316290855408
15.5547751163522 0.2406497597694397 -0.0011254603741690516 -0.05554964393377304 -0.01993166282773018 -0.07346053421497345 0.00034724714350886643 0.9970989227294922
15.6047921163522 0.2534260153770447 -0.011076799593865871 -0.05062950402498245 -0.02040562778711319 -0.07258863002061844 -0.00389223569072783 0.9971455931663513
15.654809116352201 0.26340460777282715 -0.0216315109282732 -0.05026474595069885 -0.018964873626828194 -0.07412146031856537 -0.0057228971272706985 0.9970524907112122
15.7048271163522 0.27503517270088196 -0.02708873711526394 -0.04880521073937416 -0.014552490785717964 -0.07409657537937164 -0.009061699733138084 0.9971036911010742
15.754844116352201 0.28507113456726074 -0.03310662508010864 -0.04522108659148216 -0.010427023284137249 -0.07497572153806686 -0.010548367165029049 0.997075080871582
15.8048611163522 0.29269465804100037 -0.04254321753978729 -0.04180992394685745 -0.00798326637595892 -0.07603409886360168 -0.01132617425173521 0.9970089793205261
15.8548781163522 0.2982155382633209 -0.05044778808951378 -0.037979576736688614 -0.005176021717488766 -0.07759559154510498 -0.01329447329044342 0.9968828558921814
15.9048961163522 0.30476242303848267 -0.057430654764175415 -0.03620092570781708 -0.0029040109366178513 -0.0813046544790268 -0.015192631632089615 0.9965693354606628
15.9549131163522 0.30457237362861633 -0.05967865139245987 -0.03030504658818245 0.001210925169289112 -0.08318246901035309 -0.01797814667224884 0.9963713884353638
16.0049301163522 0.3025747835636139 -0.06391141563653946 -0.026017049327492714 0.0039655352011322975 -0.08694879710674286 -0.020301086828112602 0.9959980845451355
16.0549471163522 0.2986893653869629 -0.06773854792118073 -0.018402542918920517 0.005610844120383263 -0.0900932252407074 -0.023449711501598358 0.9956414699554443
16.1049641163522 0.2913680374622345 -0.07137768715620041 -0.013794099912047386 0.007056014146655798 -0.09396155923604965 -0.02612108737230301 0.9952080845832825
16.1549821163522 0.2819446921348572 -0.0763079896569252 -0.008063115179538727 0.007636642083525658 -0.09702397882938385 -0.028086453676223755 0.9948563575744629
16.2049991163522 0.2699761390686035 -0.07738249748945236 -0.003720998764038086 0.00947179738432169 -0.10226652026176453 -0.03061540238559246 0.9942407011985779
16.255016116352202 0.2573685050010681 -0.08074082434177399 0.00200308533385396 0.009810620918869972 -0.10738969594240189 -0.032752130180597305 0.993628978729248
16.3050331163522 0.2460532933473587 -0.0841546431183815 0.00447429995983839 0.010389047674834728 -0.11181788891553879 -0.03341422230005264 0.9931125044822693
16.3550511163522 0.23075303435325623 -0.08856556564569473 0.009050281718373299 0.010480247437953949 -0.11458073556423187 -0.034333933144807816 0.9927651882171631
16.4050681163522 0.21369236707687378 -0.0890921875834465 0.01319145131856203 0.011377355083823204 -0.1149233803153038 -0.034964777529239655 0.9926936626434326
16.4550851163522 0.19704791903495789 -0.09289765357971191 0.021205224096775055 0.011310371570289135 -0.11389075219631195 -0.03479146212339401 0.9928194880485535
16.5051021163522 0.17837002873420715 -0.09831041842699051 0.026790862902998924 0.010291318409144878 -0.11202257126569748 -0.031964246183633804 0.9931381344795227
16.5551201163522 0.16479775309562683 -0.10207954049110413 0.0314406082034111 0.010110845789313316 -0.11210235208272934 -0.028578169643878937 0.9932342171669006
16.6051371163522 0.14911791682243347 -0.10273701697587967 0.03620654717087746 0.011402691714465618 -0.11213088780641556 -0.024454982951283455 0.9933270812034607
16.6551541163522 0.13519033789634705 -0.10088551044464111 0.038547661155462265 0.012700678780674934 -0.11354275792837143 -0.022148534655570984 0.9932050704956055
16.7051711163522 0.11838855594396591 -0.10173120349645615 0.04022876173257828 0.013359402306377888 -0.11263248324394226 -0.019665414467453957 0.9933522939682007
16.7551881163522 0.10852426290512085 -0.10457812994718552 0.04225185140967369 0.011585340835154057 -0.1119367927312851 -0.01533262524753809 0.9935294985771179
16.8052061163522 0.09898915886878967 -0.09613240510225296 0.04024465009570122 0.014030036516487598 -0.11263173073530197 -0.014712372794747353 0.9934288859367371
16.8552231163522 0.09411042183637619 -0.09296222776174545 0.040220748633146286 0.011397642083466053 -0.11441785842180252 -0.013824193738400936 0.9932711720466614
16.9052401163522 0.08674268424510956 -0.08348366618156433 0.036267176270484924 0.010713554918766022 -0.11301568895578384 -0.0142037533223629 0.993433952331543
16.9552571163522 0.08148636668920517 -0.07512281835079193 0.034394145011901855 0.006401374936103821 -0.11306194216012955 -0.01665686070919037 0.9934276938438416
17.005275116352202 0.07791072130203247 -0.06671788543462753 0.030444132164120674 -0.00027689331909641623 -0.11320339143276215 -0.0187100600451231 0.9933956861495972
17.055292116352202 0.07261679321527481 -0.05364159494638443 0.02485637739300728 -0.0065783727914094925 -0.11313752830028534 -0.021201828494668007 0.9933313727378845
17.1053091163522 0.07033936679363251 -0.03736808896064758 0.020500576123595238 -0.012532519176602364 -0.11354998499155045 -0.019599493592977524 0.9932599067687988
17.1553261163522 0.071090467274189 -0.024122687056660652 0.012195524759590626 -0.018098730593919754 -0.11447124928236008 -0.01868789829313755 0.9930858612060547
17.2053441163522 0.074788898229599 -0.009207924827933311 0.004375686403363943 -0.023136073723435402 -0.11390096694231033 -0.01599021442234516 0.9930939674377441
17.2553611163522 0.07993865758180618 0.0032129506580531597 -0.005947422236204147 -0.030176540836691856 -0.11195912957191467 -0.013145895674824715 0.993167519569397
17.305378116352202 0.08754682540893555 0.01989895850419998 -0.015984535217285156 -0.03507813438773155 -0.10716836154460907 -0.009681821800768375 0.9935747385025024
17.355395116352202 0.09694074094295502 0.031029004603624344 -0.025829484686255455 -0.04182150214910507 -0.09925685822963715 -0.0036464016884565353 0.994175910949707
17.4054131163522 0.10877392441034317 0.03982420265674591 -0.037967171519994736 -0.04662947729229927 -0.0920056477189064 0.0032955119386315346 0.9946606755256653
17.4554301163522 0.12064222246408463 0.04520544037222862 -0.04666529968380928 -0.05102015659213066 -0.08304798603057861 0.011025586165487766 0.9951776266098022
17.5054471163522 0.13690802454948425 0.04860710725188255 -0.05387488752603531 -0.05297338217496872 -0.07280128449201584 0.017199313268065453 0.9957901835441589
17.5554641163522 0.15255622565746307 0.04916613548994064 -0.06438103318214417 -0.052518803626298904 -0.05951930582523346 0.02260720171034336 0.9965882897377014
17.605481116352202 0.16839146614074707 0.048239484429359436 -0.07414353638887405 -0.05078612640500069 -0.048712607473134995 0.027504347264766693 0.9971416592597961
17.6554991163522 0.18346121907234192 0.048137251287698746 -0.08232951164245605 -0.04813680797815323 -0.03690679371356964 0.031884320080280304 0.9976493120193481
17.7055161163522 0.1987503319978714 0.04422832652926445 -0.08439599722623825 -0.04712740704417229 -0.024057405069470406 0.034287355840206146 0.9980103373527527
17.7555331163522 0.21301546692848206 0.038553692400455475 -0.08927754312753677 -0.044910576194524765 -0.013581897132098675 0.03537973016500473 0.9982719421386719
17.8055501163522 0.224551260471344 0.034122973680496216 -0.0912608876824379 -0.04255498945713043 -0.0032416237518191338 0.03646126016974449 0.9984233975410461
17.8555681163522 0.23632144927978516 0.02728796750307083 -0.0935782715678215 -0.04009827598929405 0.0034581823274493217 0.03758082166314125 0.9984828233718872
17.9055851163522 0.24617891013622284 0.014589594677090645 -0.09335585683584213 -0.03842158988118172 0.010026796720921993 0.037304528057575226 0.998514711856842
17.9556021163522 0.2497381716966629 0.009784448891878128 -0.08824221789836884 -0.0332547128200531 0.016702836379408836 0.03793545439839363 0.9985870718955994
18.0056191163522 0.2570420205593109 -0.001689792494289577 -0.08383464068174362 -0.029567735269665718 0.021181276068091393 0.03749126195907593 0.9986348152160645
18.0556371163522 0.25626933574676514 -0.00935221929103136 -0.07488484680652618 -0.024874383583664894 0.027711261063814163 0.037798989564180374 0.9985913038253784
18.105654116352202 0.2547715902328491 -0.02048342674970627 -0.06509053707122803 -0.021775884553790092 0.030553463846445084 0.03712993860244751 0.9986059069633484
18.1556711163522 0.25252753496170044 -0.032555676996707916 -0.051014602184295654 -0.020528312772512436 0.03294413909316063 0.03568335250020027 0.9986090660095215
18.2056881163522 0.24686093628406525 -0.03638281300663948 -0.03493703529238701 -0.016527244821190834 0.03312722593545914 0.035537686198949814 0.99868243932724
18.2557051163522 0.23800739645957947 -0.05216725915670395 -0.018252111971378326 -0.018846092745661736 0.03532304987311363 0.033460356295108795 0.998637855052948
18.3057231163522 0.23026786744594574 -0.06226063147187233 -0.0013112369924783707 -0.018346112221479416 0.03601417690515518 0.03330355882644653 0.9986277222633362
18.3557401163522 0.22292962670326233 -0.07608482986688614 0.017098840326070786 -0.019559215754270554 0.03650235757231712 0.03312778100371361 0.9985928535461426
18.405757116352202 0.21619248390197754 -0.08583886921405792 0.03172425180673599 -0.01879691891372204 0.03684430196881294 0.034876223653554916 0.9985353350639343
18.4557741163522 0.20791082084178925 -0.0970933586359024 0.05017029121518135 -0.017596086487174034 0.03748948127031326 0.03797030448913574 0.9984204173088074
18.5057921163522 0.19791749119758606 -0.10709811002016068 0.06763563305139542 -0.015625514090061188 0.039742790162563324 0.03886384516954422 0.998331606388092
18.5558091163522 0.19006431102752686 -0.1160275936126709 0.08277037739753723 -0.013780791312456131 0.038857296109199524 0.04134081304073334 0.9982941150665283
18.6058261163522 0.17942075431346893 -0.12398336827754974 0.09608130902051926 -0.0122274374589324 0.03898584097623825 0.04164006933569908 0.9982969164848328
18.6558431163522 0.16552355885505676 -0.12851256132125854 0.10875467956066132 -0.010557126253843307 0.038247399032115936 0.04214654117822647 0.9983233213424683
18.7058611163522 0.1548006683588028 -0.1344274878501892 0.12035483866930008 -0.010202206671237946 0.035192135721445084 0.04123446345329285 0.9984773993492126
18.7558781163522 0.14130595326423645 -0.1357189118862152 0.12749026715755463 -0.008755786344408989 0.03298328071832657 0.03909926488995552 0.998652458190918
18.8058951163522 0.12663014233112335 -0.1395234614610672 0.13657961785793304 -0.009992089122533798 0.029767807573080063 0.03737441450357437 0.998807966709137
18.8559121163522 0.11194571852684021 -0.13960975408554077 0.14145296812057495 -0.009835106320679188 0.027162717655301094 0.03639286756515503 0.9989199638366699
18.905930116352202 0.09603006392717361 -0.14247211813926697 0.14529240131378174 -0.011532510630786419 0.02266763336956501 0.03522007539868355 0.9990559816360474
18.9559471163522 0.08060915768146515 -0.14472253620624542 0.14792656898498535 -0.013865504413843155 0.020355911925435066 0.034304190427064896 0.9991079568862915
19.0059641163522 0.06373833119869232 -0.14279302954673767 0.14963044226169586 -0.013332738541066647 0.015060370787978172 0.03243668004870415 0.9992713928222656
19.0559811163522 0.04507249593734741 -0.14312973618507385 0.14961908757686615 -0.01296576950699091 0.011122833006083965 0.03130526840686798 0.999363899230957
19.1059981163522 0.027071138843894005 -0.14357590675354004 0.14640383422374725 -0.011504585854709148 0.0038202323485165834 0.028407182544469833 0.9995229840278625
19.156016116352202 0.006579028442502022 -0.14234189689159393 0.14292259514331818 -0.009832066483795643 -0.0035822244826704264 0.026273973286151886 0.9996000528335571
19.206033116352202 -0.013383500277996063 -0.14036838710308075 0.13920198380947113 -0.008228723891079426 -0.010143117979168892 0.02198070101439953 0.9996731281280518
19.2560501163522 -0.03604040667414665 -0.13875503838062286 0.13462840020656586 -0.008005709387362003 -0.01717432215809822 0.01755869947373867 0.9996662735939026
19.3060671163522 -0.05685899406671524 -0.13664083182811737 0.12946367263793945 -0.008422396145761013 -0.025145314633846283 0.014640364795923233 0.9995411038398743
19.3560851163522 -0.07481332868337631 -0.13331755995750427 0.1268807202577591 -0.009222359396517277 -0.031167401000857353 0.011889136396348476 0.9994009733200073
19.4061021163522 -0.09270668029785156 -0.1304011046886444 0.12219139188528061 -0.010077344253659248 -0.03627830743789673 0.011636648327112198 0.9992232322692871
19.456119116352202 -0.10855894535779953 -0.12928009033203125 0.11869511753320694 -0.011316701769828796 -0.0418105311691761 0.012671622447669506 0.9989811182022095
19.506136116352202 -0.12334932386875153 -0.1265091598033905 0.11631480604410172 -0.011356133036315441 -0.048159513622522354 0.015398385934531689 0.9986564517021179
19.5561541163522 -0.13688869774341583 -0.12673132121562958 0.11560740321874619 -0.011462983675301075 -0.04952481389045715 0.019392842426896095 0.9985188245773315
19.6061711163522 -0.1467757374048233 -0.12669818103313446 0.11628486216068268 -0.010210312902927399 -0.04562478885054588 0.0226610004901886 0.9986494779586792
19.6561881163522 -0.14835846424102783 -0.12318143993616104 0.11900786310434341 -0.006576429586857557 -0.04259702190756798 0.02763204462826252 0.9986885786056519
19.7062051163522 -0.15257830917835236 -0.12128905951976776 0.1178024411201477 -0.0024476477410644293 -0.036868102848529816 0.030824854969978333 0.9988416433334351
19.756222116352202 -0.15704238414764404 -0.12197710573673248 0.11659082770347595 -0.0007147516589611769 -0.028229672461748123 0.0332503505051136 0.999048113822937
19.8062401163522 -0.1573093980550766 -0.12115900963544846 0.11442958563566208 0.0010058974148705602 -0.02051255851984024 0.03490224853157997 0.9991797208786011
19.8562571163522 -0.15443859994411469 -0.1225215345621109 0.11603537201881409 0.00012992664414923638 -0.009169851429760456 0.03570080175995827 0.9993204474449158
19.9062741163522 -0.14887414872646332 -0.12188117206096649 0.11539499461650848 -0.00015310115122701973 -0.000332343828631565 0.036586593836545944 0.999330461025238
19.9562911163522 -0.14135250449180603 -0.11674903333187103 0.11429259181022644 0.001072461367584765 0.006994988303631544 0.038759492337703705 0.9992235898971558
20.0063091163522 -0.13465724885463715 -0.11857481300830841 0.11034374684095383 -0.0012800167314708233 0.013648158870637417 0.04149346426129341 0.9990447759628296
20.0563261163522 -0.12273285537958145 -0.1156759262084961 0.11034802347421646 -0.0029952693730592728 0.01962997578084469 0.044102203100919724 0.99882972240448
20.1063431163522 -0.10912150144577026 -0.11329206079244614 0.11047079414129257 -0.004074822645634413 0.02468354068696499 0.04695317894220352 0.9985837340354919
20.1563601163522 -0.0970989465713501 -0.10950399190187454 0.10720091313123703 -0.004188823979347944 0.027386287227272987 0.04822709783911705 0.9984521269798279
20.2063781163522 -0.08184780180454254 -0.10652635991573334 0.10322629660367966 -0.004331487230956554 0.026814937591552734 0.04807719960808754 0.9984742999076843
20.256395116352202 -0.06800615787506104 -0.0982719361782074 0.0991978645324707 -0.0014302183408290148 0.02383274771273136 0.04623984545469284 0.9986450672149658
20.3064121163522 -0.05179218575358391 -0.09507933259010315 0.09282884746789932 -0.0005329605774022639 0.01964740641415119 0.046144720166921616 0.9987414479255676
20.3564291163522 -0.03331785649061203 -0.0965694859623909 0.0852755457162857 -0.002808248158544302 0.01246859971433878 0.04479742795228958 0.9989143013954163
20.4064471163522 -0.015736466273665428 -0.09038940817117691 0.0801606997847557 -0.0017432025633752346 0.007003014907240868 0.04020655155181885 0.9991653561592102
20.4564641163522 0.0050514754839241505 -0.08615198731422424 0.07562360912561417 -0.003475447650998831 -0.0024436363019049168 0.03499831259250641 0.9993783831596375
20.5064811163522 0.022739509120583534 -0.08439536392688751 0.0708368793129921 -0.006220759823918343 -0.010541644878685474 0.02703285962343216 0.9995596408843994
20.556498116352202 0.042315129190683365 -0.08243943750858307 0.06069390848278999 -0.009138808585703373 -0.01658385992050171 0.017455266788601875 0.9996683597564697
20.6065151163522 0.06454336643218994 -0.07947206497192383 0.05160254240036011 -0.011289880611002445 -0.026227356866002083 0.007981982082128525 0.9995604157447815
20.6565331163522 0.08277838677167892 -0.07750478386878967 0.0431411936879158 -0.014179498888552189 -0.030422573909163475 -0.0011450938181951642 0.9994359016418457
20.7065501163522 0.10469073802232742 -0.07300952821969986 0.03474690392613411 -0.01583857648074627 -0.04031307250261307 -0.008493933826684952 0.9990254640579224
20.7565671163522 0.12240014225244522 -0.07220455259084702 0.02918809838593006 -0.01993524096906185 -0.04519379511475563 -0.014994360506534576 0.9986668229103088
20.8065841163522 0.14428317546844482 -0.07060599327087402 0.02306576818227768 -0.02352081425487995 -0.04839915782213211 -0.0207233764231205 0.9983360767364502
20.8566021163522 0.16459661722183228 -0.06940459460020065 0.018549256026744843 -0.026227887719869614 -0.04830067232251167 -0.02394050359725952 0.9982013702392578
20.9066191163522 0.18493914604187012 -0.07013049721717834 0.01704532280564308 -0.028846414759755135 -0.04650646448135376 -0.02453615702688694 0.9981999397277832
20.9566361163522 0.20649948716163635 -0.06321505457162857 0.010898958891630173 -0.02553611434996128 -0.04532797634601593 -0.021994268521666527 0.9984035491943359
21.0066531163522 0.22714492678642273 -0.0638752356171608 0.012894063256680965 -0.02402127906680107 -0.04340521618723869 -0.017742760479450226 0.9986111521720886
21.056671116352202 0.2464732825756073 -0.06581076979637146 0.015236769802868366 -0.022776875644922256 -0.04155312106013298 -0.013243437744677067 0.9987888336181641
21.1066881163522 0.26761099696159363 -0.06783004105091095 0.019392812624573708 -0.022765005007386208 -0.040636032819747925 -0.0074853915721178055 0.9988866448402405
21.1567051163522 0.284687340259552 -0.06652121245861053 0.023743297904729843 -0.02299373224377632 -0.03959587588906288 -0.002720516873523593 0.9989475011825562
21.2067221163522 0.3009684681892395 -0.07016217708587646 0.030970336869359016 -0.027444465085864067 -0.03920663893222809 0.0009678397327661514 0.9988537430763245
21.2567391163522 0.3126709759235382 -0.07576540857553482 0.03931717202067375 -0.032886143773794174 -0.03789015859365463 0.0007487754919566214 0.9987403750419617
21.306757116352202 0.32486483454704285 -0.07587146013975143 0.047841399908065796 -0.034918591380119324 -0.03686005249619484 0.001347231911495328 0.9987093210220337
21.356774116352202 0.3381643295288086 -0.07716809958219528 0.05592770501971245 -0.034116413444280624 -0.03626204654574394 -0.0009738773806020617 0.9987593293190002
21.4067911163522 0.3419604003429413 -0.08397956192493439 0.0647331103682518 -0.035391416400671005 -0.03594719246029854 -0.004355072509497404 0.9987173080444336
21.4568081163522 0.3433122932910919 -0.08674009889364243 0.07472005486488342 -0.034530770033597946 -0.03733286261558533 -0.006172502413392067 0.9986870884895325
21.5068261163522 0.34460511803627014 -0.08951056003570557 0.08367371559143066 -0.03312639519572258 -0.04074951633810997 -0.008832380175590515 0.998581051826477
21.5568431163522 0.3430227041244507 -0.08985930681228638 0.08931875228881836 -0.03109048679471016 -0.04476149007678032 -0.010253003798425198 0.998461127281189
21.606860116352202 0.34647896885871887 -0.0925406813621521 0.09056714177131653 -0.02929847687482834 -0.051235754042863846 -0.01237989217042923 0.9981800317764282
21.656877116352202 0.33952629566192627 -0.09035535901784897 0.09201011061668396 -0.02726508490741253 -0.05745090916752815 -0.01446620374917984 0.9978711605072021
21.7068951163522 0.33360376954078674 -0.09196054190397263 0.09075141698122025 -0.02703806944191456 -0.06302770972251892 -0.01564096473157406 0.9975228905677795
21.7569121163522 0.3269861042499542 -0.0922132283449173 0.09079138189554214 -0.026011843234300613 -0.06999903172254562 -0.018469057977199554 0.997036874294281
21.8069291163522 0.313994824886322 -0.0921824723482132 0.08898375183343887 -0.02687920443713665 -0.07613782584667206 -0.021815340965986252 0.9964962005615234
21.8569461163522 0.30149123072624207 -0.09127608686685562 0.08050686120986938 -0.027605732902884483 -0.08304556459188461 -0.026701604947447777 0.9958053827285767
21.9069641163522 0.28626060485839844 -0.09534867852926254 0.07487209886312485 -0.031838640570640564 -0.09094513207674026 -0.03144083917140961 0.9948500990867615
21.9569811163522 0.27122652530670166 -0.08174280822277069 0.07375182956457138 -0.028934549540281296 -0.09589777141809464 -0.03335217759013176 0.9944114685058594
22.0069981163522 0.2596023678779602 -0.077093705534935 0.06452182680368423 -0.027857104316353798 -0.10349457710981369 -0.034807704389095306 0.9936303496360779
22.0570151163522 0.24430225789546967 -0.07256732136011124 0.056171078234910965 -0.027387432754039764 -0.10839880257844925 -0.036012645810842514 0.9930773973464966
22.1070321163522 0.22980734705924988 -0.0650518462061882 0.04396457225084305 -0.024541456252336502 -0.11265457421541214 -0.037969350814819336 0.9926052093505859
22.1570501163522 0.21582047641277313 -0.06109779328107834 0.033215008676052094 -0.025026729330420494 -0.11768364161252975 -0.03859749436378479 0.9919851422309875
22.2070671163522 0.202631413936615 -0.05705930292606354 0.024915246292948723 -0.02489607222378254 -0.12044815719127655 -0.03548239544034004 0.9917728304862976
22.2570841163522 0.1903540939092636 -0.050249259918928146 0.017937185242772102 -0.023147456347942352 -0.12407077848911285 -0.032680023461580276 0.9914649128913879
22.3071011163522 0.17887794971466064 -0.04618735611438751 0.010916242375969887 -0.02238934300839901 -0.12668758630752563 -0.028497956693172455 0.9912804365158081
22.3571191163522 0.17006729543209076 -0.04256853461265564 0.002721131080761552 -0.01978372037410736 -0.12867653369903564 -0.024996470659971237 0.9911741018295288
22.407136116352202 0.1604241132736206 -0.03902285918593407 -2.1350104361772537e-05 -0.017580179497599602 -0.13056375086307526 -0.018515286967158318 0.991111159324646
22.4571531163522 0.15404623746871948 -0.038287900388240814 -0.0057062022387981415 -0.015887748450040817 -0.1319497972726822 -0.012888042256236076 0.9910452961921692
22.5071701163522 0.14561089873313904 -0.04242945834994316 -0.011727193370461464 -0.016201812773942947 -0.1313266009092331 -0.009794235229492188 0.9911583662033081
22.5571881163522 0.1320081651210785 -0.043164338916540146 -0.014532775618135929 -0.01801399700343609 -0.13167305290699005 -0.00791222508996725 0.9910979270935059
22.6072051163522 0.12268822640180588 -0.03547361120581627 -0.014763223007321358 -0.01668045111000538 -0.1320032924413681 -0.0072648110799491405 0.9910823106765747
22.6572221163522 0.12340299040079117 -0.041618455201387405 -0.017021559178829193 -0.0206939484924078 -0.13424666225910187 -0.005427181720733643 0.9907170534133911
22.707239116352202 0.11463174223899841 -0.037324026226997375 -0.01705978810787201 -0.020761976018548012 -0.13413091003894806 -0.006992884445935488 0.9907214641571045
22.7572561163522 0.1103600263595581 -0.04015121981501579 -0.013344541192054749 -0.02223808504641056 -0.13439732789993286 -0.0053927102126181126 0.9906632900238037
22.8072741163522 0.1034160703420639 -0.04008340463042259 -0.007959658280014992 -0.02164417691528797 -0.1351739913225174 -0.0015145621728152037 0.9905843138694763
22.8572911163522 0.09648426622152328 -0.047110557556152344 -0.008718852885067463 -0.022339768707752228 -0.132071852684021 0.00220302096568048 0.9909859895706177
22.9073081163522 0.08356717228889465 -0.048422783613204956 -0.0030530993826687336 -0.019450513646006584 -0.1271471381187439 0.005786296911537647 0.9916763305664062
22.9573251163522 0.08064770698547363 -0.04997183009982109 -0.0007313152309507132 -0.01738506741821766 -0.1226344108581543 0.010700574144721031 0.9922419190406799
23.0073431163522 0.07409820705652237 -0.04977148026227951 0.0009693691972643137 -0.01436934806406498 -0.1131974458694458 0.014971490018069744 0.9933557510375977
23.0573601163522 0.06401420384645462 -0.05450461432337761 0.00519239017739892 -0.014309383928775787 -0.10582853108644485 0.020429702475667 0.9940715432167053
23.1073771163522 0.06796342879533768 -0.0553818941116333 0.005749148316681385 -0.0132141700014472 -0.09782693535089493 0.023029884323477745 0.9948492050170898
23.1573941163522 0.06633007526397705 -0.05968434363603592 0.008910027332603931 -0.01469970028847456 -0.08737897127866745 0.024408813565969467 0.9957675933837891
23.207412116352202 0.07214857637882233 -0.05868746340274811 0.010190064087510109 -0.014180194586515427 -0.07889408618211746 0.025885360315442085 0.9964459538459778
23.2574291163522 0.07622912526130676 -0.057098761200904846 0.011679807677865028 -0.013844093307852745 -0.06640321761369705 0.023799298331141472 0.9974129796028137
23.3074461163522 0.08511065691709518 -0.06072038412094116 0.012018171139061451 -0.015773344784975052 -0.060437146574258804 0.023607945069670677 0.9977681040763855
23.3574631163522 0.09312674403190613 -0.061112914234399796 0.012272839434444904 -0.017276179045438766 -0.05347805097699165 0.022685835137963295 0.998161792755127
23.4074811163522 0.10579507797956467 -0.06543538719415665 0.014255652204155922 -0.020532840862870216 -0.05384429916739464 0.022313332185149193 0.9980888962745667
23.457498116352202 0.11159460991621017 -0.060089122503995895 0.016763757914304733 -0.019160186871886253 -0.05028022080659866 0.01901601441204548 0.9983702898025513
23.507515116352202 0.12605267763137817 -0.0693894699215889 0.018712688237428665 -0.021943308413028717 -0.0521589070558548 0.016857007518410683 0.9982554316520691
23.5575321163522 0.13043561577796936 -0.06836691498756409 0.017046546563506126 -0.020884262397885323 -0.05501902848482132 0.010914375074207783 0.9982072710990906
23.6075491163522 0.1472206860780716 -0.07051218301057816 0.013669123873114586 -0.020756147801876068 -0.057295456528663635 0.005930251907557249 0.9981239438056946
23.6575671163522 0.16020002961158752 -0.0698716789484024 0.012054362334311008 -0.020492995157837868 -0.057318802922964096 0.0009325722348876297 0.9981451630592346
23.7075841163522 0.17931027710437775 -0.07198358327150345 0.011704226955771446 -0.021844759583473206 -0.05852523446083069 -0.0023213287349790335 0.9980442523956299
23.757601116352202 0.1955222487449646 -0.06334008276462555 0.010621718131005764 -0.019534334540367126 -0.06015099585056305 -0.006179774180054665 0.9979789853096008
23.807618116352202 0.21113039553165436 -0.07397741079330444 0.009551499038934708 -0.023635074496269226 -0.06045634299516678 -0.0062455059960484505 0.997871458530426
23.8576361163522 0.22866980731487274 -0.07238281518220901 0.007673613727092743 -0.022752735763788223 -0.05959354341030121 -0.008065689355134964 0.9979308843612671
23.9076531163522 0.24591371417045593 -0.06837700307369232 0.0055712307803332806 -0.020898256450891495 -0.05925342068076134 -0.00799386203289032 0.9979921579360962
23.9576701163522 0.2543869912624359 -0.07046644389629364 0.004462466109544039 -0.021060485392808914 -0.05556587502360344 -0.009315146133303642 0.9981894493103027
24.0076871163522 0.2694322466850281 -0.06410284340381622 0.001882744487375021 -0.018605677410960197 -0.0541609488427639 -0.007656400557607412 0.9983295798301697
24.0577051163522 0.2810262441635132 -0.06384932994842529 -0.0023958308156579733 -0.0183976162225008 -0.05326008051633835 -0.004852523561567068 0.9983994364738464
24.1077221163522 0.2877981662750244 -0.05998016893863678 -0.003261758014559746 -0.016857780516147614 -0.049838077276945114 -0.002397479023784399 0.9986121654510498
24.1577391163522 0.29742002487182617 -0.06411150097846985 -0.0034088485408574343 -0.019239729270339012 -0.04914798215031624 0.0028463162016123533 0.9986021518707275
24.2077561163522 0.30412566661834717 -0.059019237756729126 -0.0056960247457027435 -0.01788974553346634 -0.047945696860551834 0.0055078123696148396 0.9986746311187744
24.2577731163522 0.30934974551200867 -0.059313565492630005 -0.003771020332351327 -0.02027779445052147 -0.046887390315532684 0.008530756458640099 0.9986579418182373
24.3077911163522 0.3042570650577545 -0.05620164796710014 -0.007564336061477661 -0.020611030980944633 -0.04639597237110138 0.011732197366654873 0.9986416101455688
24.3578081163522 0.302028089761734 -0.054779622703790665 -0.013088380917906761 -0.022330395877361298 -0.04716706648468971 0.011665087193250656 0.9985693097114563
24.4078251163522 0.2966997027397156 -0.05383124575018883 -0.015743711963295937 -0.023896697908639908 -0.04826585203409195 0.014213839545845985 0.9984474778175354
24.4578421163522 0.2964545786380768 -0.050926052033901215 -0.018142830580472946 -0.024238653481006622 -0.052359554916620255 0.0163510013371706 0.9982002377510071
24.5078601163522 0.2933512330055237 -0.048857152462005615 -0.020049093291163445 -0.02571725659072399 -0.05427488684654236 0.01850316673517227 0.9980233311653137
24.557877116352202 0.28119805455207825 -0.04498184099793434 -0.021832739934325218 -0.025669077411293983 -0.055065445601940155 0.02002566121518612 0.997951865196228
24.6078941163522 0.2736132740974426 -0.04492389038205147 -0.029011966660618782 -0.02476530522108078 -0.053888171911239624 0.020048905164003372 0.9980384707450867
24.6579111163522 0.26292240619659424 -0.04696652293205261 -0.02919105626642704 -0.023840688169002533 -0.05505885183811188 0.020196808502078056 0.9979941248893738
24.7079291163522 0.2567315995693207 -0.05100785195827484 -0.034326616674661636 -0.021629631519317627 -0.05790489912033081 0.01930844783782959 0.9979010224342346
24.7579461163522 0.2464464008808136 -0.05243729427456856 -0.03629864752292633 -0.017117835581302643 -0.0563456192612648 0.019869640469551086 0.9980668425559998
24.8079631163522 0.23597605526447296 -0.05610302835702896 -0.046774722635746 -0.013458899222314358 -0.05463884770870209 0.018890371546149254 0.9982367753982544
24.857980116352202 0.2261262834072113 -0.05373892933130264 -0.052976541221141815 -0.007679484318941832 -0.04973114654421806 0.01829279027879238 0.9985655546188354
24.9079981163522 0.2187076359987259 -0.05203929916024208 -0.05896567553281784 -0.0017786764074116945 -0.04609660431742668 0.018660245463252068 0.9987611174583435
24.9580151163522 0.2055516391992569 -0.053809333592653275 -0.06006031110882759 0.004527213517576456 -0.03981107100844383 0.018527913838624954 0.9990252256393433
25.0080321163522 0.18931670486927032 -0.05700093135237694 -0.06647569686174393 0.008741740137338638 -0.032919660210609436 0.016796845942735672 0.9992786645889282
25.0580491163522 0.17295747995376587 -0.059937432408332825 -0.07419472187757492 0.012152697890996933 -0.027882371097803116 0.015363533981144428 0.9994192719459534
25.1080661163522 0.16802702844142914 -0.06026878207921982 -0.07825925201177597 0.014478142373263836 -0.02870893105864525 0.013987281359732151 0.9993851780891418
25.1580841163522 0.14994655549526215 -0.06343483179807663 -0.07768956571817398 0.012168106622993946 -0.027814924716949463 0.012763626873493195 0.9994575381278992
25.2081011163522 0.14102329313755035 -0.06253249198198318 -0.07800161838531494 0.011895503848791122 -0.028704650700092316 0.01244545541703701 0.9994396567344666
25.2581181163522 0.12281518429517746 -0.05835466831922531 -0.07908668369054794 0.012375013902783394 -0.027957923710346222 0.010889865458011627 0.9994732141494751
25.3081351163522 0.10737738758325577 -0.06018773466348648 -0.08017617464065552 0.010188139975070953 -0.028163835406303406 0.011282292194664478 0.9994877576828003
25.358153116352202 0.09048100560903549 -0.06634438782930374 -0.08208221197128296 0.006456809118390083 -0.03042144887149334 0.011811096221208572 0.9994465708732605
25.4081701163522 0.07655120640993118 -0.06531891971826553 -0.08195860683917999 0.005571756511926651 -0.033731456845998764 0.012207569554448128 0.9993408918380737
25.4581871163522 0.06590064615011215 -0.06558680534362793 -0.07966528832912445 0.004137182142585516 -0.0366663858294487 0.012407046742737293 0.9992420077323914
25.5082041163522 0.057936038821935654 -0.06087959185242653 -0.07812117040157318 0.005330775398761034 -0.042024049907922745 0.013004953041672707 0.9990177750587463
25.5582221163522 0.04736766964197159 -0.05969929322600365 -0.07751141488552094 0.005792047828435898 -0.04632100090384483 0.012326334603130817 0.9988337755203247
25.608239116352202 0.03754477947950363 -0.05999366194009781 -0.07481684535741806 0.0058989496901631355 -0.05271640419960022 0.011150256730616093 0.998529851436615
25.658256116352202 0.031084271147847176 -0.061357345432043076 -0.07283574342727661 0.007038707844913006 -0.060283295810222626 0.008902089670300484 0.9981168508529663
25.7082731163522 0.02252819947898388 -0.062366191297769547 -0.07137910276651382 0.008893605321645737 -0.06566807627677917 0.007490028627216816 0.9977738261222839
25.7582901163522 0.018503302708268166 -0.06799398362636566 -0.06773453950881958 0.009543001651763916 -0.07099546492099762 0.004901656415313482 0.9974189400672913
25.8083081163522 0.012951369397342205 -0.07208698987960815 -0.06080492213368416 0.010770977474749088 -0.07135824859142303 0.0027490267530083656 0.9973888993263245
25.8583251163522 0.008538704365491867 -0.070827916264534 -0.05624000355601311 0.013826929032802582 -0.07279501110315323 0.0011925812577828765 0.9972503781318665
25.908342116352202 0.005144175607711077 -0.07906127721071243 -0.051399488002061844 0.01341117825359106 -0.07364438474178314 8.881257235771045e-05 0.9971944093704224
25.958359116352202 0.0031888578087091446 -0.07298217713832855 -0.04591035842895508 0.017598528414964676 -0.0762045606970787 -0.00044585554860532284 0.9969368577003479
26.0083771163522 0.012119162827730179 -0.08587837964296341 -0.03853363171219826 0.014083486050367355 -0.08084885776042938 -0.0005422934191301465 0.9966267347335815
26.0583941163522 0.01503436267375946 -0.08869156986474991 -0.019818982109427452 0.014133923687040806 -0.0820055678486824 -8.099613478407264e-05 0.9965317249298096
26.1084111163522 0.015358490869402885 -0.09377322345972061 -0.012988578528165817 0.011944612488150597 -0.08269694447517395 -0.00018668179109226912 0.9965031743049622
26.1584281163522 0.019522227346897125 -0.0940740630030632 -0.0031403610482811928 0.012097176164388657 -0.07969336211681366 0.0003256634809076786 0.9967460036277771
26.2084461163522 0.031946051865816116 -0.09465255588293076 0.008776533417403698 0.011833411641418934 -0.0757870003581047 0.001163496752269566 0.9970531463623047
26.2584631163522 0.04444338381290436 -0.09740960597991943 0.018901459872722626 0.01076742634177208 -0.06837140023708344 0.004511834122240543 0.9975916743278503
26.3084801163522 0.05499708279967308 -0.10062815248966217 0.027105145156383514 0.010227573104202747 -0.05787217244505882 0.0067133111879229546 0.9982490539550781
26.3584971163522 0.06494415551424026 -0.10520029067993164 0.03704233467578888 0.009421128779649734 -0.045932065695524216 0.010851448401808739 0.9988412261009216
26.408515116352202 0.0879843533039093 -0.10436474531888962 0.044409845024347305 0.011172543279826641 -0.034167591482400894 0.015548260882496834 0.9992327094078064
26.4585321163522 0.10269859433174133 -0.10877402871847153 0.0515640489757061 0.010865827091038227 -0.02077396772801876 0.019317103549838066 0.9995385408401489
26.5085491163522 0.11844012141227722 -0.1127375066280365 0.05955856293439865 0.010305467061698437 -0.008305058814585209 0.023704780265688896 0.9996314644813538
26.5585661163522 0.13338911533355713 -0.11837495118379593 0.06362874060869217 0.009612126275897026 0.0040989103727042675 0.027509981766343117 0.9995669722557068
26.6085831163522 0.14801399409770966 -0.1230425164103508 0.06941261142492294 0.00865314994007349 0.01731937751173973 0.030106864869594574 0.9993591904640198
26.6586011163522 0.15843959152698517 -0.12586969137191772 0.0737769827246666 0.00878311786800623 0.02967049367725849 0.031717296689748764 0.9990178346633911
26.708618116352202 0.16871291399002075 -0.1307823359966278 0.0772337019443512 0.009351580403745174 0.039218638092279434 0.034122515469789505 0.9986041188240051
26.7586351163522 0.17609722912311554 -0.1361912488937378 0.08481992781162262 0.010172810405492783 0.04965721443295479 0.03572448715567589 0.9980754256248474
26.8086521163522 0.18410658836364746 -0.13960148394107819 0.0852411612868309 0.01250541117042303 0.06069530174136162 0.0379171296954155 0.9973574876785278
26.8586701163522 0.18716292083263397 -0.14726905524730682 0.09123395383358002 0.012629862874746323 0.0720655769109726 0.0412604920566082 0.9964661002159119
26.9086871163522 0.1938702017068863 -0.15114709734916687 0.09485473483800888 0.014358675107359886 0.08183473348617554 0.044898804277181625 0.9955305457115173
26.9587041163522 0.1944139301776886 -0.15720930695533752 0.1012873575091362 0.014057200402021408 0.09372305870056152 0.04775810241699219 0.9943528175354004
27.008721116352202 0.19477912783622742 -0.15957407653331757 0.10765530169010162 0.015165050514042377 0.10420788079500198 0.050802841782569885 0.9931414723396301
27.0587391163522 0.19487658143043518 -0.16174879670143127 0.11587417870759964 0.016115086153149605 0.11632320284843445 0.053870879113674164 0.9916184544563293
27.1087561163522 0.19140100479125977 -0.16355597972869873 0.12107373774051666 0.01723211444914341 0.12903152406215668 0.0586981400847435 0.9897517561912537
27.1587731163522 0.18931932747364044 -0.16494452953338623 0.1289641410112381 0.018371932208538055 0.13972949981689453 0.06407243013381958 0.9879438281059265
27.2087901163522 0.1863650232553482 -0.1636662632226944 0.1389002650976181 0.019925294443964958 0.15358980000019073 0.07120077311992645 0.9853647947311401
27.2588071163522 0.18186931312084198 -0.1678323596715927 0.14669105410575867 0.019374990835785866 0.16388440132141113 0.07747501879930496 0.9832416772842407
27.3088251163522 0.17904484272003174 -0.16645216941833496 0.15262484550476074 0.020186157897114754 0.17270010709762573 0.08445679396390915 0.9811393022537231
27.3588421163522 0.1687709093093872 -0.1624583750963211 0.16643501818180084 0.021038752049207687 0.17960655689239502 0.09083524346351624 0.9793098568916321
27.4088591163522 0.15659263730049133 -0.16527795791625977 0.1705356389284134 0.019535863772034645 0.18400944769382477 0.0934644266963005 0.978275716304779
27.4588761163522 0.15549032390117645 -0.1684529334306717 0.1805977076292038 0.01603787951171398 0.18635663390159607 0.09732289612293243 0.9775183796882629
27.508894116352202 0.15188562870025635 -0.16503243148326874 0.18114806711673737 0.015841789543628693 0.18224728107452393 0.09875956922769547 0.9781521558761597
27.5589111163522 0.14115284383296967 -0.16627150774002075 0.19162479043006897 0.01198908593505621 0.18325194716453552 0.09967740625143051 0.9779260754585266
27.6089281163522 0.12163491547107697 -0.16395215690135956 0.204146146774292 0.011010969057679176 0.18415583670139313 0.10061919689178467 0.9776713252067566
27.6589451163522 0.11477887630462646 -0.16663309931755066 0.21092922985553741 0.0071872263215482235 0.18130269646644592 0.10176312178373337 0.9781216979026794
27.7089631163522 0.10128236562013626 -0.1656460464000702 0.22001001238822937 0.006684096064418554 0.17917737364768982 0.10293858498334885 0.9783938527107239
27.758980116352202 0.09444837272167206 -0.1683899611234665 0.222521111369133 0.005066029727458954 0.17018885910511017 0.10248015075922012 0.9800550937652588
27.808997116352202 0.07822573184967041 -0.1719149649143219 0.23326675593852997 0.0034684622660279274 0.16700567305088043 0.09806271642446518 0.9810611009597778
27.8590141163522 0.06617352366447449 -0.17268876731395721 0.23970061540603638 0.003808397799730301 0.16053302586078644 0.09320282191038132 0.9826127886772156
27.9090321163522 0.05552537739276886 -0.17566347122192383 0.24746689200401306 0.0022018675226718187 0.1544315069913864 0.08830966800451279 0.9840465188026428
27.9590491163522 0.048302359879016876 -0.18032445013523102 0.25164350867271423 0.0010351685341447592 0.14596115052700043 0.08525730669498444 0.985609233379364
28.0090661163522 0.04160575941205025 -0.18392902612686157 0.2557312548160553 -7.228925824165344e-05 0.13683457672595978 0.08128027617931366 0.987253725528717
28.059083116352202 0.03600671514868736 -0.18536990880966187 0.26101115345954895 0.0006708948640152812 0.13048243522644043 0.0775802731513977 0.9884105324745178
28.1091001163522 0.028492072597146034 -0.18851859867572784 0.2668714225292206 0.0008259455789811909 0.12633159756660461 0.07356268167495728 0.9892564415931702
28.1591181163522 0.022133786231279373 -0.18977171182632446 0.2699984312057495 0.0022640416864305735 0.12166763097047806 0.07125258445739746 0.9900075793266296
28.2091351163522 0.0185658298432827 -0.19301113486289978 0.27374839782714844 0.002357830060645938 0.11668101698160172 0.06993388384580612 0.9907013773918152
28.2591521163522 0.01595275104045868 -0.19510670006275177 0.2764619290828705 0.002786265918985009 0.11133196949958801 0.06945543736219406 0.9913492798805237
28.3091691163522 0.012908448465168476 -0.19513320922851562 0.2783515751361847 0.003983017057180405 0.1082451194524765 0.06714258342981339 0.9918462634086609
28.3591871163522 0.009348521940410137 -0.20162509381771088 0.28187626600265503 0.002219450194388628 0.10625235736370087 0.06483154743909836 0.9922209978103638
28.4092041163522 0.010592919774353504 -0.20329317450523376 0.2797290086746216 0.002410361310467124 0.10279563069343567 0.06291527301073074 0.9927079081535339
28.4592211163522 0.014761210419237614 -0.20424211025238037 0.27711790800094604 0.002590710064396262 0.09948969632387161 0.06119587644934654 0.9931516647338867
28.5092381163522 0.01698240078985691 -0.20311300456523895 0.2768532335758209 0.0015638243639841676 0.09750482439994812 0.058920085430145264 0.9934882521629333
28.559256116352202 0.020087173208594322 -0.20096011459827423 0.26802900433540344 0.002077696844935417 0.09596487879753113 0.05743557587265968 0.9937241673469543
28.6092731163522 0.02877497486770153 -0.2016306221485138 0.26716506481170654 0.00219548842869699 0.09414323419332504 0.056719984859228134 0.993939220905304
28.6592901163522 0.03462585434317589 -0.200034961104393 0.2633569836616516 0.002885634545236826 0.09344559907913208 0.056228674948215485 0.9940311908721924
28.7093071163522 0.03800641745328903 -0.2013678252696991 0.2636217176914215 0.0019883946515619755 0.09678315371274948 0.055610544979572296 0.9937487244606018
28.7593241163522 0.05005871504545212 -0.20304560661315918 0.25640133023262024 0.0014054074417799711 0.09714876860380173 0.05626903101801872 0.993677020072937
28.8093421163522 0.0544060580432415 -0.19522736966609955 0.2505272924900055 0.004338635131716728 0.0989774540066719 0.05674780532717705 0.9934608340263367
28.859359116352202 0.0717928558588028 -0.1896180957555771 0.24220794439315796 0.005554585251957178 0.0972922295331955 0.05841220170259476 0.9935247302055359
28.9093761163522 0.08980794250965118 -0.18294374644756317 0.23102010786533356 0.007245698478072882 0.09372733533382416 0.06115001440048218 0.9936918020248413
28.9593931163522 0.10003426671028137 -0.17715060710906982 0.2203352004289627 0.0077640884555876255 0.09244750440120697 0.06035551801323891 0.9938563704490662
29.0094111163522 0.10546373575925827 -0.175293430685997 0.21488186717033386 0.005243686027824879 0.09111729264259338 0.05841698497533798 0.9941114783287048
29.0594281163522 0.12116238474845886 -0.1674417406320572 0.20238430798053741 0.005014543887227774 0.08624664694070816 0.05781741440296173 0.9945821166038513
29.1094451163522 0.1296733170747757 -0.15951155126094818 0.19321036338806152 0.003916335292160511 0.0857648029923439 0.053904805332422256 0.9948484301567078
29.159462116352202 0.14437171816825867 -0.16848084330558777 0.18218645453453064 -0.0050785779021680355 0.08130655437707901 0.051928333938121796 0.995322585105896
29.2094801163522 0.150735005736351 -0.16146761178970337 0.17451715469360352 -0.006872283294796944 0.0784841850399971 0.0484868586063385 0.9957118630409241
29.2594971163522 0.15565823018550873 -0.15672875940799713 0.16682976484298706 -0.010007842443883419 0.07503633201122284 0.0470321923494339 0.9960207939147949
29.3095141163522 0.1587480902671814 -0.1508256494998932 0.15945591032505035 -0.01199103333055973 0.07053841650485992 0.04436058923602104 0.9964500665664673
29.3595311163522 0.16638340055942535 -0.1473781317472458 0.15210705995559692 -0.014512813650071621 0.06578632444143295 0.04293057695031166 0.9968041777610779
29.4095491163522 0.1699398159980774 -0.13992919027805328 0.14846587181091309 -0.014032561331987381 0.05828200280666351 0.042633458971977234 0.9972907304763794
29.4595661163522 0.1668919026851654 -0.13359896838665009 0.14425817131996155 -0.01339035201817751 0.0528617799282074 0.04211451858282089 0.9976235628128052
29.5095831163522 0.16524125635623932 -0.13017325103282928 0.14027360081672668 -0.013504545204341412 0.047051262110471725 0.04175284877419472 0.9979281425476074
29.5596001163522 0.16096916794776917 -0.12775255739688873 0.13905464112758636 -0.01346888579428196 0.037914905697107315 0.0422636903822422 0.9982960224151611
29.6096171163522 0.1561254858970642 -0.12538273632526398 0.1392565369606018 -0.014015856198966503 0.02917301096022129 0.041306979954242706 0.9986222386360168
29.6596351163522 0.14760178327560425 -0.12389116734266281 0.13946834206581116 -0.01511735375970602 0.022863125428557396 0.040833331644535065 0.9987900257110596
29.7096521163522 0.14278234541416168 -0.12442005425691605 0.14475440979003906 -0.017437763512134552 0.01852932572364807 0.04076635092496872 0.9988447427749634
29.7596691163522 0.13090555369853973 -0.125091090798378 0.15122801065444946 -0.019104868173599243 0.015811258926987648 0.041590530425310135 0.9988269805908203
29.8096861163522 0.1223156526684761 -0.12295685708522797 0.15995490550994873 -0.020300131291151047 0.010532589629292488 0.041280198842287064 0.9988858699798584
29.8597041163522 0.1140567883849144 -0.121468685567379 0.16493681073188782 -0.02185652032494545 0.008065381087362766 0.03999759256839752 0.9989281892776489
29.909721116352202 0.1033172532916069 -0.12383615970611572 0.1768369823694229 -0.025149203836917877 0.007713111583143473 0.038926880806684494 0.9988958239555359
29.9597381163522 0.08658808469772339 -0.12501145899295807 0.19092735648155212 -0.027607828378677368 0.012357475236058235 0.03667552024126053 0.9988694190979004
30.0097551163522 0.07287725806236267 -0.1288461834192276 0.20119397342205048 -0.030099185183644295 0.01563657447695732 0.03838052228093147 0.9986873865127563
30.0597731163522 0.059925585985183716 -0.12552466988563538 0.2201036512851715 -0.028652390465140343 0.021290045231580734 0.03909367695450783 0.9985978007316589
30.1097901163522 0.05207465961575508 -0.13015735149383545 0.23324483633041382 -0.02902020514011383 0.028009984642267227 0.04366495460271835 0.9982317686080933
30.1598071163522 0.04119231551885605 -0.14089861512184143 0.2437165081501007 -0.029932666569948196 0.03393168747425079 0.05005212500691414 0.9977211952209473
30.209824116352202 0.033364634960889816 -0.14616695046424866 0.2583205997943878 -0.028960634022951126 0.03851791098713875 0.05633895471692085 0.9972480535507202
30.2598411163522 0.02453281357884407 -0.15258806943893433 0.26990556716918945 -0.027749676257371902 0.04393118619918823 0.06203988194465637 0.9967201948165894
30.3098591163522 0.01693231612443924 -0.1559261530637741 0.2798929512500763 -0.02632911317050457 0.048499107360839844 0.06618780642747879 0.9962800145149231
30.3598761163522 0.009444205090403557 -0.16214653849601746 0.28602129220962524 -0.026606878265738487 0.05565556883811951 0.06626374274492264 0.9958934187889099
30.4098931163522 0.005427733063697815 -0.1682378053665161 0.29509392380714417 -0.027576640248298645 0.05799175053834915 0.07039602100849152 0.9954501390457153
30.4599101163522 -0.003057449124753475 -0.1736769825220108 0.3052029609680176 -0.028805140405893326 0.06186012923717499 0.07062013447284698 0.995166540145874
30.5099281163522 -0.007333905901759863 -0.17679916322231293 0.311820924282074 -0.028666650876402855 0.062057800590991974 0.07232842594385147 0.9950355291366577
30.5599451163522 -0.013495359569787979 -0.18403424322605133 0.31485047936439514 -0.030347749590873718 0.061754364520311356 0.07226182520389557 0.9950094223022461
30.6099621163522 -0.023391257971525192 -0.1847945898771286 0.3244648575782776 -0.02922624722123146 0.06493950635194778 0.07150332629680634 0.9948949813842773
30.6599791163522 -0.024306925013661385 -0.19189347326755524 0.3307957053184509 -0.03131711110472679 0.06381895393133163 0.07274876534938812 0.9948135614395142
30.709997116352202 -0.02428976260125637 -0.2006787657737732 0.3360195457935333 -0.03391239047050476 0.06430040299892426 0.07245776057243347 0.9947187304496765
30.7600141163522 -0.02960854023694992 -0.20244412124156952 0.3421756327152252 -0.03223329782485962 0.06847543269395828 0.07175509631633759 0.9945468306541443
30.8100311163522 -0.02453530766069889 -0.2080080807209015 0.3432027995586395 -0.0315002016723156 0.07279535382986069 0.07375098764896393 0.9941173791885376
30.8600481163522 -0.017088279128074646 -0.2109592705965042 0.3418249785900116 -0.028639985248446465 0.07827773690223694 0.07588109374046326 0.9936269521713257
30.9100661163522 -0.013028363697230816 -0.21555130183696747 0.3413064181804657 -0.026513544842600822 0.08348292112350464 0.07805608958005905 0.9930936098098755
30.9600831163522 -0.005970465950667858 -0.21792764961719513 0.33909398317337036 -0.02460826188325882 0.08927226811647415 0.07830382138490677 0.992619514465332
31.010100116352202 0.0012657777406275272 -0.22100143134593964 0.33605509996414185 -0.024295343086123466 0.09590070694684982 0.07798200100660324 0.9920340776443481
31.0601171163522 0.011506653390824795 -0.220770463347435 0.33076223731040955 -0.023388009518384933 0.09952667355537415 0.07799206674098969 0.9916979074478149
31.1101341163522 0.01905764639377594 -0.21945726871490479 0.32751038670539856 -0.024111244827508926 0.10727844387292862 0.07687383145093918 0.9909594058990479
31.1601521163522 0.03202066943049431 -0.21559740602970123 0.3244338929653168 -0.024960434064269066 0.11536502093076706 0.07738160341978073 0.9899898767471313
31.2101691163522 0.04315294325351715 -0.21295306086540222 0.3202567994594574 -0.026539426296949387 0.12380094081163406 0.0779080018401146 0.9888879656791687
31.2601861163522 0.05523049458861351 -0.21105794608592987 0.31536874175071716 -0.027538202702999115 0.13266955316066742 0.0792728066444397 0.9876012802124023
31.310203116352202 0.06732716411352158 -0.2082827240228653 0.3081454932689667 -0.0281919464468956 0.1414477676153183 0.08093618601560593 0.9862287044525146
31.3602211163522 0.07819022238254547 -0.20473220944404602 0.3026834726333618 -0.028518125414848328 0.14969678223133087 0.08249857276678085 0.9848713874816895
31.4102381163522 0.09156130999326706 -0.20096935331821442 0.29685094952583313 -0.029780188575387 0.1557677835226059 0.08484482020139694 0.9836925268173218
31.4602551163522 0.1061672568321228 -0.1943107396364212 0.2908753454685211 -0.03184621036052704 0.16165877878665924 0.08586107194423676 0.982588529586792
31.5102721163522 0.11712925881147385 -0.19030414521694183 0.28574100136756897 -0.03621815890073776 0.16906681656837463 0.08519119024276733 0.9812477231025696
31.5602901163522 0.1283014565706253 -0.18291959166526794 0.28253763914108276 -0.039676155894994736 0.16818632185459137 0.08507604151964188 0.9812753796577454
31.6103071163522 0.13378939032554626 -0.18053054809570312 0.27939778566360474 -0.04448029026389122 0.16607843339443207 0.08289327472448349 0.9816151261329651
31.6603241163522 0.14034049212932587 -0.17268291115760803 0.27899742126464844 -0.04782478138804436 0.16447660326957703 0.08172145485877991 0.9818257689476013
31.7103411163522 0.13858585059642792 -0.16617301106452942 0.28132960200309753 -0.050766538828611374 0.16246427595615387 0.08073540776968002 0.9820947051048279
31.7603581163522 0.14242210984230042 -0.16026510298252106 0.2857763469219208 -0.05318790674209595 0.15722276270389557 0.08047933131456375 0.9828404188156128
31.8103761163522 0.1416175216436386 -0.1605878472328186 0.2949884533882141 -0.05882895365357399 0.1552724391222 0.07879272103309631 0.9829656481742859
31.8603931163522 0.14268501102924347 -0.16242457926273346 0.30631324648857117 -0.0639147162437439 0.15502335131168365 0.07673326879739761 0.9828503727912903
31.9104101163522 0.14461195468902588 -0.1501043438911438 0.31330960988998413 -0.06003999710083008 0.15195806324481964 0.07784665375947952 0.9834855794906616
31.9604271163522 0.14228619635105133 -0.1499166339635849 0.32487380504608154 -0.060390207916498184 0.14954975247383118 0.07668763399124146 0.9839242696762085
32.0104451163522 0.13969913125038147 -0.15669643878936768 0.3376375138759613 -0.06137091666460037 0.1448807716369629 0.0756683200597763 0.9846408367156982
32.0604621163522 0.13804219663143158 -0.16314354538917542 0.35230085253715515 -0.06060536205768585 0.1413261890411377 0.07464928925037384 0.9852824211120605
32.1104791163522 0.13833492994308472 -0.1699535995721817 0.3692925274372101 -0.05856862664222717 0.1413409411907196 0.0755193829536438 0.9853371977806091
32.1604961163522 0.14141963422298431 -0.17809773981571198 0.3836565315723419 -0.0559115894138813 0.1399887502193451 0.07782997936010361 0.9855047464370728
32.2105141163522 0.1433788388967514 -0.1901470422744751 0.39912423491477966 -0.05552203580737114 0.14439308643341064 0.07951798290014267 0.9847562909126282
32.2605311163522 0.1514497995376587 -0.19426101446151733 0.4159804880619049 -0.051884837448596954 0.14512066543102264 0.08443661034107208 0.9844381213188171
32.3105481163522 0.15754003822803497 -0.20297406613826752 0.42937806248664856 -0.050634268671274185 0.15029548108577728 0.08899400383234024 0.9833247661590576
32.3605651163522 0.1650368869304657 -0.21027633547782898 0.442883163690567 -0.04975198954343796 0.15633834898471832 0.0922117680311203 0.9821304082870483
32.4105831163522 0.17345847189426422 -0.21495938301086426 0.45586323738098145 -0.049416109919548035 0.16389286518096924 0.09421691298484802 0.9807244539260864
32.460600116352204 0.18318261206150055 -0.22143445909023285 0.46606510877609253 -0.051393985748291016 0.17312894761562347 0.09519458562135696 0.9789397716522217
32.5106171163522 0.1923384815454483 -0.22388365864753723 0.47352665662765503 -0.05172189325094223 0.18118281662464142 0.09513409435749054 0.977469801902771
32.5606341163522 0.20182368159294128 -0.2267737239599228 0.4787854254245758 -0.053340233862400055 0.19163274765014648 0.09461333602666855 0.9754384160041809
32.6106511163522 0.20941880345344543 -0.22936588525772095 0.4845040440559387 -0.05592070892453194 0.1992368847131729 0.09306838363409042 0.9739178419113159
32.6606691163522 0.21645960211753845 -0.23134490847587585 0.4884541630744934 -0.05929280444979668 0.2064962536096573 0.09245700389146805 0.9722630381584167
32.7106861163522 0.2199239432811737 -0.23019783198833466 0.49045053124427795 -0.061707716435194016 0.2124173641204834 0.09247813373804092 0.9708340764045715
32.760703116352204 0.22524391114711761 -0.22662435472011566 0.49078768491744995 -0.06400515884160995 0.21646055579185486 0.09421183913946152 0.9696248769760132
32.8107201163522 0.23081368207931519 -0.22667068243026733 0.4915890693664551 -0.0695265382528305 0.21759304404258728 0.0973328948020935 0.9686824679374695
32.8607381163522 0.23016680777072906 -0.2211139053106308 0.4908827543258667 -0.07162313163280487 0.21491657197475433 0.1010509580373764 0.9687464833259583
32.9107551163522 0.2316274642944336 -0.21200503408908844 0.49340060353279114 -0.07261820137500763 0.21278144419193268 0.1038852259516716 0.968843936920166
32.9607721163522 0.22520698606967926 -0.206416517496109 0.49724483489990234 -0.07405781745910645 0.205100417137146 0.10524214804172516 0.9702439904212952
33.0107891163522 0.2181684374809265 -0.203269362449646 0.49994486570358276 -0.0760127529501915 0.19421209394931793 0.1058465912938118 0.9722655415534973
33.0608071163522 0.20730124413967133 -0.2010553777217865 0.5041764378547668 -0.07816685736179352 0.18191273510456085 0.1029435247182846 0.9747822284698486
33.1108241163522 0.19331856071949005 -0.1976250261068344 0.5067251324653625 -0.07847189903259277 0.1679140329360962 0.1007361188530922 0.9774964451789856
33.1608411163522 0.17841993272304535 -0.19677355885505676 0.5088608264923096 -0.08090535551309586 0.15301905572414398 0.09459628164768219 0.980352520942688
33.2108581163522 0.1619221568107605 -0.19530397653579712 0.5116210579872131 -0.08291184902191162 0.13663066923618317 0.08863066881895065 0.9831593632698059
33.2608751163522 0.14376159012317657 -0.19204755127429962 0.5133568644523621 -0.08406412601470947 0.12135912477970123 0.08162714540958405 0.985668420791626
33.3108931163522 0.12662504613399506 -0.1914616823196411 0.512995183467865 -0.08676467835903168 0.10461887717247009 0.07524542510509491 0.987858772277832
33.3609101163522 0.10798285901546478 -0.19063809514045715 0.5126920342445374 -0.08873041719198227 0.08702921122312546 0.0699889212846756 0.9897750020027161
33.4109271163522 0.09079861640930176 -0.18920110166072845 0.5121660828590393 -0.08947961777448654 0.07112323492765427 0.06412634998559952 0.9913741946220398
33.4609441163522 0.07240660488605499 -0.1870523989200592 0.5101056694984436 -0.08900021016597748 0.05581618472933769 0.05885655805468559 0.992723286151886
33.510962116352204 0.05522853881120682 -0.18755559623241425 0.5077496767044067 -0.08908050507307053 0.04174726456403732 0.05397309735417366 0.9936844706535339
33.5609791163522 0.03695697709918022 -0.18613961338996887 0.5058542490005493 -0.08733174204826355 0.029557518661022186 0.048834316432476044 0.9945424795150757
33.6109961163522 0.021102888509631157 -0.18818990886211395 0.5054303407669067 -0.08736209571361542 0.015582702122628689 0.04375923052430153 0.995093047618866
33.6610131163522 0.005894615780562162 -0.18883812427520752 0.5042358040809631 -0.08561499416828156 0.004308910574764013 0.038957081735134125 0.9955570697784424
33.7110311163522 -0.0075146835297346115 -0.19283412396907806 0.5042988061904907 -0.08556655049324036 -0.006260402034968138 0.03433128818869591 0.995721161365509
33.7610481163522 -0.01654035598039627 -0.19966189563274384 0.5052720308303833 -0.08602580428123474 -0.015061479061841965 0.032526589930057526 0.9956479072570801
33.811065116352204 -0.02911774441599846 -0.199978306889534 0.5088505148887634 -0.08182182908058167 -0.018774231895804405 0.030443759635090828 0.9960049986839294
33.8610821163522 -0.036057282239198685 -0.20456206798553467 0.5116544961929321 -0.07919487357139587 -0.022617964074015617 0.02944015897810459 0.9961676597595215
33.9111001163522 -0.0426645502448082 -0.21143899857997894 0.5168017148971558 -0.07616913318634033 -0.022752884775400162 0.027467232197523117 0.9964568018913269
33.9611171163522 -0.0441848486661911 -0.2167474329471588 0.523481011390686 -0.0717436745762825 -0.021642262116074562 0.026237046346068382 0.9968430995941162
34.0111341163522 -0.041997916996479034 -0.2271113097667694 0.5298892855644226 -0.06956882029771805 -0.02097325026988983 0.026590052992105484 0.997002124786377
34.0611511163522 -0.043025627732276917 -0.2315857857465744 0.5364814400672913 -0.0649251937866211 -0.018988173454999924 0.02683272212743759 0.9973486065864563
34.111168116352204 -0.04669513553380966 -0.23800691962242126 0.5433000326156616 -0.06246676295995712 -0.01279344130307436 0.025017747655510902 0.9976514577865601
34.1611861163522 -0.042635586112737656 -0.24726912379264832 0.5497904419898987 -0.061884310096502304 -0.003161816159263253 0.026303457096219063 0.9977316856384277
34.2112031163522 -0.03657078370451927 -0.25126123428344727 0.5554412603378296 -0.059102144092321396 0.00464119017124176 0.028716402128338814 0.9978280663490295
34.2612201163522 -0.03173619136214256 -0.25508829951286316 0.5618531107902527 -0.05740561708807945 0.012852734886109829 0.031795185059309006 0.9977617859840393
34.3112371163522 -0.02315830998122692 -0.25809603929519653 0.5663877129554749 -0.05713362246751785 0.02042020857334137 0.0355992317199707 0.9975227117538452
34.3612551163522 -0.015033667907118797 -0.25788795948028564 0.5692070722579956 -0.05720151215791702 0.027675477787852287 0.03919500857591629 0.9972090721130371
34.4112721163522 -0.010312196798622608 -0.254728227853775 0.5728693604469299 -0.0582377128303051 0.03963451832532883 0.0397358275949955 0.9967239499092102
34.4612891163522 -0.0027921549044549465 -0.25384750962257385 0.5764731764793396 -0.06295914202928543 0.0471770353615284 0.042710378766059875 0.9959851503372192
34.5113061163522 0.0033108193892985582 -0.24902698397636414 0.5791692137718201 -0.06757663190364838 0.05563749000430107 0.04530029371380806 0.9951310157775879
34.5613241163522 0.008683894760906696 -0.24275390803813934 0.580838143825531 -0.07291460037231445 0.06157016009092331 0.04821605607867241 0.9942675232887268
34.6113411163522 0.0143819535151124 -0.23781351745128632 0.5813193321228027 -0.07892773300409317 0.0652734711766243 0.05153790861368179 0.9934050440788269
34.6613581163522 0.01607050746679306 -0.2300303876399994 0.5822880864143372 -0.08281205594539642 0.06804770231246948 0.05478762835264206 0.992728590965271
34.7113751163522 0.01836664043366909 -0.221849724650383 0.5795978307723999 -0.08480970561504364 0.06247929111123085 0.05808930844068527 0.9927383661270142
34.7613921163522 0.015273995697498322 -0.21744436025619507 0.5756166577339172 -0.08850785344839096 0.05779506266117096 0.05854010581970215 0.9926727414131165
34.8114101163522 0.00924493558704853 -0.2101510614156723 0.5723888874053955 -0.09006380289793015 0.04901602491736412 0.05799059197306633 0.9930373430252075
34.8614271163522 0.001837484771385789 -0.20789241790771484 0.5695859789848328 -0.09444864839315414 0.03657373785972595 0.05696745216846466 0.9932253360748291
34.9114441163522 -0.009095540270209312 -0.20120465755462646 0.5650524497032166 -0.09635242074728012 0.021988434717059135 0.053081635385751724 0.993687629699707
34.9614611163522 -0.02094252035021782 -0.1951526254415512 0.5596627593040466 -0.09895824640989304 0.005302003584802151 0.04854497313499451 0.9938926696777344
35.0114791163522 -0.034951891750097275 -0.18911707401275635 0.5557061433792114 -0.10254434496164322 -0.007517840247601271 0.041516274213790894 0.9938333034515381
35.0614961163522 -0.04668505862355232 -0.18381717801094055 0.5491493344306946 -0.10606464743614197 -0.024172106757760048 0.03684944286942482 0.9933821558952332
35.1115131163522 -0.05883199721574783 -0.18083584308624268 0.54132080078125 -0.10992193967103958 -0.03940758854150772 0.03192128986120224 0.9926456212997437
35.1615301163522 -0.0728297308087349 -0.1760028898715973 0.531711757183075 -0.1103857234120369 -0.05219583213329315 0.02774406597018242 0.9921295046806335
35.2115481163522 -0.0851190835237503 -0.1693672388792038 0.5207513570785522 -0.10778269171714783 -0.06326929479837418 0.024229494854807854 0.9918633103370667
35.2615651163522 -0.09594687819480896 -0.16792269051074982 0.5058621168136597 -0.10427816212177277 -0.07594352215528488 0.02185056358575821 0.9914036989212036
35.3115821163522 -0.10430079698562622 -0.16877222061157227 0.4881603717803955 -0.10003475099802017 -0.09320519864559174 0.019798889756202698 0.9904109835624695
35.3615991163522 -0.11455513536930084 -0.16497696936130524 0.47095540165901184 -0.09184543043375015 -0.1030561700463295 0.014601504430174828 0.9903184771537781
35.411617116352204 -0.11605159193277359 -0.17116707563400269 0.4519762396812439 -0.08771058917045593 -0.11106640845537186 0.01228385791182518 0.9898587465286255
35.4616341163522 -0.1209714263677597 -0.17209471762180328 0.43685606122016907 -0.08084562420845032 -0.11162979900836945 0.011607364751398563 0.9903878569602966
35.5116511163522 -0.12379300594329834 -0.17284147441387177 0.41846564412117004 -0.07422077655792236 -0.11074551194906235 0.010215130634605885 0.991020917892456
35.5616681163522 -0.1170315220952034 -0.17361417412757874 0.409030020236969 -0.06847947090864182 -0.1069030836224556 0.009489461779594421 0.9918630719184875
35.6116851163522 -0.10904785990715027 -0.17209254205226898 0.3946036100387573 -0.06183471530675888 -0.09770170599222183 0.01001244317740202 0.9932425022125244
35.6617031163522 -0.09885205328464508 -0.17324864864349365 0.3849959671497345 -0.05794595554471016 -0.08557923883199692 0.01070304773747921 0.9945873022079468
35.711720116352204 -0.08981629461050034 -0.1712222546339035 0.371527761220932 -0.053541749715805054 -0.07292639464139938 0.01147440169006586 0.9958330392837524
35.7617371163522 -0.07964139431715012 -0.16876475512981415 0.35907474160194397 -0.051343828439712524 -0.060052189975976944 0.012661159969866276 0.9967935085296631
35.8117541163522 -0.07143205404281616 -0.16678224503993988 0.34495651721954346 -0.05067494511604309 -0.04333145543932915 0.014620962552726269 0.9976676106452942
35.8617721163522 -0.06333543360233307 -0.1592344045639038 0.33164775371551514 -0.050450317561626434 -0.030273640528321266 0.018344968557357788 0.9980990886688232
35.9117891163522 -0.05705266073346138 -0.1520083248615265 0.317769318819046 -0.05149753764271736 -0.018972838297486305 0.0227790679782629 0.9982330799102783
35.9618061163522 -0.049489907920360565 -0.141575425863266 0.30468302965164185 -0.05230472609400749 -0.008648649789392948 0.025377940386533737 0.9982712268829346
36.011823116352204 -0.040279027074575424 -0.13441169261932373 0.29138535261154175 -0.05518077686429024 -0.00033388915471732616 0.0298822820186615 0.9980291128158569
36.0618411163522 -0.03766189143061638 -0.12680083513259888 0.27826395630836487 -0.05750216171145439 0.007294901181012392 0.032845187932252884 0.9977782964706421
36.1118581163522 -0.031138040125370026 -0.11855839192867279 0.2668841481208801 -0.060520242899656296 0.009664807468652725 0.03869638964533806 0.9973698258399963
36.1618751163522 -0.026993166655302048 -0.10835743695497513 0.25693479180336 -0.06282715499401093 0.012924843467772007 0.04245150461792946 0.997037410736084
36.2118921163522 -0.0220930352807045 -0.10256518423557281 0.24671317636966705 -0.0678817555308342 0.014705916866660118 0.04643910378217697 0.9965035319328308
36.2619091163522 -0.02702227421104908 -0.09316381812095642 0.24403716623783112 -0.07114557176828384 0.015428172424435616 0.048838041722774506 0.9961501955986023
36.3119271163522 -0.023317771032452583 -0.0902535617351532 0.23451462388038635 -0.07496093958616257 0.012048616074025631 0.05164635181427002 0.9957752823829651
36.3619441163522 -0.024913396686315536 -0.08511945605278015 0.22726671397686005 -0.07579360902309418 0.0043039470911026 0.050987087190151215 0.99580979347229
36.4119611163522 -0.03220215439796448 -0.08208164572715759 0.22189196944236755 -0.07545123249292374 -0.005157589912414551 0.04821990430355072 0.9959695935249329
36.4619781163522 -0.03595316782593727 -0.08283063769340515 0.21759556233882904 -0.07625871151685715 -0.015084742568433285 0.0434330552816391 0.996027410030365
36.5119961163522 -0.042250700294971466 -0.08155890554189682 0.2100246250629425 -0.07448291778564453 -0.025704428553581238 0.037127647548913956 0.996199369430542
36.5620131163522 -0.046600040048360825 -0.08225712180137634 0.20220927894115448 -0.07319629937410355 -0.034543346613645554 0.031511612236499786 0.9962209463119507
36.6120301163522 -0.04644690081477165 -0.0829816535115242 0.19224248826503754 -0.07013459503650665 -0.04318086802959442 0.026648079976439476 0.9962462186813354
36.6620471163522 -0.04405932128429413 -0.0859561562538147 0.1866026073694229 -0.06757532060146332 -0.048646241426467896 0.022147173061966896 0.9962814450263977
36.7120651163522 -0.03088299185037613 -0.08847545832395554 0.1802893579006195 -0.0631001740694046 -0.054336097091436386 0.0177101269364357 0.9963696002960205
36.762082116352204 -0.019477495923638344 -0.08619407564401627 0.1706884503364563 -0.05596071109175682 -0.056380581110715866 0.01220347173511982 0.99676513671875
36.8120991163522 -0.002846279414370656 -0.08732709288597107 0.1580774039030075 -0.048975713551044464 -0.05858268961310387 0.008079737424850464 0.9970477819442749
36.8621161163522 0.014541110955178738 -0.0884605422616005 0.14196749031543732 -0.04338892921805382 -0.061654120683670044 0.0032447408884763718 0.9971488118171692
36.9121341163522 0.0331738144159317 -0.08802980929613113 0.1298304945230484 -0.03859954699873924 -0.058901216834783554 -0.0011466804426163435 0.9975166916847229
36.9621511163522 0.055602770298719406 -0.08366970717906952 0.11892545223236084 -0.035108257085084915 -0.05693985894322395 -0.005698900204151869 0.9977439045906067
37.0121681163522 0.07913495600223541 -0.08611516654491425 0.10724015533924103 -0.03633575141429901 -0.05466759204864502 -0.009757344610989094 0.997795581817627
37.062185116352204 0.09984365105628967 -0.08322872221469879 0.09747827798128128 -0.03730521351099014 -0.05132249370217323 -0.01181583758443594 0.9979152083396912
37.1122021163522 0.12193213403224945 -0.08101058006286621 0.0890020951628685 -0.03978639096021652 -0.04904424026608467 -0.0141547080129385 0.9979035258293152
37.1622201163522 0.14589010179042816 -0.07738294452428818 0.0799465999007225 -0.04342065751552582 -0.04532145708799362 -0.015858443453907967 0.9979023933410645
37.2122371163522 0.16609467566013336 -0.07209017127752304 0.07324903458356857 -0.04677635058760643 -0.042981524020433426 -0.014836078509688377 0.9978699684143066
37.2622541163522 0.1870020627975464 -0.06760994344949722 0.06710880994796753 -0.05119704082608223 -0.0386480838060379 -0.011568348854780197 0.9978734254837036
37.3122711163522 0.20828528702259064 -0.06353123486042023 0.061523038893938065 -0.05395350977778435 -0.03301985561847687 -0.00765478890389204 0.9979680180549622
37.3622891163522 0.22475016117095947 -0.055538639426231384 0.05797387659549713 -0.053681086748838425 -0.02446071058511734 -0.0011684128548949957 0.9982578158378601
37.4123061163522 0.24713493883609772 -0.0527840256690979 0.05250299721956253 -0.053887221962213516 -0.019770316779613495 0.0064837136305868626 0.9983302354812622
37.4623231163522 0.26382413506507874 -0.04980503022670746 0.04589954763650894 -0.05326082557439804 -0.016250398010015488 0.014448257163167 0.9983438849449158
37.5123401163522 0.27376264333724976 -0.04452501982450485 0.039931148290634155 -0.051329292356967926 -0.011365886777639389 0.021821608766913414 0.9983786940574646
37.5623581163522 0.2842559218406677 -0.04204171523451805 0.03471487760543823 -0.05059318244457245 -0.009739063680171967 0.02958190068602562 0.9982336759567261
37.6123751163522 0.29179200530052185 -0.0359351709485054 0.03302744776010513 -0.04922877997159958 -0.007386100944131613 0.036556292325258255 0.9980910420417786
37.6623921163522 0.28823432326316833 -0.036973707377910614 0.02385742776095867 -0.04886209964752197 -0.004987810738384724 0.042198944836854935 0.9979012608528137
37.7124091163522 0.2922305464744568 -0.03182053193449974 0.023879505693912506 -0.046811558306217194 -0.01053560059517622 0.04604737460613251 0.9977862238883972
37.7624261163522 0.2813740670681 -0.02918243408203125 0.02183501422405243 -0.04516671597957611 -0.012442916631698608 0.04621456190943718 0.9978322982788086
37.812444116352204 0.27627527713775635 -0.03267127275466919 0.01744266040623188 -0.04486079886555672 -0.02180211804807186 0.0429258868098259 0.9978324174880981
37.8624611163522 0.26276761293411255 -0.031756266951560974 0.0163564570248127 -0.04251156374812126 -0.02794620394706726 0.039031244814395905 0.9979420900344849
37.9124781163522 0.2483803778886795 -0.03337820991873741 0.014109840616583824 -0.04024780914187431 -0.03426899015903473 0.033932968974113464 0.9980252385139465
37.9624951163522 0.23611105978488922 -0.03488992154598236 0.007063102908432484 -0.036765292286872864 -0.039777420461177826 0.029437780380249023 0.9980979561805725
38.0125131163522 0.22300048172473907 -0.037166520953178406 0.0030077463015913963 -0.03202352672815323 -0.04437998682260513 0.025097042322158813 0.998185932636261
38.0625301163522 0.2069961279630661 -0.041823793202638626 -0.0032850687857717276 -0.027570834383368492 -0.04812595993280411 0.020306868478655815 0.9982541799545288
38.112547116352204 0.1908479779958725 -0.04358748346567154 -0.009783792309463024 -0.022080877795815468 -0.04953033849596977 0.016594644635915756 0.9983906745910645
38.1625641163522 0.17894123494625092 -0.045222897082567215 -0.018552664667367935 -0.01678599789738655 -0.049986403435468674 0.013293447904288769 0.9985203146934509
38.2125821163522 0.16553296148777008 -0.045875903218984604 -0.02214759588241577 -0.013399218209087849 -0.04563367739319801 0.011405173689126968 0.9988032579421997
38.2625991163522 0.16523367166519165 -0.049506716430187225 -0.02766844630241394 -0.011729116551578045 -0.04444911703467369 0.011807151138782501 0.9988730549812317
38.3126161163522 0.16700075566768646 -0.05138339102268219 -0.02661839872598648 -0.011462707072496414 -0.0397157296538353 0.011507347226142883 0.9990789890289307
38.3626331163522 0.16764914989471436 -0.05086947977542877 -0.026423094794154167 -0.010146114975214005 -0.03237973898649216 0.01261097937822342 0.9993445873260498
38.4126511163522 0.17122560739517212 -0.053617093712091446 -0.027553491294384003 -0.009529003873467445 -0.025664689019322395 0.01432383805513382 0.9995225667953491
38.4626681163522 0.17605829238891602 -0.053098414093256 -0.024832509458065033 -0.008541691116988659 -0.018662601709365845 0.014319204725325108 0.9996868371963501
38.5126851163522 0.19014540314674377 -0.05750921368598938 -0.02636812813580036 -0.009279150515794754 -0.015940528362989426 0.017480401322245598 0.9996771216392517
38.5627021163522 0.19528575241565704 -0.054092198610305786 -0.020496973767876625 -0.00866646133363247 -0.008730233646929264 0.020505132153630257 0.9997141361236572
38.6127191163522 0.2047182321548462 -0.056680575013160706 -0.013747378252446651 -0.01178195234388113 -0.0022793037351220846 0.021731289103627205 0.9996918439865112
38.6627371163522 0.2165517657995224 -0.053015273064374924 -0.006891533732414246 -0.014347407966852188 0.0025999145582318306 0.024983949959278107 0.9995815753936768
38.7127541163522 0.22683574259281158 -0.05247930437326431 0.0044687362387776375 -0.019942741841077805 0.008372323587536812 0.02625035122036934 0.9994214177131653
38.7627711163522 0.2395685911178589 -0.05082046985626221 0.01810375042259693 -0.026091327890753746 0.012040217407047749 0.02857125550508499 0.9991787075996399
38.8127881163522 0.2524614930152893 -0.04856940731406212 0.03431718051433563 -0.03256341069936752 0.016040658578276634 0.02952508255839348 0.9989047050476074
38.8628061163522 0.2657036781311035 -0.04935336112976074 0.04816478118300438 -0.03882879018783569 0.01978137716650963 0.030921248719096184 0.9985714554786682
38.9128231163522 0.27848711609840393 -0.047117337584495544 0.06508705765008926 -0.043602313846349716 0.02429700456559658 0.03239911049604416 0.9982278347015381
38.9628401163522 0.28093448281288147 -0.05296660214662552 0.08102646470069885 -0.049387507140636444 0.027583090588450432 0.03398805484175682 0.9978200793266296
39.0128571163522 0.2944566309452057 -0.04917576164007187 0.09531284123659134 -0.051784299314022064 0.0234712902456522 0.03554766997694969 0.997749388217926
39.0628751163522 0.2921299934387207 -0.05006041377782822 0.11331150680780411 -0.05347466841340065 0.024765757843852043 0.03481725975871086 0.9976547360420227
39.1128921163522 0.2834664285182953 -0.05341861769556999 0.11671537160873413 -0.05538838729262352 0.024685878306627274 0.03276116028428078 0.9976218938827515
39.1629091163522 0.28471484780311584 -0.056736208498477936 0.1310073584318161 -0.055422939360141754 0.020900601521134377 0.03256291151046753 0.9977129697799683
39.2129261163522 0.2802754342556 -0.06268267333507538 0.14368553459644318 -0.05544408783316612 0.018108827993273735 0.03218931332230568 0.9977784752845764
39.2629431163522 0.2806521952152252 -0.0745505765080452 0.16006240248680115 -0.05689918249845505 0.015440805815160275 0.03244258463382721 0.9977332353591919
39.3129611163522 0.2809058427810669 -0.08411268889904022 0.1735869199037552 -0.056441646069288254 0.014898260124027729 0.031318411231040955 0.9978033900260925
39.3629781163522 0.2790006399154663 -0.08919614553451538 0.18881259858608246 -0.05392855778336525 0.014652781188488007 0.03322480246424675 0.9978843927383423
39.4129951163522 0.2735690474510193 -0.09871724992990494 0.2035369724035263 -0.05189824104309082 0.017837002873420715 0.033737264573574066 0.9979230165481567
39.4630121163522 0.273417204618454 -0.10824089497327805 0.21820220351219177 -0.049039993435144424 0.023222679272294044 0.03524186834692955 0.9979047775268555
39.5130301163522 0.27145302295684814 -0.11684853583574295 0.2357964813709259 -0.045745544135570526 0.03301334008574486 0.03968637064099312 0.9976184368133545
39.5630471163522 0.2756635546684265 -0.12622961401939392 0.2512125074863434 -0.043167341500520706 0.039136193692684174 0.04708056151866913 0.9971902966499329
39.6130641163522 0.2770805358886719 -0.13736268877983093 0.2665106952190399 -0.043197859078645706 0.04796281084418297 0.05317969620227814 0.9964966177940369
39.6630811163522 0.2789291441440582 -0.14926980435848236 0.27948442101478577 -0.04514407739043236 0.05994356423616409 0.05816877633333206 0.9954824447631836
39.713099116352204 0.2825623154640198 -0.1546250879764557 0.2934008240699768 -0.04564017429947853 0.06980014592409134 0.06039804592728615 0.9946844577789307
39.7631161163522 0.28772231936454773 -0.15830276906490326 0.30362316966056824 -0.045851632952690125 0.07924587279558182 0.06127331033349037 0.9939131140708923
39.8131331163522 0.2908358573913574 -0.16278496384620667 0.31381580233573914 -0.048806507140398026 0.08739620447158813 0.06050784885883331 0.9931358098983765
39.8631501163522 0.2921595871448517 -0.16192856431007385 0.32372376322746277 -0.05222386494278908 0.09639739990234375 0.057374849915504456 0.9923146963119507
39.9131681163522 0.29513654112815857 -0.159471794962883 0.33487460017204285 -0.05733110383152962 0.10734645277261734 0.05436602234840393 0.9910773038864136
39.9631851163522 0.2989543676376343 -0.1549156904220581 0.34764257073402405 -0.06396295130252838 0.11592300981283188 0.052385032176971436 0.989811360836029
40.013202116352204 0.29898178577423096 -0.1491822451353073 0.35794275999069214 -0.07270701974630356 0.12380349636077881 0.049648962914943695 0.9883933663368225
40.0632191163522 0.29844218492507935 -0.14096634089946747 0.36989474296569824 -0.08210953325033188 0.12729930877685547 0.049942389130592346 0.9871973991394043
40.1132361163522 0.2946183979511261 -0.1354248970746994 0.3803819715976715 -0.09256523847579956 0.1296638548374176 0.050074219703674316 0.9859572052955627
40.1632541163522 0.2950449585914612 -0.12401185929775238 0.3895319402217865 -0.09947597980499268 0.12530535459518433 0.05424445495009422 0.9856270551681519
40.2132711163522 0.2883114218711853 -0.1171790361404419 0.3964538276195526 -0.10642920434474945 0.1204875037074089 0.05665983259677887 0.9853655695915222
40.2632881163522 0.2772381603717804 -0.10933078080415726 0.40379104018211365 -0.1108298972249031 0.11434828490018845 0.06117650866508484 0.9853419065475464
40.313305116352204 0.2653239965438843 -0.10573245584964752 0.41074761748313904 -0.11536124348640442 0.10169856250286102 0.0641995295882225 0.986016035079956
40.3633231163522 0.2534373104572296 -0.10246405750513077 0.41961705684661865 -0.11957620829343796 0.09065015614032745 0.06483972072601318 0.9865494966506958
40.4133401163522 0.24410073459148407 -0.10080607235431671 0.42505258321762085 -0.1226564347743988 0.07455530762672424 0.0655524805188179 0.9874714016914368
40.4633571163522 0.23030301928520203 -0.10103447735309601 0.43167272210121155 -0.12544812262058258 0.06155440956354141 0.06446339190006256 0.9880881905555725
40.5133741163522 0.21514159440994263 -0.10407283902168274 0.43653613328933716 -0.12641343474388123 0.04700010269880295 0.06184488162398338 0.9889317154884338
40.5633921163522 0.20565851032733917 -0.10620839148759842 0.44125208258628845 -0.12575113773345947 0.03076348640024662 0.05644629895687103 0.9899768829345703
40.6134091163522 0.19402027130126953 -0.11076042056083679 0.443852961063385 -0.1231391429901123 0.022694749757647514 0.05049318075180054 0.990844190120697
40.6634261163522 0.19223424792289734 -0.1159263327717781 0.4456746578216553 -0.1197044774889946 0.018234552815556526 0.04766034334897995 0.9914973378181458
40.7134431163522 0.18978384137153625 -0.12218170613050461 0.451436847448349 -0.11534237116575241 0.02090267837047577 0.04875143617391586 0.9919085502624512
40.7634601163522 0.1954907774925232 -0.1290445625782013 0.4586505591869354 -0.11259479820728302 0.02503599412739277 0.05148719251155853 0.991990327835083
40.8134781163522 0.20384682714939117 -0.13533683121204376 0.46913379430770874 -0.11151865124702454 0.03599018603563309 0.05470065400004387 0.9916028380393982
40.8634951163522 0.21646355092525482 -0.13820959627628326 0.48018917441368103 -0.10942033678293228 0.04885975643992424 0.05734672769904137 0.991136372089386
40.9135121163522 0.23544098436832428 -0.14190305769443512 0.49300435185432434 -0.10724036395549774 0.06339926272630692 0.06153211370110512 0.9902998805046082
40.9635291163522 0.2568698227405548 -0.14668305218219757 0.5058883428573608 -0.10433772951364517 0.0824805349111557 0.0656353160738945 0.9889401793479919
41.0135471163522 0.2796238660812378 -0.15128491818904877 0.518578052520752 -0.10118545591831207 0.10336451232433319 0.07201685011386871 0.9868590831756592
41.063564116352204 0.3033921718597412 -0.15742889046669006 0.532173752784729 -0.09886980801820755 0.1231277585029602 0.0797039121389389 0.9842315316200256
41.1135811163522 0.32766851782798767 -0.16418127715587616 0.5431365370750427 -0.09712241590023041 0.1407693773508072 0.08916652947664261 0.9812240600585938
41.1635981163522 0.3519214391708374 -0.16962416470050812 0.5544108748435974 -0.09590970724821091 0.15771794319152832 0.09812823683023453 0.9779045581817627
41.2136161163522 0.37347275018692017 -0.17451059818267822 0.5639180541038513 -0.09419627487659454 0.1734539270401001 0.1059032529592514 0.9745898246765137
41.2636331163522 0.3961116671562195 -0.17893348634243011 0.5735506415367126 -0.09359920024871826 0.18584859371185303 0.11345560103654861 0.9715077877044678
41.3136501163522 0.41632911562919617 -0.1819002479314804 0.5814508199691772 -0.0923381820321083 0.20075958967208862 0.11822418868541718 0.9680869579315186
41.363667116352204 0.4329594373703003 -0.18616829812526703 0.5879932045936584 -0.09190133959054947 0.21093223989009857 0.12156473845243454 0.9655485153198242
41.4136851163522 0.4478643834590912 -0.1866232305765152 0.5946797132492065 -0.08960418403148651 0.21853892505168915 0.12418647110462189 0.9637373089790344
41.4637021163522 0.45992550253868103 -0.190848246216774 0.6015906929969788 -0.08981585502624512 0.22213181853294373 0.1241871789097786 0.9628957509994507
41.5137191163522 0.46926581859588623 -0.1907181739807129 0.6084438562393188 -0.0881376713514328 0.22526997327804565 0.12492510676383972 0.9622260928153992
41.5637361163522 0.4758494198322296 -0.19307494163513184 0.6161129474639893 -0.08823642134666443 0.22628861665725708 0.12637464702129364 0.9617886543273926
41.6137531163522 0.4803282916545868 -0.1903848648071289 0.6237881183624268 -0.08573251217603683 0.22412970662117004 0.12948976457118988 0.9621061682701111
41.6637711163522 0.477956622838974 -0.19313696026802063 0.627206563949585 -0.08543018251657486 0.22210165858268738 0.12889541685581207 0.9626830220222473
41.7137881163522 0.47305458784103394 -0.19300112128257751 0.632645308971405 -0.08396296948194504 0.21467871963977814 0.1301313191652298 0.9643283486366272
41.7638051163522 0.46295246481895447 -0.19553370773792267 0.6382712125778198 -0.08591849356889725 0.20892710983753204 0.12815792858600616 0.9656826853752136
41.8138221163522 0.4514678120613098 -0.1943110078573227 0.6437510251998901 -0.08590380847454071 0.1967153698205948 0.12685683369636536 0.9684167504310608
41.8638401163522 0.4369402527809143 -0.1950407177209854 0.651051938533783 -0.08836788684129715 0.18533331155776978 0.1251547783613205 0.970659077167511
41.9138571163522 0.4202420115470886 -0.19610294699668884 0.6579214334487915 -0.09066572040319443 0.17422637343406677 0.1218135729432106 0.9729267358779907
41.9638741163522 0.40095973014831543 -0.19711662828922272 0.6627202033996582 -0.09200917184352875 0.16121581196784973 0.11717227846384048 0.9756098389625549
42.0138911163522 0.3794732987880707 -0.19775301218032837 0.6678459048271179 -0.09182347357273102 0.1490192413330078 0.11117885261774063 0.9782642722129822
42.0639091163522 0.35780927538871765 -0.19755536317825317 0.670106053352356 -0.0904141440987587 0.13303448259830475 0.10715698450803757 0.9811444878578186
42.113926116352204 0.33399930596351624 -0.19884060323238373 0.6718704104423523 -0.08967775851488113 0.11613036692142487 0.10185589641332626 0.9839192628860474
42.1639431163522 0.30816036462783813 -0.19956445693969727 0.6727426648139954 -0.0892343744635582 0.09914934635162354 0.09686476737260818 0.9863183498382568
42.2139601163522 0.28250208497047424 -0.20049111545085907 0.672751784324646 -0.08999639004468918 0.08204883337020874 0.09207428246736526 0.9882768392562866
42.2639781163522 0.25600582361221313 -0.19981560111045837 0.6705278754234314 -0.09007076919078827 0.06835419684648514 0.0858752653002739 0.9898688793182373
42.3139951163522 0.22772882878780365 -0.19844397902488708 0.6660909652709961 -0.08925501257181168 0.05236923322081566 0.08026676625013351 0.9913870692253113
42.3640121163522 0.19813838601112366 -0.1979641169309616 0.6614056825637817 -0.08917360752820969 0.03618638217449188 0.07497483491897583 0.9925308227539062
42.414029116352204 0.17053240537643433 -0.19610527157783508 0.6552696228027344 -0.0883648693561554 0.020572127774357796 0.07013852894306183 0.9934027791023254
42.4640461163522 0.1416713297367096 -0.19203686714172363 0.6494918465614319 -0.08693498373031616 0.0069135758094489574 0.06658211350440979 0.9939625263214111
42.5140641163522 0.11549942940473557 -0.19173836708068848 0.6432316899299622 -0.08803244680166245 -0.007341709919273853 0.06447915732860565 0.9940014481544495
42.5640811163522 0.09059764444828033 -0.1883644014596939 0.6380531787872314 -0.08788056671619415 -0.021141426637768745 0.06539954245090485 0.9937570095062256
42.6140981163522 0.06510686874389648 -0.18612141907215118 0.6319401264190674 -0.08882727473974228 -0.032512225210666656 0.06618167459964752 0.9933140277862549
42.6641151163522 0.043030284345149994 -0.18119212985038757 0.6263849139213562 -0.0886724591255188 -0.043791964650154114 0.06899160891771317 0.9927031993865967
42.7141331163522 0.02212987281382084 -0.1825529783964157 0.6224901676177979 -0.09270454198122025 -0.0520036518573761 0.07162386924028397 0.9917517900466919
42.7641501163522 0.0059732431545853615 -0.18003562092781067 0.618725597858429 -0.09448063373565674 -0.0592227429151535 0.07541712373495102 0.9908977746963501
42.8141671163522 -0.010294871404767036 -0.1772686094045639 0.6182280778884888 -0.09648840129375458 -0.06466991454362869 0.07775545865297318 0.9901827573776245
42.8641841163522 -0.026343602687120438 -0.1776573210954666 0.618084728717804 -0.10001619160175323 -0.06426533311605453 0.07782512903213501 0.98985356092453
42.9142021163522 -0.03865025192499161 -0.1778450906276703 0.6174715161323547 -0.10242602229118347 -0.06544767320156097 0.07925020158290863 0.9894165396690369
42.9642191163522 -0.05038869380950928 -0.18382291495800018 0.6177937388420105 -0.10879551619291306 -0.06089264899492264 0.07837405055761337 0.9890971779823303
43.0142361163522 -0.05527355149388313 -0.18159447610378265 0.6138019561767578 -0.10652090609073639 -0.06130928918719292 0.08005883544683456 0.9891840219497681
43.0642531163522 -0.0638771653175354 -0.17689384520053864 0.6098766326904297 -0.10315116494894028 -0.054321035742759705 0.07991257309913635 0.9899611473083496
43.1142701163522 -0.06294725090265274 -0.17512147128582 0.6027884483337402 -0.09966789186000824 -0.0443243533372879 0.07945132255554199 0.9908528327941895
43.1642881163522 -0.05500636622309685 -0.17212428152561188 0.5946146249771118 -0.09671834856271744 -0.036474063992500305 0.08287495374679565 0.991184651851654
43.2143051163522 -0.0457337349653244 -0.162970170378685 0.5877541303634644 -0.09141282737255096 -0.019460147246718407 0.08559166640043259 0.9919370412826538
43.2643221163522 -0.028604043647646904 -0.156381294131279 0.5755127668380737 -0.08781135082244873 -0.008507355116307735 0.08907852321863174 0.9921097755432129
43.3143391163522 -0.011396761983633041 -0.14981698989868164 0.5630086064338684 -0.08474759757518768 0.0052912887185812 0.09106895327568054 0.9922178983688354
43.3643571163522 0.008903073146939278 -0.1425483077764511 0.5498850345611572 -0.08123914152383804 0.018415991216897964 0.0918799489736557 0.9922797679901123
43.4143741163522 0.032330065965652466 -0.13809585571289062 0.5376694798469543 -0.08037807792425156 0.02751978673040867 0.0940517783164978 0.991935670375824
43.4643911163522 0.05776159092783928 -0.13186338543891907 0.5249435305595398 -0.07888725399971008 0.03923524171113968 0.09470585733652115 0.991598904132843
43.5144081163522 0.08656623214483261 -0.1265708953142166 0.513371467590332 -0.07871647924184799 0.04785967990756035 0.09666614979505539 0.9910443425178528
43.5644261163522 0.11919882148504257 -0.12062185257673264 0.5021370053291321 -0.07902456820011139 0.06036001443862915 0.09956193715333939 0.9900501370429993
43.6144431163522 0.15048816800117493 -0.11716054379940033 0.4912218153476715 -0.0789475217461586 0.0713217705488205 0.10245133936405182 0.989031970500946
43.6644601163522 0.18340598046779633 -0.11198730766773224 0.48074886202812195 -0.07729826122522354 0.08199101686477661 0.10407603532075882 0.9881653189659119
43.7144771163522 0.21788521111011505 -0.11029616743326187 0.4683801233768463 -0.07565319538116455 0.0907796174287796 0.10396011918783188 0.9875363707542419
43.7644941163522 0.2507222890853882 -0.1076231598854065 0.4579979479312897 -0.07312776148319244 0.09836731851100922 0.10456175357103348 0.9869362115859985
43.8145121163522 0.2819478511810303 -0.10816892236471176 0.44914722442626953 -0.07220762968063354 0.10563082247972488 0.10502202063798904 0.9862041473388672
43.8645291163522 0.31056147813796997 -0.1098380982875824 0.4435112476348877 -0.07227232307195663 0.11120694875717163 0.10552152991294861 0.9855328798294067
43.9145461163522 0.33642324805259705 -0.1129118800163269 0.44000953435897827 -0.07267158478498459 0.11724589020013809 0.1052682176232338 0.984830379486084
43.9645631163522 0.35773998498916626 -0.11850519478321075 0.4392998218536377 -0.0737621858716011 0.12372106313705444 0.10502824187278748 0.9839824438095093
44.014581116352204 0.37635332345962524 -0.12471547722816467 0.4405113160610199 -0.07308565825223923 0.12905272841453552 0.1051836684346199 0.9833312034606934
44.0645981163522 0.3899063467979431 -0.1333211064338684 0.443705290555954 -0.07177180051803589 0.13307489454746246 0.10706467181444168 0.9826887249946594
44.1146151163522 0.40328454971313477 -0.1433560848236084 0.44799137115478516 -0.0696808397769928 0.13537393510341644 0.1109028235077858 0.9820993542671204
44.1646321163522 0.4115147590637207 -0.15226127207279205 0.4582710564136505 -0.06569939851760864 0.13392676413059235 0.11305263638496399 0.9823270440101624
44.2146501163522 0.4099910855293274 -0.16388839483261108 0.46683576703071594 -0.06289784610271454 0.1337762475013733 0.11462166160345078 0.9823490977287292
44.2646671163522 0.40638014674186707 -0.17360490560531616 0.47976818680763245 -0.05992564558982849 0.13070307672023773 0.11468634009361267 0.9829408526420593
44.314684116352204 0.39985236525535583 -0.18516357243061066 0.49320998787879944 -0.059644922614097595 0.12549632787704468 0.11338935047388077 0.9837866425514221
44.3647011163522 0.38877394795417786 -0.1905493140220642 0.5101872682571411 -0.05913997069001198 0.12007880955934525 0.11100076138973236 0.9847651720046997
44.4147191163522 0.37631890177726746 -0.19942796230316162 0.5276532769203186 -0.06225236877799034 0.11703742295503616 0.1091768741607666 0.9851433038711548
44.4647361163522 0.3585953712463379 -0.2051829695701599 0.5471068620681763 -0.06550800800323486 0.11834824085235596 0.1059737280011177 0.9851253628730774
44.5147531163522 0.34165647625923157 -0.21022431552410126 0.5650075674057007 -0.06932130455970764 0.12011532485485077 0.10181360691785812 0.9850893020629883
44.5647701163522 0.3200102746486664 -0.21409569680690765 0.5838061571121216 -0.07266093790531158 0.11905252933502197 0.09895320981740952 0.9852691292762756
44.6147871163522 0.2985406219959259 -0.21755146980285645 0.6008198261260986 -0.0756249725818634 0.11321744322776794 0.09710405766963959 0.9859176278114319
44.6648051163522 0.2767244279384613 -0.2211577594280243 0.617726743221283 -0.07932023704051971 0.10703396797180176 0.09688986092805862 0.9863389134407043
44.7148221163522 0.25579944252967834 -0.22577238082885742 0.6335507035255432 -0.08415206521749496 0.09833881258964539 0.09648007154464722 0.9868837594985962
44.7648391163522 0.23362641036510468 -0.22912393510341644 0.6497511863708496 -0.08929535746574402 0.09179051965475082 0.09483149647712708 0.9872223138809204
44.8148561163522 0.21159136295318604 -0.23111557960510254 0.6638113856315613 -0.0938786044716835 0.07893963903188705 0.09265971183776855 0.9881141185760498
44.8648741163522 0.18951958417892456 -0.23194381594657898 0.6755201816558838 -0.09904874116182327 0.06734191626310349 0.08778766542673111 0.9889124631881714
44.9148911163522 0.16496823728084564 -0.2318696677684784 0.6865853071212769 -0.10424747318029404 0.057134225964546204 0.08179076015949249 0.9895344376564026
44.9649081163522 0.14253465831279755 -0.23066507279872894 0.6962997913360596 -0.10990853607654572 0.04554340988397598 0.07489988207817078 0.9900686740875244
45.0149251163522 0.12065822631120682 -0.22991196811199188 0.704446017742157 -0.11535876244306564 0.0351819284260273 0.06706744432449341 0.9904325008392334
45.064943116352204 0.09965170919895172 -0.2275959700345993 0.7115957140922546 -0.12028859555721283 0.023947671055793762 0.059291139245033264 0.9906774163246155
45.1149601163522 0.08066073805093765 -0.22655649483203888 0.7149634957313538 -0.12418724596500397 0.014806436374783516 0.05150286853313446 0.9908106923103333
45.1649771163522 0.061369553208351135 -0.22523567080497742 0.7159485220909119 -0.12759211659431458 0.0065015759319067 0.045070450752973557 0.9907808899879456
45.2149941163522 0.0452527180314064 -0.22237060964107513 0.7136879563331604 -0.12858173251152039 -0.002098997123539448 0.04074515402317047 0.99085932970047
45.2650111163522 0.028491104021668434 -0.2182123214006424 0.7086544632911682 -0.12848801910877228 -0.009806795977056026 0.03826482221484184 0.990924060344696
45.3150291163522 0.017607852816581726 -0.21335691213607788 0.6994304060935974 -0.12769347429275513 -0.018530143424868584 0.038249820470809937 0.9909026026725769
45.365046116352204 0.004365675151348114 -0.20778369903564453 0.6915620565414429 -0.12776578962802887 -0.022401759400963783 0.03836345672607422 0.9908089637756348
45.4150631163522 -0.0015905406326055527 -0.20529311895370483 0.6772515773773193 -0.1294233500957489 -0.028564589098095894 0.039240989834070206 0.9904009103775024
45.4650801163522 -0.012250464409589767 -0.19635017216205597 0.6625599265098572 -0.1283629983663559 -0.030223334208130836 0.03935960680246353 0.990484893321991
45.5150981163522 -0.01852807030081749 -0.1861216127872467 0.6444514989852905 -0.12865984439849854 -0.03486461564898491 0.0399165116250515 0.9902715682983398
45.5651151163522 -0.02415052428841591 -0.17360256612300873 0.6252760887145996 -0.12965209782123566 -0.03782656788825989 0.03841875493526459 0.9900926947593689
45.6151321163522 -0.026500623673200607 -0.1573314070701599 0.6071959733963013 -0.130010724067688 -0.03454653173685074 0.03823656961321831 0.9901725649833679
45.665149116352204 -0.02848343923687935 -0.14592158794403076 0.5853133797645569 -0.13271881639957428 -0.028014158830046654 0.038894567638635635 0.9899940490722656
45.7151671163522 -0.02221149392426014 -0.132406085729599 0.566153883934021 -0.1333165466785431 -0.017192082479596138 0.04116271436214447 0.9900690913200378
45.7651841163522 -0.014191020280122757 -0.11664871871471405 0.5463926792144775 -0.13079336285591125 -0.006329266354441643 0.04571850597858429 0.9903347492218018
45.8152011163522 -0.0011154408566653728 -0.10601383447647095 0.5270484685897827 -0.1293453723192215 0.006550837308168411 0.05341868847608566 0.9901379942893982
45.8652181163522 0.016622796654701233 -0.0964362770318985 0.5078356862068176 -0.12770068645477295 0.021122466772794724 0.062397897243499756 0.9896225929260254
45.9152361163522 0.03524816781282425 -0.08990661799907684 0.4903016686439514 -0.126649409532547 0.03392636403441429 0.0730930045247078 0.9886690378189087
45.9652531163522 0.05751679465174675 -0.08155007660388947 0.47632062435150146 -0.12443647533655167 0.05119362473487854 0.08540918678045273 0.9872183799743652
46.0152701163522 0.08028634637594223 -0.07785840332508087 0.4622136056423187 -0.12367379665374756 0.06134975329041481 0.09751392155885696 0.9856125712394714
46.0652871163522 0.1000828817486763 -0.07381533086299896 0.4523414373397827 -0.12342207878828049 0.07833589613437653 0.10491743683815002 0.9836782217025757
46.1153041163522 0.11706148833036423 -0.07108205556869507 0.4426085948944092 -0.12126092612743378 0.09343870729207993 0.10952162742614746 0.9821252822875977
46.1653221163522 0.1327277272939682 -0.0700862854719162 0.4346744418144226 -0.1186780035495758 0.10577858984470367 0.11163880676031113 0.9809501767158508
46.2153391163522 0.15023143589496613 -0.07070588320493698 0.42794421315193176 -0.11563753336668015 0.11816664040088654 0.11167389899492264 0.9798946380615234
46.2653561163522 0.16437570750713348 -0.07766931504011154 0.4252217710018158 -0.11495425552129745 0.1278744339942932 0.1123470664024353 0.9786785840988159
46.3153731163522 0.17830301821231842 -0.08614411950111389 0.42394688725471497 -0.11432021111249924 0.138370081782341 0.11245879530906677 0.9773114323616028
46.3653911163522 0.18990442156791687 -0.09564539790153503 0.4266483783721924 -0.1128634586930275 0.14447009563446045 0.11275091767311096 0.9765641093254089
46.415408116352204 0.1964871883392334 -0.10188876837491989 0.43073514103889465 -0.10837475210428238 0.15383853018283844 0.11189068853855133 0.9757403135299683
46.4654251163522 0.20443905889987946 -0.11502644419670105 0.4362751245498657 -0.1065918505191803 0.15998542308807373 0.11082345992326736 0.9750698208808899
46.5154421163522 0.2102757841348648 -0.12503157556056976 0.445980966091156 -0.10312254726886749 0.16525915265083313 0.11004295945167542 0.974651575088501
46.5654601163522 0.2191268503665924 -0.13429668545722961 0.4579448401927948 -0.09880869090557098 0.16808927059173584 0.10842747986316681 0.9747955799102783
46.6154771163522 0.2255145162343979 -0.143449604511261 0.47031399607658386 -0.09309307485818863 0.1681549996137619 0.10712059587240219 0.9754910469055176
46.6654941163522 0.23239077627658844 -0.15703415870666504 0.4824833571910858 -0.09053552150726318 0.16974946856498718 0.10623893141746521 0.9755520224571228
46.715511116352204 0.23647435009479523 -0.16845189034938812 0.49837616086006165 -0.08675865083932877 0.17026768624782562 0.10558060556650162 0.9758763313293457
46.7655281163522 0.24120411276817322 -0.18041689693927765 0.5141711235046387 -0.08372939378023148 0.17009137570858002 0.10432448238134384 0.9763067364692688
46.8155461163522 0.2438296526670456 -0.18943198025226593 0.5295136570930481 -0.07783830165863037 0.169882133603096 0.10241576284170151 0.9770324230194092
46.8655631163522 0.2442687749862671 -0.20021460950374603 0.5439192056655884 -0.07347780466079712 0.16588594019412994 0.10141562670469284 0.9781603813171387
46.9155801163522 0.24316702783107758 -0.2107628583908081 0.558196485042572 -0.06989821046590805 0.1631021350622177 0.0981132909655571 0.9792271256446838
46.9655971163522 0.24041546881198883 -0.21835798025131226 0.5709950923919678 -0.0654732957482338 0.15866416692733765 0.0954611524939537 0.980523407459259
47.0156151163522 0.23253363370895386 -0.2279285043478012 0.5847233533859253 -0.06427442282438278 0.1554158478975296 0.09096371382474899 0.9815499782562256
47.0656321163522 0.225810244679451 -0.2349756360054016 0.5953492522239685 -0.0628826692700386 0.15084733068943024 0.08690206706523895 0.9827201962471008
47.1156491163522 0.21877402067184448 -0.23931029438972473 0.6061325669288635 -0.06269139051437378 0.1426974982023239 0.08210515975952148 0.9843606948852539
47.1656661163522 0.2101677507162094 -0.2399844229221344 0.615304708480835 -0.06143973395228386 0.13684238493442535 0.07716963440179825 0.9856694340705872
47.2156841163522 0.20140740275382996 -0.2414952963590622 0.6241763234138489 -0.06254342943429947 0.12964172661304474 0.07288220524787903 0.9868989586830139
47.2657011163522 0.1913556158542633 -0.2406441867351532 0.6315316557884216 -0.06467558443546295 0.12347521632909775 0.06892502307891846 0.9878362417221069
47.3157181163522 0.1829567551612854 -0.24085547029972076 0.6371503472328186 -0.06662344932556152 0.1177319809794426 0.06687259674072266 0.988548755645752
47.3657351163522 0.17569416761398315 -0.2362542748451233 0.639950156211853 -0.06701763719320297 0.11132866144180298 0.0659247562289238 0.9893273115158081
47.4157531163522 0.16771374642848969 -0.23171725869178772 0.6428201198577881 -0.06868178397417068 0.10604950040578842 0.06534284353256226 0.9898316264152527
47.4657701163522 0.16089072823524475 -0.2257992923259735 0.644177258014679 -0.0702030286192894 0.09776652604341507 0.06473430246114731 0.9906173944473267
47.5157871163522 0.15336303412914276 -0.21990373730659485 0.6443264484405518 -0.07311202585697174 0.09117671102285385 0.06387196481227875 0.991091251373291
47.5658041163522 0.14733104407787323 -0.21252556145191193 0.6430058479309082 -0.07672195881605148 0.08580326288938522 0.06248563528060913 0.9913864731788635
47.6158211163522 0.14017122983932495 -0.2037678062915802 0.6406170129776001 -0.08117589354515076 0.0806460827589035 0.06108390912413597 0.9915520548820496
47.6658391163522 0.13428188860416412 -0.19352568686008453 0.6368750929832458 -0.08612456172704697 0.07771515101194382 0.05997797101736069 0.9914361238479614
47.7158561163522 0.12860974669456482 -0.18328647315502167 0.6320167183876038 -0.09157130867242813 0.07586603611707687 0.05992097780108452 0.9910945892333984
