# timestamp[secs] tx ty tz qx qy qz qw
1542145521.567805 0.48459 -2.054687 0.902927 -0.068986 -0.016826 -0.311548 0.947574
1542145521.572799 0.486108 -2.056163 0.902841 -0.069747 -0.011838 -0.319715 0.944869
1542145521.577797 0.488231 -2.056588 0.90338 -0.068868 -0.015408 -0.317412 0.945658
1542145521.5828 0.490113 -2.057762 0.90379 -0.068922 -0.017162 -0.321564 0.94422
1542145521.587803 0.49179 -2.058369 0.903997 -0.065677 -0.01398 -0.320194 0.944969
1542145521.592804 0.493737 -2.05947 0.904456 -0.067876 -0.018427 -0.322557 0.943933
1542145521.597808 0.495355 -2.06043 0.904491 -0.066458 -0.015262 -0.324073 0.943571
1542145521.602814 0.497329 -2.061082 0.904961 -0.066886 -0.018567 -0.322536 0.944008
1542145521.607824 0.498991 -2.062109 0.905095 -0.063578 -0.019069 -0.325476 0.943218
1542145521.612844 0.500409 -2.063178 0.905124 -0.066471 -0.016834 -0.326114 0.94284
1542145521.617861 0.502097 -2.063968 0.905402 -0.063556 -0.018335 -0.328814 0.942075
1542145521.622874 0.503851 -2.064196 0.90574 -0.061252 -0.022803 -0.322796 0.944209
1542145521.627882 0.50515 -2.065461 0.905455 -0.064075 -0.01781 -0.33101 0.941281
1542145521.632885 0.506605 -2.06612 0.905567 -0.062849 -0.016246 -0.32814 0.942396
1542145521.637884 0.508131 -2.067008 0.905574 -0.059729 -0.017044 -0.330703 0.941689
1542145521.642878 0.509367 -2.068255 0.905443 -0.064858 -0.015549 -0.332523 0.940734
1542145521.647869 0.511008 -2.069055 0.905182 -0.063821 -0.015597 -0.334622 0.940059
1542145521.652845 0.511955 -2.069536 0.90506 -0.064896 -0.013628 -0.333696 0.940345
1542145521.657822 0.513225 -2.070367 0.904756 -0.062309 -0.010892 -0.33195 0.941174
1542145521.662804 0.514422 -2.071243 0.90462 -0.066305 -0.013206 -0.334294 0.940041
1542145521.667787 0.515563 -2.071982 0.904472 -0.068583 -0.013859 -0.334467 0.939806
1542145521.672775 0.516638 -2.072496 0.904273 -0.071582 -0.012403 -0.331104 0.940793
1542145521.677768 0.517625 -2.073391 0.904051 -0.073694 -0.014259 -0.337018 0.938501
1542145521.68277 0.518677 -2.07423 0.903849 -0.077049 -0.013815 -0.336492 0.938427
1542145521.687776 0.519733 -2.07466 0.903394 -0.075083 -0.013792 -0.336256 0.938672
1542145521.692788 0.52057 -2.075227 0.903286 -0.074741 -0.014403 -0.338076 0.938036
1542145521.697802 0.521306 -2.075882 0.903091 -0.076449 -0.014824 -0.337324 0.938162
1542145521.702817 0.522051 -2.076422 0.903007 -0.080764 -0.015054 -0.336249 0.938183
1542145521.707834 0.522822 -2.077185 0.902684 -0.084138 -0.013444 -0.339118 0.936877
1542145521.712859 0.523425 -2.077592 0.902539 -0.08264 -0.013269 -0.33938 0.936918
1542145521.717881 0.524001 -2.077528 0.902404 -0.075536 -0.01364 -0.334126 0.939398
1542145521.722902 0.524378 -2.078502 0.902265 -0.081354 -0.011374 -0.338149 0.937501
1542145521.727915 0.524829 -2.078903 0.902254 -0.085607 -0.010949 -0.33711 0.937501
1542145521.73292 0.525347 -2.079274 0.902204 -0.083616 -0.011348 -0.336945 0.937735
1542145521.737917 0.525755 -2.079449 0.902334 -0.084874 -0.01266 -0.333952 0.938676
1542145521.742906 0.525938 -2.079892 0.90226 -0.085173 -0.012452 -0.334224 0.938555
1542145521.747891 0.526183 -2.080042 0.90223 -0.084634 -0.012297 -0.331626 0.939527
1542145521.752872 0.526274 -2.080316 0.902173 -0.086762 -0.012059 -0.330764 0.939639
1542145521.757851 0.526288 -2.080624 0.90204 -0.087241 -0.011412 -0.330819 0.939584
1542145521.76283 0.526339 -2.080859 0.901982 -0.086672 -0.01262 -0.331594 0.939348
1542145521.767808 0.526523 -2.080735 0.90198 -0.084726 -0.014695 -0.328337 0.940638
1542145521.772792 0.526487 -2.080846 0.901825 -0.083425 -0.015067 -0.328561 0.94067
1542145521.777784 0.526443 -2.080722 0.901815 -0.082222 -0.016878 -0.32608 0.941608
1542145521.782782 0.526322 -2.080544 0.901785 -0.080776 -0.018072 -0.32349 0.942604
1542145521.787786 0.526098 -2.080501 0.901717 -0.081001 -0.01895 -0.322079 0.943051
1542145521.792796 0.525833 -2.080809 0.901533 -0.083715 -0.019041 -0.32469 0.941916
1542145521.797809 0.525624 -2.080898 0.901404 -0.085935 -0.01943 -0.326469 0.941093
1542145521.802823 0.525301 -2.080786 0.901513 -0.086137 -0.021472 -0.324593 0.941679
1542145521.807838 0.524921 -2.080648 0.901634 -0.084435 -0.022692 -0.32125 0.94295
1542145521.812852 0.524594 -2.080253 0.901833 -0.084738 -0.02403 -0.317537 0.944146
1542145521.817862 0.524063 -2.080378 0.901809 -0.085725 -0.024067 -0.318414 0.943761
1542145521.822868 0.523888 -2.08008 0.901943 -0.085325 -0.026549 -0.31628 0.944448
1542145521.827872 0.52345 -2.079532 0.902211 -0.083162 -0.02853 -0.311172 0.946278
1542145521.832873 0.522965 -2.079468 0.902504 -0.084501 -0.030745 -0.310812 0.946208
1542145521.83787 0.521983 -2.079679 0.902517 -0.087814 -0.027934 -0.312885 0.94531
1542145521.842859 0.521449 -2.079242 0.902735 -0.08411 -0.028225 -0.310088 0.946559
1542145521.847852 0.521562 -2.077391 0.90358 -0.08031 -0.035091 -0.291241 0.952627
1542145521.852845 0.520607 -2.077858 0.903527 -0.079642 -0.032513 -0.299482 0.950216
1542145521.857837 0.519808 -2.077465 0.903926 -0.076875 -0.033396 -0.29759 0.951007
1542145521.862827 0.51902 -2.077471 0.904234 -0.080758 -0.032573 -0.298156 0.950537
1542145521.867815 0.518467 -2.07658 0.904559 -0.075248 -0.033715 -0.29318 0.952495
1542145521.872809 0.517521 -2.076493 0.905116 -0.077541 -0.033772 -0.292899 0.952395
1542145521.877808 0.516611 -2.076178 0.905527 -0.079285 -0.034223 -0.292132 0.952471
1542145521.88281 0.515928 -2.07545 0.905927 -0.075977 -0.034225 -0.288843 0.953743
1542145521.887814 0.515428 -2.073599 0.906964 -0.066913 -0.039209 -0.273119 0.958849
1542145521.89282 0.514341 -2.072893 0.907388 -0.063827 -0.039062 -0.270927 0.959687
1542145521.897822 0.513535 -2.072384 0.907924 -0.062841 -0.039803 -0.27032 0.959893
1542145521.902825 0.512607 -2.071838 0.908507 -0.062321 -0.041505 -0.267784 0.960565
1542145521.907831 0.511679 -2.071239 0.908963 -0.061166 -0.042644 -0.266494 0.960948
1542145521.912838 0.510503 -2.070644 0.909384 -0.058976 -0.042367 -0.264413 0.961672
1542145521.917844 0.50965 -2.069996 0.910138 -0.059844 -0.046139 -0.263302 0.961749
1542145521.922848 0.508554 -2.069271 0.910435 -0.058788 -0.045469 -0.261436 0.962355
1542145521.927851 0.507499 -2.068634 0.9109 -0.05842 -0.046678 -0.258751 0.963045
1542145521.932844 0.506004 -2.068092 0.911241 -0.058027 -0.044666 -0.258065 0.963348
1542145521.937836 0.504998 -2.067313 0.911726 -0.057559 -0.046371 -0.257054 0.963566
1542145521.942828 0.50361 -2.066592 0.912223 -0.057153 -0.046462 -0.25465 0.964224
1542145521.947823 0.502417 -2.065832 0.912594 -0.057221 -0.04875 -0.254 0.964279
1542145521.95282 0.500953 -2.065078 0.913105 -0.059338 -0.046998 -0.250805 0.965073
1542145521.95782 0.499707 -2.06416 0.913723 -0.056965 -0.050394 -0.248327 0.965686
1542145521.962818 0.498005 -2.063595 0.913936 -0.058716 -0.047829 -0.249443 0.965424
1542145521.967813 0.496639 -2.062577 0.914551 -0.055807 -0.050639 -0.246556 0.966194
1542145521.97281 0.495117 -2.061749 0.915017 -0.05262 -0.050715 -0.246251 0.966447
1542145521.977811 0.493277 -2.061029 0.915282 -0.053767 -0.047258 -0.245938 0.966639
1542145521.982814 0.491815 -2.059683 0.916082 -0.046592 -0.052455 -0.241345 0.9679
1542145521.987822 0.489696 -2.05939 0.916143 -0.051264 -0.045958 -0.245007 0.967074
1542145521.992827 0.488193 -2.057983 0.917104 -0.050155 -0.051681 -0.237382 0.968743
1542145521.997833 0.486421 -2.056716 0.917628 -0.046284 -0.05404 -0.23407 0.969613
1542145522.002837 0.48438 -2.055991 0.918089 -0.052425 -0.054403 -0.231249 0.969957
1542145522.007842 0.482364 -2.054995 0.91869 -0.050132 -0.053379 -0.230609 0.970287
1542145522.012847 0.480306 -2.054001 0.919264 -0.049413 -0.053606 -0.229641 0.970541
1542145522.01785 0.478039 -2.053005 0.919832 -0.05005 -0.054253 -0.227306 0.971022
1542145522.022852 0.475805 -2.051965 0.920366 -0.049421 -0.054117 -0.226207 0.971318
1542145522.027851 0.473413 -2.050859 0.920917 -0.049025 -0.054065 -0.224103 0.971829
1542145522.032849 0.470979 -2.049862 0.921613 -0.049066 -0.053998 -0.223479 0.971974
1542145522.037846 0.468357 -2.048697 0.922056 -0.04848 -0.052393 -0.221052 0.972646
1542145522.042837 0.465681 -2.04773 0.922617 -0.052189 -0.054428 -0.21841 0.972939
1542145522.047821 0.46297 -2.046502 0.923194 -0.050522 -0.051934 -0.217168 0.973442
1542145522.052809 0.460214 -2.045425 0.923878 -0.051348 -0.053459 -0.214066 0.974003
1542145522.057801 0.457374 -2.044128 0.924414 -0.049524 -0.051321 -0.212636 0.974525
1542145522.062808 0.4542 -2.042748 0.924695 -0.046349 -0.04853 -0.210464 0.975296
1542145522.067813 0.451231 -2.041401 0.925116 -0.041608 -0.049604 -0.20826 0.975928
1542145522.072821 0.448246 -2.040005 0.925775 -0.036275 -0.048619 -0.206574 0.976549
1542145522.07783 0.444889 -2.038751 0.926275 -0.034697 -0.044813 -0.204542 0.977216
1542145522.082839 0.441414 -2.037333 0.926596 -0.033894 -0.043373 -0.200348 0.978177
1542145522.087846 0.43832 -2.036015 0.927085 -0.031799 -0.043497 -0.198564 0.978606
1542145522.092847 0.435248 -2.034825 0.928051 -0.037515 -0.051244 -0.19271 0.979198
1542145522.097844 0.431137 -2.033531 0.927961 -0.028677 -0.040033 -0.195786 0.97941
1542145522.102836 0.428309 -2.032491 0.929613 -0.039517 -0.055997 -0.188132 0.979749
1542145522.10783 0.424712 -2.030827 0.929739 -0.033237 -0.053193 -0.185123 0.980712
1542145522.112822 0.420673 -2.02897 0.929832 -0.023671 -0.046867 -0.181799 0.981933
1542145522.117818 0.417054 -2.028031 0.930676 -0.02889 -0.049825 -0.179936 0.981991
1542145522.122816 0.413222 -2.026482 0.930672 -0.022084 -0.044675 -0.179343 0.982524
1542145522.127811 0.409616 -2.025185 0.931267 -0.023655 -0.046055 -0.174369 0.983318
1542145522.132809 0.405729 -2.023441 0.931858 -0.017481 -0.046611 -0.169597 0.984255
1542145522.137811 0.401766 -2.022515 0.932036 -0.022562 -0.044842 -0.167922 0.984521
1542145522.142812 0.398171 -2.021591 0.932668 -0.02672 -0.047815 -0.166284 0.984555
1542145522.147816 0.394006 -2.0207 0.932911 -0.026179 -0.042793 -0.168145 0.984485
1542145522.152822 0.389949 -2.019324 0.932913 -0.022939 -0.036818 -0.166221 0.985134
1542145522.157827 0.38589 -2.018406 0.933198 -0.028695 -0.035501 -0.162776 0.985607
1542145522.162833 0.381655 -2.017326 0.933343 -0.028101 -0.032294 -0.16244 0.985789
1542145522.167842 0.377957 -2.015175 0.934023 -0.021767 -0.035552 -0.151616 0.98756
1542145522.172846 0.373579 -2.014359 0.934074 -0.024757 -0.032878 -0.152578 0.987434
1542145522.177847 0.369346 -2.012716 0.934159 -0.022306 -0.029951 -0.146103 0.988564
1542145522.182848 0.365503 -2.011512 0.934789 -0.020469 -0.032519 -0.142722 0.989017
1542145522.187844 0.36134 -2.010253 0.934884 -0.020418 -0.032904 -0.140035 0.989389
1542145522.192838 0.357222 -2.009204 0.935187 -0.020088 -0.031332 -0.138357 0.989683
1542145522.197833 0.353045 -2.007872 0.935431 -0.016144 -0.02945 -0.135762 0.990172
1542145522.202829 0.348424 -2.006611 0.935197 -0.017177 -0.02739 -0.132698 0.990629
1542145522.207828 0.344149 -2.005546 0.935217 -0.019378 -0.029519 -0.130303 0.990845
1542145522.212819 0.339358 -2.004323 0.934888 -0.020895 -0.024829 -0.126657 0.991416
1542145522.217812 0.335446 -2.003188 0.935351 -0.017064 -0.027056 -0.125925 0.991524
1542145522.222808 0.330776 -2.002056 0.935144 -0.01903 -0.025201 -0.122105 0.992015
1542145522.227808 0.326518 -2.001045 0.935275 -0.019029 -0.026699 -0.12061 0.992158
1542145522.23281 0.322097 -1.999917 0.935317 -0.018538 -0.026772 -0.118247 0.99245
1542145522.237814 0.316925 -1.998571 0.934588 -0.021616 -0.024399 -0.112601 0.993105
1542145522.24282 0.312134 -1.997428 0.93428 -0.02379 -0.022899 -0.108096 0.993592
1542145522.247818 0.307927 -1.996373 0.934465 -0.022961 -0.024263 -0.107748 0.993617
1542145522.252817 0.303035 -1.995474 0.934174 -0.028341 -0.021751 -0.101265 0.994218
1542145522.257817 0.298243 -1.994321 0.933948 -0.029398 -0.020557 -0.097576 0.994581
1542145522.262819 0.293632 -1.99314 0.934057 -0.025754 -0.019546 -0.096955 0.994763
1542145522.267823 0.288852 -1.991872 0.933906 -0.023007 -0.017512 -0.09556 0.995004
1542145522.272829 0.283773 -1.990707 0.93377 -0.02233 -0.011083 -0.091356 0.995506
1542145522.277845 0.278979 -1.99006 0.933467 -0.0326 -0.012852 -0.085758 0.9957
1542145522.282859 0.273963 -1.988855 0.933125 -0.032284 -0.013148 -0.083281 0.995916
1542145522.287865 0.268878 -1.987779 0.932948 -0.03294 -0.010418 -0.078988 0.996277
1542145522.292867 0.264073 -1.986626 0.933025 -0.029815 -0.010957 -0.077647 0.996475
1542145522.297866 0.259164 -1.985788 0.932905 -0.031932 -0.011155 -0.073858 0.996695
1542145522.302862 0.25412 -1.984737 0.932808 -0.031884 -0.010141 -0.069892 0.996993
1542145522.307856 0.248985 -1.983719 0.932645 -0.032168 -0.008015 -0.065298 0.997315
1542145522.312849 0.244235 -1.982775 0.932772 -0.03068 -0.008704 -0.063546 0.997469
1542145522.317836 0.239192 -1.981479 0.932628 -0.026853 -0.009155 -0.06229 0.997655
1542145522.322824 0.234073 -1.980313 0.932449 -0.025171 -0.007284 -0.058721 0.99793
1542145522.327817 0.229167 -1.979248 0.932446 -0.022236 -0.00777 -0.056742 0.998111
1542145522.332815 0.224031 -1.97814 0.932133 -0.021088 -0.00622 -0.052425 0.998383
1542145522.337817 0.219213 -1.977887 0.932053 -0.03361 -0.008044 -0.042926 0.99848
1542145522.342821 0.214406 -1.97716 0.932071 -0.034867 -0.008232 -0.038277 0.998625
1542145522.347827 0.209765 -1.976433 0.931936 -0.035894 -0.009606 -0.035429 0.998681
1542145522.352833 0.204955 -1.975619 0.931891 -0.035187 -0.008579 -0.031154 0.998858
1542145522.357838 0.200156 -1.974631 0.931658 -0.033443 -0.007416 -0.027726 0.999028
1542145522.362842 0.195871 -1.974236 0.931727 -0.036583 -0.008784 -0.023702 0.999011
1542145522.367845 0.191239 -1.973344 0.931522 -0.034507 -0.007849 -0.020298 0.999167
1542145522.372846 0.186829 -1.97273 0.93142 -0.035123 -0.007051 -0.01617 0.999227
1542145522.377845 0.18259 -1.972178 0.93135 -0.035818 -0.006635 -0.01232 0.99926
1542145522.382842 0.178349 -1.971529 0.931117 -0.035275 -0.005518 -0.008562 0.999326
1542145522.387837 0.174285 -1.970849 0.930964 -0.03426 -0.00561 -0.005976 0.999379
1542145522.392832 0.170221 -1.970155 0.930853 -0.031863 -0.002049 -0.002604 0.999487
1542145522.397828 0.166599 -1.969666 0.930734 -0.031352 -0.003327 -0.000495 0.999503
1542145522.402822 0.162791 -1.969115 0.930592 -0.02967 0.000414 0.003387 0.999554
1542145522.407814 0.159441 -1.96859 0.930381 -0.029582 0.000345 0.005034 0.99955
1542145522.412809 0.156041 -1.96822 0.930053 -0.031259 0.001936 0.008395 0.999474
1542145522.417807 0.15277 -1.967785 0.929826 -0.030583 0.004293 0.01178 0.999454
1542145522.422808 0.149833 -1.967395 0.929549 -0.031249 0.004872 0.013381 0.99941
1542145522.427812 0.147228 -1.967121 0.929436 -0.031867 0.004758 0.014577 0.999374
1542145522.432817 0.144399 -1.966831 0.929056 -0.033265 0.007501 0.018181 0.999253
1542145522.437825 0.141988 -1.966577 0.92882 -0.033769 0.008487 0.020157 0.99919
1542145522.442833 0.139614 -1.966263 0.928498 -0.03412 0.010218 0.021855 0.999127
1542145522.447835 0.13745 -1.966033 0.928196 -0.034331 0.012063 0.023796 0.999054
1542145522.452831 0.135403 -1.965907 0.927815 -0.036486 0.014311 0.026769 0.998873
1542145522.457822 0.133617 -1.965747 0.927483 -0.038025 0.015825 0.028732 0.998738
1542145522.462839 0.132146 -1.965624 0.927268 -0.038102 0.01624 0.02947 0.998707
1542145522.467851 0.13076 -1.965544 0.926896 -0.039655 0.017324 0.031212 0.998576
1542145522.472853 0.129516 -1.965501 0.926495 -0.042042 0.019083 0.033836 0.99836
1542145522.477866 0.128453 -1.965255 0.926214 -0.040164 0.021593 0.034688 0.998357
1542145522.482866 0.127797 -1.965347 0.92605 -0.040702 0.022117 0.035131 0.998309
1542145522.487855 0.12722 -1.965426 0.925661 -0.043728 0.022634 0.037372 0.998088
1542145522.492867 0.126742 -1.965315 0.925222 -0.04355 0.024297 0.038452 0.998015
1542145522.497865 0.126551 -1.965347 0.924885 -0.04353 0.02552 0.039329 0.997951
1542145522.502887 0.126646 -1.965408 0.924594 -0.042933 0.025802 0.039513 0.997963
1542145522.507893 0.127013 -1.965537 0.924358 -0.04327 0.025615 0.039556 0.997951
1542145522.512909 0.127564 -1.965641 0.924067 -0.042602 0.025208 0.039169 0.998006
1542145522.517941 0.1283 -1.965801 0.92376 -0.042725 0.025381 0.039597 0.997979
1542145522.522961 0.129234 -1.965979 0.923478 -0.042296 0.025459 0.039836 0.997986
1542145522.527957 0.13043 -1.966178 0.923197 -0.041915 0.025303 0.039519 0.998019
1542145522.532964 0.131866 -1.966509 0.922901 -0.042744 0.024598 0.039675 0.997995
1542145522.537956 0.133488 -1.966753 0.922642 -0.042416 0.025085 0.039438 0.998006
1542145522.542921 0.135368 -1.967039 0.922392 -0.042603 0.024726 0.038843 0.99803
1542145522.547866 0.137541 -1.967431 0.922194 -0.042414 0.024241 0.038094 0.998079
1542145522.55282 0.139982 -1.967857 0.921982 -0.042879 0.023067 0.036623 0.998142
1542145522.557761 0.142542 -1.968238 0.921689 -0.043085 0.022959 0.035675 0.99817
1542145522.562708 0.145271 -1.968713 0.921379 -0.043781 0.023798 0.034973 0.998145
1542145522.56767 0.148292 -1.969169 0.921095 -0.043331 0.024496 0.032769 0.998223
1542145522.572656 0.15172 -1.969933 0.920978 -0.045871 0.022824 0.031141 0.998201
1542145522.577644 0.155063 -1.970316 0.920643 -0.043326 0.024383 0.027879 0.998374
1542145522.58265 0.158769 -1.971115 0.920384 -0.045985 0.023536 0.026271 0.998319
1542145522.587659 0.162744 -1.971716 0.920343 -0.043292 0.024044 0.021792 0.998535
1542145522.59268 0.166625 -1.972289 0.919979 -0.042845 0.025351 0.018953 0.99858
1542145522.597702 0.170952 -1.973237 0.919918 -0.043981 0.024439 0.016008 0.998605
1542145522.602723 0.175234 -1.973954 0.919716 -0.042897 0.025975 0.013419 0.998652
1542145522.607765 0.18 -1.974914 0.919692 -0.043483 0.023549 0.008407 0.998741
1542145522.612794 0.184536 -1.97569 0.919544 -0.041737 0.026226 0.004998 0.998772
1542145522.617809 0.189479 -1.97673 0.919537 -0.041688 0.025252 0.000953 0.998811
1542145522.622823 0.194538 -1.977822 0.919463 -0.043309 0.025358 -0.002226 0.998737
1542145522.627829 0.19963 -1.978688 0.919408 -0.040018 0.025654 -0.007954 0.998838
1542145522.63284 0.204851 -1.979849 0.919328 -0.040442 0.025745 -0.011612 0.998783
1542145522.637831 0.210124 -1.980878 0.919203 -0.039285 0.026192 -0.015968 0.998757
1542145522.642816 0.215555 -1.982109 0.919308 -0.038487 0.027221 -0.019793 0.998692
1542145522.647789 0.22111 -1.983326 0.919262 -0.038426 0.026193 -0.024186 0.998625
1542145522.652796 0.226965 -1.984784 0.919432 -0.03928 0.023786 -0.029023 0.998523
1542145522.65779 0.232719 -1.986124 0.919467 -0.039524 0.022435 -0.033398 0.998408
1542145522.662773 0.238706 -1.987443 0.919731 -0.037415 0.01895 -0.03955 0.998337
1542145522.667812 0.244189 -1.988839 0.919552 -0.03895 0.019944 -0.041273 0.998189
1542145522.672835 0.250199 -1.99039 0.919827 -0.038897 0.017801 -0.04573 0.998038
1542145522.67785 0.256128 -1.99175 0.919955 -0.037314 0.014891 -0.050867 0.997897
1542145522.682873 0.262339 -1.993303 0.920307 -0.03589 0.01036 -0.056042 0.997729
1542145522.687877 0.268288 -1.994938 0.920579 -0.036352 0.008704 -0.058686 0.997576
1542145522.6929 0.274112 -1.996345 0.920635 -0.035252 0.007149 -0.062266 0.997411
1542145522.697932 0.280336 -1.998175 0.920818 -0.041349 0.00213 -0.065144 0.997017
1542145522.702936 0.286582 -1.999842 0.921205 -0.039711 -0.001657 -0.070296 0.996734
1542145522.707913 0.292706 -2.001704 0.9216 -0.040787 -0.00414 -0.073273 0.996469
1542145522.712875 0.298858 -2.003641 0.921903 -0.044075 -0.007527 -0.075691 0.996128
1542145522.717845 0.305051 -2.005289 0.922283 -0.04151 -0.011158 -0.080547 0.995824
1542145522.722805 0.311147 -2.007133 0.922607 -0.041946 -0.012875 -0.083731 0.995522
1542145522.727787 0.317243 -2.008892 0.922917 -0.042191 -0.014262 -0.086806 0.995229
1542145522.73276 0.323471 -2.010791 0.923203 -0.04219 -0.01526 -0.090345 0.994899
1542145522.73773 0.329487 -2.012624 0.923535 -0.042415 -0.015702 -0.092649 0.994671
1542145522.742723 0.335193 -2.014359 0.923636 -0.043779 -0.014003 -0.094112 0.9945
1542145522.747729 0.340712 -2.016194 0.923362 -0.042336 -0.006712 -0.097092 0.994352
1542145522.75277 0.346679 -2.018227 0.923814 -0.042069 -0.008068 -0.102033 0.993858
1542145522.757816 0.353693 -2.020234 0.924819 -0.038784 -0.023595 -0.112007 0.99267
1542145522.762851 0.359611 -2.022198 0.925193 -0.040734 -0.024794 -0.114376 0.992292
1542145522.767869 0.365357 -2.024182 0.9257 -0.0396 -0.027423 -0.117555 0.991898
1542145522.772866 0.371463 -2.026137 0.926144 -0.040673 -0.0299 -0.121409 0.991318
1542145522.77785 0.377602 -2.027688 0.927015 -0.035907 -0.035557 -0.122848 0.991138
1542145522.782849 0.38336 -2.029509 0.927468 -0.035946 -0.037099 -0.1245 0.990874
1542145522.787852 0.389185 -2.031336 0.92799 -0.035283 -0.038524 -0.126705 0.990564
1542145522.79287 0.394975 -2.033271 0.92864 -0.03489 -0.041926 -0.13029 0.989974
1542145522.797904 0.4007 -2.035182 0.929167 -0.035058 -0.043648 -0.133177 0.98951
1542145522.802917 0.406378 -2.037155 0.92973 -0.035461 -0.045374 -0.136684 0.988939
1542145522.807907 0.411923 -2.039094 0.930261 -0.03704 -0.0468 -0.138814 0.988518
1542145522.812874 0.417472 -2.040881 0.930998 -0.033411 -0.05011 -0.140893 0.988191
1542145522.817825 0.422818 -2.043273 0.931477 -0.036965 -0.050038 -0.147286 0.987136
1542145522.822778 0.428278 -2.045169 0.932096 -0.036564 -0.050331 -0.150163 0.986702
1542145522.827751 0.433744 -2.047884 0.932535 -0.034869 -0.049234 -0.160705 0.985157
1542145522.832752 0.438962 -2.049534 0.933209 -0.033488 -0.050448 -0.160688 0.985146
1542145522.837768 0.444377 -2.051042 0.933857 -0.028927 -0.052684 -0.160158 0.98526
1542145522.842798 0.44947 -2.052746 0.934745 -0.029143 -0.054917 -0.161588 0.984898
1542145522.847827 0.454911 -2.055489 0.935333 -0.029988 -0.056395 -0.169838 0.9834
1542145522.852842 0.460135 -2.057202 0.936052 -0.027565 -0.05832 -0.173273 0.982759
1542145522.857839 0.465442 -2.058981 0.93666 -0.027799 -0.061131 -0.173545 0.982534
1542145522.862825 0.470528 -2.059182 0.937801 -0.022201 -0.065661 -0.164764 0.983895
1542145522.867805 0.475585 -2.063948 0.937841 -0.035631 -0.063197 -0.189195 0.979256
1542145522.872801 0.479603 -2.067239 0.937644 -0.050775 -0.052519 -0.209052 0.975172
1542145522.877792 0.485261 -2.06886 0.93856 -0.047102 -0.058671 -0.205424 0.975777
1542145522.882773 0.49035 -2.068782 0.940161 -0.038672 -0.066105 -0.200713 0.976652
1542145522.887749 0.495603 -2.071653 0.940906 -0.043069 -0.071352 -0.207172 0.974748
1542145522.892729 0.500739 -2.073846 0.941095 -0.041979 -0.070725 -0.210175 0.974198
1542145522.897705 0.505309 -2.075087 0.9424 -0.045096 -0.073435 -0.218815 0.971953
1542145522.902694 0.510628 -2.076756 0.942859 -0.036688 -0.077798 -0.208585 0.974215
1542145522.907701 0.515346 -2.078093 0.943522 -0.031801 -0.079111 -0.209834 0.974012
1542145522.912704 0.519419 -2.080965 0.943775 -0.028054 -0.070095 -0.234398 0.969205
1542145522.917702 0.524154 -2.083849 0.943944 -0.024948 -0.067673 -0.238765 0.968395
1542145522.922722 0.52873 -2.084903 0.944995 -0.028055 -0.069722 -0.240232 0.967802
1542145522.927747 0.533369 -2.084924 0.946304 -0.03026 -0.074669 -0.229547 0.969957
1542145522.932761 0.538247 -2.088214 0.946573 -0.029772 -0.075019 -0.235297 0.968567
1542145522.937766 0.542791 -2.090655 0.947204 -0.030054 -0.077498 -0.238308 0.967626
1542145522.942761 0.547163 -2.092459 0.947771 -0.032952 -0.07662 -0.241793 0.966737
1542145522.947764 0.551056 -2.094525 0.948308 -0.03571 -0.074583 -0.245818 0.965782
1542145522.952787 0.555225 -2.097927 0.948228 -0.033336 -0.069351 -0.259413 0.962696
1542145522.957818 0.559257 -2.099099 0.949358 -0.036676 -0.07179 -0.257174 0.962997
1542145522.962859 0.563011 -2.100216 0.949932 -0.028328 -0.068098 -0.262795 0.962029
1542145522.967884 0.565993 -2.101901 0.950246 -0.030416 -0.061012 -0.27786 0.958199
1542145522.972884 0.569251 -2.102538 0.951395 -0.032082 -0.062162 -0.279659 0.957548
1542145522.977867 0.572811 -2.105188 0.951634 -0.034286 -0.061293 -0.28426 0.956172
1542145522.982834 0.577031 -2.106925 0.952266 -0.024465 -0.065985 -0.280514 0.957267
1542145522.987787 0.579734 -2.108591 0.952465 -0.022184 -0.059289 -0.294557 0.953535
1542145522.992735 0.582678 -2.109697 0.953333 -0.029483 -0.060354 -0.294967 0.953144
1542145522.997684 0.585954 -2.111919 0.953515 -0.018894 -0.059654 -0.299788 0.951951
1542145523.002636 0.58827 -2.112254 0.954461 -0.024195 -0.058326 -0.304319 0.950475
1542145523.0076 0.591085 -2.114665 0.954869 -0.031505 -0.057703 -0.307595 0.949243
1542145523.012577 0.594214 -2.116354 0.955399 -0.027441 -0.059991 -0.305109 0.95003
1542145523.017572 0.596256 -2.117393 0.955685 -0.026325 -0.055387 -0.312954 0.947786
1542145523.022588 0.598171 -2.118253 0.95645 -0.023385 -0.051586 -0.321972 0.945053
1542145523.027621 0.600739 -2.118863 0.957096 -0.021547 -0.056267 -0.313805 0.947574
1542145523.03267 0.602804 -2.121428 0.957165 -0.027617 -0.054316 -0.318436 0.945984
1542145523.037724 0.604726 -2.122172 0.957697 -0.024303 -0.052963 -0.322067 0.944922
1542145523.042778 0.606471 -2.12242 0.958543 -0.020729 -0.05583 -0.320504 0.945373
1542145523.047827 0.607744 -2.123501 0.95872 -0.023816 -0.04985 -0.328349 0.94294
1542145523.052865 0.609635 -2.124234 0.959035 -0.009883 -0.052724 -0.327749 0.943241
1542145523.05789 0.610854 -2.125307 0.959457 -0.022294 -0.05166 -0.328469 0.942837
1542145523.062896 0.612361 -2.126141 0.95959 -0.01212 -0.053512 -0.327964 0.943096
1542145523.06789 0.613145 -2.126331 0.960034 -0.014848 -0.0496 -0.332725 0.941602
1542145523.072873 0.614012 -2.126713 0.960297 -0.020259 -0.050598 -0.330526 0.942222
1542145523.077849 0.614902 -2.126864 0.960468 -0.013696 -0.05168 -0.330839 0.942172
1542145523.08282 0.615633 -2.127731 0.96021 -0.009214 -0.051905 -0.332407 0.941662
1542145523.087789 0.616107 -2.127946 0.960295 -0.011074 -0.052578 -0.332307 0.94164
1542145523.09276 0.616166 -2.127475 0.960461 -0.013107 -0.051111 -0.333359 0.941322
1542145523.097736 0.616402 -2.127479 0.960333 -0.011955 -0.050752 -0.333654 0.941252
1542145523.10272 0.61662 -2.12779 0.960246 -0.017384 -0.051266 -0.331515 0.941896
1542145523.107712 0.616711 -2.127895 0.96006 -0.018014 -0.051432 -0.330573 0.942206
1542145523.112712 0.616859 -2.127661 0.959978 -0.01504 -0.054434 -0.326467 0.94352
1542145523.117721 0.616689 -2.127273 0.959945 -0.015289 -0.055564 -0.325109 0.943919
1542145523.122735 0.61613 -2.126819 0.959575 -0.013376 -0.054021 -0.325113 0.944036
1542145523.127751 0.615411 -2.126052 0.959363 -0.014039 -0.054884 -0.324184 0.944296
1542145523.132774 0.614621 -2.125483 0.958879 -0.013619 -0.052446 -0.324387 0.944371
1542145523.137801 0.613845 -2.125492 0.958494 -0.024242 -0.053161 -0.320706 0.945375
1542145523.142823 0.61323 -2.124469 0.958109 -0.014973 -0.053244 -0.317897 0.946511
1542145523.147845 0.612281 -2.122734 0.957865 -0.008288 -0.05453 -0.311049 0.948792
1542145523.152866 0.610465 -2.122263 0.957747 -0.024599 -0.054104 -0.314274 0.94747
1542145523.157881 0.609579 -2.121013 0.957292 -0.012744 -0.055357 -0.309058 0.949345
1542145523.162892 0.608604 -2.120757 0.956377 -0.01309 -0.057063 -0.304143 0.950826
1542145523.167896 0.606784 -2.119374 0.956257 -0.012916 -0.056825 -0.304425 0.950752
1542145523.172893 0.605223 -2.117641 0.955959 -0.012576 -0.057641 -0.298323 0.95264
1542145523.177884 0.603454 -2.116292 0.955738 -0.01398 -0.060255 -0.295304 0.953399
1542145523.182878 0.601724 -2.115307 0.954906 -0.013484 -0.059803 -0.291085 0.954731
1542145523.18787 0.599759 -2.114032 0.954382 -0.011767 -0.061636 -0.290049 0.954952
1542145523.192861 0.597687 -2.1125 0.954071 -0.016163 -0.063191 -0.28604 0.955995
1542145523.197853 0.595905 -2.111864 0.953519 -0.023768 -0.065604 -0.278678 0.957846
1542145523.202844 0.593521 -2.109647 0.953088 -0.018978 -0.066458 -0.274867 0.958995
1542145523.207829 0.590503 -2.106425 0.952998 -0.020589 -0.064963 -0.273317 0.959507
1542145523.212816 0.5884 -2.106336 0.952079 -0.022468 -0.065856 -0.269634 0.960445
1542145523.217807 0.586423 -2.104942 0.95155 -0.023647 -0.071539 -0.260238 0.9626
1542145523.222803 0.583262 -2.102129 0.950883 -0.017252 -0.066859 -0.257906 0.963699
1542145523.227805 0.580872 -2.101107 0.950185 -0.020789 -0.067207 -0.255815 0.964163
1542145523.23281 0.578031 -2.098967 0.949659 -0.015753 -0.070465 -0.250387 0.96545
1542145523.237818 0.575272 -2.096249 0.949468 -0.018416 -0.072483 -0.241083 0.967619
1542145523.242829 0.572406 -2.094481 0.948833 -0.016454 -0.0692 -0.238079 0.968638
1542145523.24784 0.569597 -2.09336 0.948048 -0.018871 -0.070457 -0.235338 0.969173
1542145523.252849 0.566551 -2.092465 0.947753 -0.044015 -0.074729 -0.236736 0.967695
1542145523.257855 0.563468 -2.089009 0.947887 -0.042361 -0.076657 -0.225617 0.970271
1542145523.262855 0.560579 -2.087238 0.947568 -0.04067 -0.078036 -0.222808 0.970883
1542145523.267854 0.557836 -2.08602 0.946851 -0.041855 -0.082375 -0.214514 0.972341
1542145523.272841 0.554572 -2.083355 0.946823 -0.03963 -0.083478 -0.207213 0.973922
1542145523.277827 0.55135 -2.081133 0.946898 -0.043181 -0.085693 -0.202534 0.974563
1542145523.282814 0.548564 -2.079949 0.946116 -0.042149 -0.087495 -0.198457 0.975286
1542145523.287805 0.545014 -2.077177 0.945941 -0.041605 -0.086428 -0.187316 0.977605
1542145523.292801 0.542027 -2.075181 0.945717 -0.033906 -0.087269 -0.180701 0.979072
1542145523.297803 0.538758 -2.07252 0.945492 -0.028598 -0.087349 -0.171979 0.980803
1542145523.302809 0.535368 -2.069482 0.945806 -0.028969 -0.087206 -0.16059 0.982734
1542145523.307819 0.532324 -2.068349 0.945398 -0.029516 -0.087424 -0.160449 0.982722
1542145523.312829 0.529012 -2.06719 0.945223 -0.0317 -0.085307 -0.161999 0.982586
1542145523.31785 0.525494 -2.064929 0.945102 -0.033253 -0.082777 -0.157469 0.983487
1542145523.322862 0.522105 -2.063695 0.944696 -0.032929 -0.079385 -0.155393 0.984107
1542145523.327865 0.5187 -2.061802 0.944806 -0.037808 -0.078714 -0.148778 0.985008
1542145523.332866 0.515222 -2.059208 0.944683 -0.024998 -0.074839 -0.144553 0.986346
1542145523.337863 0.51211 -2.056978 0.945168 -0.023065 -0.077361 -0.135988 0.987416
1542145523.342857 0.508667 -2.056089 0.944976 -0.024356 -0.074088 -0.136283 0.987595
1542145523.34785 0.505207 -2.053537 0.945313 -0.020023 -0.074001 -0.124216 0.989289
1542145523.352843 0.501869 -2.05183 0.945218 -0.017005 -0.070716 -0.12348 0.989678
1542145523.357837 0.49865 -2.049897 0.945564 -0.01976 -0.07304 -0.114792 0.990504
1542145523.362832 0.495392 -2.048112 0.945748 -0.019665 -0.07146 -0.10933 0.991239
1542145523.36783 0.492005 -2.046826 0.945732 -0.021031 -0.070046 -0.108268 0.991428
1542145523.372833 0.488651 -2.045933 0.945909 -0.019266 -0.067002 -0.108994 0.991595
1542145523.377835 0.485401 -2.043957 0.946185 -0.018591 -0.066263 -0.102307 0.992369
1542145523.38283 0.482239 -2.042397 0.946324 -0.018575 -0.06377 -0.097523 0.993014
1542145523.387829 0.479286 -2.040906 0.946799 -0.015248 -0.06625 -0.093978 0.99325
1542145523.392828 0.476224 -2.040359 0.946611 -0.02247 -0.06357 -0.09179 0.993493
1542145523.397831 0.473116 -2.039556 0.946452 -0.022077 -0.056114 -0.099346 0.993224
1542145523.40284 0.470422 -2.037032 0.947438 -0.015088 -0.063481 -0.082571 0.994447
1542145523.40785 0.467542 -2.036397 0.947348 -0.017487 -0.058235 -0.086544 0.994391
1542145523.412862 0.464679 -2.035923 0.947158 -0.020512 -0.053716 -0.086382 0.994601
1542145523.417883 0.462233 -2.033686 0.947985 -0.012226 -0.059195 -0.074386 0.995396
1542145523.422901 0.459831 -2.032743 0.948075 -0.014547 -0.057044 -0.071802 0.99568
1542145523.427917 0.45722 -2.0319 0.947947 -0.013124 -0.055301 -0.070954 0.995859
1542145523.432927 0.454784 -2.030833 0.948206 -0.010517 -0.054783 -0.067786 0.996139
1542145523.437929 0.452424 -2.029984 0.94836 -0.012245 -0.053485 -0.065221 0.996361
1542145523.442925 0.450159 -2.029096 0.948355 -0.011102 -0.051594 -0.062398 0.996655
1542145523.447915 0.448057 -2.028813 0.948213 -0.018178 -0.047981 -0.063408 0.996668
1542145523.452902 0.445877 -2.027911 0.948337 -0.014273 -0.049388 -0.062168 0.996741
1542145523.45789 0.443687 -2.027605 0.948122 -0.017252 -0.046677 -0.063527 0.996739
1542145523.462878 0.441773 -2.026475 0.948196 -0.013468 -0.046206 -0.058126 0.997148
1542145523.467866 0.439741 -2.026188 0.94803 -0.019407 -0.043261 -0.057733 0.997205
1542145523.472854 0.437956 -2.025366 0.948109 -0.016928 -0.043588 -0.055669 0.997354
1542145523.477839 0.436076 -2.024623 0.948046 -0.013377 -0.041677 -0.052858 0.997642
1542145523.482827 0.434279 -2.02417 0.947596 -0.018114 -0.038491 -0.051259 0.997779
1542145523.487818 0.432178 -2.023698 0.947339 -0.020561 -0.034091 -0.047025 0.9981
1542145523.492814 0.430694 -2.022422 0.947405 -0.010126 -0.03585 -0.043381 0.998364
1542145523.497819 0.429024 -2.022793 0.946839 -0.023572 -0.032081 -0.04287 0.998287
1542145523.502832 0.42731 -2.022376 0.94671 -0.024234 -0.030292 -0.040309 0.998434
1542145523.507847 0.425786 -2.021481 0.94669 -0.015332 -0.028114 -0.041367 0.998631
1542145523.512871 0.424086 -2.021051 0.946343 -0.016216 -0.024531 -0.038442 0.998828
1542145523.517892 0.422586 -2.020814 0.94607 -0.01943 -0.023582 -0.037959 0.998812
1542145523.522913 0.421118 -2.0205 0.945825 -0.020321 -0.022845 -0.036362 0.998871
1542145523.527931 0.419644 -2.020265 0.945618 -0.021632 -0.020506 -0.034819 0.998949
1542145523.53294 0.418182 -2.019873 0.945445 -0.021218 -0.018835 -0.032737 0.999061
1542145523.537945 0.416739 -2.019636 0.945417 -0.020976 -0.018023 -0.031029 0.999136
1542145523.542941 0.415373 -2.019586 0.945326 -0.023354 -0.017959 -0.030432 0.999103
1542145523.547936 0.413803 -2.019101 0.945129 -0.02161 -0.01479 -0.026364 0.999309
1542145523.552924 0.412454 -2.018887 0.945169 -0.021272 -0.015338 -0.025657 0.999327
1542145523.557908 0.411088 -2.018692 0.945165 -0.02111 -0.016248 -0.024168 0.999353
1542145523.56289 0.409675 -2.018567 0.945331 -0.020451 -0.014517 -0.022198 0.999439
1542145523.56787 0.408355 -2.018384 0.945348 -0.020703 -0.015907 -0.020407 0.999451
1542145523.572849 0.406897 -2.018253 0.945499 -0.021118 -0.015464 -0.017058 0.999512
1542145523.577829 0.405614 -2.018178 0.945654 -0.021888 -0.017349 -0.014714 0.999502
1542145523.582814 0.404276 -2.018147 0.945847 -0.022665 -0.01766 -0.012742 0.999506
1542145523.587803 0.402932 -2.018085 0.946085 -0.0233 -0.018983 -0.009206 0.999506
1542145523.592799 0.401596 -2.018103 0.94631 -0.025382 -0.019716 -0.005311 0.999469
1542145523.597802 0.400115 -2.018075 0.946517 -0.027341 -0.018925 -0.000383 0.999447
1542145523.602812 0.398845 -2.018146 0.946804 -0.029781 -0.020303 0.003525 0.999344
1542145523.607827 0.397654 -2.018035 0.947228 -0.029079 -0.021434 0.007327 0.99932
1542145523.612842 0.39654 -2.017926 0.947679 -0.028062 -0.022772 0.010511 0.999291
1542145523.617853 0.395389 -2.017821 0.948227 -0.025792 -0.023309 0.013418 0.999305
1542145523.622863 0.394452 -2.017671 0.948778 -0.023777 -0.025237 0.016465 0.999263
1542145523.627872 0.393486 -2.017664 0.949306 -0.023014 -0.026453 0.019452 0.999196
1542145523.632877 0.392682 -2.017537 0.949921 -0.020394 -0.027892 0.021283 0.999176
1542145523.637885 0.391782 -2.017493 0.950397 -0.020111 -0.027374 0.024855 0.999114
1542145523.64289 0.391172 -2.017466 0.950927 -0.019274 -0.029645 0.027138 0.999006
1542145523.647902 0.390623 -2.017297 0.951538 -0.01647 -0.030593 0.028831 0.99898
1542145523.652915 0.390148 -2.017126 0.952137 -0.0137 -0.031787 0.029946 0.998952
1542145523.657918 0.389725 -2.017041 0.952722 -0.012106 -0.03234 0.031692 0.998901
1542145523.662917 0.389356 -2.017029 0.953242 -0.01196 -0.031834 0.033421 0.998863
1542145523.667912 0.389167 -2.016975 0.953722 -0.011921 -0.032678 0.034231 0.998808
1542145523.672902 0.389111 -2.016896 0.954253 -0.01096 -0.033798 0.034723 0.998765
1542145523.677891 0.389136 -2.016821 0.954754 -0.010373 -0.034774 0.035065 0.998726
1542145523.682879 0.389275 -2.016598 0.955275 -0.00784 -0.035481 0.034463 0.998745
1542145523.687867 0.389371 -2.016542 0.955589 -0.00934 -0.035275 0.034972 0.998722
1542145523.692855 0.389719 -2.016526 0.955932 -0.010837 -0.035896 0.035186 0.998677
1542145523.697841 0.390162 -2.016419 0.956324 -0.010915 -0.037233 0.034113 0.998665
1542145523.70283 0.390683 -2.016211 0.956656 -0.010452 -0.038169 0.032555 0.998686
1542145523.707825 0.391215 -2.016057 0.956863 -0.011342 -0.038421 0.032304 0.998675
1542145523.712824 0.391878 -2.015799 0.957183 -0.009865 -0.038415 0.030262 0.998755
1542145523.717824 0.392602 -2.015614 0.957346 -0.011001 -0.038292 0.029116 0.998782
1542145523.722825 0.393447 -2.015421 0.957495 -0.011758 -0.038495 0.027307 0.998816
1542145523.72783 0.394411 -2.015231 0.957655 -0.012322 -0.039011 0.024226 0.998869
1542145523.732838 0.395369 -2.015103 0.957731 -0.01457 -0.03819 0.022618 0.998908
1542145523.737844 0.396492 -2.014831 0.957884 -0.013934 -0.038323 0.019001 0.998988
1542145523.742851 0.397625 -2.014573 0.957967 -0.014193 -0.037566 0.015689 0.99907
1542145523.747856 0.398849 -2.014303 0.958065 -0.013851 -0.037086 0.012284 0.999141
1542145523.752862 0.400088 -2.014173 0.958033 -0.017066 -0.035939 0.009238 0.999166
1542145523.757867 0.401416 -2.013828 0.958162 -0.014933 -0.034535 0.004995 0.999279
1542145523.762876 0.402766 -2.0137 0.958162 -0.017026 -0.032554 0.0014 0.999324
1542145523.7679 0.404236 -2.013505 0.958165 -0.018395 -0.031589 -0.002561 0.999328
1542145523.772912 0.405725 -2.013342 0.958225 -0.019117 -0.030341 -0.007278 0.99933
1542145523.777917 0.407125 -2.013227 0.958195 -0.020903 -0.027454 -0.00969 0.999358
1542145523.782926 0.408672 -2.01309 0.958276 -0.02157 -0.025659 -0.014054 0.999339
1542145523.787933 0.410334 -2.012842 0.958498 -0.01874 -0.024378 -0.019679 0.999333
1542145523.792934 0.411906 -2.012633 0.95868 -0.016859 -0.021698 -0.02342 0.999348
1542145523.797928 0.413455 -2.012449 0.9588 -0.015163 -0.01905 -0.027433 0.999327
1542145523.802915 0.415137 -2.012285 0.959017 -0.013398 -0.017384 -0.031898 0.99925
1542145523.807899 0.416767 -2.012153 0.959231 -0.011672 -0.014809 -0.035518 0.999191
1542145523.812879 0.418485 -2.012098 0.959532 -0.009609 -0.013217 -0.04017 0.999059
1542145523.817866 0.420249 -2.012002 0.959801 -0.007165 -0.012775 -0.044619 0.998897
1542145523.822864 0.422013 -2.011956 0.960049 -0.005168 -0.011702 -0.049392 0.998698
1542145523.827863 0.423708 -2.011997 0.960385 -0.00318 -0.009763 -0.053589 0.99851
1542145523.832863 0.425437 -2.013377 0.960275 -0.021119 -0.010097 -0.057272 0.998084
1542145523.837863 0.427162 -2.01355 0.960499 -0.021532 -0.008991 -0.061202 0.997853
1542145523.842863 0.428977 -2.013587 0.960791 -0.018749 -0.009097 -0.065877 0.99761
1542145523.847864 0.430651 -2.013806 0.961175 -0.017574 -0.007608 -0.069852 0.997374
1542145523.852869 0.432384 -2.014134 0.961413 -0.019138 -0.00726 -0.074091 0.997041
1542145523.857873 0.434185 -2.014249 0.961695 -0.017283 -0.007968 -0.078659 0.99672
1542145523.862876 0.435933 -2.014579 0.961971 -0.018075 -0.008068 -0.082794 0.99637
1542145523.867875 0.437457 -2.014784 0.962121 -0.018428 -0.005313 -0.085124 0.996186
1542145523.872877 0.439202 -2.01499 0.962315 -0.018115 -0.005314 -0.088265 0.995918
1542145523.877887 0.441154 -2.015188 0.962723 -0.014931 -0.007696 -0.093242 0.995502
1542145523.882902 0.442683 -2.015573 0.962727 -0.017361 -0.00581 -0.095828 0.99523
1542145523.887908 0.444302 -2.015867 0.962865 -0.01788 -0.00466 -0.098237 0.994992
1542145523.892911 0.446098 -2.016019 0.963057 -0.014818 -0.004712 -0.101758 0.994688
1542145523.897912 0.447903 -2.016452 0.963195 -0.01595 -0.00527 -0.105153 0.994314
1542145523.902907 0.449606 -2.016772 0.963271 -0.016207 -0.005022 -0.107579 0.994052
1542145523.907893 0.451335 -2.017146 0.963267 -0.016897 -0.004355 -0.110426 0.993731
1542145523.912877 0.453219 -2.017164 0.963373 -0.012252 -0.0048 -0.112813 0.993529
1542145523.917862 0.455014 -2.018962 0.96292 -0.033322 -0.003336 -0.119638 0.992253
1542145523.922856 0.456712 -2.019691 0.962832 -0.036594 -0.002577 -0.123282 0.991693
1542145523.927851 0.45902 -2.018387 0.963232 -0.014258 -0.005999 -0.119627 0.992698
1542145523.932853 0.460581 -2.018784 0.963074 -0.013914 -0.00328 -0.121155 0.992531
1542145523.937853 0.462441 -2.019535 0.963128 -0.016123 -0.004322 -0.124289 0.992106
1542145523.942851 0.464619 -2.019939 0.96316 -0.013936 -0.005851 -0.126921 0.991798
1542145523.947848 0.466316 -2.020946 0.962996 -0.018548 -0.004704 -0.131642 0.991113
1542145523.952844 0.468472 -2.021536 0.962992 -0.016263 -0.006314 -0.136444 0.990494
1542145523.95784 0.470319 -2.022457 0.962799 -0.019979 -0.004951 -0.140072 0.989927
1542145523.962839 0.472372 -2.023184 0.962693 -0.019647 -0.004954 -0.143852 0.989392
1542145523.96784 0.47426 -2.024355 0.962492 -0.024513 -0.003649 -0.149204 0.988496
1542145523.972846 0.47641 -2.024846 0.962374 -0.021577 -0.004263 -0.152697 0.988028
1542145523.977859 0.47843 -2.025511 0.962278 -0.019719 -0.003694 -0.156016 0.987551
1542145523.982871 0.480308 -2.026123 0.962093 -0.018517 -0.001718 -0.157236 0.987386
1542145523.987882 0.482181 -2.027386 0.961821 -0.024328 0.00072 -0.162069 0.986479
1542145523.99289 0.484116 -2.028085 0.961556 -0.023233 0.002437 -0.165291 0.985968
1542145523.997905 0.486083 -2.028718 0.961419 -0.017986 0.00335 -0.16924 0.985405
1542145524.002916 0.488179 -2.029655 0.961267 -0.021433 0.002645 -0.170958 0.985042
1542145524.00792 0.489997 -2.02996 0.961343 -0.014563 0.002571 -0.170014 0.985331
1542145524.012914 0.491723 -2.031566 0.960875 -0.020316 0.004739 -0.179792 0.983483
1542145524.017909 0.493429 -2.032892 0.960611 -0.027117 0.00532 -0.18303 0.982719
1542145524.022911 0.495271 -2.033536 0.960448 -0.024403 0.004983 -0.185098 0.982404
1542145524.027918 0.496837 -2.034595 0.960094 -0.024318 0.005919 -0.190669 0.981335
1542145524.03292 0.4984 -2.035454 0.959753 -0.024144 0.007148 -0.19237 0.980999
1542145524.037918 0.499939 -2.036785 0.959417 -0.027679 0.005751 -0.198152 0.979763
1542145524.042907 0.501681 -2.037214 0.959285 -0.026487 0.004575 -0.19683 0.980069
1542145524.047892 0.503032 -2.038526 0.959096 -0.032302 0.002764 -0.201202 0.979013
1542145524.052876 0.504527 -2.039006 0.959058 -0.028858 0.001931 -0.200146 0.979339
1542145524.057861 0.505815 -2.03965 0.958716 -0.025931 0.001454 -0.202494 0.978939
1542145524.062857 0.506751 -2.0407 0.958399 -0.03015 0.004877 -0.20479 0.978329
1542145524.067864 0.508318 -2.041235 0.958068 -0.027634 0.001518 -0.206099 0.97814
1542145524.072866 0.509345 -2.042201 0.957862 -0.030631 0.000812 -0.207515 0.977752
1542145524.077868 0.510605 -2.043038 0.957362 -0.029941 -0.001099 -0.21257 0.976686
1542145524.082876 0.511663 -2.043488 0.957249 -0.031357 -0.000747 -0.208848 0.977445
1542145524.087882 0.512646 -2.044248 0.9569 -0.031091 -0.000392 -0.21119 0.97695
1542145524.09288 0.513451 -2.045154 0.956729 -0.034912 -0.002051 -0.212884 0.976451
1542145524.097874 0.514332 -2.045756 0.956452 -0.033339 -0.001968 -0.213312 0.976413
1542145524.102868 0.515077 -2.046032 0.956173 -0.03215 -0.002344 -0.210092 0.97715
1542145524.107862 0.515674 -2.046678 0.955734 -0.032687 -0.001043 -0.210748 0.976993
1542145524.112857 0.516438 -2.047212 0.955451 -0.032605 -0.002258 -0.210681 0.977008
1542145524.117853 0.516927 -2.047763 0.955146 -0.033505 -0.003059 -0.210582 0.976997
1542145524.12285 0.51739 -2.048693 0.95481 -0.035813 -0.003845 -0.213997 0.97617
1542145524.127852 0.517871 -2.049232 0.954513 -0.037909 -0.004448 -0.213416 0.976216
1542145524.132853 0.518406 -2.049646 0.954251 -0.036864 -0.006833 -0.212852 0.976365
1542145524.137859 0.518775 -2.049967 0.953979 -0.036945 -0.008251 -0.211176 0.976715
1542145524.14287 0.519054 -2.050443 0.953657 -0.036874 -0.009165 -0.210803 0.97679
1542145524.147884 0.519121 -2.05132 0.9533 -0.041086 -0.008553 -0.212938 0.976164
1542145524.152905 0.519313 -2.051822 0.953049 -0.041456 -0.009499 -0.212643 0.976204
1542145524.15792 0.519453 -2.052321 0.952834 -0.043307 -0.01103 -0.212087 0.976228
1542145524.16293 0.519795 -2.052719 0.952749 -0.041779 -0.014406 -0.211237 0.976435
1542145524.167932 0.519685 -2.053686 0.952352 -0.04654 -0.012845 -0.214433 0.975545
1542145524.172931 0.519754 -2.054297 0.952171 -0.044763 -0.013868 -0.215877 0.975295
1542145524.177922 0.519652 -2.054469 0.952009 -0.042711 -0.013888 -0.2151 0.975559
1542145524.182907 0.519566 -2.056201 0.951642 -0.053831 -0.013149 -0.223214 0.973193
1542145524.187898 0.519521 -2.057268 0.951406 -0.056492 -0.012565 -0.228645 0.971788
1542145524.192886 0.519647 -2.05744 0.951462 -0.05657 -0.01446 -0.225018 0.972604
1542145524.197873 0.519651 -2.057405 0.95145 -0.051797 -0.0149 -0.221062 0.973769
1542145524.20286 0.519738 -2.057358 0.951465 -0.046605 -0.016407 -0.218162 0.974661
1542145524.207848 0.51986 -2.057551 0.951568 -0.044512 -0.018391 -0.215019 0.975422
1542145524.212839 0.519679 -2.058044 0.95142 -0.044616 -0.01718 -0.215858 0.975254
1542145524.217834 0.519244 -2.060004 0.951046 -0.056632 -0.014107 -0.227393 0.972052
1542145524.222828 0.51905 -2.060481 0.950954 -0.056182 -0.013231 -0.227996 0.97195
1542145524.227826 0.518813 -2.061141 0.950936 -0.056783 -0.013476 -0.229982 0.971443
1542145524.232831 0.518684 -2.060389 0.951055 -0.047912 -0.013759 -0.222298 0.973704
1542145524.23784 0.518635 -2.060754 0.951049 -0.047749 -0.014034 -0.221306 0.973934
1542145524.24285 0.518662 -2.060965 0.951128 -0.046248 -0.015745 -0.218716 0.974565
1542145524.247861 0.51837 -2.061063 0.951174 -0.043691 -0.014878 -0.216636 0.975161
1542145524.252872 0.518153 -2.061591 0.951176 -0.045796 -0.01492 -0.216347 0.975128
1542145524.257886 0.517871 -2.062001 0.951181 -0.04618 -0.01438 -0.216265 0.975136
1542145524.262894 0.517578 -2.062523 0.951124 -0.047145 -0.013573 -0.217344 0.974861
1542145524.267899 0.517271 -2.06291 0.951124 -0.048219 -0.013363 -0.216772 0.974939
1542145524.272901 0.516987 -2.063191 0.951243 -0.047243 -0.013628 -0.215894 0.975178
1542145524.277909 0.516726 -2.063577 0.951244 -0.047264 -0.013111 -0.216218 0.975112
1542145524.282912 0.516596 -2.063949 0.951351 -0.048238 -0.014233 -0.21579 0.975144
1542145524.287909 0.516321 -2.064124 0.951395 -0.047625 -0.013137 -0.213511 0.975691
1542145524.292902 0.515952 -2.064445 0.951455 -0.047894 -0.011595 -0.213076 0.975792
1542145524.297901 0.515714 -2.064592 0.951679 -0.044458 -0.011829 -0.212244 0.976133
1542145524.302897 0.515357 -2.065085 0.951783 -0.045496 -0.010825 -0.213606 0.9758
1542145524.30789 0.51517 -2.065199 0.951967 -0.042409 -0.011737 -0.212357 0.976201
1542145524.312879 0.514817 -2.065379 0.952111 -0.040394 -0.010957 -0.210816 0.976629
1542145524.317868 0.514336 -2.06687 0.951876 -0.047592 -0.007508 -0.221068 0.974068
1542145524.322859 0.514003 -2.067029 0.952071 -0.045971 -0.007154 -0.219947 0.974402
1542145524.327852 0.513678 -2.067464 0.952124 -0.046343 -0.006841 -0.22145 0.974046
1542145524.332856 0.513409 -2.067767 0.952193 -0.045321 -0.005933 -0.221675 0.974049
1542145524.337867 0.513209 -2.067876 0.952381 -0.042411 -0.006097 -0.220455 0.974456
1542145524.342876 0.512782 -2.068946 0.95237 -0.048467 -0.005044 -0.225965 0.972916
1542145524.347884 0.512579 -2.06859 0.952753 -0.043089 -0.005968 -0.220578 0.974399
1542145524.352894 0.511881 -2.069997 0.952643 -0.052745 -0.002063 -0.228554 0.972099
1542145524.357901 0.511535 -2.069971 0.9528 -0.048982 -0.001637 -0.227012 0.972658
1542145524.362904 0.511033 -2.070366 0.952905 -0.050274 -0.000572 -0.22762 0.972451
1542145524.367906 0.510283 -2.071293 0.952895 -0.057039 0.00283 -0.230686 0.971351
1542145524.372913 0.510125 -2.070833 0.953109 -0.04795 0.001667 -0.227385 0.972622
1542145524.37792 0.509847 -2.071115 0.953376 -0.049706 4.3e-05 -0.226607 0.972717
1542145524.38293 0.509481 -2.070832 0.953518 -0.0441 0.000757 -0.224026 0.973585
1542145524.387929 0.509069 -2.071286 0.953781 -0.045405 -0.000384 -0.224131 0.973501
1542145524.392927 0.508744 -2.070752 0.95395 -0.039188 -1.6e-05 -0.218845 0.974972
1542145524.397928 0.508188 -2.071121 0.95397 -0.04156 0.001332 -0.219019 0.974834
1542145524.402923 0.507729 -2.071229 0.954053 -0.040493 0.001493 -0.219195 0.974839
1542145524.407913 0.507286 -2.071557 0.954187 -0.041058 0.001324 -0.219369 0.974777
1542145524.412901 0.506874 -2.072418 0.954161 -0.046715 0.001128 -0.224003 0.973467
1542145524.417885 0.506318 -2.072596 0.954152 -0.047849 0.003016 -0.222556 0.97374
1542145524.42287 0.505916 -2.072811 0.954302 -0.049669 0.00212 -0.221742 0.973837
1542145524.427856 0.505552 -2.072397 0.954469 -0.043624 0.001216 -0.218557 0.974848
1542145524.432843 0.505239 -2.07246 0.954581 -0.042159 -0.000157 -0.218065 0.975023
1542145524.437834 0.504814 -2.072443 0.954515 -0.042382 0.000236 -0.215696 0.97554
1542145524.44283 0.504167 -2.072605 0.954461 -0.043201 0.002613 -0.214593 0.975744
1542145524.44783 0.503889 -2.072585 0.95458 -0.041198 0.000121 -0.213846 0.975998
1542145524.452836 0.503335 -2.073015 0.954637 -0.043258 -8.6e-05 -0.216043 0.975425
1542145524.457845 0.502989 -2.073123 0.954656 -0.042508 -0.001223 -0.216466 0.975364
1542145524.462853 0.502546 -2.073152 0.954644 -0.044045 -0.000264 -0.214107 0.975817
1542145524.467858 0.501881 -2.073015 0.954643 -0.042672 0.001346 -0.210953 0.976563
1542145524.472864 0.50138 -2.073094 0.954701 -0.042066 0.000757 -0.210747 0.976635
1542145524.477866 0.500905 -2.073268 0.954684 -0.043592 0.001224 -0.211035 0.976505
1542145524.482873 0.50003 -2.074817 0.954376 -0.055043 0.005098 -0.22192 0.973497
1542145524.487879 0.499521 -2.075134 0.954333 -0.057283 0.006295 -0.22421 0.972835
1542145524.492879 0.499119 -2.074571 0.954443 -0.052116 0.006223 -0.219258 0.974254
1542145524.497879 0.498562 -2.074225 0.95443 -0.047732 0.007171 -0.21678 0.975027
1542145524.502879 0.497615 -2.075435 0.954324 -0.061817 0.01073 -0.222763 0.972852
1542145524.507878 0.497275 -2.075195 0.954365 -0.058936 0.009359 -0.221929 0.973235
1542145524.512875 0.496731 -2.074701 0.954431 -0.053432 0.009835 -0.219256 0.974153
1542145524.517871 0.496041 -2.074703 0.954487 -0.054587 0.009731 -0.218272 0.974311
1542145524.522867 0.495113 -2.075328 0.954513 -0.060241 0.011803 -0.222803 0.972929
1542145524.527861 0.494514 -2.074801 0.95466 -0.056143 0.010646 -0.219874 0.973853
1542145524.532853 0.493718 -2.074226 0.954733 -0.051263 0.009839 -0.216965 0.974783
1542145524.537846 0.493065 -2.073825 0.954979 -0.052571 0.006225 -0.210011 0.976265
1542145524.542841 0.491777 -2.074264 0.954979 -0.058947 0.008419 -0.211773 0.975503
1542145524.547837 0.491123 -2.073755 0.955016 -0.05504 0.008338 -0.2109 0.975921
1542145524.552837 0.490186 -2.073757 0.955149 -0.056292 0.007674 -0.211417 0.975743
1542145524.55784 0.489096 -2.073547 0.955431 -0.056513 0.007135 -0.208794 0.976299
1542145524.562844 0.488333 -2.073479 0.955463 -0.058354 0.007313 -0.208823 0.976184
1542145524.567851 0.487229 -2.073261 0.955647 -0.058864 0.006156 -0.205731 0.976817
1542145524.572852 0.48618 -2.073088 0.955858 -0.059538 0.006459 -0.204185 0.977099
1542145524.577855 0.485453 -2.072575 0.955962 -0.057033 0.004205 -0.20257 0.977596
1542145524.582858 0.484363 -2.071681 0.9563 -0.050319 0.002844 -0.197162 0.979075
1542145524.587862 0.483164 -2.072224 0.956325 -0.059108 0.004028 -0.199991 0.978005
1542145524.592864 0.482288 -2.071577 0.956647 -0.056203 0.000883 -0.196224 0.978947
1542145524.597868 0.480984 -2.071675 0.956708 -0.055912 0.003073 -0.200454 0.978102
1542145524.602871 0.480029 -2.07092 0.95683 -0.055787 0.003614 -0.195025 0.979204
1542145524.60787 0.478848 -2.070127 0.957021 -0.047098 0.001676 -0.194609 0.979748
1542145524.612869 0.477993 -2.069627 0.95737 -0.053001 -0.005733 -0.187802 0.980759
1542145524.617868 0.476933 -2.069409 0.957629 -0.054804 -0.008978 -0.182698 0.981599
1542145524.622865 0.476192 -2.068689 0.958111 -0.049735 -0.014191 -0.177858 0.982696
1542145524.627871 0.475038 -2.069111 0.958294 -0.059415 -0.015166 -0.178877 0.981959
1542145524.632877 0.473689 -2.068605 0.958341 -0.054547 -0.012692 -0.184156 0.9813
1542145524.63788 0.472882 -2.068182 0.958888 -0.056765 -0.017544 -0.175746 0.982641
1542145524.642881 0.471811 -2.065738 0.958928 -0.036811 -0.019764 -0.152734 0.987384
1542145524.647886 0.47096 -2.064755 0.959466 -0.029681 -0.024957 -0.147708 0.98827
1542145524.652888 0.470011 -2.064491 0.95956 -0.031402 -0.025433 -0.14338 0.988842
1542145524.657887 0.468229 -2.064721 0.95943 -0.040594 -0.018641 -0.150218 0.987643
1542145524.662884 0.467914 -2.063333 0.960214 -0.02976 -0.029972 -0.134663 0.989991
1542145524.66788 0.466821 -2.063517 0.9604 -0.036213 -0.02964 -0.13821 0.989297
1542145524.672875 0.464946 -2.063941 0.960204 -0.047058 -0.022791 -0.15021 0.987271
1542145524.677874 0.46435 -2.062154 0.960553 -0.029103 -0.030261 -0.134541 0.990018
1542145524.682874 0.463315 -2.062908 0.960327 -0.03 -0.028737 -0.133853 0.99013
1542145524.687873 0.462074 -2.0611 0.961079 -0.028172 -0.033697 -0.126937 0.990938
1542145524.692873 0.46103 -2.061083 0.961031 -0.034113 -0.03255 -0.125756 0.99094
1542145524.697872 0.459431 -2.060554 0.960997 -0.027816 -0.029929 -0.124988 0.991317
1542145524.702871 0.45861 -2.061311 0.960883 -0.024894 -0.023994 -0.142114 0.989246
1542145524.70787 0.457042 -2.060569 0.960917 -0.030049 -0.023464 -0.135483 0.990046
1542145524.712868 0.45595 -2.060405 0.960959 -0.029935 -0.022981 -0.139166 0.98955
1542145524.717865 0.455176 -2.058503 0.961689 -0.025211 -0.028712 -0.125596 0.991345
1542145524.722865 0.453848 -2.059543 0.96116 -0.029121 -0.023388 -0.135287 0.990102
1542145524.727867 0.452495 -2.059131 0.961012 -0.028365 -0.018415 -0.13974 0.989611
1542145524.73288 0.451957 -2.057348 0.962026 -0.028985 -0.027242 -0.125008 0.991358
1542145524.737892 0.45151 -2.056298 0.962581 -0.022174 -0.037188 -0.108995 0.993099
1542145524.7429 0.450197 -2.0556 0.962745 -0.025382 -0.032758 -0.1105 0.993012
1542145524.747892 0.448832 -2.057526 0.961744 -0.034411 -0.021633 -0.12843 0.990885
1542145524.752881 0.448414 -2.054956 0.962903 -0.02448 -0.032056 -0.10839 0.99329
1542145524.757871 0.447546 -2.054825 0.962909 -0.031173 -0.033196 -0.10175 0.993767
1542145524.762862 0.446455 -2.053505 0.963392 -0.027446 -0.031959 -0.102139 0.993878
1542145524.767856 0.445674 -2.052917 0.963627 -0.02252 -0.032615 -0.096909 0.994504
1542145524.772852 0.444851 -2.052196 0.96403 -0.026896 -0.033271 -0.089024 0.99511
1542145524.777851 0.444613 -2.051186 0.964608 -0.031851 -0.040425 -0.070168 0.996207
1542145524.78285 0.443674 -2.050314 0.965169 -0.02877 -0.039019 -0.076494 0.995891
1542145524.787856 0.442965 -2.049234 0.965682 -0.027983 -0.041928 -0.062585 0.996766
1542145524.792863 0.442472 -2.049087 0.966122 -0.027726 -0.041979 -0.064353 0.996658
1542145524.797873 0.441829 -2.049896 0.965992 -0.030474 -0.033855 -0.07874 0.995854
1542145524.802878 0.441466 -2.047833 0.967166 -0.032361 -0.039135 -0.065299 0.996573
1542145524.807884 0.441208 -2.046607 0.968125 -0.037645 -0.042647 -0.057195 0.996741
1542145524.812887 0.441036 -2.046401 0.968554 -0.038427 -0.042217 -0.05672 0.996757
1542145524.817887 0.440923 -2.046013 0.969176 -0.03636 -0.042602 -0.056501 0.99683
1542145524.822885 0.440927 -2.044929 0.970209 -0.030662 -0.044702 -0.053069 0.997118
1542145524.827882 0.440897 -2.044767 0.97087 -0.029774 -0.041874 -0.055962 0.99711
1542145524.832882 0.441094 -2.04453 0.971488 -0.036301 -0.043868 -0.052498 0.996996
1542145524.837881 0.441262 -2.044213 0.9721 -0.036367 -0.043494 -0.054863 0.996883
1542145524.842877 0.441675 -2.043535 0.973119 -0.030821 -0.04344 -0.054786 0.997076
1542145524.847872 0.441958 -2.045021 0.973275 -0.037534 -0.03466 -0.070868 0.996176
1542145524.852867 0.442809 -2.043423 0.974591 -0.029505 -0.040096 -0.061719 0.996851
1542145524.857867 0.443334 -2.042982 0.975497 -0.027329 -0.03814 -0.063067 0.996906
1542145524.862872 0.443954 -2.043276 0.976015 -0.03581 -0.035566 -0.064396 0.996647
1542145524.867877 0.444989 -2.042082 0.977334 -0.028775 -0.039509 -0.057122 0.99717
1542145524.872881 0.445948 -2.04089 0.978509 -0.026734 -0.04303 -0.048036 0.99756
1542145524.877883 0.446698 -2.042769 0.978509 -0.033971 -0.03238 -0.071589 0.99633
1542145524.882884 0.447934 -2.041024 0.979942 -0.021694 -0.036673 -0.063139 0.997095
1542145524.887885 0.44896 -2.041361 0.980559 -0.031247 -0.035267 -0.062549 0.996929
1542145524.892882 0.450146 -2.039537 0.981866 -0.019992 -0.03993 -0.052483 0.997623
1542145524.897875 0.451462 -2.039639 0.982712 -0.026121 -0.040559 -0.052154 0.997473
1542145524.902864 0.452636 -2.039223 0.983384 -0.019708 -0.038031 -0.057731 0.997413
1542145524.907852 0.453929 -2.039076 0.98427 -0.022971 -0.039472 -0.054815 0.997452
1542145524.912841 0.455247 -2.038819 0.984936 -0.021388 -0.036646 -0.056634 0.997493
1542145524.917833 0.456446 -2.038756 0.985511 -0.018907 -0.033226 -0.062936 0.997285
1542145524.922829 0.457959 -2.038512 0.986345 -0.020915 -0.034439 -0.059443 0.997418
1542145524.927875 0.459208 -2.038227 0.986791 -0.017534 -0.032604 -0.062662 0.997348
1542145524.932907 0.46068 -2.038032 0.987483 -0.01675 -0.032884 -0.064886 0.99721
1542145524.937926 0.461956 -2.039068 0.987605 -0.021674 -0.027156 -0.077096 0.996418
1542145524.942929 0.463339 -2.038128 0.988217 -0.02019 -0.028058 -0.069128 0.997009
1542145524.947922 0.464739 -2.037488 0.988675 -0.011095 -0.027185 -0.071869 0.996982
1542145524.952912 0.466314 -2.037534 0.989203 -0.013902 -0.029718 -0.070334 0.996984
1542145524.957898 0.467612 -2.037787 0.989299 -0.016656 -0.025744 -0.074415 0.996756
1542145524.962881 0.469098 -2.037631 0.989561 -0.01683 -0.027861 -0.075616 0.996606
1542145524.967863 0.470268 -2.037511 0.989629 -0.014078 -0.025259 -0.077992 0.996534
1542145524.972847 0.471746 -2.037196 0.989863 -0.010617 -0.026804 -0.079231 0.996439
1542145524.977832 0.473082 -2.037075 0.989968 -0.010467 -0.026854 -0.079564 0.996413
1542145524.982826 0.474396 -2.036812 0.989967 -0.008028 -0.027144 -0.079956 0.996396
1542145524.987824 0.475604 -2.03777 0.989689 -0.015199 -0.023762 -0.088696 0.995659
1542145524.992824 0.476916 -2.03665 0.989819 -0.009481 -0.027216 -0.079763 0.996397
1542145524.997833 0.478211 -2.036316 0.989593 -0.00748 -0.027595 -0.079307 0.99644
1542145525.002857 0.479362 -2.036315 0.989298 -0.008031 -0.027049 -0.080892 0.996323
1542145525.007879 0.480593 -2.036002 0.988976 -0.004171 -0.026103 -0.081111 0.996354
1542145525.012898 0.481702 -2.036241 0.988481 -0.009343 -0.025871 -0.082883 0.99618
1542145525.017912 0.482877 -2.035935 0.988042 -0.006226 -0.026424 -0.083669 0.996124
1542145525.022916 0.483964 -2.036088 0.987377 -0.01039 -0.025728 -0.083705 0.996104
1542145525.027914 0.48497 -2.036354 0.986686 -0.014258 -0.024503 -0.085442 0.99594
1542145525.032909 0.486078 -2.036414 0.986053 -0.019883 -0.027282 -0.08463 0.99584
1542145525.0379 0.487096 -2.036403 0.985431 -0.018773 -0.026757 -0.086477 0.995718
1542145525.042888 0.488033 -2.036584 0.984591 -0.01883 -0.025887 -0.091743 0.995268
1542145525.047874 0.489119 -2.036075 0.983964 -0.015561 -0.025903 -0.089428 0.995535
1542145525.052865 0.489723 -2.036218 0.982894 -0.018811 -0.023635 -0.090673 0.995422
1542145525.057856 0.490549 -2.036518 0.982059 -0.023843 -0.024344 -0.09118 0.995251
1542145525.062848 0.491385 -2.035722 0.981215 -0.016648 -0.024415 -0.090559 0.995453
1542145525.067843 0.491948 -2.036024 0.980007 -0.023563 -0.025319 -0.093107 0.995055
1542145525.072844 0.492457 -2.036104 0.978893 -0.026744 -0.02316 -0.094423 0.994903
1542145525.077848 0.493312 -2.035582 0.978141 -0.021617 -0.03377 -0.080575 0.995942
1542145525.082848 0.493687 -2.035335 0.977047 -0.020753 -0.032791 -0.081814 0.995892
1542145525.087851 0.493877 -2.035933 0.975506 -0.026152 -0.02466 -0.097989 0.994538
1542145525.092847 0.494528 -2.035111 0.974702 -0.026276 -0.029901 -0.08539 0.995552
1542145525.09785 0.495343 -2.035311 0.973658 -0.025566 -0.033139 -0.081423 0.9958
1542145525.102853 0.495219 -2.034819 0.972289 -0.026007 -0.026114 -0.095341 0.994762
1542145525.107857 0.495986 -2.035517 0.970814 -0.0268 -0.028822 -0.08856 0.995293
1542145525.112865 0.495758 -2.034452 0.969852 -0.031448 -0.026633 -0.093309 0.994784
1542145525.117873 0.496435 -2.035408 0.968281 -0.035009 -0.029699 -0.088135 0.99505
1542145525.122881 0.496178 -2.034071 0.96724 -0.032118 -0.028821 -0.087628 0.995218
1542145525.127888 0.496412 -2.034271 0.96574 -0.03742 -0.029521 -0.08351 0.995366
1542145525.132892 0.496513 -2.034369 0.964388 -0.034449 -0.029699 -0.086488 0.995214
1542145525.137892 0.496061 -2.033448 0.963076 -0.037742 -0.024327 -0.096471 0.994322
1542145525.142888 0.4962 -2.034695 0.96147 -0.039392 -0.021351 -0.104026 0.993565
1542145525.147882 0.496068 -2.034517 0.959758 -0.03888 -0.020963 -0.104247 0.99357
1542145525.152875 0.496263 -2.034151 0.958606 -0.039282 -0.02539 -0.097228 0.994162
1542145525.157866 0.496083 -2.03345 0.957391 -0.04531 -0.028358 -0.090925 0.994422
1542145525.162862 0.495517 -2.032871 0.955995 -0.047622 -0.025194 -0.098071 0.99372
1542145525.167858 0.49543 -2.032179 0.955029 -0.052114 -0.031609 -0.084946 0.99452
1542145525.172856 0.494898 -2.032709 0.953139 -0.051847 -0.024705 -0.099762 0.993352
1542145525.177854 0.494794 -2.032726 0.951878 -0.057155 -0.028372 -0.096072 0.993327
1542145525.182858 0.494589 -2.032366 0.95049 -0.054338 -0.030805 -0.087507 0.994204
1542145525.187862 0.493984 -2.032075 0.949163 -0.060044 -0.031431 -0.092516 0.993402
1542145525.192869 0.493486 -2.031964 0.94799 -0.060081 -0.029178 -0.096047 0.993133
1542145525.197879 0.493295 -2.030842 0.946845 -0.058884 -0.036246 -0.081472 0.994274
1542145525.202887 0.492892 -2.031494 0.945531 -0.062019 -0.03521 -0.088445 0.993525
1542145525.207885 0.492257 -2.03097 0.9444 -0.066856 -0.034796 -0.090085 0.993078
1542145525.212885 0.492034 -2.030171 0.943471 -0.064495 -0.039159 -0.081499 0.993813
1542145525.217893 0.491502 -2.029826 0.942395 -0.070522 -0.038819 -0.083366 0.993262
1542145525.222898 0.490973 -2.029325 0.941325 -0.065925 -0.036671 -0.088057 0.993255
1542145525.227904 0.490437 -2.028565 0.940617 -0.070388 -0.036887 -0.088755 0.992878
1542145525.232906 0.490701 -2.02819 0.939604 -0.072722 -0.04577 -0.068332 0.993955
1542145525.237904 0.489836 -2.027827 0.938657 -0.067443 -0.037599 -0.084853 0.993397
1542145525.242898 0.489376 -2.028093 0.937804 -0.076408 -0.036802 -0.089459 0.992373
1542145525.247888 0.48913 -2.02773 0.936867 -0.071986 -0.036507 -0.084681 0.993134
1542145525.252877 0.488541 -2.027255 0.936251 -0.073464 -0.03443 -0.084804 0.993089
1542145525.257865 0.488153 -2.027707 0.935488 -0.080034 -0.034605 -0.089536 0.992159
1542145525.262858 0.488145 -2.025622 0.935583 -0.085633 -0.045643 -0.067769 0.992971
1542145525.267848 0.487472 -2.024646 0.93512 -0.075638 -0.038929 -0.075201 0.993533
1542145525.272843 0.487243 -2.024255 0.934844 -0.078832 -0.041548 -0.073139 0.993333
1542145525.277845 0.487059 -2.023915 0.93458 -0.080554 -0.043432 -0.070058 0.993336
1542145525.282853 0.486907 -2.023089 0.934504 -0.08242 -0.045231 -0.06594 0.993385
1542145525.287861 0.486718 -2.022844 0.934272 -0.082147 -0.04386 -0.067568 0.993359
1542145525.292872 0.486451 -2.022204 0.934175 -0.080926 -0.042737 -0.067233 0.993531
1542145525.297886 0.486225 -2.022402 0.934118 -0.097498 -0.043896 -0.067724 0.991958
1542145525.302906 0.486014 -2.020942 0.934426 -0.08557 -0.041595 -0.06829 0.993118
1542145525.307924 0.486166 -2.019562 0.934916 -0.078442 -0.046206 -0.057254 0.9942
1542145525.312939 0.486164 -2.019047 0.935272 -0.07865 -0.046457 -0.056942 0.99419
1542145525.317949 0.485996 -2.017893 0.935996 -0.081619 -0.04755 -0.055722 0.993968
1542145525.322955 0.4858 -2.017787 0.936393 -0.082308 -0.045506 -0.059392 0.993794
1542145525.327956 0.485599 -2.018806 0.936516 -0.094176 -0.037756 -0.077353 0.991828
1542145525.332953 0.485813 -2.018895 0.937074 -0.094906 -0.038914 -0.076331 0.991792
1542145525.337941 0.485935 -2.01694 0.938131 -0.075938 -0.043039 -0.064872 0.994069
1542145525.342927 0.485445 -2.015586 0.939218 -0.071346 -0.041354 -0.069649 0.994157
1542145525.347914 0.485395 -2.015309 0.940236 -0.071898 -0.039911 -0.072533 0.99397
1542145525.352896 0.485422 -2.014491 0.941339 -0.059393 -0.041616 -0.069829 0.994919
1542145525.357876 0.485147 -2.01408 0.942391 -0.068585 -0.039324 -0.078781 0.993752
1542145525.362854 0.484797 -2.013246 0.94363 -0.065441 -0.037202 -0.079655 0.993976
1542145525.367832 0.48481 -2.01211 0.945004 -0.065421 -0.043845 -0.067356 0.994616
1542145525.37282 0.484429 -2.012013 0.946184 -0.065673 -0.037127 -0.083042 0.993686
1542145525.377811 0.484408 -2.010479 0.947854 -0.060652 -0.043895 -0.067938 0.994876
1542145525.382806 0.48412 -2.009554 0.949348 -0.061256 -0.04477 -0.068198 0.994783
1542145525.387812 0.484031 -2.008819 0.950942 -0.056101 -0.044847 -0.066986 0.995165
1542145525.39281 0.483753 -2.008822 0.952133 -0.058275 -0.041621 -0.071827 0.994843
1542145525.39781 0.483669 -2.007284 0.954224 -0.058939 -0.046526 -0.065679 0.995011
1542145525.402813 0.483244 -2.008069 0.955266 -0.058746 -0.035442 -0.085139 0.994004
1542145525.407811 0.483017 -2.006929 0.957343 -0.063147 -0.040739 -0.074236 0.994405
1542145525.41281 0.48287 -2.006728 0.959122 -0.06631 -0.040287 -0.0775 0.993969
1542145525.417819 0.482589 -2.004906 0.961077 -0.054695 -0.040138 -0.071893 0.995102
1542145525.422832 0.482293 -2.005187 0.962913 -0.063263 -0.039959 -0.075232 0.994355
1542145525.427846 0.481898 -2.003779 0.965105 -0.053252 -0.040918 -0.071793 0.995156
1542145525.432862 0.481609 -2.000953 0.967632 -0.028703 -0.042891 -0.062729 0.996695
1542145525.437875 0.48142 -2.000379 0.969811 -0.028291 -0.043921 -0.062121 0.9967
1542145525.442895 0.481288 -1.999075 0.972143 -0.015982 -0.044084 -0.061617 0.996998
1542145525.447912 0.480837 -1.998308 0.974208 -0.014527 -0.043813 -0.058968 0.997192
1542145525.452913 0.480416 -1.997968 0.976239 -0.013075 -0.043619 -0.063632 0.996934
1542145525.45791 0.480197 -1.997574 0.97854 -0.012446 -0.045555 -0.063357 0.996873
1542145525.462897 0.480017 -1.996907 0.980895 -0.009225 -0.048524 -0.062875 0.996798
1542145525.467879 0.479752 -1.996283 0.983043 -0.006006 -0.048436 -0.063423 0.996793
1542145525.47286 0.479438 -1.99557 0.985132 -0.004464 -0.049291 -0.061672 0.996869
1542145525.477842 0.479265 -1.995059 0.98734 -0.004218 -0.050312 -0.059797 0.996933
1542145525.482833 0.479118 -1.994684 0.989592 -0.004082 -0.05145 -0.05961 0.996887
1542145525.487838 0.479021 -1.994344 0.991795 -0.004062 -0.052116 -0.059549 0.996856
1542145525.492846 0.478888 -1.993964 0.993754 -0.004733 -0.051273 -0.05866 0.996949
1542145525.497848 0.478899 -1.993618 0.995866 -0.005392 -0.051653 -0.057399 0.997
1542145525.502852 0.47896 -1.993334 0.997981 -0.005563 -0.051517 -0.056877 0.997036
1542145525.507856 0.479029 -1.993141 0.999998 -0.006444 -0.050656 -0.056555 0.997093
1542145525.512864 0.479534 -1.992046 1.002281 0.013225 -0.052681 -0.064785 0.99642
1542145525.517876 0.479944 -1.992018 1.004312 0.010963 -0.053202 -0.064877 0.996414
1542145525.522887 0.480306 -1.991943 1.0062 0.009971 -0.052459 -0.065125 0.996447
1542145525.527899 0.480691 -1.991617 1.008177 0.014141 -0.05071 -0.065746 0.996447
1542145525.53291 0.481299 -1.991469 1.010092 0.016811 -0.049513 -0.068177 0.996302
1542145525.537914 0.482116 -1.991542 1.012034 0.017011 -0.050331 -0.069596 0.99616
1542145525.542911 0.482686 -1.991365 1.013734 0.019933 -0.048891 -0.070965 0.99608
1542145525.547904 0.483353 -1.991277 1.015471 0.022928 -0.047683 -0.072605 0.995956
1542145525.552894 0.484221 -1.991415 1.017186 0.023491 -0.048015 -0.074789 0.995766
1542145525.557886 0.484952 -1.991165 1.01879 0.030159 -0.045321 -0.078143 0.995455
1542145525.562867 0.485906 -1.991451 1.020298 0.029641 -0.046797 -0.080096 0.995247
1542145525.567851 0.486782 -1.991518 1.021719 0.032144 -0.044987 -0.083031 0.995012
1542145525.572838 0.487888 -1.991625 1.023212 0.035593 -0.044504 -0.086996 0.994577
1542145525.577827 0.488874 -1.99192 1.024422 0.035533 -0.043467 -0.088838 0.994463
1542145525.582824 0.490031 -1.992145 1.025581 0.03692 -0.042682 -0.092403 0.994121
1542145525.587825 0.49119 -1.992397 1.026669 0.039237 -0.040984 -0.096323 0.993732
1542145525.592827 0.492397 -1.992758 1.027553 0.038943 -0.040446 -0.098721 0.99353
1542145525.597831 0.493803 -1.993086 1.028507 0.041451 -0.040087 -0.103655 0.99294
1542145525.602842 0.494899 -1.993452 1.029144 0.040822 -0.036322 -0.105422 0.992925
1542145525.607862 0.496329 -1.993831 1.02977 0.042396 -0.035342 -0.110164 0.99238
1542145525.61288 0.497701 -1.994267 1.030231 0.042402 -0.034811 -0.113378 0.992036
1542145525.617893 0.499092 -1.994638 1.030611 0.043111 -0.032143 -0.117344 0.991634
1542145525.622901 0.500425 -1.995059 1.030904 0.044212 -0.028966 -0.120774 0.991272
1542145525.627909 0.501821 -1.995468 1.030963 0.044379 -0.026884 -0.124247 0.990894
1542145525.632912 0.503332 -1.995946 1.030942 0.044089 -0.026442 -0.127942 0.990448
1542145525.637917 0.504674 -1.99637 1.030754 0.043452 -0.023949 -0.130607 0.990192
1542145525.642917 0.506096 -1.99687 1.030457 0.042438 -0.021941 -0.133936 0.989838
1542145525.647913 0.507455 -1.997329 1.030095 0.042378 -0.019086 -0.136505 0.989549
1542145525.652915 0.509124 -1.997848 1.029655 0.041606 -0.020863 -0.140857 0.988935
1542145525.657908 0.510532 -1.998561 1.02879 0.036587 -0.018152 -0.144501 0.988661
1542145525.662899 0.511837 -1.999161 1.027858 0.032678 -0.017671 -0.145838 0.988611
1542145525.667893 0.513452 -1.999667 1.027025 0.03128 -0.018523 -0.14958 0.988081
1542145525.672895 0.514722 -2.00023 1.025922 0.027375 -0.016445 -0.149783 0.988203
1542145525.677899 0.516249 -2.000728 1.024794 0.025629 -0.017057 -0.152688 0.987795
1542145525.6829 0.517733 -2.001501 1.023503 0.021607 -0.017339 -0.158216 0.987016
1542145525.687897 0.519082 -2.002046 1.022138 0.019293 -0.016201 -0.159754 0.986835
1542145525.692889 0.520646 -2.002576 1.020729 0.017443 -0.016987 -0.162388 0.986426
1542145525.697878 0.522178 -2.003108 1.019198 0.014786 -0.01767 -0.164534 0.986102
1542145525.702871 0.523597 -2.00367 1.017572 0.010569 -0.016928 -0.164886 0.986111
1542145525.707863 0.525337 -2.004297 1.01596 0.007485 -0.020546 -0.168411 0.985474
1542145525.712856 0.52673 -2.00486 1.014048 0.003798 -0.021297 -0.169219 0.985341
1542145525.717849 0.528392 -2.005444 1.012242 0.00067 -0.023802 -0.171798 0.984844
1542145525.722841 0.529782 -2.005958 1.010173 -0.002565 -0.02395 -0.174354 0.984388
1542145525.727841 0.531396 -2.006392 1.008316 -0.00143 -0.025175 -0.177608 0.983778
1542145525.732848 0.532892 -2.007111 1.006209 -0.006663 -0.027247 -0.178806 0.983484
1542145525.737855 0.534611 -2.007925 1.004295 -0.010994 -0.031112 -0.181081 0.982914
1542145525.742861 0.535962 -2.0077 1.002122 -0.003947 -0.02971 -0.182843 0.982685
1542145525.747872 0.537125 -2.009369 0.999618 -0.019116 -0.029832 -0.191321 0.980888
1542145525.752886 0.538701 -2.009823 0.997272 -0.020206 -0.032706 -0.19167 0.980706
1542145525.757901 0.539677 -2.010862 0.994757 -0.025588 -0.031998 -0.198413 0.979262
1542145525.762913 0.541373 -2.011181 0.992478 -0.023447 -0.035016 -0.202135 0.978451
1542145525.767919 0.542807 -2.012243 0.989805 -0.031581 -0.034427 -0.203858 0.977885
1542145525.772919 0.544148 -2.012794 0.98717 -0.025226 -0.032823 -0.213646 0.976034
1542145525.777914 0.545298 -2.01388 0.984318 -0.026608 -0.028129 -0.222841 0.974086
1542145525.782903 0.546658 -2.013874 0.98167 -0.023226 -0.028989 -0.223446 0.974008
1542145525.78789 0.54759 -2.015037 0.978838 -0.030356 -0.026566 -0.229032 0.972583
1542145525.792875 0.549176 -2.015185 0.976401 -0.031486 -0.029043 -0.225686 0.973258
1542145525.797865 0.550066 -2.017276 0.972794 -0.033227 -0.025298 -0.227199 0.972952
1542145525.802858 0.551782 -2.017729 0.970316 -0.035484 -0.029489 -0.224508 0.973379
1542145525.807853 0.55213 -2.018312 0.967285 -0.037312 -0.023445 -0.23104 0.971946
1542145525.812855 0.552649 -2.017852 0.964819 -0.0408 -0.019934 -0.233719 0.971243
1542145525.81786 0.553824 -2.018937 0.961484 -0.033278 -0.01769 -0.23622 0.970968
1542145525.82287 0.55428 -2.019658 0.958621 -0.042084 -0.017364 -0.237076 0.970424
1542145525.827887 0.554598 -2.019773 0.955869 -0.053771 -0.016182 -0.234078 0.970595
1542145525.8329 0.555236 -2.020058 0.952704 -0.046475 -0.015864 -0.23548 0.970638
1542145525.837913 0.555285 -2.021055 0.949451 -0.050513 -0.01203 -0.241663 0.96897
1542145525.842922 0.55533 -2.021399 0.946649 -0.056385 -0.010462 -0.243742 0.968143
1542145525.847925 0.555095 -2.021054 0.943974 -0.058051 -0.009998 -0.244857 0.967768
1542145525.852918 0.554582 -2.020986 0.941031 -0.059105 -0.008784 -0.246295 0.967351
1542145525.857905 0.554318 -2.020904 0.938555 -0.066179 -0.01233 -0.243078 0.967668
1542145525.86289 0.554038 -2.021321 0.935577 -0.06875 -0.012994 -0.242473 0.967632
1542145525.867865 0.553509 -2.021349 0.93285 -0.07302 -0.014722 -0.24091 0.967685
1542145525.872842 0.552879 -2.021737 0.929794 -0.073606 -0.013363 -0.24215 0.96735
1542145525.877823 0.551687 -2.021218 0.92742 -0.083482 -0.013584 -0.239296 0.967256
1542145525.882815 0.550665 -2.020538 0.924918 -0.076355 -0.012038 -0.240101 0.967665
1542145525.88781 0.549554 -2.020797 0.922209 -0.076607 -0.013678 -0.238747 0.967959
1542145525.892808 0.548088 -2.02061 0.920037 -0.090519 -0.013408 -0.237816 0.96699
1542145525.897811 0.546481 -2.019291 0.917989 -0.088278 -0.01506 -0.231076 0.968806
1542145525.902824 0.544578 -2.018975 0.915526 -0.092281 -0.010043 -0.237182 0.96702
1542145525.907836 0.543138 -2.018371 0.913087 -0.089196 -0.01259 -0.228823 0.969291
1542145525.912855 0.541143 -2.018182 0.91096 -0.098562 -0.014531 -0.230047 0.968067
1542145525.917882 0.539078 -2.017009 0.908844 -0.091971 -0.013493 -0.226419 0.969584
1542145525.922903 0.537119 -2.016602 0.906643 -0.097169 -0.016582 -0.221155 0.970244
1542145525.927916 0.534405 -2.015191 0.904476 -0.090686 -0.010976 -0.224251 0.970241
1542145525.932915 0.531699 -2.014063 0.90255 -0.097185 -0.008481 -0.223495 0.969811
1542145525.937906 0.529564 -2.013493 0.900328 -0.096342 -0.009405 -0.217124 0.971332
1542145525.942892 0.526842 -2.012745 0.898546 -0.104339 -0.01276 -0.212923 0.971398
1542145525.947877 0.52411 -2.011908 0.896508 -0.101347 -0.011418 -0.212408 0.971844
1542145525.952861 0.521046 -2.010599 0.894765 -0.107827 -0.009294 -0.20874 0.971964
1542145525.957843 0.518059 -2.009393 0.893011 -0.112033 -0.008619 -0.206314 0.972013
1542145525.962828 0.515245 -2.008886 0.890715 -0.111312 -0.005802 -0.203539 0.972701
1542145525.967822 0.512052 -2.006876 0.889315 -0.107438 -0.005975 -0.200445 0.973778
1542145525.972818 0.508948 -2.006394 0.887323 -0.10888 -0.003356 -0.199769 0.973769
1542145525.977818 0.505508 -2.004592 0.885932 -0.10975 -0.000809 -0.19774 0.974091
1542145525.982819 0.502496 -2.00429 0.883956 -0.113323 -0.000175 -0.192208 0.974789
1542145525.987824 0.498481 -2.000736 0.883266 -0.1135 0.000717 -0.184256 0.976303
1542145525.992827 0.495525 -2.001324 0.880997 -0.115816 0.001898 -0.183087 0.976249
1542145525.997833 0.491885 -1.999668 0.879753 -0.117649 0.004012 -0.181438 0.976331
1542145526.002852 0.488423 -1.998018 0.878382 -0.116366 0.004444 -0.175687 0.977534
1542145526.007867 0.484819 -1.997384 0.876941 -0.120098 0.004519 -0.172925 0.977575
1542145526.012876 0.480724 -1.995126 0.875813 -0.116885 0.00765 -0.171415 0.978211
1542145526.01789 0.477567 -1.994666 0.874275 -0.114156 0.007624 -0.170067 0.978768
1542145526.022905 0.473874 -1.993756 0.873274 -0.127376 0.008407 -0.164171 0.978137
1542145526.027914 0.470414 -1.991294 0.872667 -0.127131 0.004826 -0.150647 0.980367
1542145526.032918 0.466893 -1.989226 0.872035 -0.121446 0.002143 -0.143968 0.982099
1542145526.037923 0.462437 -1.987898 0.871175 -0.126654 0.010003 -0.147831 0.980818
1542145526.042922 0.458865 -1.986542 0.870621 -0.138157 0.006054 -0.137656 0.980779
1542145526.047921 0.455541 -1.985513 0.869608 -0.136497 0.005672 -0.134403 0.981464
1542145526.052914 0.451946 -1.984426 0.868843 -0.140137 0.007911 -0.129709 0.981567
1542145526.0579 0.448521 -1.98328 0.868533 -0.139057 0.005743 -0.128708 0.981868
1542145526.062883 0.444684 -1.981139 0.86797 -0.120865 0.012346 -0.134449 0.983444
1542145526.067865 0.440935 -1.979904 0.867951 -0.14198 0.008139 -0.128329 0.981482
1542145526.072858 0.437652 -1.978944 0.867425 -0.144259 0.008109 -0.119328 0.982285
1542145526.077847 0.434459 -1.97722 0.867615 -0.146779 0.001794 -0.1146 0.982507
1542145526.08284 0.430797 -1.975549 0.867417 -0.136085 0.007733 -0.115929 0.983861
1542145526.087837 0.427175 -1.973368 0.867411 -0.135615 0.009413 -0.112865 0.984267
1542145526.092829 0.423864 -1.971723 0.867699 -0.13101 0.008848 -0.108878 0.985345
1542145526.097826 0.420939 -1.970183 0.868006 -0.149958 0.000309 -0.092952 0.984313
1542145526.102826 0.418131 -1.968774 0.868383 -0.148493 -0.003177 -0.090088 0.984796
1542145526.10783 0.414712 -1.967549 0.868139 -0.146918 0.00393 -0.092038 0.984849
1542145526.112836 0.412116 -1.965666 0.868617 -0.14643 -0.000306 -0.083986 0.985649
1542145526.117843 0.408756 -1.964155 0.86867 -0.139436 0.005651 -0.08482 0.986576
1542145526.122852 0.405971 -1.962961 0.869018 -0.141803 0.005331 -0.081971 0.986481
1542145526.127864 0.403476 -1.961138 0.86966 -0.137467 0.003814 -0.076062 0.987574
1542145526.132876 0.400968 -1.96049 0.870201 -0.146414 0.001634 -0.073971 0.986453
1542145526.137884 0.398468 -1.958044 0.870865 -0.133537 0.000162 -0.066729 0.988795
1542145526.142888 0.395851 -1.956333 0.871447 -0.129558 0.000736 -0.06231 0.989612
1542145526.147895 0.393382 -1.954714 0.872133 -0.125804 0.000995 -0.058082 0.990353
1542145526.152898 0.391096 -1.953727 0.872898 -0.128536 0.000717 -0.057949 0.99001
1542145526.157896 0.389068 -1.952516 0.873787 -0.127212 -0.001724 -0.057155 0.990226
1542145526.162896 0.386957 -1.951268 0.874677 -0.126402 -0.002322 -0.055525 0.990421
1542145526.167895 0.384787 -1.95006 0.87558 -0.126665 -0.000761 -0.051803 0.990592
1542145526.172896 0.382874 -1.948594 0.876625 -0.123589 -0.000635 -0.048998 0.991123
1542145526.177893 0.381185 -1.94769 0.877838 -0.124765 -0.001504 -0.049163 0.990966
1542145526.182892 0.379268 -1.94634 0.878965 -0.122854 -2.6e-05 -0.044138 0.991443
1542145526.187893 0.377748 -1.945422 0.880356 -0.124073 5.9e-05 -0.043672 0.991312
1542145526.192891 0.376087 -1.943803 0.881715 -0.117361 0.001154 -0.040711 0.992254
1542145526.197886 0.374585 -1.942713 0.882994 -0.117092 0.001351 -0.038698 0.992366
1542145526.202879 0.373266 -1.941516 0.884638 -0.113221 0.001212 -0.036235 0.992908
1542145526.207868 0.371929 -1.940464 0.886171 -0.112108 0.001856 -0.034858 0.993083
1542145526.212848 0.370711 -1.939348 0.887709 -0.109601 0.001083 -0.033023 0.993426
1542145526.217832 0.369701 -1.938335 0.889624 -0.104847 0.000977 -0.032281 0.993964
1542145526.222825 0.368587 -1.937294 0.891151 -0.103401 0.000288 -0.030167 0.994182
1542145526.227822 0.367761 -1.936318 0.893074 -0.099309 -6.1e-05 -0.02985 0.994609
1542145526.232833 0.366852 -1.935546 0.894702 -0.099321 -0.000694 -0.027249 0.994682
1542145526.23785 0.366142 -1.934677 0.896692 -0.095368 -0.000501 -0.026063 0.995101
1542145526.242863 0.365507 -1.933601 0.898398 -0.08986 -0.002295 -0.026532 0.995598
1542145526.247875 0.365083 -1.93289 0.900328 -0.087598 -0.003762 -0.025853 0.995813
1542145526.252883 0.364514 -1.93205 0.901903 -0.085389 -0.004171 -0.024456 0.996039
1542145526.257888 0.364264 -1.931458 0.903775 -0.084081 -0.005531 -0.023057 0.996177
1542145526.262885 0.364093 -1.930842 0.905524 -0.082675 -0.007038 -0.021674 0.996316
1542145526.267882 0.363923 -1.930054 0.907091 -0.079047 -0.008189 -0.021752 0.9966
1542145526.272886 0.36414 -1.929802 0.908969 -0.080531 -0.010974 -0.020459 0.996482
1542145526.277887 0.364086 -1.928999 0.910346 -0.075709 -0.01064 -0.020146 0.99687
1542145526.282886 0.364498 -1.928705 0.912155 -0.074689 -0.011918 -0.019065 0.996953
1542145526.287887 0.364649 -1.927999 0.913364 -0.071745 -0.011608 -0.019192 0.997171
1542145526.292881 0.365262 -1.927699 0.915105 -0.069173 -0.012051 -0.019691 0.997338
1542145526.297871 0.365977 -1.927519 0.916463 -0.070741 -0.013778 -0.019279 0.997213
1542145526.30286 0.366673 -1.927205 0.917812 -0.069275 -0.013927 -0.019137 0.997317
1542145526.307852 0.367378 -1.926734 0.91907 -0.06514 -0.012532 -0.020067 0.997596
1542145526.312848 0.368429 -1.926721 0.920273 -0.067586 -0.013297 -0.020046 0.997423
1542145526.31785 0.369503 -1.926628 0.921605 -0.065712 -0.0131 -0.020691 0.997538
1542145526.322847 0.370696 -1.926433 0.922623 -0.06457 -0.013905 -0.022421 0.997564
1542145526.327846 0.372081 -1.926632 0.923968 -0.064488 -0.013375 -0.022259 0.997581
1542145526.332851 0.373445 -1.926511 0.924941 -0.062232 -0.013898 -0.024454 0.997665
1542145526.337846 0.374881 -1.926661 0.92595 -0.062399 -0.013149 -0.024442 0.997665
1542145526.342842 0.376663 -1.926908 0.927013 -0.062763 -0.014967 -0.026253 0.997571
1542145526.347831 0.378083 -1.927076 0.927705 -0.063767 -0.014571 -0.025181 0.997541
1542145526.352824 0.380187 -1.927171 0.928832 -0.059154 -0.017897 -0.030543 0.997621
1542145526.357821 0.381966 -1.927533 0.929667 -0.060044 -0.018745 -0.030559 0.997552
1542145526.36282 0.383905 -1.927834 0.930443 -0.05972 -0.021074 -0.032392 0.997467
1542145526.367819 0.385982 -1.928237 0.931245 -0.059091 -0.023181 -0.034016 0.997404
1542145526.372811 0.388262 -1.928707 0.93207 -0.058951 -0.026905 -0.037146 0.997207
1542145526.377807 0.390193 -1.929073 0.932608 -0.059123 -0.026182 -0.036574 0.997237
1542145526.382809 0.392499 -1.92967 0.933322 -0.05917 -0.028478 -0.037949 0.99712
1542145526.387818 0.394593 -1.930212 0.933564 -0.061784 -0.028816 -0.037811 0.996957
1542145526.39283 0.397047 -1.930769 0.934226 -0.060437 -0.0299 -0.039891 0.996926
1542145526.397845 0.399625 -1.931378 0.934774 -0.058809 -0.032446 -0.042834 0.996822
1542145526.402861 0.402194 -1.932164 0.935187 -0.059981 -0.033541 -0.044305 0.996652
1542145526.407866 0.4049 -1.932855 0.935628 -0.058892 -0.034921 -0.046623 0.996563
1542145526.412865 0.407481 -1.933517 0.935896 -0.058038 -0.035123 -0.048354 0.996524
1542145526.417869 0.410124 -1.934307 0.936078 -0.05773 -0.035346 -0.049858 0.99646
1542145526.422868 0.413098 -1.935158 0.936368 -0.057627 -0.03654 -0.052882 0.996267
1542145526.42787 0.415874 -1.935903 0.936456 -0.056678 -0.036293 -0.05499 0.996216
1542145526.432873 0.418958 -1.936876 0.936629 -0.056695 -0.037953 -0.057915 0.995987
1542145526.437874 0.42205 -1.937781 0.936733 -0.055478 -0.039215 -0.061461 0.995795
1542145526.442874 0.425159 -1.938698 0.936711 -0.055384 -0.039943 -0.064336 0.995589
1542145526.447869 0.428318 -1.939842 0.936642 -0.058038 -0.041151 -0.065917 0.995285
1542145526.45286 0.431468 -1.940835 0.936547 -0.057585 -0.04105 -0.068508 0.995141
1542145526.457852 0.434689 -1.941895 0.936356 -0.058478 -0.041765 -0.070671 0.994908
1542145526.462842 0.438247 -1.943183 0.936324 -0.060464 -0.044564 -0.073976 0.994427
1542145526.467831 0.441538 -1.944098 0.936001 -0.058663 -0.043649 -0.07758 0.994301
1542145526.472824 0.444887 -1.945372 0.935645 -0.061963 -0.043598 -0.078613 0.994022
1542145526.477822 0.448449 -1.946428 0.935416 -0.060049 -0.044828 -0.083455 0.99369
1542145526.482822 0.452044 -1.947724 0.935082 -0.061627 -0.045343 -0.086843 0.99328
1542145526.487828 0.455728 -1.949144 0.934738 -0.064681 -0.046446 -0.089129 0.992832
1542145526.492839 0.459419 -1.950413 0.934426 -0.065116 -0.046956 -0.092653 0.992457
1542145526.497852 0.463247 -1.951919 0.933953 -0.068333 -0.046785 -0.096013 0.991929
1542145526.50287 0.467118 -1.953102 0.933639 -0.065298 -0.047736 -0.101109 0.991582
1542145526.507885 0.470944 -1.954625 0.93332 -0.067091 -0.046991 -0.104336 0.991163
1542145526.512895 0.47498 -1.956185 0.933019 -0.068768 -0.049079 -0.108582 0.990491
1542145526.517901 0.478788 -1.958082 0.932519 -0.070906 -0.045822 -0.116764 0.989565
1542145526.522904 0.482831 -1.959558 0.932242 -0.069974 -0.046045 -0.120618 0.989159
1542145526.527902 0.486732 -1.961176 0.931744 -0.07301 -0.045942 -0.124157 0.988506
1542145526.532896 0.490887 -1.962803 0.931515 -0.072253 -0.046864 -0.130054 0.98776
1542145526.537887 0.494767 -1.964559 0.931058 -0.074962 -0.045877 -0.134051 0.98707
1542145526.542879 0.498816 -1.966112 0.930674 -0.074482 -0.046149 -0.139235 0.986375
1542145526.547871 0.502745 -1.967927 0.930359 -0.076165 -0.044672 -0.14324 0.985741
1542145526.552863 0.506786 -1.97044 0.929962 -0.084845 -0.045005 -0.151765 0.98374
1542145526.55786 0.510838 -1.972197 0.929781 -0.084839 -0.04528 -0.1564 0.983001
1542145526.562856 0.514502 -1.974476 0.9291 -0.074519 -0.03666 -0.177529 0.980605
1542145526.567856 0.518379 -1.97589 0.928906 -0.069246 -0.036739 -0.1813 0.980299
1542145526.572853 0.522329 -1.977817 0.928765 -0.074214 -0.039066 -0.183367 0.97946
1542145526.577846 0.526206 -1.979846 0.928346 -0.073255 -0.038181 -0.19225 0.977863
1542145526.58284 0.529844 -1.981595 0.928013 -0.074718 -0.036741 -0.195469 0.977169
1542145526.58784 0.533909 -1.983046 0.927835 -0.071449 -0.040641 -0.198846 0.976577
1542145526.592836 0.537351 -1.985532 0.927394 -0.076549 -0.037426 -0.207863 0.97444
1542145526.597837 0.541497 -1.986312 0.927317 -0.065298 -0.046217 -0.19386 0.977762
1542145526.602841 0.545249 -1.988665 0.926841 -0.064161 -0.04807 -0.199313 0.976651
1542145526.607843 0.548493 -1.991069 0.926273 -0.063789 -0.042716 -0.211107 0.974444
1542145526.612843 0.551489 -1.992869 0.925649 -0.065776 -0.040752 -0.219062 0.972638
1542145526.617845 0.554829 -1.994903 0.925422 -0.074006 -0.042266 -0.220026 0.971764
1542145526.622841 0.557731 -1.996204 0.924896 -0.063557 -0.037254 -0.226131 0.971307
1542145526.627839 0.560588 -1.998339 0.924188 -0.065386 -0.035881 -0.234342 0.969289
1542145526.63284 0.562965 -2.000225 0.923871 -0.079211 -0.03108 -0.243557 0.966147
1542145526.637839 0.566314 -2.001861 0.923272 -0.070098 -0.032664 -0.242931 0.966956
1542145526.64284 0.56882 -2.003481 0.922601 -0.069166 -0.030939 -0.246655 0.966137
1542145526.647839 0.571676 -2.00455 0.922409 -0.073221 -0.03615 -0.242772 0.96664
1542145526.65284 0.574146 -2.006891 0.921515 -0.076581 -0.033893 -0.248629 0.964972
1542145526.657839 0.576241 -2.007842 0.920789 -0.060473 -0.029503 -0.254203 0.964807
1542145526.66284 0.578308 -2.009086 0.920453 -0.069493 -0.028359 -0.255319 0.963939
1542145526.667844 0.580479 -2.010945 0.919775 -0.073721 -0.026883 -0.256982 0.963225
1542145526.672845 0.582233 -2.012157 0.91916 -0.067361 -0.026133 -0.263398 0.961978
1542145526.677848 0.584235 -2.013541 0.918516 -0.070775 -0.026801 -0.263317 0.961736
1542145526.682853 0.585465 -2.014451 0.918037 -0.070958 -0.025047 -0.268584 0.960312
1542145526.687859 0.586517 -2.014914 0.918026 -0.085764 -0.026025 -0.265325 0.959984
1542145526.692865 0.588318 -2.016811 0.916736 -0.074192 -0.024976 -0.271916 0.959132
1542145526.697869 0.589555 -2.017937 0.916419 -0.080307 -0.025678 -0.271333 0.958786
1542145526.702884 0.590736 -2.019335 0.915686 -0.08245 -0.026144 -0.270583 0.958803
1542145526.707896 0.591536 -2.019842 0.915256 -0.07608 -0.02469 -0.275594 0.957941
1542145526.712905 0.592048 -2.020544 0.91478 -0.078318 -0.023541 -0.27715 0.95734
1542145526.717909 0.592474 -2.020659 0.914601 -0.081228 -0.024426 -0.277226 0.957053
1542145526.722915 0.593111 -2.021675 0.91387 -0.079426 -0.024293 -0.277786 0.957046
1542145526.727917 0.593864 -2.022587 0.91305 -0.073932 -0.02604 -0.273705 0.958614
1542145526.732918 0.594086 -2.023276 0.912543 -0.076502 -0.026954 -0.273544 0.958433
1542145526.737913 0.593974 -2.023653 0.912048 -0.076043 -0.028401 -0.276092 0.957697
1542145526.742902 0.593891 -2.02432 0.911504 -0.077768 -0.028594 -0.277582 0.957122
1542145526.747888 0.593679 -2.025312 0.910691 -0.083836 -0.027547 -0.276521 0.956948
1542145526.752871 0.593151 -2.025421 0.91011 -0.084144 -0.025025 -0.27831 0.956471
1542145526.757854 0.592978 -2.025585 0.909477 -0.077745 -0.025041 -0.276683 0.957484
1542145526.762835 0.592244 -2.025385 0.909191 -0.081976 -0.027344 -0.273847 0.957883
1542145526.76782 0.591562 -2.026144 0.908484 -0.087567 -0.029108 -0.271328 0.958053
1542145526.772808 0.590379 -2.025116 0.908039 -0.078207 -0.025783 -0.273117 0.95845
1542145526.777802 0.589129 -2.023963 0.908153 -0.083043 -0.027883 -0.267091 0.959682
1542145526.782797 0.588061 -2.025024 0.907003 -0.083574 -0.02485 -0.272375 0.958233
1542145526.787808 0.587249 -2.025454 0.906237 -0.083206 -0.026815 -0.266194 0.959947
1542145526.792823 0.585581 -2.024567 0.905987 -0.082618 -0.024582 -0.269165 0.959229
1542145526.797836 0.583753 -2.024454 0.905202 -0.090444 -0.022741 -0.266135 0.959414
1542145526.802851 0.582459 -2.023953 0.904776 -0.083484 -0.022405 -0.265909 0.960115
1542145526.807871 0.580883 -2.023747 0.904042 -0.083386 -0.023141 -0.261069 0.961433
1542145526.812888 0.579038 -2.023313 0.903621 -0.084171 -0.022067 -0.263268 0.960791
1542145526.817899 0.577431 -2.023109 0.902883 -0.088171 -0.022615 -0.256724 0.962189
1542145526.822906 0.575144 -2.021942 0.902464 -0.083384 -0.022832 -0.257878 0.962302
1542145526.827909 0.572806 -2.021537 0.901852 -0.083976 -0.016142 -0.259494 0.961951
1542145526.832906 0.570823 -2.021041 0.901747 -0.097912 -0.023207 -0.25355 0.962074
1542145526.837897 0.568223 -2.018422 0.901311 -0.078829 -0.019644 -0.24864 0.965183
1542145526.842886 0.566186 -2.018931 0.90055 -0.08606 -0.021736 -0.25058 0.964018
1542145526.847872 0.563793 -2.018126 0.899995 -0.081374 -0.02032 -0.247552 0.965237
1542145526.852857 0.561322 -2.017877 0.899405 -0.089014 -0.021026 -0.245263 0.965132
1542145526.857844 0.558107 -2.01544 0.899227 -0.085459 -0.017989 -0.243803 0.965885
1542145526.862823 0.555735 -2.014854 0.898652 -0.088977 -0.019671 -0.23787 0.967013
1542145526.867809 0.553028 -2.014191 0.89811 -0.085742 -0.019774 -0.237028 0.96751
1542145526.872801 0.550122 -2.013011 0.897529 -0.089245 -0.018656 -0.231592 0.968531
1542145526.8778 0.54715 -2.011787 0.897142 -0.083887 -0.016417 -0.232182 0.968909
1542145526.882801 0.544201 -2.010676 0.896902 -0.084348 -0.01824 -0.226594 0.970159
1542145526.887808 0.541085 -2.009446 0.896307 -0.083627 -0.015677 -0.221459 0.971451
1542145526.892822 0.537562 -2.008662 0.896189 -0.090199 -0.014189 -0.224403 0.970209
1542145526.897836 0.534147 -2.007346 0.895902 -0.095863 -0.011297 -0.221445 0.970384
1542145526.902855 0.530828 -2.006212 0.895506 -0.091965 -0.013091 -0.219195 0.971249
1542145526.907875 0.527415 -2.004059 0.895546 -0.087303 -0.013757 -0.213764 0.972879
1542145526.91288 0.52385 -2.00284 0.895317 -0.08852 -0.012169 -0.206425 0.974374
1542145526.917879 0.520749 -2.00216 0.89506 -0.0905 -0.014121 -0.20512 0.974441
1542145526.922874 0.517104 -2.000497 0.894816 -0.08483 -0.011579 -0.202591 0.975514
1542145526.927867 0.513399 -1.999114 0.895003 -0.088057 -0.015217 -0.197742 0.976172
1542145526.93286 0.509378 -1.997218 0.895264 -0.091549 -0.013569 -0.197599 0.975904
1542145526.937853 0.506097 -1.99628 0.894995 -0.091391 -0.015387 -0.191019 0.977201
1542145526.942857 0.502313 -1.99519 0.894962 -0.088227 -0.014474 -0.187945 0.978102
1542145526.947862 0.49843 -1.99378 0.894772 -0.080493 -0.012095 -0.188519 0.97869
1542145526.952869 0.495033 -1.992174 0.895266 -0.085779 -0.018492 -0.177884 0.980131
1542145526.957873 0.490805 -1.99087 0.895276 -0.085662 -0.014773 -0.17718 0.980332
1542145526.962877 0.487262 -1.989624 0.895638 -0.08519 -0.019492 -0.171477 0.981304
1542145526.967878 0.483317 -1.988098 0.895875 -0.083204 -0.019773 -0.166008 0.982409
1542145526.972877 0.479705 -1.986898 0.89634 -0.083997 -0.024535 -0.163414 0.982669
1542145526.977875 0.476109 -1.985246 0.897051 -0.082637 -0.029244 -0.15288 0.984349
1542145526.982879 0.472354 -1.98411 0.897107 -0.080773 -0.026792 -0.148108 0.985303
1542145526.987892 0.468494 -1.983941 0.897587 -0.09448 -0.027635 -0.152679 0.983361
1542145526.992902 0.464547 -1.982426 0.897941 -0.08926 -0.025426 -0.148953 0.984479
1542145526.997913 0.461125 -1.980626 0.898674 -0.088371 -0.027627 -0.14229 0.985485
1542145527.002919 0.457074 -1.979806 0.898882 -0.087381 -0.024328 -0.144207 0.985382
1542145527.007916 0.453425 -1.978786 0.89908 -0.079289 -0.021508 -0.144701 0.986059
1542145527.012904 0.450315 -1.977275 0.900013 -0.093525 -0.030162 -0.126064 0.987143
1542145527.017886 0.446717 -1.977542 0.90026 -0.103026 -0.029061 -0.128011 0.985979
1542145527.022859 0.443413 -1.974593 0.900931 -0.080516 -0.026711 -0.119827 0.989164
1542145527.027834 0.440082 -1.974172 0.901294 -0.084608 -0.025137 -0.117873 0.989098
1542145527.03281 0.436791 -1.97365 0.901629 -0.084918 -0.021612 -0.116371 0.989333
1542145527.037791 0.433777 -1.973144 0.902212 -0.086297 -0.023042 -0.113562 0.989508
1542145527.042781 0.430603 -1.972039 0.902519 -0.082019 -0.020622 -0.110415 0.990281
1542145527.047781 0.427903 -1.971692 0.903047 -0.085173 -0.021353 -0.105736 0.99051
1542145527.052794 0.424912 -1.971253 0.903307 -0.086302 -0.019072 -0.102934 0.990754
1542145527.05781 0.422061 -1.970682 0.903569 -0.08444 -0.016988 -0.100521 0.9912
1542145527.062828 0.419338 -1.969927 0.903863 -0.079008 -0.014909 -0.098786 0.991855
1542145527.067849 0.416854 -1.96962 0.904212 -0.07785 -0.013641 -0.097944 0.992049
1542145527.07287 0.414476 -1.969399 0.904565 -0.076916 -0.012662 -0.096886 0.992238
1542145527.077882 0.41223 -1.969258 0.90483 -0.077052 -0.012143 -0.095588 0.99236
1542145527.082888 0.40999 -1.969114 0.905025 -0.077156 -0.010078 -0.094342 0.992494
1542145527.087888 0.407811 -1.968964 0.905096 -0.076233 -0.007301 -0.093624 0.992658
1542145527.092878 0.405766 -1.968788 0.905187 -0.074003 -0.004354 -0.091993 0.992996
1542145527.097867 0.403888 -1.968771 0.905221 -0.073667 -0.001678 -0.091607 0.993065
1542145527.102858 0.402272 -1.968842 0.905295 -0.072724 -0.000883 -0.09275 0.99303
1542145527.107845 0.400666 -1.969135 0.905282 -0.074429 0.002171 -0.091561 0.993012
1542145527.112836 0.399156 -1.969291 0.90518 -0.074637 0.004354 -0.091509 0.992994
1542145527.11783 0.397838 -1.969557 0.905206 -0.0744 0.006491 -0.09216 0.99294
1542145527.122822 0.39653 -1.970039 0.905071 -0.077115 0.009162 -0.090435 0.99287
1542145527.127821 0.395506 -1.970264 0.905068 -0.073531 0.011302 -0.092443 0.992935
1542145527.132821 0.394539 -1.970898 0.904996 -0.076932 0.012345 -0.092036 0.992703
1542145527.137827 0.393801 -1.971461 0.904941 -0.077676 0.012794 -0.092931 0.992556
1542145527.142835 0.392845 -1.971808 0.904721 -0.075688 0.01534 -0.093962 0.992576
1542145527.14784 0.39206 -1.972509 0.904472 -0.078975 0.01695 -0.092992 0.992385
1542145527.152847 0.391597 -1.973079 0.904429 -0.077518 0.017192 -0.09439 0.992364
1542145527.157855 0.390992 -1.973938 0.904245 -0.079787 0.01847 -0.094065 0.992192
1542145527.162864 0.390533 -1.974666 0.904142 -0.076693 0.02109 -0.096493 0.99215
1542145527.167871 0.390276 -1.975453 0.904021 -0.07646 0.021886 -0.096875 0.992114
1542145527.172875 0.3901 -1.976379 0.903941 -0.076705 0.02189 -0.097942 0.99199
1542145527.177875 0.390118 -1.977311 0.903933 -0.075387 0.02134 -0.100587 0.991839
1542145527.182878 0.389868 -1.978262 0.903617 -0.076963 0.023282 -0.100001 0.991733
1542145527.187876 0.389843 -1.979266 0.903436 -0.076908 0.024364 -0.100717 0.991639
1542145527.192874 0.389926 -1.980342 0.903294 -0.076731 0.025716 -0.10158 0.99153
1542145527.197865 0.390146 -1.981498 0.903213 -0.07679 0.02667 -0.102926 0.991362
1542145527.202857 0.390422 -1.982802 0.903262 -0.077853 0.028447 -0.103026 0.991219
1542145527.207855 0.390869 -1.984067 0.903209 -0.077683 0.028369 -0.10468 0.991061
1542145527.212847 0.391303 -1.985357 0.903033 -0.078679 0.028441 -0.106375 0.9908
1542145527.217838 0.391718 -1.986765 0.902782 -0.081631 0.028869 -0.106558 0.990529
1542145527.222827 0.392188 -1.988139 0.902611 -0.081768 0.029914 -0.108195 0.99031
1542145527.227817 0.3929 -1.989545 0.902712 -0.079026 0.03055 -0.110838 0.99022
1542145527.232811 0.3936 -1.991089 0.902731 -0.080308 0.030943 -0.112085 0.989965
1542145527.237806 0.394405 -1.992737 0.902675 -0.081874 0.029508 -0.113702 0.989696
1542145527.242807 0.395143 -1.994314 0.902671 -0.081365 0.029623 -0.115089 0.989574
1542145527.247811 0.395921 -1.995905 0.902744 -0.080754 0.029645 -0.117306 0.989363
1542145527.252817 0.396582 -1.998252 0.90268 -0.090187 0.02983 -0.120093 0.988208
1542145527.257824 0.397371 -2.000499 0.902646 -0.095949 0.028732 -0.124006 0.987214
1542145527.262832 0.398208 -2.002324 0.902884 -0.097033 0.028776 -0.124845 0.987001
1542145527.267842 0.399091 -2.004033 0.90304 -0.095987 0.027774 -0.127907 0.98674
1542145527.272853 0.399616 -2.005538 0.902787 -0.087126 0.034122 -0.13401 0.986553
1542145527.27786 0.40031 -2.007604 0.902988 -0.084609 0.035886 -0.141753 0.985626
1542145527.282867 0.401222 -2.008798 0.90322 -0.08084 0.034081 -0.138922 0.98641
1542145527.287874 0.401898 -2.011238 0.903402 -0.084806 0.034371 -0.14541 0.985131
1542145527.292879 0.402761 -2.012535 0.903612 -0.082671 0.033518 -0.141127 0.985964
1542145527.29788 0.403309 -2.014183 0.903636 -0.080479 0.035085 -0.143695 0.98572
1542145527.302873 0.404124 -2.016133 0.903972 -0.085459 0.031792 -0.142835 0.985538
1542145527.307864 0.404572 -2.01851 0.903922 -0.084768 0.036492 -0.154378 0.983692
1542145527.312848 0.405468 -2.019613 0.904169 -0.083557 0.032411 -0.147184 0.98504
1542145527.31783 0.40602 -2.022041 0.904291 -0.088352 0.030911 -0.154495 0.98355
1542145527.322814 0.407033 -2.022546 0.904608 -0.083273 0.026464 -0.143065 0.985849
1542145527.327801 0.40757 -2.024263 0.904543 -0.081043 0.026323 -0.148015 0.985307
1542145527.332795 0.40816 -2.026375 0.904702 -0.086747 0.02335 -0.150094 0.984582
1542145527.337793 0.409072 -2.027646 0.90489 -0.084834 0.020518 -0.149238 0.984942
1542145527.342797 0.41006 -2.029318 0.904653 -0.072155 0.013251 -0.141673 0.987191
1542145527.347805 0.410544 -2.031402 0.904263 -0.069113 0.016109 -0.149932 0.986146
1542145527.352816 0.411458 -2.031951 0.904936 -0.072709 0.007251 -0.140437 0.98739
1542145527.35784 0.411801 -2.031869 0.905528 -0.077609 0.003378 -0.136034 0.987654
1542145527.362865 0.412623 -2.035976 0.904316 -0.075267 0.00737 -0.14909 0.985927
1542145527.367884 0.413299 -2.036426 0.904513 -0.077296 0.003618 -0.143124 0.986675
1542145527.372895 0.414282 -2.036206 0.905124 -0.075645 -0.004995 -0.130413 0.988557
1542145527.377897 0.41509 -2.037873 0.90513 -0.080787 -0.007253 -0.132531 0.987854
1542145527.382891 0.415721 -2.038563 0.905184 -0.077538 -0.006915 -0.138198 0.987341
1542145527.387879 0.416654 -2.040933 0.904538 -0.080499 -0.005638 -0.141523 0.98664
1542145527.392871 0.417111 -2.041762 0.904337 -0.083129 -0.003254 -0.146204 0.98575
1542145527.397868 0.418252 -2.042556 0.904213 -0.081331 -0.008834 -0.138122 0.987031
1542145527.402863 0.419107 -2.043339 0.904047 -0.078729 -0.009554 -0.140228 0.986938
1542145527.407854 0.41988 -2.044069 0.904065 -0.08555 -0.011843 -0.13921 0.986489
1542145527.41284 0.420845 -2.046638 0.9032 -0.089377 -0.006603 -0.153261 0.984113
1542145527.417829 0.422095 -2.046058 0.903822 -0.087936 -0.015981 -0.139283 0.986211
1542145527.42282 0.423242 -2.046746 0.903626 -0.083583 -0.016168 -0.139739 0.986522
1542145527.427815 0.424094 -2.047252 0.903561 -0.093872 -0.015678 -0.14142 0.985364
1542145527.432815 0.425014 -2.049447 0.902525 -0.088313 -0.009253 -0.155429 0.983848
1542145527.437819 0.425639 -2.049636 0.902185 -0.089652 -0.002037 -0.160928 0.982884
1542145527.442827 0.426909 -2.049367 0.902436 -0.095534 -0.007861 -0.155654 0.98315
1542145527.447838 0.428136 -2.049625 0.902313 -0.090807 -0.007362 -0.158363 0.983169
1542145527.452851 0.429415 -2.051793 0.90181 -0.102077 -0.006383 -0.164239 0.981104
1542145527.45786 0.431219 -2.052437 0.901638 -0.094062 -0.009708 -0.164527 0.981829
1542145527.462864 0.432077 -2.051037 0.902467 -0.101565 -0.010902 -0.161874 0.98151
1542145527.467863 0.433382 -2.052119 0.901942 -0.09824 -0.005853 -0.171605 0.980238
1542145527.47286 0.434673 -2.051036 0.902507 -0.095312 -0.008518 -0.168715 0.981009
1542145527.477854 0.435789 -2.052189 0.902182 -0.099954 -0.005025 -0.177869 0.978952
1542145527.482848 0.437286 -2.050165 0.90285 -0.092 -0.009287 -0.170778 0.980961
1542145527.487844 0.437907 -2.050463 0.902752 -0.101176 -0.003049 -0.181249 0.978214
1542145527.492842 0.439531 -2.050211 0.902363 -0.088637 -0.001164 -0.184177 0.978888
1542145527.497841 0.440575 -2.05018 0.902451 -0.09988 0.000173 -0.184893 0.97767
1542145527.502835 0.442208 -2.050073 0.902179 -0.092309 0.001487 -0.188305 0.977762
1542145527.507828 0.443036 -2.04891 0.902684 -0.10394 0.000468 -0.185349 0.97716
1542145527.512818 0.44415 -2.04786 0.902775 -0.100178 0.002583 -0.190467 0.976565
1542145527.517813 0.445147 -2.04773 0.902198 -0.094601 0.009027 -0.202413 0.974679
1542145527.522813 0.446494 -2.047228 0.90203 -0.0992 0.007396 -0.194956 0.975754
1542145527.527813 0.44711 -2.044582 0.902354 -0.096752 0.010128 -0.198523 0.975256
1542145527.532814 0.448159 -2.043441 0.902325 -0.097418 0.011249 -0.201164 0.974636
1542145527.537817 0.449683 -2.043632 0.901818 -0.100188 0.00972 -0.200388 0.974532
1542145527.542833 0.450397 -2.041658 0.901919 -0.099088 0.013122 -0.20573 0.973491
1542145527.547851 0.451567 -2.039667 0.902163 -0.097984 0.009193 -0.20278 0.974266
1542145527.552867 0.452732 -2.038992 0.901916 -0.10596 0.010106 -0.203508 0.97327
1542145527.557878 0.453378 -2.036194 0.902247 -0.105635 0.013065 -0.209848 0.971923
1542145527.562882 0.454529 -2.035306 0.902209 -0.119039 0.010273 -0.205667 0.971301
1542145527.567879 0.45602 -2.033548 0.901979 -0.109631 0.009908 -0.207317 0.972061
1542145527.572873 0.456285 -2.029933 0.902457 -0.102211 0.014676 -0.212575 0.971674
1542145527.577863 0.457699 -2.028144 0.902595 -0.10273 0.013739 -0.213794 0.971365
1542145527.582848 0.459109 -2.026916 0.902485 -0.100265 0.013012 -0.21477 0.971417
1542145527.587834 0.459757 -2.023173 0.903491 -0.104665 0.011934 -0.211094 0.971773
1542145527.592824 0.460821 -2.021029 0.903719 -0.104283 0.013762 -0.21657 0.970584
1542145527.597815 0.46227 -2.019398 0.903615 -0.100564 0.013895 -0.218133 0.970624
1542145527.602807 0.463218 -2.015488 0.904633 -0.101196 0.010458 -0.214505 0.97141
1542145527.607805 0.464519 -2.013309 0.905166 -0.107664 0.006961 -0.209672 0.971801
1542145527.612802 0.465463 -2.011338 0.905306 -0.103521 0.012592 -0.220386 0.969822
1542145527.617803 0.466526 -2.008005 0.906125 -0.104141 0.011057 -0.217397 0.970449
1542145527.622809 0.46798 -2.004938 0.906935 -0.106202 0.006418 -0.210618 0.971761
1542145527.627817 0.469016 -2.00148 0.907818 -0.10041 0.006925 -0.215254 0.971358
1542145527.632827 0.470232 -1.998481 0.908245 -0.091343 0.008846 -0.217702 0.971691
1542145527.637835 0.471175 -1.99501 0.909328 -0.096536 0.007292 -0.220524 0.970565
1542145527.642853 0.472789 -1.991941 0.910045 -0.092547 0.001307 -0.212163 0.972841
1542145527.647867 0.473707 -1.9892 0.910916 -0.098862 0.003718 -0.221832 0.970053
1542145527.652877 0.474536 -1.985237 0.911936 -0.09526 0.004603 -0.221734 0.970432
1542145527.657881 0.475667 -1.98173 0.912841 -0.093552 0.003948 -0.222488 0.970428
1542145527.662878 0.477049 -1.978661 0.913729 -0.093386 0.001402 -0.223649 0.970185
1542145527.667872 0.478325 -1.974373 0.91528 -0.105828 -0.008673 -0.20955 0.972015
1542145527.672862 0.479603 -1.970752 0.916267 -0.105117 -0.008878 -0.21015 0.971961
1542145527.67785 0.480989 -1.967308 0.917052 -0.09475 -0.00563 -0.218696 0.971166
1542145527.68284 0.482516 -1.96281 0.918402 -0.092973 -0.011583 -0.207519 0.973734
1542145527.687829 0.483811 -1.958978 0.919351 -0.091587 -0.011604 -0.207539 0.973861
1542145527.692826 0.48529 -1.955301 0.920264 -0.089796 -0.012308 -0.207984 0.973924
1542145527.697826 0.48663 -1.951642 0.921135 -0.087133 -0.011955 -0.210425 0.973646
1542145527.702829 0.487968 -1.947675 0.921912 -0.083169 -0.010826 -0.209867 0.974126
1542145527.70783 0.489602 -1.943803 0.922882 -0.082793 -0.012848 -0.206595 0.974833
1542145527.712831 0.491004 -1.939916 0.923637 -0.080155 -0.011521 -0.206377 0.975116
1542145527.717834 0.492491 -1.936014 0.92433 -0.079789 -0.010866 -0.204373 0.975575
1542145527.722839 0.494055 -1.932407 0.924992 -0.081994 -0.010435 -0.204332 0.975406
1542145527.727849 0.495468 -1.928493 0.925527 -0.081067 -0.009136 -0.203196 0.975734
1542145527.732858 0.497145 -1.92479 0.926133 -0.081493 -0.010525 -0.203544 0.975611
1542145527.737876 0.498829 -1.92096 0.926683 -0.080687 -0.01117 -0.20398 0.97558
1542145527.74289 0.500389 -1.917089 0.927186 -0.079861 -0.010532 -0.204369 0.975574
1542145527.7479 0.502134 -1.913469 0.927565 -0.083314 -0.012589 -0.205045 0.975119
1542145527.752901 0.503594 -1.909533 0.927859 -0.083959 -0.010803 -0.204611 0.975176
1542145527.757902 0.505361 -1.905915 0.928449 -0.086152 -0.011794 -0.204637 0.974968
1542145527.762899 0.507077 -1.902162 0.92892 -0.086314 -0.012552 -0.20526 0.974813
1542145527.767892 0.508746 -1.898353 0.9293 -0.086593 -0.013419 -0.206832 0.974444
1542145527.772883 0.510433 -1.894652 0.92971 -0.088452 -0.012873 -0.207681 0.974104
1542145527.77787 0.512007 -1.890875 0.930084 -0.089454 -0.011581 -0.207647 0.974036
1542145527.782857 0.513681 -1.887147 0.930666 -0.088447 -0.010417 -0.208983 0.973856
1542145527.787844 0.515179 -1.883217 0.931113 -0.086167 -0.006948 -0.209709 0.973935
1542145527.792834 0.516864 -1.87945 0.931621 -0.084974 -0.005902 -0.211589 0.97364
1542145527.797827 0.518283 -1.875519 0.931818 -0.084436 -0.002436 -0.212134 0.973583
1542145527.802825 0.519745 -1.871911 0.932277 -0.087006 -0.000505 -0.210132 0.973794
1542145527.807826 0.521218 -1.868054 0.93265 -0.085358 0.002028 -0.211031 0.973743
1542145527.812829 0.522981 -1.864535 0.93318 -0.087762 0.003151 -0.212098 0.973295
1542145527.817839 0.524453 -1.860669 0.933566 -0.087018 0.005738 -0.212017 0.973367
1542145527.822849 0.525838 -1.856683 0.933855 -0.08542 0.009375 -0.212017 0.973481
1542145527.827852 0.52748 -1.853016 0.934392 -0.085634 0.008237 -0.212602 0.973345
1542145527.83286 0.528884 -1.849211 0.934753 -0.085525 0.009784 -0.212106 0.973448
1542145527.837867 0.530303 -1.84545 0.935066 -0.086676 0.010218 -0.21132 0.973512
1542145527.842873 0.531718 -1.841776 0.935432 -0.088071 0.010241 -0.21038 0.973591
1542145527.847879 0.533168 -1.838029 0.935811 -0.087666 0.01001 -0.210281 0.973651
1542145527.852883 0.534828 -1.834506 0.936282 -0.089362 0.005759 -0.21141 0.973287
1542145527.857885 0.536251 -1.830689 0.936629 -0.088021 0.004381 -0.21117 0.973468
1542145527.862884 0.537616 -1.826878 0.936919 -0.086057 0.003819 -0.211707 0.97353
1542145527.86788 0.539133 -1.823457 0.937378 -0.088103 0.000641 -0.211225 0.973459
1542145527.872873 0.540621 -1.820003 0.937871 -0.089357 -0.00233 -0.211133 0.973362
1542145527.877865 0.542006 -1.816372 0.938228 -0.087911 -0.003161 -0.211025 0.973514
1542145527.882854 0.543081 -1.812672 0.938482 -0.086011 -0.002427 -0.209007 0.974121
1542145527.887837 0.544521 -1.809194 0.938818 -0.085681 -0.004891 -0.209409 0.974055
1542145527.892825 0.54586 -1.805561 0.939203 -0.082057 -0.00452 -0.210347 0.974166
1542145527.897814 0.547168 -1.802375 0.939434 -0.085577 -0.005561 -0.208708 0.974211
1542145527.902803 0.548473 -1.798735 0.939518 -0.082523 -0.006568 -0.209926 0.974206
1542145527.907795 0.549639 -1.795258 0.939697 -0.081615 -0.004997 -0.209057 0.974479
1542145527.912786 0.550971 -1.791914 0.939842 -0.080813 -0.005776 -0.209502 0.974446
1542145527.917788 0.55218 -1.788579 0.939768 -0.08189 -0.006186 -0.208807 0.974503
1542145527.922797 0.553471 -1.785329 0.939774 -0.083485 -0.00533 -0.208671 0.974401
1542145527.927807 0.554368 -1.7817 0.939601 -0.080404 -0.002784 -0.206802 0.975069
1542145527.932819 0.555819 -1.778707 0.939503 -0.084496 -0.004781 -0.207642 0.974537
1542145527.937826 0.556811 -1.775244 0.939201 -0.084002 -0.002964 -0.206238 0.974885
1542145527.94283 0.557695 -1.771767 0.938956 -0.082766 -0.000834 -0.20431 0.975401
1542145527.947835 0.558936 -1.76864 0.938593 -0.085597 -0.001884 -0.204269 0.975163
1542145527.952838 0.560025 -1.765445 0.93825 -0.08703 -0.003405 -0.203101 0.975276
1542145527.957839 0.56099 -1.762158 0.937802 -0.087245 -0.003063 -0.202223 0.975441
1542145527.962838 0.56208 -1.759114 0.937458 -0.088999 -0.006024 -0.201378 0.975443
1542145527.967839 0.56311 -1.755956 0.93706 -0.089139 -0.007292 -0.201192 0.97546
1542145527.972842 0.564213 -1.752901 0.936837 -0.088217 -0.010481 -0.20122 0.975509
1542145527.977838 0.565059 -1.749871 0.936366 -0.089369 -0.011901 -0.199414 0.975759
1542145527.982833 0.565939 -1.746894 0.936009 -0.088634 -0.014124 -0.198668 0.975948
1542145527.987827 0.56679 -1.744034 0.935585 -0.089657 -0.015997 -0.19739 0.976085
1542145527.992824 0.567586 -1.741226 0.935215 -0.089918 -0.017794 -0.195952 0.97632
1542145527.99782 0.568321 -1.738425 0.934751 -0.089854 -0.019091 -0.194155 0.97666
1542145528.002817 0.569142 -1.73575 0.934397 -0.088955 -0.022302 -0.19359 0.976787
1542145528.007816 0.569753 -1.733212 0.934005 -0.089993 -0.023175 -0.191254 0.977132
1542145528.012815 0.570402 -1.730659 0.933555 -0.089402 -0.024883 -0.189812 0.977425
1542145528.017815 0.571067 -1.728218 0.93316 -0.088549 -0.026475 -0.18877 0.977663
1542145528.022815 0.571523 -1.725855 0.932626 -0.089825 -0.027067 -0.18636 0.977992
1542145528.027816 0.57212 -1.723537 0.932246 -0.08824 -0.028233 -0.185232 0.978318
1542145528.032821 0.572596 -1.721412 0.931732 -0.089358 -0.029599 -0.183633 0.978477
1542145528.037826 0.573111 -1.719272 0.931364 -0.087162 -0.030627 -0.182313 0.978891
1542145528.042831 0.573413 -1.717298 0.93083 -0.087991 -0.030654 -0.180194 0.979208
1542145528.047835 0.573872 -1.715359 0.930393 -0.086532 -0.032008 -0.179255 0.979467
1542145528.052838 0.574065 -1.713592 0.929842 -0.087532 -0.031628 -0.176537 0.979884
1542145528.057839 0.574475 -1.711854 0.92939 -0.086474 -0.033772 -0.176362 0.979938
1542145528.062838 0.574597 -1.710207 0.92884 -0.086347 -0.03361 -0.1741 0.980359
1542145528.067833 0.574746 -1.708778 0.928323 -0.087636 -0.034878 -0.172563 0.980472
1542145528.072827 0.574794 -1.707315 0.92785 -0.086813 -0.034887 -0.170358 0.98093
1542145528.077823 0.574927 -1.705931 0.927263 -0.086802 -0.036573 -0.169863 0.980956
1542145528.082814 0.574892 -1.70468 0.926796 -0.085764 -0.037058 -0.168199 0.981316
1542145528.087814 0.574768 -1.70356 0.926263 -0.086421 -0.037128 -0.165835 0.981658
1542145528.092811 0.574636 -1.702504 0.925718 -0.08663 -0.037432 -0.164428 0.981864
1542145528.097806 0.574489 -1.701495 0.925194 -0.085542 -0.037571 -0.163662 0.982082
1542145528.102807 0.574109 -1.700685 0.92459 -0.086348 -0.036405 -0.160882 0.982515
1542145528.107811 0.573928 -1.699958 0.924071 -0.086396 -0.037474 -0.160433 0.982544
1542145528.112818 0.573347 -1.699268 0.923403 -0.087216 -0.034568 -0.157037 0.983126
1542145528.117825 0.572946 -1.698737 0.922891 -0.086278 -0.034331 -0.155983 0.983385
1542145528.122826 0.572429 -1.698281 0.922289 -0.086816 -0.033452 -0.153796 0.983713
1542145528.127822 0.571761 -1.697895 0.921669 -0.086617 -0.031474 -0.152034 0.984069
1542145528.132822 0.571039 -1.697665 0.921077 -0.086828 -0.029241 -0.149316 0.984536
1542145528.137825 0.57045 -1.697469 0.920522 -0.085417 -0.029034 -0.148517 0.984786
1542145528.14283 0.56966 -1.697445 0.919931 -0.086253 -0.027811 -0.146111 0.985108
1542145528.147837 0.568726 -1.697508 0.919312 -0.086299 -0.025284 -0.143932 0.985493
1542145528.152842 0.567967 -1.697661 0.918799 -0.085364 -0.025033 -0.142873 0.985735
1542145528.157843 0.56702 -1.69798 0.918281 -0.085741 -0.024042 -0.140608 0.986053
1542145528.162843 0.566039 -1.698334 0.917684 -0.085634 -0.022698 -0.138902 0.986336
1542145528.167841 0.565048 -1.698785 0.917211 -0.084627 -0.022376 -0.137185 0.98667
1542145528.172838 0.563951 -1.699359 0.916667 -0.084827 -0.021283 -0.134934 0.986987
1542145528.177833 0.562792 -1.700055 0.916189 -0.08472 -0.020717 -0.132722 0.987309
1542145528.182827 0.561659 -1.700818 0.91571 -0.083728 -0.020552 -0.131186 0.987602
1542145528.18783 0.560409 -1.701686 0.915229 -0.083074 -0.019823 -0.128615 0.98801
1542145528.192841 0.559074 -1.702666 0.914788 -0.0828 -0.019205 -0.125866 0.988399
1542145528.197853 0.557744 -1.703832 0.914305 -0.083414 -0.018897 -0.123789 0.988616
1542145528.202866 0.556418 -1.705043 0.913849 -0.082884 -0.018901 -0.12169 0.988921
1542145528.207878 0.555026 -1.706321 0.91333 -0.082726 -0.018437 -0.119548 0.989204
1542145528.212886 0.553603 -1.707744 0.912905 -0.082292 -0.018288 -0.117209 0.989523
1542145528.217885 0.552104 -1.709274 0.912461 -0.081385 -0.017509 -0.114919 0.989881
1542145528.22288 0.550524 -1.710941 0.912013 -0.08183 -0.01614 -0.111551 0.990252
1542145528.227868 0.548972 -1.712666 0.911509 -0.08221 -0.015642 -0.109157 0.990496
1542145528.232856 0.547422 -1.714752 0.910943 -0.086275 -0.016054 -0.105106 0.990581
1542145528.237851 0.545856 -1.716551 0.910584 -0.082491 -0.015596 -0.103474 0.991083
1542145528.24285 0.544251 -1.718551 0.910124 -0.08236 -0.015565 -0.101073 0.991342
1542145528.247851 0.542678 -1.720904 0.90961 -0.084192 -0.017084 -0.098642 0.991408
1542145528.252852 0.541049 -1.722951 0.909235 -0.080609 -0.016599 -0.096095 0.991964
1542145528.257863 0.539486 -1.725464 0.90881 -0.082332 -0.018277 -0.094089 0.991985
1542145528.262877 0.537781 -1.727885 0.908385 -0.080852 -0.017104 -0.092461 0.992281
1542145528.267888 0.536098 -1.730267 0.907988 -0.076071 -0.016502 -0.091271 0.992779
1542145528.2729 0.534446 -1.733004 0.907562 -0.076457 -0.016191 -0.088758 0.992982
1542145528.277917 0.532756 -1.73569 0.907093 -0.07638 -0.01627 -0.085753 0.993251
1542145528.282928 0.531079 -1.738559 0.906677 -0.075203 -0.01518 -0.083852 0.99352
1542145528.28793 0.529414 -1.741567 0.90616 -0.075463 -0.015614 -0.082895 0.993574
1542145528.292925 0.527764 -1.744559 0.905693 -0.075639 -0.016152 -0.08087 0.993719
1542145528.297914 0.525966 -1.747678 0.905133 -0.075114 -0.014863 -0.07921 0.993913
1542145528.302893 0.524173 -1.750879 0.904486 -0.076647 -0.014678 -0.075823 0.994063
1542145528.30787 0.522374 -1.754145 0.903996 -0.075566 -0.012974 -0.073977 0.994308
1542145528.31285 0.520544 -1.757088 0.903342 -0.074121 -0.012546 -0.068676 0.994803
1542145528.317835 0.518889 -1.760537 0.902811 -0.07421 -0.013309 -0.067721 0.994852
1542145528.322814 0.516996 -1.764057 0.902145 -0.075501 -0.012083 -0.064196 0.995004
1542145528.3278 0.515152 -1.767712 0.901347 -0.078855 -0.013007 -0.061179 0.994922
1542145528.332793 0.513521 -1.771344 0.900921 -0.077149 -0.013959 -0.060153 0.995105
1542145528.337783 0.511681 -1.775027 0.900164 -0.078041 -0.013389 -0.057721 0.995188
1542145528.342777 0.509711 -1.778708 0.89937 -0.079286 -0.013018 -0.054309 0.995286
1542145528.34778 0.507893 -1.782509 0.898655 -0.079945 -0.013671 -0.052383 0.995328
1542145528.35279 0.50602 -1.786312 0.897965 -0.080074 -0.013882 -0.049743 0.99545
1542145528.357811 0.504208 -1.790269 0.897378 -0.080804 -0.015067 -0.047453 0.995486
1542145528.362836 0.502198 -1.79413 0.896611 -0.081659 -0.013753 -0.043937 0.995596
1542145528.367853 0.500443 -1.798252 0.89611 -0.082109 -0.015397 -0.042183 0.995611
1542145528.372866 0.498499 -1.802208 0.895403 -0.082226 -0.015808 -0.039452 0.995707
1542145528.377889 0.496695 -1.806394 0.894837 -0.083917 -0.01732 -0.037394 0.99562
1542145528.382906 0.494748 -1.810421 0.894225 -0.082843 -0.017603 -0.034632 0.995805
1542145528.387919 0.492978 -1.814683 0.893722 -0.083532 -0.019034 -0.032814 0.995783
1542145528.392925 0.490949 -1.818806 0.893088 -0.083533 -0.017327 -0.029507 0.995917
1542145528.397924 0.489125 -1.823056 0.892489 -0.0846 -0.018681 -0.027352 0.995864
1542145528.402912 0.487306 -1.827293 0.891922 -0.084297 -0.018626 -0.025714 0.995935
1542145528.407893 0.485524 -1.831531 0.891317 -0.084473 -0.018959 -0.024356 0.995948
1542145528.412867 0.483633 -1.835832 0.890682 -0.085484 -0.01836 -0.021672 0.995935
1542145528.417849 0.48179 -1.84011 0.889977 -0.085804 -0.01728 -0.020232 0.995957
1542145528.422833 0.480168 -1.844406 0.889329 -0.086502 -0.018772 -0.019917 0.995876
1542145528.427819 0.478478 -1.84884 0.888804 -0.0875 -0.018462 -0.018813 0.995816
1542145528.432809 0.476796 -1.853301 0.888132 -0.090008 -0.017504 -0.017199 0.995639
1542145528.437806 0.475088 -1.857468 0.887339 -0.089119 -0.015755 -0.017358 0.995745
1542145528.442805 0.473391 -1.861802 0.886441 -0.092048 -0.015381 -0.016396 0.995501
1542145528.44781 0.471761 -1.866079 0.885639 -0.092877 -0.014131 -0.016237 0.995445
1542145528.452819 0.47011 -1.870511 0.884855 -0.095774 -0.012146 -0.01552 0.995208
1542145528.457826 0.468723 -1.87487 0.884159 -0.09762 -0.011824 -0.016646 0.995014
1542145528.462835 0.467118 -1.879134 0.883311 -0.100021 -0.009648 -0.016056 0.994809
1542145528.467842 0.465443 -1.883361 0.882372 -0.102649 -0.007176 -0.016349 0.994557
1542145528.47285 0.463784 -1.887522 0.881378 -0.105599 -0.005122 -0.016317 0.994262
1542145528.477859 0.462317 -1.891697 0.880532 -0.10812 -0.004524 -0.017851 0.993967
1542145528.482868 0.460737 -1.895801 0.879741 -0.109993 -0.002356 -0.018849 0.993751
1542145528.487878 0.459232 -1.900014 0.879068 -0.112421 -0.000586 -0.019558 0.993468
1542145528.492874 0.457548 -1.904016 0.878203 -0.114481 0.002415 -0.019558 0.99323
1542145528.497867 0.455922 -1.908052 0.877333 -0.118427 0.004761 -0.02032 0.992743
1542145528.502851 0.454437 -1.9123 0.876349 -0.124535 0.005655 -0.021446 0.991967
1542145528.507837 0.452842 -1.91626 0.875554 -0.127404 0.006898 -0.022886 0.991563
1542145528.512821 0.451083 -1.920096 0.874707 -0.130731 0.009338 -0.024594 0.991069
1542145528.517812 0.449237 -1.924103 0.87386 -0.137177 0.012607 -0.024168 0.990171
1542145528.52281 0.447472 -1.929487 0.872913 -0.157429 0.01638 -0.034097 0.986805
1542145528.527812 0.445444 -1.930777 0.872501 -0.129541 0.02096 -0.029716 0.990907
1542145528.532819 0.44346 -1.934352 0.871758 -0.13291 0.024253 -0.029639 0.990388
1542145528.537828 0.441527 -1.938162 0.87111 -0.139605 0.026057 -0.029762 0.989417
1542145528.542835 0.43955 -1.941554 0.870464 -0.141864 0.02834 -0.033238 0.988922
1542145528.547843 0.437602 -1.944586 0.870074 -0.140068 0.028676 -0.034243 0.989134
1542145528.552852 0.435269 -1.947839 0.869406 -0.143453 0.032088 -0.035329 0.988506
1542145528.55786 0.43298 -1.951708 0.868805 -0.155222 0.034267 -0.038267 0.986543
1542145528.56287 0.430911 -1.955502 0.868292 -0.1692 0.033927 -0.040443 0.984167
1542145528.567877 0.428452 -1.956468 0.868116 -0.144758 0.037506 -0.03687 0.988068
1542145528.57288 0.425866 -1.959866 0.86756 -0.154127 0.039886 -0.039015 0.986474
1542145528.57788 0.423384 -1.962689 0.867258 -0.158211 0.040787 -0.038468 0.985812
1542145528.58288 0.420802 -1.965931 0.866909 -0.168285 0.042581 -0.04124 0.983954
1542145528.587871 0.418126 -1.968882 0.866552 -0.178067 0.04261 -0.041827 0.982205
1542145528.592866 0.415428 -1.971266 0.866479 -0.179705 0.044434 -0.041045 0.981859
1542145528.597858 0.412512 -1.97294 0.866334 -0.17361 0.046475 -0.039973 0.982905
1542145528.602844 0.409404 -1.975471 0.866173 -0.181245 0.048739 -0.038832 0.981462
1542145528.607827 0.406142 -1.977389 0.865838 -0.166701 0.059216 -0.054161 0.982736
1542145528.612814 0.402892 -1.979601 0.86578 -0.170707 0.061385 -0.05187 0.982039
1542145528.617804 0.400117 -1.980861 0.86592 -0.167885 0.060034 -0.048441 0.982784
1542145528.622799 0.396665 -1.98279 0.865824 -0.172541 0.06094 -0.048883 0.981899
1542145528.6278 0.393577 -1.983809 0.866071 -0.166625 0.060823 -0.047386 0.983001
1542145528.632807 0.390072 -1.985799 0.866116 -0.17321 0.063952 -0.048113 0.981628
1542145528.637817 0.387015 -1.986412 0.866549 -0.174956 0.057933 -0.033749 0.982291
1542145528.64284 0.383485 -1.98689 0.866772 -0.16569 0.060111 -0.031063 0.983854
1542145528.647864 0.379921 -1.988721 0.866987 -0.174046 0.062078 -0.031853 0.982263
1542145528.652883 0.376527 -1.989557 0.867289 -0.173645 0.060829 -0.030412 0.982457
1542145528.657896 0.372859 -1.990515 0.867683 -0.172641 0.063573 -0.028538 0.982517
1542145528.6629 0.369397 -1.99079 0.868171 -0.164483 0.063036 -0.02645 0.984008
1542145528.667899 0.365707 -1.990528 0.868592 -0.157554 0.06428 -0.018438 0.985244
1542145528.67289 0.362186 -1.991163 0.869118 -0.158621 0.063313 -0.014943 0.985194
1542145528.677875 0.358509 -1.991781 0.869498 -0.158929 0.064033 -0.016003 0.985081
1542145528.682858 0.354886 -1.991804 0.869863 -0.156519 0.065684 -0.00898 0.985447
1542145528.687842 0.351324 -1.992132 0.870297 -0.156488 0.064624 -0.007875 0.985532
1542145528.692829 0.347659 -1.99241 0.870778 -0.156353 0.066349 -0.005883 0.985453
1542145528.697816 0.34393 -1.992582 0.871086 -0.157112 0.068112 -0.004404 0.985219
1542145528.702806 0.34025 -1.992406 0.871517 -0.15394 0.069712 -0.002531 0.985615
1542145528.707804 0.336722 -1.992113 0.871981 -0.150738 0.069115 -0.001272 0.986154
1542145528.712808 0.333008 -1.991907 0.872264 -0.150212 0.070576 0.000827 0.986131
1542145528.717817 0.329327 -1.992162 0.872624 -0.156619 0.072195 0.002204 0.985015
1542145528.72283 0.325743 -1.991434 0.873108 -0.150952 0.072741 0.003787 0.985854
1542145528.727842 0.32224 -1.991088 0.873612 -0.151265 0.072173 0.005739 0.985838
1542145528.732859 0.318682 -1.990298 0.874089 -0.148063 0.071951 0.008325 0.986322
1542145528.737873 0.315102 -1.989324 0.87452 -0.142769 0.073168 0.008691 0.98701
1542145528.74289 0.311602 -1.989675 0.874923 -0.156342 0.07331 0.009024 0.984937
1542145528.747903 0.308381 -1.988458 0.875692 -0.149785 0.071819 0.011627 0.986038
1542145528.752909 0.304975 -1.987334 0.876313 -0.145751 0.072474 0.013519 0.986571
1542145528.757911 0.301442 -1.986778 0.876683 -0.151086 0.075049 0.014293 0.985564
1542145528.762913 0.298015 -1.985574 0.877229 -0.149495 0.076491 0.015883 0.985671
1542145528.767909 0.29481 -1.984269 0.877975 -0.146027 0.077058 0.016303 0.98614
1542145528.772901 0.291594 -1.983112 0.878649 -0.145931 0.07821 0.0167 0.986057
1542145528.77789 0.288183 -1.981571 0.879271 -0.142975 0.081662 0.018264 0.986182
1542145528.782873 0.284871 -1.980611 0.879736 -0.149186 0.083628 0.017595 0.985109
1542145528.787856 0.281547 -1.979104 0.880445 -0.147806 0.086993 0.018622 0.985007
1542145528.792842 0.278465 -1.977704 0.881222 -0.149152 0.08742 0.018655 0.984766
1542145528.797837 0.275219 -1.976022 0.881957 -0.14873 0.089632 0.020087 0.984602
1542145528.802825 0.271787 -1.97405 0.882709 -0.145201 0.093082 0.021535 0.984779
1542145528.807818 0.268734 -1.972342 0.88358 -0.144591 0.093987 0.022676 0.984757
1542145528.812812 0.265629 -1.970379 0.884495 -0.14329 0.094084 0.023553 0.984917
1542145528.817809 0.262455 -1.968225 0.885418 -0.139738 0.096047 0.025444 0.985191
1542145528.822811 0.259371 -1.96616 0.886407 -0.138669 0.096465 0.02666 0.985269
1542145528.827814 0.256367 -1.963931 0.887443 -0.135699 0.096734 0.028146 0.985615
1542145528.832823 0.253581 -1.961792 0.888596 -0.134505 0.095939 0.029524 0.985816
1542145528.837835 0.250688 -1.959317 0.889681 -0.129894 0.095712 0.030673 0.986421
1542145528.842846 0.248015 -1.956924 0.890939 -0.126152 0.094335 0.031015 0.987028
1542145528.847856 0.245293 -1.954439 0.892141 -0.122549 0.094251 0.032348 0.987447
1542145528.852865 0.242809 -1.952006 0.893407 -0.120305 0.092826 0.033711 0.987813
1542145528.857874 0.240218 -1.949381 0.894502 -0.116705 0.092548 0.03527 0.988216
1542145528.86288 0.237617 -1.946687 0.895559 -0.114089 0.092401 0.037594 0.988449
1542145528.867879 0.235335 -1.94395 0.896695 -0.109998 0.090282 0.03794 0.989096
1542145528.872875 0.233187 -1.941369 0.897907 -0.108538 0.08889 0.039527 0.989321
1542145528.877872 0.23113 -1.93859 0.899078 -0.105781 0.086697 0.039704 0.989807
1542145528.882867 0.229141 -1.935828 0.900241 -0.10351 0.085958 0.041053 0.990056
1542145528.887862 0.227384 -1.932946 0.9013 -0.10004 0.084369 0.040643 0.990567
1542145528.892856 0.225557 -1.930018 0.902185 -0.098224 0.084939 0.041634 0.990658
1542145528.897849 0.223992 -1.927019 0.903136 -0.095809 0.084195 0.040863 0.99099
1542145528.902846 0.222633 -1.924059 0.904111 -0.093126 0.084497 0.039831 0.991262
1542145528.907844 0.221356 -1.92109 0.905016 -0.091316 0.085204 0.038633 0.991418
1542145528.912849 0.220187 -1.918089 0.905864 -0.089548 0.086528 0.037746 0.991499
1542145528.917855 0.219247 -1.915026 0.906543 -0.089011 0.085884 0.03534 0.991692
1542145528.922861 0.218392 -1.911976 0.907218 -0.088282 0.085754 0.032718 0.991858
1542145528.927919 0.217448 -1.908813 0.907863 -0.087112 0.088346 0.032398 0.991744
1542145528.932961 0.216654 -1.905506 0.908481 -0.083796 0.090237 0.030719 0.991913
1542145528.937985 0.216001 -1.902203 0.908939 -0.080688 0.092521 0.028494 0.992027
1542145528.94299 0.21578 -1.899321 0.909609 -0.082008 0.091025 0.023013 0.992199
1542145528.947977 0.215342 -1.896374 0.910134 -0.086555 0.091822 0.022331 0.991755
1542145528.95295 0.215183 -1.893147 0.910661 -0.08562 0.091816 0.018404 0.991918
1542145528.957918 0.214961 -1.889917 0.911127 -0.084318 0.093147 0.015204 0.991959
1542145528.962877 0.214916 -1.886795 0.911691 -0.08429 0.094075 0.012039 0.991917
1542145528.967828 0.214913 -1.883671 0.912093 -0.085509 0.094902 0.008716 0.991769
1542145528.972777 0.214922 -1.880398 0.912477 -0.08385 0.096398 0.005298 0.991791
1542145528.977737 0.215305 -1.87731 0.913028 -0.083253 0.095983 -0.000161 0.991895
1542145528.982707 0.215399 -1.874164 0.913467 -0.083432 0.098238 -0.002766 0.991656
1542145528.987692 0.215828 -1.871017 0.913843 -0.082954 0.098351 -0.007799 0.991658
1542145528.992691 0.216264 -1.867901 0.914293 -0.08236 0.098932 -0.012104 0.991606
1542145528.997704 0.216592 -1.864785 0.914652 -0.082806 0.100747 -0.015266 0.991343
1542145529.002729 0.217155 -1.861665 0.915091 -0.081676 0.100841 -0.02046 0.991333
1542145529.007761 0.217759 -1.858637 0.915515 -0.081358 0.100828 -0.025178 0.991252
1542145529.012796 0.218357 -1.855678 0.915923 -0.082752 0.101517 -0.028915 0.990964
1542145529.017834 0.218985 -1.852564 0.916394 -0.080559 0.102637 -0.033298 0.990892
1542145529.022867 0.21988 -1.849562 0.916859 -0.078752 0.101252 -0.039488 0.990952
1542145529.027899 0.22069 -1.846644 0.9173 -0.078404 0.101488 -0.044096 0.990762
1542145529.032925 0.221444 -1.843728 0.917722 -0.078248 0.102613 -0.047666 0.990493
1542145529.037938 0.222412 -1.840882 0.918164 -0.077744 0.102392 -0.052507 0.99031
1542145529.042935 0.222982 -1.837913 0.918362 -0.077027 0.106074 -0.055286 0.989828
1542145529.047927 0.2243 -1.835124 0.918842 -0.075175 0.103612 -0.06221 0.98982
1542145529.052911 0.225515 -1.832432 0.919241 -0.07508 0.102786 -0.067626 0.989558
1542145529.057888 0.226367 -1.829666 0.91953 -0.073576 0.105828 -0.071002 0.989114
1542145529.06286 0.22747 -1.827014 0.919806 -0.07277 0.107115 -0.075583 0.988695
1542145529.067828 0.228548 -1.824385 0.92001 -0.072509 0.10896 -0.079387 0.988214
1542145529.072798 0.22991 -1.821873 0.920163 -0.072007 0.108671 -0.08545 0.987777
1542145529.077773 0.23106 -1.819337 0.92023 -0.071182 0.111275 -0.089594 0.98718
1542145529.082756 0.232478 -1.816998 0.920411 -0.071876 0.111845 -0.094799 0.986579
1542145529.087742 0.233894 -1.814674 0.920394 -0.072398 0.112139 -0.100376 0.985955
1542145529.092732 0.235184 -1.81234 0.920197 -0.073277 0.114641 -0.104335 0.985191
1542145529.097733 0.236683 -1.809981 0.920199 -0.072013 0.115284 -0.109767 0.984619
1542145529.102738 0.238203 -1.807894 0.920187 -0.073658 0.116744 -0.114368 0.983801
1542145529.107748 0.239818 -1.805806 0.92005 -0.074435 0.116847 -0.119896 0.983072
1542145529.112765 0.24159 -1.803891 0.919909 -0.076337 0.116153 -0.126011 0.982244
1542145529.117783 0.243124 -1.801866 0.919681 -0.077482 0.118433 -0.130241 0.98133
1542145529.122804 0.24477 -1.799939 0.919487 -0.077827 0.119918 -0.135617 0.980393
1542145529.127822 0.246359 -1.798054 0.919181 -0.078675 0.122061 -0.140657 0.97935
1542145529.132834 0.248067 -1.796289 0.918785 -0.081091 0.122389 -0.146844 0.978203
1542145529.137844 0.249669 -1.794471 0.918381 -0.08185 0.125642 -0.151931 0.97695
1542145529.142852 0.251451 -1.79289 0.918094 -0.083317 0.12886 -0.157554 0.975515
1542145529.14786 0.253174 -1.791454 0.917859 -0.0855 0.132215 -0.161937 0.974159
1542145529.152857 0.255001 -1.790001 0.917659 -0.086319 0.135333 -0.16749 0.972719
1542145529.157853 0.256616 -1.788385 0.917357 -0.084819 0.141057 -0.172213 0.971211
1542145529.162844 0.258409 -1.787032 0.917109 -0.086116 0.144065 -0.177166 0.969764
1542145529.16783 0.260295 -1.785758 0.916877 -0.088031 0.145405 -0.183308 0.968249
1542145529.172814 0.261855 -1.784398 0.916557 -0.089296 0.149573 -0.186613 0.966866
1542145529.177798 0.263456 -1.782929 0.916253 -0.08853 0.152851 -0.190882 0.965589
1542145529.182782 0.265468 -1.782022 0.916303 -0.091558 0.151694 -0.195625 0.96454
1542145529.187771 0.267182 -1.781004 0.916273 -0.093726 0.152589 -0.198479 0.963607
1542145529.192765 0.268952 -1.779976 0.91623 -0.094869 0.152612 -0.202335 0.962689
1542145529.197764 0.270673 -1.778932 0.916235 -0.095236 0.153113 -0.206175 0.961758
1542145529.202767 0.272274 -1.777942 0.916258 -0.095946 0.154575 -0.209048 0.960833
1542145529.207775 0.27406 -1.776926 0.916308 -0.094136 0.154578 -0.213763 0.959974
1542145529.212787 0.275841 -1.77602 0.916425 -0.092128 0.154746 -0.218481 0.959079
1542145529.2178 0.277672 -1.775369 0.916671 -0.091922 0.154167 -0.222288 0.958317
1542145529.222814 0.279362 -1.774913 0.916813 -0.09399 0.154315 -0.224336 0.957615
1542145529.227825 0.281029 -1.774415 0.917005 -0.09428 0.1544 -0.227375 0.956855
1542145529.232833 0.282708 -1.773878 0.917209 -0.093702 0.154776 -0.230727 0.956049
1542145529.237839 0.284447 -1.773408 0.917484 -0.092531 0.154039 -0.234531 0.955356
1542145529.242842 0.285945 -1.772912 0.917731 -0.09054 0.155849 -0.236876 0.954675
1542145529.247846 0.287606 -1.772502 0.918004 -0.088678 0.154502 -0.240666 0.95412
1542145529.25285 0.289093 -1.772192 0.918271 -0.088557 0.154329 -0.242158 0.953782
1542145529.257852 0.290564 -1.771975 0.918655 -0.087847 0.154325 -0.243732 0.953447
1542145529.262854 0.292204 -1.771818 0.918972 -0.086801 0.15175 -0.247325 0.953031
1542145529.267854 0.293473 -1.771686 0.919329 -0.086564 0.152888 -0.247071 0.952937
1542145529.27285 0.294836 -1.771532 0.9196 -0.084825 0.152078 -0.249414 0.952612
1542145529.277845 0.296438 -1.771557 0.919954 -0.082071 0.14817 -0.253897 0.952285
1542145529.282839 0.297622 -1.771762 0.920274 -0.083343 0.147809 -0.253775 0.952263
1542145529.287846 0.298717 -1.771825 0.920457 -0.082279 0.147757 -0.255485 0.951906
1542145529.292856 0.300118 -1.772298 0.920815 -0.082964 0.143658 -0.25795 0.951809
1542145529.297864 0.300986 -1.772247 0.921001 -0.078089 0.146159 -0.259711 0.951362
1542145529.302867 0.302125 -1.773094 0.921449 -0.082205 0.143716 -0.260241 0.951243
1542145529.30787 0.303085 -1.773573 0.921724 -0.080775 0.142284 -0.262236 0.951033
1542145529.312871 0.304063 -1.774234 0.922099 -0.079988 0.141324 -0.263942 0.95077
1542145529.317868 0.304639 -1.77478 0.922339 -0.079178 0.143741 -0.264512 0.950317
1542145529.322865 0.305662 -1.775732 0.922793 -0.078851 0.140129 -0.267297 0.950104
1542145529.327861 0.306296 -1.776637 0.923163 -0.078664 0.140809 -0.267912 0.949846
1542145529.332854 0.306786 -1.777498 0.923503 -0.077502 0.142619 -0.268817 0.949416
1542145529.337846 0.30739 -1.778509 0.923903 -0.076347 0.141914 -0.269823 0.94933
1542145529.342839 0.307774 -1.779566 0.924208 -0.075423 0.142607 -0.271108 0.948934
1542145529.347832 0.308167 -1.780826 0.92464 -0.075504 0.143035 -0.271629 0.948714
1542145529.352822 0.308524 -1.782142 0.925052 -0.074863 0.142118 -0.272705 0.948594
1542145529.357817 0.308553 -1.783283 0.925349 -0.071826 0.144573 -0.273116 0.948339
1542145529.362817 0.308723 -1.784888 0.9258 -0.073276 0.1438 -0.273469 0.948244
1542145529.367814 0.308859 -1.786386 0.9262 -0.072923 0.142362 -0.274688 0.948136
1542145529.372816 0.308587 -1.787688 0.926504 -0.070153 0.145702 -0.274559 0.947875
1542145529.377822 0.308521 -1.789443 0.926907 -0.070395 0.143595 -0.275264 0.947974
1542145529.382831 0.308184 -1.790904 0.92731 -0.066539 0.146547 -0.275578 0.94771
1542145529.38784 0.307827 -1.792671 0.927655 -0.067269 0.14643 -0.27572 0.947635
1542145529.392844 0.307467 -1.794612 0.928094 -0.067417 0.145086 -0.275543 0.947882
1542145529.397844 0.306871 -1.796587 0.928527 -0.067764 0.146506 -0.274503 0.947941
1542145529.402839 0.306372 -1.798588 0.92896 -0.066756 0.144955 -0.275036 0.948097
1542145529.407832 0.305455 -1.80027 0.92921 -0.062795 0.147671 -0.27534 0.94786
1542145529.412828 0.304844 -1.802811 0.929834 -0.065387 0.146101 -0.273931 0.948336
1542145529.417824 0.303846 -1.804814 0.93009 -0.063855 0.146954 -0.274237 0.94822
1542145529.42282 0.302892 -1.807147 0.930538 -0.063029 0.146427 -0.273893 0.948456
1542145529.427821 0.301772 -1.809431 0.930849 -0.062491 0.146381 -0.273855 0.94851
1542145529.432826 0.300531 -1.812012 0.931325 -0.063708 0.148453 -0.271521 0.948778
1542145529.437833 0.299375 -1.81447 0.931794 -0.061491 0.148118 -0.272298 0.948754
1542145529.442842 0.297896 -1.816971 0.932135 -0.06101 0.150056 -0.270088 0.949112
1542145529.447849 0.296528 -1.81963 0.932529 -0.060842 0.150188 -0.270097 0.949099
1542145529.452852 0.295044 -1.822399 0.933 -0.060266 0.150694 -0.268366 0.949547
1542145529.457854 0.293488 -1.825209 0.933303 -0.060788 0.149933 -0.267164 0.949973
1542145529.462856 0.292012 -1.828226 0.933917 -0.060232 0.149075 -0.266353 0.950371
1542145529.467851 0.290087 -1.830839 0.934022 -0.059216 0.150184 -0.265128 0.950603
1542145529.472846 0.288299 -1.83388 0.934561 -0.059541 0.151111 -0.263175 0.950978
1542145529.477842 0.286344 -1.836774 0.934778 -0.059418 0.151318 -0.261907 0.951303
1542145529.482836 0.284418 -1.839753 0.935211 -0.057869 0.152133 -0.260338 0.951699
1542145529.487832 0.282482 -1.84289 0.93564 -0.05879 0.150745 -0.258547 0.952351
1542145529.492837 0.280331 -1.845875 0.935878 -0.058073 0.151114 -0.256847 0.952797
1542145529.49784 0.278314 -1.849093 0.936355 -0.058401 0.149475 -0.254945 0.953546
1542145529.502839 0.276031 -1.852077 0.936557 -0.058161 0.149692 -0.252511 0.954174
1542145529.50784 0.273644 -1.855022 0.936745 -0.057433 0.151255 -0.249658 0.954722
1542145529.512842 0.271562 -1.858418 0.937231 -0.059234 0.149156 -0.246784 0.955689
1542145529.517842 0.269137 -1.861436 0.937372 -0.059476 0.149925 -0.243058 0.956508
1542145529.522844 0.266704 -1.864353 0.93744 -0.059116 0.151582 -0.240098 0.957017
1542145529.527849 0.264683 -1.867712 0.937932 -0.060288 0.148884 -0.236935 0.958155
1542145529.532854 0.262432 -1.870894 0.938007 -0.062154 0.148212 -0.233988 0.958864
1542145529.537863 0.259953 -1.873827 0.938068 -0.062277 0.150393 -0.229365 0.959633
1542145529.54287 0.257886 -1.877156 0.938344 -0.065001 0.149498 -0.226058 0.960377
1542145529.54788 0.255621 -1.880195 0.938425 -0.065326 0.150862 -0.222727 0.960919
1542145529.552884 0.253215 -1.883069 0.938387 -0.064092 0.152521 -0.219065 0.961582
1542145529.557886 0.250894 -1.886113 0.938414 -0.065977 0.15564 -0.214404 0.962005
1542145529.562886 0.248884 -1.889278 0.938572 -0.066628 0.155494 -0.211409 0.962647
1542145529.567877 0.246676 -1.892358 0.938406 -0.069327 0.15582 -0.207071 0.963346
1542145529.572864 0.244437 -1.89526 0.938314 -0.069704 0.15832 -0.203123 0.963752
1542145529.577848 0.242617 -1.898428 0.938423 -0.071763 0.157903 -0.200304 0.964259
1542145529.58283 0.240649 -1.901538 0.938307 -0.074854 0.158181 -0.196029 0.964857
1542145529.587823 0.238804 -1.904578 0.938186 -0.077663 0.157657 -0.192662 0.965398
1542145529.592826 0.237037 -1.907454 0.938108 -0.07756 0.1591 -0.190197 0.965659
1542145529.597835 0.235516 -1.910523 0.938115 -0.079476 0.159828 -0.187843 0.965844
1542145529.602849 0.23387 -1.913423 0.937913 -0.081568 0.160755 -0.184997 0.966064
1542145529.607866 0.232644 -1.916516 0.937875 -0.084336 0.159088 -0.183792 0.966333
1542145529.612885 0.231239 -1.919334 0.937864 -0.083972 0.163446 -0.181525 0.966066
1542145529.617897 0.229967 -1.922409 0.937749 -0.088855 0.164275 -0.177969 0.96615
1542145529.622908 0.228733 -1.92513 0.937644 -0.089078 0.167074 -0.17593 0.966023
1542145529.627917 0.227853 -1.928079 0.937818 -0.090404 0.16958 -0.174184 0.965779
1542145529.632917 0.227136 -1.930851 0.937733 -0.090718 0.169918 -0.174933 0.965555
1542145529.637915 0.22632 -1.933704 0.937838 -0.093011 0.172491 -0.171954 0.965416
1542145529.642914 0.225854 -1.936538 0.938044 -0.09394 0.173601 -0.171955 0.965127
1542145529.647913 0.225319 -1.939269 0.938126 -0.094978 0.174439 -0.171306 0.964989
1542145529.652904 0.224846 -1.942028 0.938417 -0.095775 0.178339 -0.169345 0.964544
1542145529.657896 0.224619 -1.944707 0.938609 -0.096008 0.177184 -0.170264 0.964572
1542145529.662881 0.224278 -1.947396 0.938949 -0.096379 0.180927 -0.168568 0.964138
1542145529.667866 0.224291 -1.949999 0.939221 -0.09615 0.179168 -0.170433 0.964161
1542145529.672853 0.22405 -1.952545 0.939603 -0.095954 0.182799 -0.168719 0.963801
1542145529.677842 0.224065 -1.954999 0.939868 -0.095061 0.183715 -0.170071 0.963477
1542145529.682832 0.224105 -1.957504 0.940283 -0.094432 0.185227 -0.169865 0.963286
1542145529.687833 0.224321 -1.959935 0.940564 -0.094768 0.184378 -0.171477 0.96313
1542145529.69284 0.224368 -1.962213 0.940899 -0.094158 0.187095 -0.171332 0.962692
1542145529.69785 0.224759 -1.964585 0.941282 -0.093982 0.186592 -0.173054 0.962498
1542145529.702858 0.224993 -1.966736 0.941671 -0.092396 0.18884 -0.17306 0.962213
1542145529.707871 0.225261 -1.968732 0.941909 -0.090387 0.19071 -0.173919 0.96188
1542145529.712882 0.225794 -1.970995 0.942357 -0.091931 0.190341 -0.174097 0.961774
1542145529.717889 0.226152 -1.972827 0.942531 -0.089622 0.191878 -0.174704 0.961577
1542145529.722891 0.226789 -1.974784 0.942967 -0.088848 0.191802 -0.175135 0.961585
1542145529.727894 0.227326 -1.976495 0.943132 -0.087344 0.191826 -0.17581 0.961595
1542145529.732894 0.228123 -1.978305 0.943481 -0.086957 0.190527 -0.176788 0.961709
1542145529.737895 0.228788 -1.9799 0.943704 -0.086349 0.190967 -0.176737 0.961686
1542145529.742894 0.229674 -1.981485 0.943862 -0.086176 0.188786 -0.177946 0.961909
1542145529.747895 0.230461 -1.982842 0.943916 -0.084782 0.189271 -0.178655 0.961806
1542145529.752894 0.231483 -1.984172 0.943902 -0.08376 0.186428 -0.180977 0.962017
1542145529.757892 0.232696 -1.985427 0.943901 -0.082302 0.18347 -0.18332 0.962268
1542145529.762888 0.233703 -1.986584 0.943879 -0.080852 0.185667 -0.183319 0.961969
1542145529.767879 0.235143 -1.987993 0.943928 -0.082978 0.183759 -0.184196 0.961987
1542145529.77287 0.236537 -1.988992 0.943782 -0.081285 0.182978 -0.185835 0.961965
1542145529.777864 0.237946 -1.989931 0.943573 -0.080238 0.183251 -0.186827 0.961809
1542145529.782859 0.239476 -1.990745 0.943306 -0.078794 0.18406 -0.188348 0.961477
1542145529.787849 0.241102 -1.991619 0.943011 -0.08008 0.184488 -0.188596 0.96124
1542145529.792844 0.242843 -1.992233 0.942603 -0.079241 0.184839 -0.190103 0.960946
1542145529.797838 0.244758 -1.992733 0.942114 -0.077558 0.183626 -0.191869 0.960964
1542145529.802837 0.246785 -1.9932 0.941578 -0.077808 0.183045 -0.19331 0.960766
1542145529.807844 0.248726 -1.993431 0.940941 -0.077489 0.184671 -0.194169 0.960307
1542145529.812853 0.251143 -1.993762 0.940357 -0.077755 0.181614 -0.196899 0.960313
1542145529.817865 0.253405 -1.993902 0.939614 -0.078913 0.181556 -0.197344 0.960138
1542145529.822876 0.255942 -1.9939 0.93879 -0.078967 0.179343 -0.199587 0.960086
1542145529.827886 0.258423 -1.993759 0.937874 -0.079585 0.179129 -0.200139 0.95996
1542145529.832896 0.261204 -1.993624 0.93703 -0.079729 0.178178 -0.201672 0.959804
1542145529.837905 0.264102 -1.993352 0.936107 -0.07993 0.176932 -0.203492 0.959634
1542145529.842912 0.267208 -1.993034 0.935058 -0.080888 0.174893 -0.205594 0.959479
1542145529.847919 0.270331 -1.992685 0.93394 -0.082778 0.173363 -0.206872 0.959321
1542145529.852921 0.273681 -1.992063 0.932775 -0.080813 0.171943 -0.209623 0.959147
1542145529.857915 0.277168 -1.991539 0.9316 -0.082173 0.17073 -0.211378 0.958863
1542145529.862902 0.280847 -1.991047 0.930379 -0.083978 0.167757 -0.214009 0.958648
1542145529.867886 0.284836 -1.990477 0.929158 -0.084267 0.164492 -0.217503 0.958402
1542145529.872873 0.288853 -1.989882 0.927928 -0.085055 0.16236 -0.220734 0.957957
1542145529.877861 0.292935 -1.98913 0.926551 -0.084695 0.161237 -0.22443 0.95732
1542145529.882851 0.297212 -1.988486 0.925242 -0.085674 0.160415 -0.2278 0.956574
1542145529.88783 0.301718 -1.987794 0.923932 -0.08514 0.158078 -0.232444 0.955894
1542145529.892818 0.306399 -1.987189 0.92259 -0.085625 0.155368 -0.237408 0.955074
1542145529.897809 0.311077 -1.986563 0.921248 -0.086776 0.155019 -0.240887 0.954156
1542145529.902807 0.315827 -1.985746 0.919879 -0.084933 0.156149 -0.245825 0.952877
1542145529.907812 0.320798 -1.985001 0.918516 -0.08373 0.15615 -0.251432 0.951519
1542145529.912827 0.325724 -1.984207 0.91707 -0.083098 0.157902 -0.255468 0.950209
1542145529.917843 0.330761 -1.983563 0.915631 -0.084605 0.159361 -0.259119 0.948843
1542145529.922869 0.336163 -1.982791 0.914221 -0.08193 0.158553 -0.266006 0.947306
1542145529.927906 0.341473 -1.982245 0.912783 -0.084377 0.158655 -0.271243 0.945588
1542145529.932935 0.346779 -1.981161 0.911319 -0.080655 0.159943 -0.276254 0.944244
1542145529.937959 0.35213 -1.98047 0.909897 -0.083024 0.161438 -0.280045 0.942666
1542145529.942971 0.357516 -1.979272 0.908342 -0.079239 0.161712 -0.284908 0.941487
1542145529.947969 0.362814 -1.978346 0.906835 -0.080841 0.16372 -0.287912 0.940089
1542145529.952953 0.368642 -1.977351 0.905455 -0.080142 0.158882 -0.292322 0.939618
1542145529.95793 0.374279 -1.976488 0.90412 -0.083439 0.156477 -0.295516 0.938735
1542145529.962901 0.380086 -1.975744 0.902895 -0.087632 0.150486 -0.298594 0.938358
1542145529.96787 0.385969 -1.974727 0.901734 -0.088295 0.145045 -0.302473 0.937911
1542145529.972843 0.391455 -1.974257 0.90052 -0.096293 0.141807 -0.306545 0.936295
1542145529.977824 0.397488 -1.973593 0.899482 -0.100342 0.135346 -0.310663 0.935468
1542145529.982816 0.403622 -1.972457 0.898404 -0.097912 0.127921 -0.315211 0.935249
1542145529.987812 0.409154 -1.972686 0.897471 -0.111382 0.126957 -0.322319 0.931443
1542145529.99282 0.415347 -1.972091 0.896756 -0.113474 0.120961 -0.32621 0.930634
1542145529.997832 0.421429 -1.971095 0.895987 -0.108945 0.119192 -0.33115 0.929658
1542145530.002844 0.427239 -1.970471 0.89529 -0.110227 0.11994 -0.332412 0.92896
1542145530.007864 0.433446 -1.969691 0.894761 -0.105917 0.118701 -0.338172 0.92754
1542145530.012883 0.439861 -1.968994 0.894347 -0.101143 0.114651 -0.343554 0.926604
1542145530.0179 0.44567 -1.968192 0.893636 -0.097482 0.11582 -0.347539 0.925365
1542145530.022915 0.451356 -1.968272 0.893105 -0.105027 0.117174 -0.351578 0.922839
1542145530.027929 0.457697 -1.967438 0.892846 -0.095391 0.113655 -0.357086 0.922211
1542145530.032934 0.463132 -1.966914 0.891855 -0.08153 0.119889 -0.373899 0.916067
1542145530.037931 0.468993 -1.966616 0.89143 -0.081139 0.119325 -0.376725 0.915017
1542145530.042919 0.474885 -1.966092 0.890937 -0.076969 0.117371 -0.383336 0.912882
1542145530.047901 0.480541 -1.965486 0.890264 -0.072834 0.117439 -0.38756 0.911428
1542145530.052877 0.486138 -1.965156 0.889634 -0.07488 0.119152 -0.391953 0.909158
1542145530.057859 0.491882 -1.964468 0.889009 -0.072549 0.118115 -0.391922 0.909496
1542145530.062842 0.497387 -1.963821 0.88817 -0.067936 0.118539 -0.399406 0.906536
1542145530.067828 0.502903 -1.96327 0.887412 -0.070588 0.117292 -0.398708 0.906803
1542145530.072814 0.508436 -1.962473 0.886494 -0.069672 0.115219 -0.401347 0.905975
1542145530.077798 0.513386 -1.961882 0.885416 -0.071169 0.118314 -0.406829 0.90301
1542145530.082787 0.518615 -1.961195 0.884474 -0.074221 0.11701 -0.406784 0.902954
1542145530.087782 0.524036 -1.960044 0.883459 -0.071525 0.114018 -0.409089 0.902513
1542145530.092776 0.528936 -1.959451 0.882515 -0.076169 0.114377 -0.410157 0.901603
1542145530.097781 0.533686 -1.958658 0.881346 -0.079918 0.113377 -0.411141 0.900956
1542145530.102793 0.538525 -1.957791 0.880359 -0.083311 0.112328 -0.411784 0.900486
1542145530.107812 0.543407 -1.956964 0.879015 -0.0743 0.110431 -0.410493 0.902098
1542145530.112832 0.548241 -1.956075 0.878096 -0.074986 0.108355 -0.410515 0.902282
1542145530.117848 0.552604 -1.954877 0.877156 -0.076238 0.110725 -0.41198 0.901221
1542145530.122863 0.556946 -1.953944 0.87625 -0.081049 0.112128 -0.411974 0.900631
1542145530.127872 0.561268 -1.952782 0.875525 -0.087751 0.110853 -0.411056 0.90058
1542145530.132879 0.565643 -1.951653 0.874388 -0.083309 0.11083 -0.413405 0.899929
1542145530.137888 0.569971 -1.950918 0.873258 -0.088914 0.109749 -0.411043 0.900607
1542145530.142892 0.574099 -1.949485 0.872327 -0.089123 0.111563 -0.409284 0.901165
1542145530.147898 0.57831 -1.948789 0.871127 -0.088881 0.114502 -0.410997 0.900039
1542145530.152896 0.581966 -1.947475 0.87043 -0.094629 0.115696 -0.410143 0.89969
1542145530.15789 0.585926 -1.946428 0.869698 -0.099094 0.115242 -0.409059 0.899761
1542145530.16288 0.58989 -1.945448 0.868673 -0.096685 0.114117 -0.410115 0.899686
1542145530.167869 0.593459 -1.94348 0.868505 -0.100569 0.112655 -0.406952 0.90088
1542145530.172858 0.596895 -1.942448 0.867713 -0.102827 0.11473 -0.409306 0.899295
1542145530.177848 0.600343 -1.941642 0.866855 -0.103939 0.116315 -0.412381 0.897557
1542145530.182841 0.603849 -1.94023 0.866503 -0.107617 0.113947 -0.406526 0.900095
1542145530.187833 0.607199 -1.938999 0.86608 -0.104606 0.11419 -0.408838 0.899372
1542145530.192828 0.61005 -1.937778 0.865598 -0.109378 0.115949 -0.407922 0.898995
1542145530.197831 0.61369 -1.937199 0.865169 -0.109073 0.113217 -0.40801 0.89934
1542145530.202836 0.616256 -1.935852 0.864799 -0.109816 0.118455 -0.408428 0.898385
1542145530.20784 0.619662 -1.934909 0.86472 -0.113411 0.113917 -0.40421 0.90043
1542145530.212845 0.622101 -1.933808 0.864364 -0.111414 0.116711 -0.4092 0.898065
1542145530.217851 0.624868 -1.93284 0.864045 -0.111961 0.117051 -0.40664 0.899115
1542145530.222855 0.627806 -1.931846 0.863937 -0.113622 0.114399 -0.404403 0.900256
1542145530.227858 0.63064 -1.931994 0.863144 -0.109862 0.116172 -0.410105 0.897913
1542145530.23286 0.633031 -1.930545 0.863336 -0.109787 0.11576 -0.409605 0.898204
1542145530.237861 0.6355 -1.930068 0.863215 -0.111144 0.112477 -0.410153 0.898204
1542145530.242861 0.637606 -1.928952 0.863245 -0.109635 0.111595 -0.409878 0.898625
1542145530.247861 0.639777 -1.928046 0.863304 -0.109027 0.109664 -0.409875 0.898938
1542145530.252861 0.642208 -1.92731 0.86333 -0.110993 0.107736 -0.408471 0.899569
1542145530.257859 0.643634 -1.926711 0.863441 -0.113195 0.110864 -0.411307 0.897621
1542145530.262862 0.645321 -1.926015 0.863606 -0.11734 0.109336 -0.408417 0.898595
1542145530.267865 0.646901 -1.925806 0.863737 -0.120665 0.107397 -0.411047 0.897188
1542145530.272867 0.649073 -1.925248 0.863816 -0.113146 0.099845 -0.412294 0.898467
1542145530.27787 0.650242 -1.924081 0.864338 -0.112031 0.100656 -0.410266 0.899444
1542145530.28287 0.65142 -1.923958 0.864501 -0.117932 0.099283 -0.411822 0.89813
1542145530.287868 0.652818 -1.923327 0.864569 -0.111339 0.099443 -0.412714 0.898544
1542145530.292868 0.653633 -1.922821 0.864825 -0.111584 0.098115 -0.412543 0.898739
1542145530.297876 0.654817 -1.92235 0.865084 -0.111914 0.099562 -0.412998 0.898329
1542145530.302881 0.65542 -1.922087 0.865479 -0.116433 0.096082 -0.41278 0.898234
1542145530.307885 0.6561 -1.921595 0.865772 -0.112437 0.095299 -0.414218 0.898164
1542145530.312896 0.656817 -1.920939 0.8661 -0.110264 0.092722 -0.413638 0.898971
1542145530.317898 0.657247 -1.920604 0.866348 -0.110949 0.091054 -0.412091 0.899767
1542145530.322895 0.657403 -1.920228 0.866568 -0.107539 0.093117 -0.41471 0.898766
1542145530.327888 0.657525 -1.919646 0.867195 -0.112273 0.093134 -0.412192 0.899344
1542145530.33288 0.657564 -1.91933 0.867463 -0.11099 0.092512 -0.413 0.899196
1542145530.337873 0.657466 -1.918928 0.867906 -0.111067 0.092257 -0.412634 0.899381
1542145530.342862 0.657201 -1.918682 0.8682 -0.110641 0.092662 -0.412096 0.899639
1542145530.347852 0.656754 -1.918339 0.868515 -0.110295 0.093612 -0.411812 0.899713
1542145530.352843 0.656362 -1.918242 0.868699 -0.108088 0.094836 -0.413089 0.899267
1542145530.357837 0.655408 -1.917735 0.869059 -0.106589 0.09855 -0.414869 0.898227
1542145530.362835 0.65446 -1.917312 0.869534 -0.10859 0.098021 -0.410866 0.899883
1542145530.367834 0.653524 -1.916851 0.869764 -0.105694 0.099927 -0.41213 0.89944
1542145530.372836 0.652348 -1.916703 0.870053 -0.103388 0.100778 -0.412448 0.899467
1542145530.377835 0.651235 -1.916541 0.870331 -0.103939 0.100602 -0.410977 0.900096
1542145530.382837 0.6497 -1.915791 0.870862 -0.103294 0.100961 -0.408298 0.901349
1542145530.387843 0.64823 -1.915169 0.871384 -0.09989 0.100888 -0.40677 0.902431
1542145530.392848 0.646368 -1.914953 0.871892 -0.102919 0.102319 -0.406208 0.902183
1542145530.397854 0.64463 -1.914015 0.872611 -0.101309 0.099483 -0.401423 0.90482
1542145530.402856 0.642562 -1.913672 0.873012 -0.097946 0.101678 -0.401737 0.904807
1542145530.407857 0.640419 -1.913142 0.873542 -0.095267 0.100921 -0.39959 0.906127
1542145530.412858 0.638204 -1.91234 0.874311 -0.094116 0.098959 -0.393918 0.908943
1542145530.417857 0.636016 -1.911947 0.874911 -0.094174 0.097479 -0.391189 0.910275
1542145530.422856 0.633246 -1.9114 0.875377 -0.092433 0.096966 -0.388727 0.911562
1542145530.427856 0.630352 -1.910585 0.875874 -0.087532 0.099447 -0.387343 0.912367
1542145530.432852 0.627443 -1.910415 0.87633 -0.094844 0.100106 -0.383431 0.913217
1542145530.437848 0.624348 -1.909727 0.87679 -0.093069 0.09789 -0.376677 0.916444
1542145530.442844 0.621595 -1.909107 0.877193 -0.08755 0.094144 -0.375925 0.917689
1542145530.447843 0.618075 -1.908101 0.877958 -0.084897 0.093855 -0.370926 0.919999
1542145530.452833 0.614848 -1.907818 0.878589 -0.088667 0.089765 -0.365193 0.922342
1542145530.457828 0.611285 -1.907199 0.878938 -0.08567 0.090928 -0.364874 0.922637
1542145530.462825 0.607439 -1.906633 0.879404 -0.089695 0.090802 -0.358019 0.92495
1542145530.467826 0.604124 -1.906059 0.879946 -0.084832 0.087524 -0.354906 0.926922
1542145530.472828 0.600077 -1.905653 0.880463 -0.087505 0.086984 -0.352009 0.927829
1542145530.477831 0.596265 -1.90544 0.880929 -0.087125 0.084344 -0.350647 0.928624
1542145530.482833 0.592232 -1.904785 0.881216 -0.08261 0.086851 -0.346851 0.93023
1542145530.487836 0.588256 -1.90458 0.881599 -0.084458 0.085148 -0.343123 0.931603
1542145530.49284 0.584124 -1.904247 0.882023 -0.083649 0.085118 -0.338489 0.933372
1542145530.497843 0.57984 -1.903966 0.882246 -0.081849 0.085536 -0.338064 0.933647
1542145530.502846 0.575427 -1.903652 0.882479 -0.081023 0.086601 -0.334094 0.935049
1542145530.507852 0.570949 -1.903528 0.882628 -0.083169 0.086705 -0.332852 0.935294
1542145530.512854 0.566432 -1.903363 0.882827 -0.084616 0.089099 -0.325986 0.937355
1542145530.517851 0.561877 -1.903325 0.883036 -0.0853 0.08713 -0.324092 0.938135
1542145530.522849 0.55728 -1.903219 0.883193 -0.084673 0.088489 -0.321687 0.938892
1542145530.527852 0.552772 -1.902787 0.883385 -0.085145 0.085877 -0.313065 0.942001
1542145530.532852 0.54802 -1.902961 0.883554 -0.088304 0.085764 -0.310146 0.942686
1542145530.537852 0.543739 -1.902063 0.88369 -0.079936 0.082825 -0.303699 0.945789
1542145530.542852 0.538876 -1.90225 0.883757 -0.082658 0.082309 -0.302679 0.945927
1542145530.547852 0.534244 -1.901956 0.883858 -0.081638 0.08023 -0.29806 0.947659
1542145530.552849 0.529742 -1.901285 0.884021 -0.077734 0.076975 -0.288702 0.951149
1542145530.557845 0.524748 -1.9012 0.883953 -0.080526 0.077105 -0.284747 0.952097
1542145530.562838 0.52002 -1.900438 0.883919 -0.076788 0.074544 -0.278966 0.954319
1542145530.567831 0.515064 -1.89952 0.883722 -0.070824 0.076382 -0.273539 0.956204
1542145530.572825 0.510142 -1.89991 0.883791 -0.077893 0.0754 -0.268207 0.957242
1542145530.577821 0.50533 -1.899455 0.883715 -0.075623 0.075196 -0.263584 0.958723
1542145530.582817 0.50054 -1.899237 0.88366 -0.07727 0.074362 -0.258811 0.959957
1542145530.587813 0.495729 -1.898995 0.883643 -0.078076 0.0721 -0.254954 0.961095
1542145530.592806 0.490716 -1.898595 0.883397 -0.079113 0.073248 -0.252569 0.961553
1542145530.597805 0.486063 -1.898351 0.883542 -0.079011 0.070684 -0.249278 0.962612
1542145530.602811 0.48128 -1.898326 0.883607 -0.081584 0.069281 -0.246204 0.96329
1542145530.60782 0.476434 -1.898087 0.883699 -0.082613 0.069676 -0.241534 0.964356
1542145530.61283 0.471558 -1.897778 0.883774 -0.083071 0.070696 -0.237722 0.965189
1542145530.617843 0.466971 -1.897575 0.884084 -0.082546 0.069278 -0.234858 0.966038
1542145530.622855 0.462298 -1.897212 0.884283 -0.081384 0.069681 -0.23303 0.96655
1542145530.627869 0.457306 -1.896205 0.88429 -0.074782 0.074485 -0.230947 0.967224
1542145530.632876 0.452834 -1.896117 0.884832 -0.075974 0.074108 -0.229035 0.967615
1542145530.637879 0.448077 -1.895828 0.885126 -0.077958 0.075872 -0.225283 0.968201
1542145530.642882 0.443595 -1.895539 0.885588 -0.078572 0.074274 -0.223355 0.968722
1542145530.64789 0.43903 -1.89499 0.886247 -0.076355 0.075376 -0.220598 0.969446
1542145530.652892 0.434579 -1.894362 0.886779 -0.075313 0.074556 -0.218747 0.97001
1542145530.657889 0.43008 -1.893706 0.887361 -0.075182 0.073552 -0.215445 0.970835
1542145530.662882 0.425547 -1.893017 0.888079 -0.075376 0.07221 -0.211144 0.971865
1542145530.667876 0.421309 -1.892438 0.889063 -0.075488 0.069787 -0.208276 0.972652
1542145530.672869 0.416939 -1.891413 0.889879 -0.07231 0.068951 -0.205556 0.973531
1542145530.67786 0.41284 -1.890584 0.890759 -0.072451 0.06494 -0.203369 0.974256
1542145530.682851 0.408471 -1.889449 0.891566 -0.070074 0.065087 -0.199744 0.97517
1542145530.687842 0.404418 -1.888452 0.892446 -0.069652 0.062351 -0.197072 0.975922
1542145530.692834 0.400505 -1.887453 0.893637 -0.06741 0.06188 -0.193461 0.976831
1542145530.697828 0.396642 -1.886343 0.894729 -0.066631 0.06094 -0.189482 0.977723
1542145530.702824 0.393036 -1.885181 0.895896 -0.065133 0.058918 -0.186917 0.978442
1542145530.707813 0.389593 -1.884141 0.897149 -0.06562 0.056266 -0.183722 0.97917
1542145530.712808 0.386174 -1.883127 0.898321 -0.070476 0.054464 -0.177991 0.979993
1542145530.717805 0.382995 -1.881691 0.899475 -0.068822 0.050177 -0.176439 0.98062
1542145530.722807 0.37966 -1.879901 0.900598 -0.062658 0.050939 -0.173629 0.981495
1542145530.727819 0.377062 -1.878775 0.902038 -0.064594 0.044343 -0.170953 0.982159
1542145530.732834 0.374131 -1.876926 0.903184 -0.059712 0.043749 -0.168786 0.982869
1542145530.737849 0.371693 -1.875556 0.904517 -0.060384 0.039043 -0.166013 0.983498
1542145530.742861 0.369379 -1.874081 0.905835 -0.060198 0.035471 -0.163398 0.984083
1542145530.747872 0.367354 -1.87268 0.907231 -0.061028 0.031505 -0.161081 0.984549
1542145530.75288 0.365604 -1.871064 0.908574 -0.057698 0.027725 -0.161199 0.984844
1542145530.757884 0.363882 -1.869536 0.909825 -0.057757 0.026689 -0.159449 0.985154
1542145530.762884 0.362635 -1.868029 0.911188 -0.055938 0.023995 -0.159829 0.985266
1542145530.76788 0.361332 -1.866416 0.912312 -0.055923 0.024232 -0.158664 0.98545
1542145530.772874 0.360479 -1.864874 0.913582 -0.054761 0.023852 -0.15945 0.985397
1542145530.777865 0.359753 -1.863245 0.914734 -0.053866 0.024827 -0.160695 0.98522
1542145530.782855 0.35932 -1.861746 0.915822 -0.05539 0.023894 -0.160549 0.985183
1542145530.787846 0.358924 -1.860082 0.916756 -0.05689 0.025006 -0.160755 0.985036
1542145530.792828 0.358895 -1.85845 0.917836 -0.056823 0.02527 -0.16226 0.984786
1542145530.797804 0.359 -1.856819 0.918838 -0.05818 0.026068 -0.162729 0.984609
1542145530.802777 0.359178 -1.855073 0.919615 -0.060087 0.027457 -0.163877 0.984266
1542145530.80775 0.359678 -1.853304 0.920445 -0.060814 0.02705 -0.165915 0.983891
1542145530.812726 0.360292 -1.851457 0.921205 -0.061467 0.027858 -0.167324 0.98359
1542145530.817707 0.361061 -1.84954 0.92183 -0.06238 0.028012 -0.169212 0.983205
1542145530.822705 0.362155 -1.845595 0.922562 -0.026262 0.03367 -0.186084 0.981605
1542145530.827716 0.363328 -1.843484 0.923047 -0.024328 0.034459 -0.189957 0.980886
1542145530.832739 0.364578 -1.84127 0.923354 -0.022908 0.035774 -0.19285 0.980308
1542145530.837771 0.36615 -1.839161 0.923689 -0.02111 0.036288 -0.197898 0.979323
1542145530.842809 0.367917 -1.837041 0.923955 -0.020335 0.036192 -0.202403 0.978422
1542145530.847847 0.369658 -1.834697 0.923967 -0.01835 0.03852 -0.20698 0.977414
1542145530.852882 0.371531 -1.832563 0.923938 -0.01999 0.040516 -0.210022 0.976652
1542145530.857909 0.373678 -1.830448 0.923891 -0.021015 0.040762 -0.214527 0.975641
1542145530.862927 0.375923 -1.828308 0.92372 -0.023477 0.041503 -0.218175 0.974744
1542145530.867936 0.378385 -1.825946 0.923656 -0.020379 0.042673 -0.224173 0.973401
1542145530.872936 0.380895 -1.823744 0.923446 -0.020609 0.044287 -0.228547 0.972307
1542145530.877927 0.383423 -1.821355 0.923056 -0.020464 0.046828 -0.233193 0.971087
1542145530.882911 0.386072 -1.819089 0.922632 -0.022542 0.047541 -0.236572 0.970188
1542145530.88789 0.388875 -1.816832 0.922245 -0.023089 0.04886 -0.241043 0.969009
1542145530.892859 0.391916 -1.814548 0.92191 -0.022179 0.049311 -0.246671 0.96759
1542145530.897835 0.394976 -1.812313 0.921533 -0.022796 0.050234 -0.250369 0.966578
1542145530.90282 0.397989 -1.810188 0.92093 -0.026609 0.051882 -0.25331 0.965626
1542145530.90781 0.401299 -1.807898 0.920385 -0.025863 0.053511 -0.258611 0.964151
1542145530.9128 0.404792 -1.805948 0.919967 -0.028444 0.052941 -0.262867 0.962959
1542145530.917792 0.408348 -1.803866 0.919505 -0.02908 0.054047 -0.267733 0.961537
1542145530.922785 0.411792 -1.801539 0.918832 -0.026789 0.057477 -0.272786 0.959983
1542145530.92778 0.415258 -1.799264 0.918098 -0.025832 0.061622 -0.276988 0.958547
1542145530.932778 0.419016 -1.79738 0.917494 -0.028762 0.062359 -0.280786 0.95731
1542145530.937782 0.422701 -1.795285 0.916805 -0.028309 0.065696 -0.285271 0.955773
1542145530.94279 0.426647 -1.793347 0.916213 -0.027842 0.066855 -0.290604 0.954099
1542145530.947805 0.43043 -1.791307 0.915509 -0.027203 0.070366 -0.295056 0.952497
1542145530.952822 0.434217 -1.789321 0.914697 -0.027536 0.074144 -0.298932 0.950991
1542145530.957837 0.438087 -1.787155 0.913902 -0.023508 0.077895 -0.304745 0.948952
1542145530.962858 0.442093 -1.785359 0.913231 -0.023585 0.080272 -0.309374 0.947253
1542145530.967876 0.445929 -1.783324 0.912429 -0.021432 0.084852 -0.31327 0.945623
1542145530.972889 0.449815 -1.781358 0.911567 -0.019696 0.088392 -0.317679 0.943864
1542145530.977894 0.453787 -1.779508 0.910783 -0.019026 0.091812 -0.320914 0.942456
1542145530.982893 0.457745 -1.777605 0.909899 -0.018323 0.093987 -0.324763 0.940936
1542145530.98789 0.461758 -1.776122 0.909151 -0.022405 0.094368 -0.327014 0.940029
1542145530.992882 0.465858 -1.774275 0.908405 -0.020691 0.095561 -0.331247 0.938464
1542145530.997873 0.469885 -1.772705 0.907713 -0.02377 0.095586 -0.333152 0.937714
1542145531.002862 0.473832 -1.770745 0.906952 -0.021927 0.097449 -0.336278 0.936451
1542145531.00785 0.477895 -1.768819 0.906077 -0.020432 0.094719 -0.341108 0.935017
1542145531.012838 0.482143 -1.767708 0.905687 -0.026488 0.089328 -0.343277 0.934601
1542145531.017826 0.486095 -1.765885 0.905124 -0.024312 0.089581 -0.346712 0.933368
1542145531.022818 0.490254 -1.764641 0.904784 -0.026908 0.084888 -0.349589 0.932662
1542145531.02782 0.494312 -1.763483 0.904485 -0.029764 0.080804 -0.351845 0.932089
1542145531.032825 0.498234 -1.761926 0.904094 -0.027198 0.079431 -0.356049 0.930688
1542145531.037833 0.50233 -1.760895 0.904065 -0.027469 0.076237 -0.358653 0.929947
1542145531.042843 0.506163 -1.759608 0.903785 -0.025532 0.075791 -0.3621 0.928702
1542145531.047853 0.509935 -1.758405 0.903528 -0.025319 0.074328 -0.364509 0.927883
1542145531.052862 0.513775 -1.757312 0.903507 -0.022469 0.074109 -0.367044 0.926974
1542145531.057867 0.517635 -1.75626 0.903497 -0.019936 0.072477 -0.370622 0.925737
1542145531.06287 0.521229 -1.755119 0.903338 -0.018392 0.072205 -0.373041 0.924818
1542145531.067874 0.524976 -1.754307 0.903498 -0.017556 0.069707 -0.37473 0.924343
1542145531.072872 0.528377 -1.753274 0.903488 -0.015929 0.069747 -0.37657 0.923622
1542145531.077868 0.532004 -1.752259 0.903639 -0.011614 0.066821 -0.380032 0.922483
1542145531.082861 0.535266 -1.751403 0.903805 -0.01043 0.065486 -0.380924 0.922225
1542145531.087859 0.53877 -1.750518 0.903992 -0.007705 0.059699 -0.384166 0.9213
1542145531.092846 0.541896 -1.749614 0.904248 -0.003651 0.05782 -0.386283 0.920559
1542145531.09784 0.545285 -1.749202 0.904874 -0.004321 0.049912 -0.386614 0.92088
1542145531.102831 0.548263 -1.748383 0.905161 -0.002596 0.046345 -0.38793 0.920519
1542145531.107823 0.551345 -1.747838 0.905644 -0.000735 0.03909 -0.389296 0.920282
1542145531.112821 0.554032 -1.747136 0.905965 0.000281 0.036038 -0.389093 0.920493
1542145531.117821 0.556666 -1.746437 0.906233 0.001877 0.032838 -0.389712 0.920349
1542145531.122824 0.559288 -1.74584 0.906611 0.004352 0.029347 -0.39076 0.920014
1542145531.127829 0.561599 -1.745237 0.906903 0.006407 0.026404 -0.389963 0.92043
1542145531.132832 0.564171 -1.744933 0.907405 0.007422 0.022312 -0.391324 0.919952
1542145531.137833 0.566301 -1.744359 0.907622 0.0102 0.020865 -0.392398 0.919502
1542145531.142833 0.568357 -1.743875 0.907864 0.012928 0.020291 -0.393871 0.918851
1542145531.147832 0.570126 -1.743489 0.908096 0.014451 0.020438 -0.392764 0.919298
1542145531.152822 0.572036 -1.743286 0.908448 0.01551 0.01885 -0.393205 0.919127
1542145531.157812 0.573813 -1.743174 0.908711 0.015891 0.016476 -0.394157 0.918758
1542145531.162796 0.575231 -1.742899 0.908946 0.018756 0.016043 -0.393232 0.919108
1542145531.167785 0.576629 -1.742714 0.908987 0.01836 0.015474 -0.393744 0.918907
1542145531.172779 0.577917 -1.742595 0.909127 0.018751 0.013453 -0.393443 0.91906
1542145531.177784 0.578933 -1.742462 0.909261 0.018543 0.013175 -0.392086 0.919647
1542145531.182792 0.579835 -1.742381 0.909334 0.018035 0.011795 -0.390642 0.92029
1542145531.187804 0.580724 -1.74225 0.909396 0.019183 0.009825 -0.390476 0.920361
1542145531.192816 0.581433 -1.742256 0.909447 0.018757 0.008172 -0.389828 0.92066
1542145531.197827 0.582186 -1.742417 0.909631 0.020024 0.004478 -0.389929 0.920616
1542145531.202838 0.582647 -1.742548 0.909643 0.019456 0.003018 -0.388842 0.921094
1542145531.207848 0.582887 -1.742706 0.909606 0.018297 0.002963 -0.38668 0.922028
1542145531.212854 0.582946 -1.743085 0.909534 0.015858 0.00383 -0.38468 0.922906
1542145531.217856 0.582922 -1.743538 0.909433 0.013153 0.004751 -0.382523 0.92384
1542145531.222855 0.5826 -1.743946 0.909242 0.010861 0.007246 -0.379359 0.925157
1542145531.227858 0.58232 -1.744535 0.909141 0.009361 0.008525 -0.377933 0.925747
1542145531.232857 0.581835 -1.745353 0.90899 0.004637 0.0106 -0.375799 0.926629
1542145531.237852 0.581323 -1.74603 0.908946 0.004404 0.011027 -0.374744 0.927052
1542145531.242845 0.580674 -1.746689 0.908687 0.003241 0.013216 -0.372881 0.927779
1542145531.247837 0.57977 -1.747236 0.908583 0.005659 0.016846 -0.370159 0.928799
1542145531.252829 0.578685 -1.748089 0.908508 0.005136 0.020016 -0.36822 0.929509
1542145531.257821 0.577349 -1.748893 0.908434 0.004922 0.024562 -0.365145 0.930614
1542145531.262814 0.576204 -1.750019 0.908375 0.003789 0.024817 -0.364121 0.931013
1542145531.267805 0.574748 -1.751168 0.908349 0.003259 0.027628 -0.361763 0.931855
1542145531.2728 0.573191 -1.752408 0.908403 0.00357 0.029613 -0.359901 0.932514
1542145531.277797 0.57167 -1.753831 0.908356 0.00293 0.029914 -0.359295 0.93274
1542145531.282796 0.569741 -1.755164 0.908431 0.003168 0.03158 -0.356618 0.933711
1542145531.287798 0.567717 -1.756604 0.90831 0.001489 0.03381 -0.354649 0.934387
1542145531.292803 0.565739 -1.758192 0.908463 0.001892 0.033466 -0.353648 0.934778
1542145531.29781 0.563574 -1.759769 0.908506 0.002872 0.033804 -0.352906 0.935044
1542145531.302815 0.56123 -1.761436 0.908575 0.002848 0.034468 -0.351076 0.935708
1542145531.307821 0.558644 -1.763211 0.908578 0.001372 0.035601 -0.348007 0.936815
1542145531.312829 0.556217 -1.765048 0.908679 0.002339 0.033552 -0.347964 0.936905
1542145531.317833 0.553278 -1.766904 0.908738 0.001572 0.035869 -0.344427 0.938126
1542145531.322834 0.55064 -1.768789 0.908746 0.003106 0.033423 -0.345114 0.93796
1542145531.327831 0.547649 -1.77082 0.9087 0.001191 0.033704 -0.343083 0.938699
1542145531.332825 0.544588 -1.772807 0.908702 0.002032 0.033587 -0.341538 0.939265
1542145531.33782 0.54139 -1.774871 0.908678 0.001659 0.033115 -0.339557 0.940001
1542145531.342815 0.537918 -1.776921 0.90856 0.001138 0.034542 -0.336391 0.941088
1542145531.347813 0.534486 -1.779079 0.908444 4e-06 0.034402 -0.334673 0.941706
1542145531.352813 0.531005 -1.781292 0.908325 -0.001119 0.033335 -0.332666 0.942455
1542145531.357812 0.527289 -1.78336 0.90806 -3.8e-05 0.034337 -0.33112 0.942964
1542145531.362814 0.523513 -1.785566 0.90788 0.000246 0.034565 -0.328734 0.94379
1542145531.367818 0.519504 -1.787817 0.907594 -0.00141 0.036224 -0.325354 0.944897
1542145531.372819 0.51534 -1.789983 0.90719 -0.003162 0.037133 -0.322948 0.945683
1542145531.377822 0.510961 -1.792045 0.906656 -0.003051 0.039475 -0.319833 0.946646
1542145531.382822 0.506778 -1.794565 0.906258 -0.00715 0.038089 -0.316602 0.947767
1542145531.387822 0.502498 -1.796764 0.905883 -0.005881 0.039248 -0.315223 0.948187
1542145531.392823 0.49803 -1.79955 0.905704 -0.011797 0.039325 -0.309156 0.950125
1542145531.397819 0.493469 -1.80193 0.905356 -0.012646 0.041577 -0.306229 0.950966
1542145531.402815 0.488727 -1.80384 0.904805 -0.00781 0.044203 -0.306039 0.95096
1542145531.407808 0.483909 -1.806652 0.90461 -0.013297 0.04662 -0.299098 0.95299
1542145531.412802 0.47909 -1.809051 0.904157 -0.014811 0.046987 -0.296119 0.95388
1542145531.417798 0.474073 -1.811465 0.903771 -0.016363 0.04855 -0.291661 0.955149
1542145531.422797 0.469179 -1.814207 0.903567 -0.019577 0.047048 -0.287456 0.956437
1542145531.4278 0.463965 -1.816561 0.903143 -0.019889 0.048972 -0.282522 0.957804
1542145531.432806 0.459033 -1.819393 0.903073 -0.022957 0.046537 -0.277864 0.959218
1542145531.437823 0.45372 -1.821746 0.902737 -0.023169 0.048246 -0.273518 0.960377
1542145531.442842 0.448478 -1.824493 0.902572 -0.026939 0.046911 -0.266895 0.962206
1542145531.44786 0.443442 -1.827019 0.902489 -0.025618 0.044249 -0.264425 0.96305
1542145531.452871 0.43826 -1.82985 0.902408 -0.030069 0.041872 -0.258149 0.964729
1542145531.457884 0.432909 -1.832427 0.902208 -0.031055 0.041329 -0.252474 0.966222
1542145531.462888 0.4278 -1.835119 0.902182 -0.031237 0.040224 -0.248289 0.967346
1542145531.467889 0.422617 -1.837946 0.902188 -0.032974 0.039099 -0.242955 0.968688
1542145531.47289 0.417362 -1.840559 0.902182 -0.031698 0.04051 -0.237694 0.969977
1542145531.477887 0.412373 -1.843393 0.902293 -0.03043 0.039178 -0.234382 0.970878
1542145531.48288 0.407298 -1.846405 0.902382 -0.032073 0.039116 -0.228818 0.972154
1542145531.48786 0.40235 -1.849232 0.90248 -0.030079 0.039108 -0.225528 0.972987
1542145531.492841 0.397473 -1.852279 0.902664 -0.030231 0.039134 -0.221206 0.973973
1542145531.497825 0.392637 -1.855277 0.902838 -0.02904 0.039617 -0.217588 0.974804
1542145531.502812 0.387873 -1.858338 0.903053 -0.027942 0.040524 -0.21394 0.975606
1542145531.507801 0.38327 -1.861399 0.903291 -0.026393 0.040575 -0.21142 0.976196
1542145531.512798 0.37872 -1.864635 0.903524 -0.026914 0.040039 -0.207902 0.976959
1542145531.517794 0.374292 -1.867758 0.903819 -0.025407 0.039509 -0.205795 0.977467
1542145531.522797 0.369821 -1.870802 0.903926 -0.024896 0.039964 -0.20327 0.97799
1542145531.527807 0.365427 -1.873872 0.90414 -0.023578 0.040929 -0.200901 0.978472
1542145531.53282 0.361085 -1.876873 0.904266 -0.022071 0.041301 -0.198782 0.978924
1542145531.537834 0.356775 -1.879842 0.904253 -0.021545 0.042056 -0.197157 0.979233
1542145531.542848 0.352594 -1.882966 0.90437 -0.022121 0.041968 -0.194804 0.979694
1542145531.547862 0.348348 -1.885961 0.904436 -0.022042 0.04418 -0.192263 0.980101
1542145531.552869 0.344372 -1.889015 0.904538 -0.022194 0.043855 -0.191148 0.98033
1542145531.557874 0.340435 -1.89207 0.904669 -0.022693 0.044784 -0.189475 0.980601
1542145531.562876 0.336646 -1.895154 0.904805 -0.023277 0.04505 -0.188291 0.980803
1542145531.567875 0.332738 -1.898045 0.904818 -0.023599 0.047541 -0.186283 0.981061
1542145531.572874 0.329101 -1.901028 0.90491 -0.024754 0.047912 -0.185287 0.981203
1542145531.577873 0.325271 -1.903793 0.904817 -0.024891 0.05118 -0.183524 0.981366
1542145531.582869 0.321574 -1.906583 0.904699 -0.026538 0.052423 -0.18172 0.981593
1542145531.587863 0.317967 -1.90921 0.904663 -0.026647 0.055132 -0.180375 0.98169
1542145531.592862 0.314523 -1.911935 0.904556 -0.029026 0.055926 -0.179169 0.981798
1542145531.597854 0.31113 -1.914396 0.90469 -0.025672 0.059029 -0.179666 0.981619
1542145531.602851 0.307671 -1.916971 0.90466 -0.027384 0.061233 -0.177377 0.981854
1542145531.607855 0.30436 -1.919599 0.904661 -0.030286 0.06271 -0.175153 0.982075
1542145531.612859 0.301246 -1.922271 0.904721 -0.032872 0.062493 -0.174479 0.982126
1542145531.617863 0.297939 -1.924359 0.904655 -0.029598 0.065554 -0.174721 0.981987
1542145531.622868 0.294709 -1.926807 0.904644 -0.032573 0.066752 -0.172117 0.982272
1542145531.627868 0.29161 -1.929173 0.904603 -0.0344 0.067223 -0.171208 0.982337
1542145531.632864 0.288689 -1.931594 0.904764 -0.03689 0.066952 -0.169749 0.982518
1542145531.637859 0.285559 -1.933786 0.904819 -0.038692 0.068688 -0.167506 0.982714
1542145531.642849 0.282685 -1.935889 0.904969 -0.038646 0.068991 -0.166934 0.982792
1542145531.647836 0.279864 -1.938093 0.905255 -0.040452 0.068867 -0.16511 0.983036
1542145531.652825 0.276716 -1.93974 0.905245 -0.038856 0.072748 -0.163661 0.983063
1542145531.657815 0.273949 -1.941725 0.905482 -0.040775 0.072667 -0.161629 0.983328
1542145531.662808 0.271242 -1.943569 0.905707 -0.041466 0.072457 -0.160271 0.983536
1542145531.667808 0.268582 -1.945257 0.905942 -0.041489 0.073441 -0.158962 0.983675
1542145531.672815 0.265927 -1.946833 0.906164 -0.041717 0.074016 -0.156995 0.983938
1542145531.677826 0.263391 -1.948436 0.906444 -0.04249 0.074864 -0.155351 0.984102
1542145531.682838 0.260916 -1.950019 0.906785 -0.04429 0.075502 -0.152646 0.984397
1542145531.687852 0.258483 -1.951379 0.907157 -0.043725 0.077998 -0.1503 0.984588
1542145531.692863 0.256216 -1.952656 0.907543 -0.042782 0.078185 -0.148627 0.984869
1542145531.69787 0.254107 -1.953919 0.907934 -0.042455 0.077628 -0.147645 0.985075
1542145531.702875 0.251873 -1.955037 0.90828 -0.042448 0.078087 -0.145069 0.985422
1542145531.707874 0.249834 -1.956088 0.908719 -0.041413 0.07799 -0.143964 0.985635
1542145531.712875 0.24798 -1.957257 0.909267 -0.04167 0.077986 -0.142389 0.985854
1542145531.717874 0.246117 -1.958152 0.909729 -0.040428 0.07791 -0.140628 0.986164
1542145531.722871 0.244276 -1.958959 0.910165 -0.039484 0.078457 -0.138521 0.986457
1542145531.727872 0.24249 -1.959723 0.910459 -0.039598 0.078881 -0.136247 0.986735
1542145531.732871 0.240984 -1.960563 0.910928 -0.040852 0.078322 -0.133828 0.98706
1542145531.737871 0.239739 -1.961266 0.911417 -0.041057 0.075611 -0.132941 0.987382
1542145531.742864 0.238443 -1.961634 0.911856 -0.037753 0.076915 -0.132997 0.987406
1542145531.747854 0.237269 -1.962283 0.91228 -0.040232 0.076091 -0.130118 0.987755
1542145531.752845 0.236254 -1.962536 0.912738 -0.037965 0.075579 -0.130278 0.987863
1542145531.757837 0.235138 -1.962636 0.91301 -0.037024 0.077404 -0.128205 0.988029
1542145531.762836 0.234385 -1.962851 0.913461 -0.037043 0.076653 -0.127307 0.988203
1542145531.767836 0.233758 -1.962957 0.913927 -0.036348 0.075607 -0.126745 0.988381
1542145531.772833 0.233273 -1.963065 0.914375 -0.037618 0.074651 -0.125181 0.988606
1542145531.777839 0.232638 -1.96275 0.914682 -0.035253 0.076687 -0.124497 0.988624
1542145531.782845 0.232329 -1.962561 0.915063 -0.03435 0.07599 -0.124181 0.988749
1542145531.787847 0.232352 -1.962287 0.915554 -0.03288 0.073526 -0.124987 0.988884
1542145531.792846 0.232377 -1.962072 0.916023 -0.034038 0.072276 -0.123764 0.98909
1542145531.797843 0.232195 -1.961329 0.916187 -0.030664 0.074317 -0.123832 0.989041
1542145531.802841 0.232451 -1.960945 0.916603 -0.031474 0.073263 -0.123287 0.989162
1542145531.807837 0.232952 -1.96063 0.917069 -0.034102 0.07151 -0.121775 0.989391
1542145531.812833 0.233575 -1.960084 0.91758 -0.033411 0.070405 -0.122145 0.989448
1542145531.817828 0.234292 -1.95953 0.917978 -0.034394 0.070228 -0.122347 0.989402
1542145531.822822 0.235094 -1.958693 0.918329 -0.032306 0.070553 -0.122792 0.989394
1542145531.82782 0.236113 -1.957978 0.918741 -0.03223 0.070341 -0.123858 0.989279
1542145531.832822 0.237322 -1.95715 0.919049 -0.031956 0.069475 -0.125817 0.989102
1542145531.83783 0.238499 -1.956188 0.919267 -0.031484 0.069972 -0.127205 0.988904
1542145531.842834 0.239776 -1.955009 0.919264 -0.030108 0.069038 -0.129877 0.988665
1542145531.847842 0.241523 -1.954129 0.919594 -0.030654 0.067405 -0.132317 0.988438
1542145531.852848 0.243078 -1.952934 0.919781 -0.029412 0.069719 -0.13445 0.988027
1542145531.857853 0.244795 -1.95172 0.919926 -0.028754 0.071484 -0.136339 0.987661
1542145531.862854 0.246803 -1.950482 0.920175 -0.027327 0.071948 -0.139394 0.987242
1542145531.867857 0.249024 -1.949387 0.920526 -0.027571 0.071266 -0.141823 0.986938
1542145531.872859 0.251226 -1.948119 0.920781 -0.027815 0.072332 -0.143678 0.986586
1542145531.877862 0.253558 -1.946773 0.920952 -0.027616 0.072731 -0.146057 0.986212
1542145531.882859 0.255945 -1.94525 0.921079 -0.025871 0.074282 -0.149263 0.985664
1542145531.887851 0.258627 -1.943981 0.921256 -0.028653 0.072601 -0.151395 0.985387
1542145531.892845 0.261152 -1.942195 0.921294 -0.025563 0.075686 -0.154425 0.98477
1542145531.89784 0.264004 -1.940749 0.92152 -0.025489 0.076949 -0.156808 0.984297
1542145531.902835 0.266918 -1.939108 0.921616 -0.02479 0.077467 -0.159961 0.983767
1542145531.907828 0.270037 -1.937714 0.921888 -0.027053 0.078234 -0.161306 0.983427
1542145531.912823 0.273143 -1.935907 0.921915 -0.025149 0.079125 -0.164828 0.982822
1542145531.91782 0.276536 -1.934399 0.922096 -0.026467 0.079076 -0.167226 0.982386
1542145531.922826 0.279872 -1.932634 0.922131 -0.026171 0.079378 -0.169765 0.981934
1542145531.927834 0.283347 -1.93094 0.922086 -0.029407 0.079134 -0.171171 0.981618
1542145531.932839 0.287074 -1.929183 0.922219 -0.027645 0.078594 -0.175031 0.981031
1542145531.937845 0.290498 -1.927135 0.922146 -0.025787 0.083046 -0.176644 0.980426
1542145531.942847 0.294264 -1.925337 0.922203 -0.026719 0.083593 -0.178555 0.980008
1542145531.947848 0.297945 -1.923242 0.922073 -0.024961 0.086536 -0.180565 0.979431
1542145531.95285 0.301892 -1.921432 0.922061 -0.026053 0.087062 -0.182126 0.979067
1542145531.957849 0.305832 -1.919391 0.921962 -0.025776 0.088618 -0.183946 0.978594
1542145531.962844 0.310101 -1.917813 0.922002 -0.029842 0.086469 -0.185354 0.978405
1542145531.967836 0.314051 -1.915657 0.921784 -0.029575 0.089049 -0.186921 0.977884
1542145531.972825 0.318251 -1.913752 0.921727 -0.029311 0.090614 -0.189372 0.977276
1542145531.977818 0.322595 -1.912006 0.921656 -0.032539 0.089745 -0.190621 0.977011
1542145531.98282 0.326699 -1.909925 0.921373 -0.032829 0.092828 -0.192479 0.976349
1542145531.987825 0.330927 -1.907981 0.921104 -0.0352 0.094592 -0.193701 0.975855
1542145531.992831 0.335318 -1.906176 0.920915 -0.038143 0.094699 -0.195029 0.97547
1542145531.997839 0.339624 -1.904205 0.920568 -0.04018 0.096706 -0.19711 0.974772
1542145532.002848 0.343847 -1.902031 0.920235 -0.039336 0.10111 -0.198759 0.974025
1542145532.007851 0.348261 -1.900095 0.920014 -0.040885 0.103406 -0.200492 0.973365
1542145532.012858 0.352607 -1.898027 0.91965 -0.041981 0.105719 -0.202009 0.972756
1542145532.017863 0.357159 -1.896373 0.919379 -0.047997 0.105262 -0.202545 0.972415
1542145532.022863 0.361477 -1.894297 0.919019 -0.049701 0.10754 -0.20319 0.971946
1542145532.027861 0.365715 -1.892144 0.91866 -0.050613 0.110998 -0.203637 0.971416
1542145532.032857 0.369945 -1.89007 0.918321 -0.052305 0.11395 -0.203357 0.971043
1542145532.03786 0.374267 -1.888018 0.918063 -0.05429 0.115004 -0.203254 0.970832
1542145532.042861 0.378508 -1.885978 0.91781 -0.057577 0.116392 -0.202032 0.970732
1542145532.047857 0.382896 -1.884015 0.917644 -0.060965 0.115832 -0.201895 0.970621
1542145532.052853 0.387057 -1.881955 0.91743 -0.064186 0.117551 -0.199939 0.970611
1542145532.057848 0.39125 -1.87977 0.91725 -0.065557 0.118448 -0.198886 0.970627
1542145532.062845 0.395556 -1.87787 0.917176 -0.070268 0.117366 -0.196542 0.970906
1542145532.067844 0.399866 -1.875894 0.917055 -0.074427 0.116335 -0.194894 0.971052
1542145532.072837 0.403891 -1.873606 0.916881 -0.075069 0.11883 -0.192378 0.971203
1542145532.077832 0.408162 -1.871705 0.916912 -0.079603 0.118028 -0.190473 0.971315
1542145532.082829 0.412648 -1.870054 0.91716 -0.084054 0.114674 -0.18941 0.971549
1542145532.087828 0.416775 -1.868168 0.917345 -0.086653 0.116167 -0.186502 0.971706
1542145532.092816 0.421096 -1.866291 0.917687 -0.087454 0.116013 -0.185892 0.97177
1542145532.097801 0.425295 -1.864538 0.918 -0.089602 0.116381 -0.184354 0.971823
1542145532.102792 0.429769 -1.863286 0.918553 -0.096001 0.113357 -0.182402 0.971938
1542145532.107794 0.433864 -1.861292 0.919104 -0.093022 0.116137 -0.181782 0.972016
1542145532.112804 0.438063 -1.859671 0.919628 -0.094868 0.116605 -0.180575 0.972006
1542145532.117815 0.442357 -1.858231 0.920487 -0.096585 0.117607 -0.1787 0.972063
1542145532.122828 0.446544 -1.856743 0.921253 -0.097973 0.117285 -0.176614 0.972344
1542145532.12784 0.450701 -1.855064 0.922153 -0.09565 0.118578 -0.17597 0.972535
1542145532.132844 0.454886 -1.853638 0.922941 -0.097691 0.117053 -0.174759 0.972735
1542145532.13785 0.459079 -1.852157 0.923993 -0.096403 0.11654 -0.174088 0.973046
1542145532.142851 0.463293 -1.850762 0.924981 -0.097025 0.114212 -0.173391 0.973384
1542145532.147853 0.467397 -1.849437 0.926135 -0.097172 0.113361 -0.17108 0.973878
1542145532.152854 0.471271 -1.848046 0.927044 -0.099595 0.112684 -0.168644 0.974137
1542145532.157855 0.475178 -1.846527 0.928141 -0.097138 0.111846 -0.166849 0.97479
1542145532.162856 0.479132 -1.845169 0.929365 -0.096091 0.109943 -0.165847 0.975281
1542145532.167861 0.482881 -1.843879 0.930374 -0.097966 0.108691 -0.162336 0.975826
1542145532.172867 0.486706 -1.842671 0.931635 -0.098736 0.106752 -0.159852 0.976372
1542145532.177875 0.490362 -1.841276 0.932697 -0.098487 0.104776 -0.1577 0.976961
1542145532.182878 0.494028 -1.840196 0.933906 -0.101026 0.102797 -0.154237 0.977465
1542145532.187875 0.497733 -1.839067 0.93512 -0.102492 0.099391 -0.152473 0.977941
1542145532.19287 0.501221 -1.837938 0.936296 -0.104354 0.097606 -0.148461 0.978541
1542145532.197864 0.504798 -1.837018 0.937675 -0.106779 0.094845 -0.14555 0.978988
1542145532.202857 0.508322 -1.836204 0.939003 -0.110132 0.091492 -0.142303 0.979413
1542145532.207845 0.51214 -1.835678 0.940346 -0.117053 0.083434 -0.141526 0.979443
1542145532.212834 0.515246 -1.834483 0.94174 -0.114417 0.08592 -0.137957 0.980048
1542145532.217825 0.518697 -1.83391 0.943189 -0.118362 0.082383 -0.135713 0.980197
1542145532.222825 0.522064 -1.83313 0.944647 -0.118845 0.079628 -0.134768 0.980496
1542145532.227828 0.525426 -1.832659 0.946318 -0.121681 0.077654 -0.132891 0.980563
1542145532.232829 0.528842 -1.832285 0.948028 -0.124371 0.074707 -0.131867 0.980592
1542145532.237835 0.532103 -1.831928 0.949651 -0.127473 0.072778 -0.130879 0.980472
1542145532.242838 0.535024 -1.831135 0.951342 -0.123441 0.074934 -0.129747 0.980975
1542145532.247842 0.538129 -1.830762 0.953174 -0.123252 0.074045 -0.129389 0.981114
1542145532.252846 0.541174 -1.830554 0.95507 -0.123917 0.073855 -0.128737 0.98113
1542145532.257846 0.544445 -1.830632 0.957099 -0.126258 0.070001 -0.129321 0.981038
1542145532.262847 0.547226 -1.830343 0.959096 -0.123768 0.071036 -0.128779 0.981352
1542145532.267844 0.549922 -1.830249 0.96111 -0.123391 0.07142 -0.127471 0.981542
1542145532.272843 0.552665 -1.830151 0.963079 -0.122355 0.070346 -0.127336 0.981767
1542145532.277842 0.555359 -1.83017 0.965153 -0.121354 0.068235 -0.12769 0.981994
1542145532.282842 0.557872 -1.830277 0.967261 -0.120461 0.066748 -0.127415 0.982242
1542145532.287842 0.560219 -1.830338 0.969327 -0.119151 0.065512 -0.126465 0.982608
1542145532.292842 0.562641 -1.830508 0.971569 -0.11663 0.062039 -0.127367 0.983019
1542145532.297842 0.564689 -1.830685 0.973668 -0.115751 0.061093 -0.125482 0.983424
1542145532.302842 0.56686 -1.830968 0.975849 -0.114071 0.057351 -0.125587 0.983833
1542145532.307845 0.56881 -1.831168 0.977983 -0.111122 0.054549 -0.125184 0.984381
1542145532.312849 0.570629 -1.831506 0.980052 -0.110906 0.05145 -0.124238 0.984692
1542145532.317853 0.57232 -1.831872 0.982159 -0.109762 0.048647 -0.1232 0.985093
1542145532.322852 0.573972 -1.832256 0.984235 -0.107344 0.044877 -0.122422 0.985635
1542145532.327851 0.575496 -1.832652 0.986334 -0.104832 0.041458 -0.121923 0.986117
1542145532.33285 0.576641 -1.833151 0.988285 -0.104108 0.040505 -0.118406 0.986662
1542145532.337849 0.577964 -1.833634 0.990255 -0.101234 0.036291 -0.118385 0.987127
1542145532.342848 0.579052 -1.834171 0.992205 -0.098583 0.033437 -0.11687 0.987676
1542145532.347849 0.579934 -1.834829 0.994081 -0.096865 0.031532 -0.114574 0.988178
1542145532.352848 0.580916 -1.835556 0.99605 -0.093456 0.027602 -0.113821 0.988711
1542145532.357848 0.58158 -1.836225 0.99782 -0.090053 0.025697 -0.111911 0.989296
1542145532.362848 0.582249 -1.837083 0.999632 -0.087467 0.022287 -0.110388 0.989781
1542145532.367847 0.58276 -1.837863 1.001326 -0.082564 0.019785 -0.109622 0.990341
1542145532.372844 0.583077 -1.838739 1.002926 -0.079149 0.017929 -0.10769 0.990867
1542145532.377841 0.583433 -1.839722 1.004528 -0.076298 0.01492 -0.106076 0.991314
1542145532.382839 0.583747 -1.840781 1.006015 -0.07319 0.011164 -0.105968 0.991609
1542145532.387842 0.583725 -1.841726 1.007363 -0.068135 0.010233 -0.103651 0.992224
1542145532.392846 0.583808 -1.842857 1.008646 -0.065102 0.007796 -0.102946 0.992524
1542145532.39785 0.583697 -1.84409 1.00977 -0.063301 0.006761 -0.101178 0.992829
1542145532.402854 0.583646 -1.845314 1.010912 -0.059072 0.00437 -0.101051 0.993116
1542145532.407864 0.583404 -1.846646 1.011772 -0.057851 0.00326 -0.099927 0.993306
1542145532.412872 0.583122 -1.848018 1.012638 -0.055639 0.001809 -0.099166 0.993512
1542145532.417884 0.582709 -1.849407 1.013246 -0.054491 0.001207 -0.098017 0.993691
1542145532.422888 0.582452 -1.850878 1.014009 -0.051641 -0.001671 -0.098705 0.993774
1542145532.427886 0.581872 -1.852318 1.014401 -0.050214 -0.001949 -0.097921 0.993925
1542145532.43288 0.581461 -1.853936 1.014886 -0.048915 -0.005077 -0.09894 0.993877
1542145532.437864 0.580798 -1.855507 1.015241 -0.047127 -0.005259 -0.098732 0.993984
1542145532.442848 0.58008 -1.857111 1.015403 -0.046489 -0.006269 -0.098519 0.994029
1542145532.447833 0.579334 -1.858734 1.015524 -0.045034 -0.007003 -0.098752 0.994068
1542145532.452822 0.578655 -1.860481 1.015687 -0.043551 -0.009197 -0.10025 0.993966
1542145532.457815 0.57774 -1.862152 1.015636 -0.041942 -0.009431 -0.100898 0.993968
1542145532.462812 0.576654 -1.863772 1.015548 -0.03932 -0.007618 -0.100894 0.994091
1542145532.467814 0.575791 -1.865631 1.015498 -0.038265 -0.009104 -0.102591 0.993946
1542145532.472819 0.574388 -1.867244 1.015037 -0.036657 -0.005061 -0.101589 0.994138
1542145532.477826 0.573568 -1.869033 1.015 -0.03243 -0.006915 -0.104834 0.993937
1542145532.48284 0.572427 -1.870832 1.014752 -0.029318 -0.006034 -0.106671 0.993844
1542145532.487859 0.571163 -1.872679 1.014367 -0.026776 -0.004605 -0.107782 0.993803
1542145532.492874 0.569776 -1.874417 1.013853 -0.023464 -0.002182 -0.108788 0.993786
1542145532.497885 0.568428 -1.876148 1.013318 -0.019094 -0.000226 -0.110731 0.993667
1542145532.502892 0.567035 -1.877972 1.012645 -0.01588 0.001036 -0.11285 0.993485
1542145532.5079 0.565555 -1.879884 1.011932 -0.014408 0.002283 -0.114008 0.993373
1542145532.512902 0.563791 -1.881559 1.01099 -0.010988 0.005586 -0.115126 0.993274
1542145532.517898 0.562252 -1.883535 1.01017 -0.009531 0.005004 -0.117646 0.992997
1542145532.522898 0.560404 -1.885341 1.009016 -0.008719 0.005349 -0.118569 0.992893
1542145532.527898 0.558415 -1.886999 1.007829 -0.00566 0.007743 -0.120274 0.992694
1542145532.53289 0.556754 -1.889059 1.006925 -0.006744 0.004484 -0.122461 0.99244
1542145532.537883 0.554743 -1.890684 1.00565 -0.003085 0.005072 -0.126023 0.99201
1542145532.542873 0.552758 -1.892593 1.004235 -0.005443 0.000777 -0.127718 0.991795
1542145532.547858 0.550557 -1.894182 1.002918 -0.003051 0.001935 -0.130546 0.991436
1542145532.552844 0.548848 -1.896722 1.001914 -0.012215 -0.003941 -0.131367 0.991251
1542145532.557828 0.546114 -1.897788 1.000112 -0.005619 0.000436 -0.133868 0.990983
1542145532.562812 0.543736 -1.899397 0.998647 -0.004668 0.001163 -0.135953 0.990704
1542145532.567799 0.541235 -1.900915 0.996999 -0.003481 0.001605 -0.138605 0.99034
1542145532.572791 0.538579 -1.902404 0.995364 -0.001996 0.003642 -0.140255 0.990107
1542145532.577786 0.536065 -1.903967 0.99372 -0.001038 0.003041 -0.143416 0.989657
1542145532.582784 0.533296 -1.905592 0.991966 -0.002995 0.004661 -0.143839 0.989586
1542145532.58779 0.53036 -1.906838 0.990212 5.8e-05 0.008853 -0.145059 0.989383
1542145532.592794 0.527571 -1.908332 0.988554 0.00088 0.010108 -0.147171 0.989059
1542145532.597799 0.524729 -1.909781 0.986729 -0.000655 0.010038 -0.149027 0.988782
1542145532.602802 0.521719 -1.911061 0.984848 -0.001043 0.011854 -0.150165 0.988589
1542145532.607806 0.518527 -1.912123 0.982919 0.00031 0.015438 -0.151182 0.988385
1542145532.612811 0.515507 -1.913212 0.981141 0.002692 0.016245 -0.153938 0.987943
1542145532.617816 0.512302 -1.914435 0.979285 0.000959 0.017762 -0.154136 0.98789
1542145532.62282 0.509158 -1.915578 0.977489 0.000347 0.017063 -0.154966 0.987772
1542145532.627821 0.505705 -1.916435 0.97551 0.001352 0.018574 -0.155748 0.987621
1542145532.63282 0.502488 -1.917589 0.973748 -0.001002 0.018224 -0.155903 0.987604
1542145532.637817 0.499009 -1.918356 0.97179 0.00063 0.017922 -0.157238 0.987398
1542145532.642814 0.495397 -1.919388 0.969924 -0.002062 0.019742 -0.154857 0.987738
1542145532.647815 0.492055 -1.92021 0.968193 -0.000567 0.017952 -0.157099 0.987419
1542145532.652815 0.488219 -1.920894 0.966099 -0.001501 0.019943 -0.156154 0.98753
1542145532.657815 0.484683 -1.92171 0.964288 -0.001432 0.018356 -0.157213 0.987393
1542145532.662818 0.480866 -1.922468 0.962321 -0.003952 0.018897 -0.155462 0.987653
1542145532.66782 0.477198 -1.922895 0.960355 -0.001894 0.017613 -0.156909 0.987454
1542145532.672822 0.473212 -1.923451 0.958262 -0.004662 0.019428 -0.155722 0.987599
1542145532.677823 0.469477 -1.923958 0.956296 -0.0054 0.017731 -0.156487 0.987506
1542145532.682823 0.465594 -1.924498 0.954404 -0.008344 0.019095 -0.155297 0.987648
1542145532.687826 0.461606 -1.924787 0.952308 -0.009291 0.019417 -0.1549 0.987696
1542145532.692827 0.457817 -1.925285 0.950407 -0.012497 0.018167 -0.154241 0.987787
1542145532.697827 0.453778 -1.925531 0.948479 -0.013328 0.020089 -0.153499 0.987855
1542145532.702825 0.449846 -1.925695 0.946467 -0.01387 0.020117 -0.154988 0.987614
1542145532.707817 0.445841 -1.925967 0.944503 -0.016478 0.020174 -0.153998 0.987728
1542145532.71281 0.442041 -1.92604 0.942645 -0.015831 0.019273 -0.155999 0.987442
1542145532.717803 0.437898 -1.926188 0.940646 -0.018541 0.02132 -0.154278 0.987623
1542145532.722799 0.433911 -1.926261 0.938682 -0.01979 0.022544 -0.154432 0.987548
1542145532.727797 0.429955 -1.92642 0.936792 -0.022359 0.022687 -0.154274 0.987514
1542145532.732797 0.425868 -1.926278 0.934729 -0.023506 0.024999 -0.154555 0.987388
1542145532.737799 0.422062 -1.926315 0.932973 -0.023757 0.024809 -0.155993 0.987161
1542145532.742802 0.418013 -1.926374 0.931054 -0.026963 0.027109 -0.155029 0.98717
1542145532.747806 0.414147 -1.926279 0.929187 -0.028255 0.027145 -0.156432 0.986911
1542145532.752811 0.410061 -1.926078 0.927247 -0.029897 0.030262 -0.15588 0.98686
1542145532.757816 0.406287 -1.926 0.925555 -0.030995 0.02961 -0.156243 0.986788
1542145532.762823 0.40222 -1.92563 0.923597 -0.033004 0.032109 -0.156012 0.986681
1542145532.767825 0.398417 -1.925347 0.921873 -0.033284 0.031993 -0.156701 0.986566
1542145532.772828 0.394446 -1.924949 0.920009 -0.03528 0.033277 -0.155791 0.986599
1542145532.77783 0.390798 -1.924517 0.918377 -0.035232 0.032735 -0.157319 0.986376
1542145532.78283 0.386652 -1.923997 0.916448 -0.03917 0.036166 -0.154081 0.986619
1542145532.787831 0.383029 -1.923385 0.914807 -0.039033 0.035755 -0.156139 0.986316
1542145532.79283 0.379342 -1.922789 0.913118 -0.040677 0.036527 -0.15554 0.986316
1542145532.797827 0.375529 -1.922141 0.911413 -0.043451 0.038204 -0.153531 0.986448
1542145532.802831 0.371924 -1.921367 0.909715 -0.044162 0.039233 -0.153564 0.986371
1542145532.807836 0.368351 -1.920588 0.907957 -0.046564 0.040067 -0.152636 0.986371
1542145532.812839 0.364718 -1.919669 0.906103 -0.048315 0.042536 -0.151408 0.986373
1542145532.817841 0.361382 -1.918854 0.904426 -0.051192 0.041759 -0.1509 0.986339
1542145532.822843 0.357612 -1.917637 0.902406 -0.052171 0.046467 -0.149566 0.98628
1542145532.827846 0.354243 -1.916581 0.900721 -0.053548 0.048211 -0.148841 0.986233
1542145532.832848 0.351045 -1.915586 0.899198 -0.056073 0.049592 -0.148049 0.986143
1542145532.837849 0.347699 -1.914494 0.897463 -0.059608 0.051459 -0.146264 0.986106
1542145532.842849 0.344412 -1.913159 0.895743 -0.061324 0.053172 -0.14512 0.986079
1542145532.847846 0.34137 -1.911863 0.894211 -0.06283 0.053749 -0.144256 0.98608
1542145532.852844 0.338303 -1.910504 0.892693 -0.064771 0.054255 -0.143992 0.985965
1542145532.857847 0.335207 -1.909141 0.891122 -0.067698 0.056616 -0.141633 0.985978
1542145532.862855 0.332589 -1.907859 0.889807 -0.070471 0.055244 -0.142075 0.985797
1542145532.867862 0.329564 -1.906214 0.888245 -0.071546 0.058501 -0.140672 0.985733
1542145532.872866 0.326905 -1.904875 0.886885 -0.07533 0.058853 -0.13936 0.985617
1542145532.877868 0.323991 -1.903134 0.885359 -0.075783 0.063081 -0.137529 0.985578
1542145532.882868 0.321681 -1.901673 0.884189 -0.07678 0.063672 -0.138744 0.985292
1542145532.887874 0.319328 -1.900172 0.883033 -0.077975 0.06427 -0.139095 0.98511
1542145532.892876 0.316853 -1.898673 0.881827 -0.080765 0.067205 -0.13738 0.98493
1542145532.897876 0.314602 -1.897022 0.88064 -0.081681 0.069008 -0.138371 0.984591
1542145532.902873 0.312516 -1.895443 0.879743 -0.081326 0.071056 -0.138787 0.984416
1542145532.907867 0.310285 -1.893784 0.87858 -0.083495 0.073428 -0.138359 0.984121
1542145532.912859 0.308342 -1.892033 0.877652 -0.082945 0.074523 -0.139364 0.983943
1542145532.917852 0.306346 -1.89037 0.876774 -0.084953 0.076177 -0.138555 0.983759
1542145532.922844 0.30463 -1.888586 0.876032 -0.084476 0.074895 -0.140385 0.98364
1542145532.927833 0.302725 -1.886673 0.875276 -0.084022 0.076906 -0.140333 0.983531
1542145532.932824 0.301053 -1.884769 0.874617 -0.083457 0.076408 -0.141017 0.98352
1542145532.937822 0.299322 -1.882765 0.873968 -0.082975 0.07728 -0.140706 0.983537
1542145532.942823 0.297823 -1.880987 0.87345 -0.084855 0.075574 -0.140015 0.983608
1542145532.947823 0.296355 -1.878952 0.87298 -0.083872 0.075141 -0.14047 0.98366
1542145532.952827 0.294885 -1.87682 0.872488 -0.082637 0.075351 -0.14075 0.983709
1542145532.957833 0.293477 -1.874819 0.872096 -0.083059 0.07551 -0.139665 0.983816
1542145532.96284 0.292401 -1.872993 0.871905 -0.084985 0.07339 -0.139148 0.983885
1542145532.967847 0.291321 -1.870865 0.871716 -0.083305 0.072315 -0.13975 0.984023
1542145532.972853 0.29024 -1.868543 0.871398 -0.080274 0.072404 -0.140955 0.984096
1542145532.97786 0.289388 -1.866683 0.871337 -0.082445 0.07084 -0.139847 0.984189
1542145532.982865 0.288608 -1.864441 0.871219 -0.079666 0.070121 -0.141202 0.984276
1542145532.987875 0.287893 -1.862357 0.871227 -0.078442 0.070826 -0.140127 0.984477
1542145532.992883 0.287436 -1.860415 0.871249 -0.079357 0.06868 -0.140436 0.984512
1542145532.997887 0.287052 -1.858242 0.871301 -0.076651 0.067937 -0.141639 0.984605
1542145533.002887 0.286484 -1.856047 0.871179 -0.076286 0.070277 -0.140376 0.98465
1542145533.00788 0.286439 -1.854172 0.871379 -0.076401 0.068308 -0.140507 0.984761
1542145533.012868 0.28642 -1.852039 0.871477 -0.074201 0.06764 -0.141158 0.984883
1542145533.017858 0.286531 -1.84977 0.871614 -0.069894 0.068048 -0.143503 0.984831
1542145533.022848 0.286626 -1.847898 0.871652 -0.072005 0.068401 -0.142025 0.984868
1542145533.027841 0.287123 -1.845981 0.871944 -0.070265 0.067114 -0.143626 0.98485
1542145533.032836 0.287635 -1.843984 0.872162 -0.068141 0.067201 -0.145161 0.984769
1542145533.037838 0.288362 -1.842104 0.8724 -0.066625 0.066007 -0.146751 0.984717
1542145533.042844 0.289127 -1.840324 0.872637 -0.066242 0.066374 -0.147299 0.984637
1542145533.047852 0.290025 -1.838391 0.872807 -0.064171 0.06722 -0.149352 0.984407
1542145533.052859 0.291271 -1.836686 0.873133 -0.062852 0.065078 -0.152064 0.984221
1542145533.057864 0.292462 -1.835083 0.873378 -0.063252 0.06457 -0.153245 0.984046
1542145533.062867 0.293901 -1.833344 0.873725 -0.060641 0.064999 -0.156267 0.983706
1542145533.067879 0.295675 -1.832118 0.874241 -0.062693 0.062271 -0.158518 0.983394
1542145533.072895 0.29726 -1.830464 0.874562 -0.060127 0.063411 -0.160615 0.983141
1542145533.077905 0.299087 -1.829061 0.874972 -0.059234 0.06382 -0.16272 0.982823
1542145533.082908 0.301074 -1.827665 0.875324 -0.058729 0.063443 -0.165934 0.98234
1542145533.08791 0.303129 -1.826262 0.875656 -0.057067 0.063265 -0.169223 0.981888
1542145533.0929 0.305326 -1.824975 0.876083 -0.05476 0.064336 -0.172885 0.981312
1542145533.097886 0.30776 -1.823774 0.876551 -0.053322 0.064 -0.176489 0.980771
1542145533.102865 0.310049 -1.822505 0.87689 -0.050812 0.067184 -0.179533 0.980139
1542145533.107842 0.312578 -1.821432 0.877287 -0.04902 0.068544 -0.183258 0.979446
1542145533.112821 0.315304 -1.820458 0.87765 -0.047695 0.069193 -0.187171 0.978726
1542145533.117805 0.317899 -1.819307 0.877875 -0.045209 0.072995 -0.190302 0.977964
1542145533.122796 0.320715 -1.818559 0.878388 -0.044161 0.075594 -0.192386 0.977406
1542145533.127795 0.32391 -1.81792 0.878771 -0.044354 0.073297 -0.197864 0.976478
1542145533.1328 0.326724 -1.81705 0.879156 -0.041644 0.079583 -0.199925 0.975685
1542145533.137812 0.330079 -1.816561 0.879712 -0.041526 0.078186 -0.204062 0.974947
1542145533.142828 0.333269 -1.815922 0.880173 -0.039001 0.081489 -0.207472 0.97406
1542145533.147847 0.336544 -1.815385 0.8806 -0.037838 0.083626 -0.210051 0.973372
1542145533.152864 0.339945 -1.814985 0.880904 -0.039433 0.082767 -0.214007 0.97252
1542145533.157878 0.343396 -1.814624 0.881392 -0.03861 0.084889 -0.216253 0.971873
1542145533.162888 0.3469 -1.814258 0.881824 -0.037927 0.086255 -0.219311 0.971094
1542145533.167888 0.350531 -1.813858 0.88221 -0.036347 0.086799 -0.223661 0.970114
1542145533.172885 0.354185 -1.813832 0.882779 -0.037982 0.087396 -0.224474 0.96981
1542145533.177879 0.357759 -1.813451 0.883175 -0.03583 0.091677 -0.226713 0.968975
1542145533.18287 0.361693 -1.813404 0.883698 -0.036277 0.08974 -0.230335 0.968285
1542145533.187864 0.365498 -1.813187 0.88416 -0.034957 0.091466 -0.232949 0.967547
1542145533.192852 0.369469 -1.813211 0.884633 -0.035587 0.091274 -0.236501 0.96668
1542145533.197841 0.373341 -1.812981 0.885081 -0.032522 0.093353 -0.240062 0.965711
1542145533.202832 0.377352 -1.813163 0.885719 -0.033531 0.094802 -0.240815 0.965348
1542145533.207826 0.381548 -1.813427 0.886324 -0.034495 0.094455 -0.244336 0.964463
1542145533.212824 0.38552 -1.813265 0.886824 -0.028817 0.098329 -0.247672 0.96341
1542145533.217826 0.389916 -1.813667 0.887562 -0.028867 0.09671 -0.251449 0.962594
1542145533.22283 0.394108 -1.813998 0.888219 -0.028351 0.098199 -0.253426 0.96194
1542145533.227837 0.398383 -1.814395 0.888893 -0.027139 0.098864 -0.255956 0.961237
1542145533.232845 0.402836 -1.81476 0.889672 -0.023491 0.098228 -0.259967 0.960321
1542145533.237858 0.407261 -1.815151 0.890483 -0.020153 0.098501 -0.263937 0.959285
1542145533.242868 0.411704 -1.815744 0.891365 -0.01804 0.098938 -0.266254 0.958642
1542145533.247876 0.416233 -1.816538 0.892126 -0.019377 0.095587 -0.269204 0.958132
1542145533.252881 0.420655 -1.817099 0.893006 -0.015904 0.095523 -0.272387 0.957302
1542145533.257882 0.42523 -1.817765 0.893873 -0.012368 0.093741 -0.277162 0.956159
1542145533.26288 0.429769 -1.818298 0.8947 -0.006755 0.092532 -0.283104 0.954591
1542145533.267877 0.434341 -1.819454 0.895772 -0.007755 0.090363 -0.285147 0.954183
1542145533.272871 0.439038 -1.820535 0.896747 -0.00666 0.086795 -0.289182 0.953308
1542145533.277862 0.443597 -1.821371 0.897592 -0.002563 0.085429 -0.294403 0.951852
1542145533.282853 0.448288 -1.822582 0.898582 -0.00167 0.08183 -0.298894 0.95077
1542145533.287848 0.452842 -1.82361 0.899502 0.001622 0.080869 -0.303408 0.949421
1542145533.292841 0.457248 -1.824564 0.900304 0.005082 0.081145 -0.307388 0.948104
1542145533.297836 0.461727 -1.825623 0.901183 0.009191 0.080751 -0.312062 0.946579
1542145533.302833 0.466169 -1.826722 0.902085 0.012208 0.081021 -0.315757 0.945296
1542145533.307834 0.470585 -1.828058 0.902909 0.010683 0.079509 -0.318693 0.944457
1542145533.312834 0.474951 -1.828857 0.903509 0.016807 0.077894 -0.324701 0.942454
1542145533.317834 0.479364 -1.829934 0.904282 0.01954 0.076111 -0.329172 0.940995
1542145533.322835 0.483582 -1.831049 0.904978 0.019824 0.075082 -0.331602 0.940218
1542145533.327837 0.48776 -1.832002 0.905602 0.021323 0.075409 -0.334609 0.939093
1542145533.33284 0.492117 -1.833058 0.906273 0.022181 0.071226 -0.33914 0.937773
1542145533.337848 0.496192 -1.834185 0.906917 0.019962 0.071207 -0.339839 0.937572
1542145533.342855 0.500301 -1.834887 0.907379 0.022321 0.068745 -0.344119 0.93614
1542145533.347862 0.504503 -1.835821 0.907941 0.023771 0.065786 -0.348031 0.93487
1542145533.352867 0.508412 -1.836676 0.908222 0.020645 0.06379 -0.349744 0.934443
1542145533.35787 0.51253 -1.837727 0.908865 0.020901 0.060728 -0.352878 0.933463
1542145533.36287 0.516442 -1.83834 0.90908 0.02264 0.05907 -0.357039 0.931945
1542145533.367868 0.520238 -1.839239 0.909507 0.021519 0.058947 -0.358484 0.931424
1542145533.372866 0.524262 -1.840162 0.909917 0.021239 0.053988 -0.362183 0.9303
1542145533.377861 0.527995 -1.840884 0.910247 0.022708 0.05346 -0.364709 0.929308
1542145533.382858 0.531669 -1.841755 0.910588 0.021369 0.052582 -0.366676 0.928616
1542145533.38786 0.535397 -1.842558 0.910956 0.021652 0.050268 -0.369126 0.927766
1542145533.392857 0.538916 -1.84336 0.911171 0.020337 0.049435 -0.371096 0.927055
1542145533.397854 0.542591 -1.844132 0.911499 0.021849 0.046405 -0.374844 0.925668
1542145533.402852 0.546093 -1.845021 0.911821 0.019873 0.044661 -0.376549 0.925106
1542145533.407854 0.549449 -1.84574 0.912045 0.020214 0.045192 -0.378118 0.924433
1542145533.412852 0.552991 -1.846617 0.912232 0.019109 0.039661 -0.381939 0.923138
1542145533.417862 0.556334 -1.847461 0.912553 0.018327 0.039602 -0.383567 0.922482
1542145533.42287 0.559672 -1.848306 0.912831 0.017932 0.037205 -0.385076 0.92196
1542145533.427881 0.562847 -1.848978 0.912956 0.01811 0.037048 -0.386869 0.921212
1542145533.432896 0.566225 -1.849887 0.913277 0.017026 0.03299 -0.388858 0.920549
1542145533.437911 0.569368 -1.850725 0.913527 0.01484 0.032541 -0.389538 0.920316
1542145533.442918 0.572513 -1.851393 0.91367 0.015688 0.030734 -0.392578 0.919071
1542145533.447918 0.575626 -1.852248 0.913894 0.014416 0.028929 -0.393839 0.918611
1542145533.452912 0.578787 -1.853156 0.914292 0.015543 0.026649 -0.396282 0.91761
1542145533.457895 0.581907 -1.85417 0.914641 0.014622 0.024186 -0.398299 0.91682
1542145533.462872 0.584859 -1.855137 0.914895 0.015052 0.023383 -0.399564 0.916283
1542145533.46785 0.587846 -1.85617 0.915183 0.014704 0.021067 -0.401515 0.915492
1542145533.472826 0.590743 -1.857173 0.915393 0.014859 0.019472 -0.403614 0.914602
1542145533.477806 0.593675 -1.858315 0.91572 0.015767 0.018089 -0.406149 0.913492
1542145533.482792 0.596502 -1.859417 0.915867 0.015827 0.016878 -0.408523 0.912455
1542145533.487788 0.599274 -1.860897 0.916207 0.014935 0.016868 -0.41186 0.910968
1542145533.492791 0.602034 -1.862154 0.916453 0.01477 0.015489 -0.414555 0.909773
1542145533.497801 0.604738 -1.863427 0.916686 0.015639 0.014095 -0.41672 0.908791
1542145533.502814 0.607468 -1.864816 0.91702 0.015713 0.012296 -0.419313 0.907622
1542145533.507832 0.610119 -1.866145 0.917259 0.01609 0.010563 -0.421399 0.906671
1542145533.51285 0.612785 -1.867701 0.917662 0.015898 0.008532 -0.423134 0.905888
1542145533.517856 0.615269 -1.86905 0.917805 0.016497 0.006905 -0.42627 0.904419
1542145533.522861 0.61781 -1.870573 0.918147 0.017237 0.004301 -0.428394 0.903417
1542145533.527864 0.620114 -1.872028 0.918216 0.017095 0.003083 -0.430649 0.902352
1542145533.532865 0.622508 -1.873657 0.918507 0.01742 0.001268 -0.432673 0.901382
1542145533.537865 0.624717 -1.875216 0.918659 0.01803 -0.00047 -0.434722 0.900384
1542145533.54287 0.626907 -1.876844 0.91881 0.018833 -0.00184 -0.436546 0.899483
1542145533.547875 0.628853 -1.878667 0.918876 0.01811 -0.002231 -0.440879 0.897381
1542145533.552877 0.630924 -1.880389 0.919003 0.018804 -0.00332 -0.441256 0.897178
1542145533.557866 0.63287 -1.882079 0.918894 0.019179 -0.003026 -0.443845 0.895893
1542145533.562854 0.634756 -1.883916 0.918898 0.018649 -0.003127 -0.444726 0.895467
1542145533.567854 0.636673 -1.885669 0.918881 0.019647 -0.005038 -0.446177 0.894715
1542145533.57285 0.638369 -1.887405 0.918687 0.019488 -0.005686 -0.446498 0.894554
1542145533.577845 0.639995 -1.889184 0.918417 0.018626 -0.005742 -0.447596 0.894024
1542145533.58284 0.64157 -1.891123 0.918215 0.018102 -0.005548 -0.448869 0.893397
1542145533.587842 0.64306 -1.893046 0.917969 0.015992 -0.006678 -0.450094 0.892813
1542145533.59284 0.644512 -1.894891 0.917583 0.015886 -0.007469 -0.450686 0.89251
1542145533.597839 0.645781 -1.896838 0.91718 0.014527 -0.007751 -0.451393 0.892173
1542145533.602836 0.646916 -1.898764 0.916691 0.013269 -0.008603 -0.452895 0.891424
1542145533.607835 0.647094 -1.901852 0.915727 0.003878 -0.000102 -0.45925 0.888299
1542145533.612833 0.648362 -1.903698 0.915339 0.005685 -0.00432 -0.460499 0.887632
1542145533.617833 0.649132 -1.905645 0.914746 0.003807 -0.004654 -0.459617 0.888097
1542145533.622835 0.649825 -1.907638 0.914089 0.002595 -0.006071 -0.461 0.887376
1542145533.627832 0.650407 -1.909285 0.913362 0.002253 -0.006279 -0.460444 0.887664
1542145533.632827 0.650805 -1.911424 0.912726 2e-06 -0.007588 -0.462063 0.886815
1542145533.637826 0.651147 -1.913054 0.911869 0.000959 -0.007918 -0.461167 0.887277
1542145533.642828 0.651382 -1.914638 0.911278 -0.001791 -0.009773 -0.457881 0.888958
1542145533.647828 0.651441 -1.91631 0.910394 -0.000922 -0.010224 -0.461251 0.887211
1542145533.652827 0.651244 -1.918223 0.909455 -0.004205 -0.010537 -0.460022 0.887835
1542145533.657825 0.651062 -1.920144 0.908603 -0.009745 -0.012806 -0.457025 0.889308
1542145533.662825 0.650911 -1.922018 0.907713 -0.013317 -0.016031 -0.457787 0.888817
1542145533.667837 0.650471 -1.923818 0.906752 -0.015135 -0.014924 -0.457338 0.889039
1542145533.672846 0.650465 -1.926462 0.905296 -0.007856 -0.020481 -0.450792 0.892359
1542145533.677864 0.64972 -1.927913 0.904388 -0.013475 -0.018259 -0.449506 0.892989
1542145533.682876 0.648918 -1.929717 0.903522 -0.0147 -0.022021 -0.448145 0.893569
1542145533.687892 0.648142 -1.931227 0.902565 -0.01635 -0.021408 -0.444806 0.895222
1542145533.692904 0.646468 -1.932663 0.901503 -0.027034 -0.018694 -0.444203 0.895323
1542145533.697907 0.645709 -1.933912 0.900294 -0.016738 -0.018648 -0.442718 0.896311
1542145533.702904 0.644474 -1.936036 0.899123 -0.017771 -0.017433 -0.44261 0.896369
1542145533.707889 0.64255 -1.937135 0.898213 -0.026911 -0.016181 -0.440858 0.897027
1542145533.712866 0.640894 -1.938442 0.897218 -0.027378 -0.015416 -0.438119 0.898368
1542145533.717845 0.639188 -1.939852 0.896003 -0.03096 -0.015857 -0.435823 0.89936
1542145533.722826 0.637544 -1.941322 0.894777 -0.030426 -0.016035 -0.431322 0.901542
1542145533.727812 0.635427 -1.942793 0.893479 -0.033511 -0.014631 -0.430551 0.901825
1542145533.7328 0.63327 -1.943626 0.892611 -0.036517 -0.015414 -0.428347 0.902744
1542145533.737801 0.630986 -1.944835 0.891378 -0.036781 -0.013457 -0.426434 0.90367
1542145533.742806 0.628473 -1.945689 0.890481 -0.040842 -0.014197 -0.425109 0.904109
1542145533.747804 0.625783 -1.946331 0.889562 -0.041442 -0.010228 -0.424236 0.904545
1542145533.752806 0.623233 -1.947344 0.888639 -0.045851 -0.014499 -0.417279 0.907505
1542145533.757809 0.620497 -1.948124 0.887638 -0.046656 -0.014611 -0.41347 0.909204
1542145533.762816 0.617488 -1.948578 0.886899 -0.046418 -0.013623 -0.411526 0.910113
1542145533.767821 0.614554 -1.949935 0.885933 -0.054609 -0.012337 -0.408052 0.911241
1542145533.772825 0.611213 -1.950313 0.885255 -0.055452 -0.009717 -0.406257 0.912023
1542145533.777836 0.608005 -1.95062 0.884776 -0.06046 -0.012081 -0.399014 0.91487
1542145533.782845 0.604766 -1.951213 0.88394 -0.057716 -0.011668 -0.397105 0.915882
1542145533.787859 0.600835 -1.951978 0.88335 -0.067493 -0.003634 -0.395485 0.915982
1542145533.792866 0.597811 -1.951947 0.883 -0.060129 -0.009597 -0.390111 0.918752
1542145533.797871 0.594002 -1.95286 0.882473 -0.065821 -0.005111 -0.38973 0.91856
1542145533.802873 0.590327 -1.95292 0.882241 -0.06793 -0.007717 -0.384353 0.920651
1542145533.807871 0.586535 -1.953514 0.881793 -0.066341 -0.003838 -0.381768 0.921866
1542145533.812864 0.58266 -1.954016 0.881553 -0.068794 -0.001081 -0.380753 0.922114
1542145533.817862 0.57844 -1.953935 0.881631 -0.071527 -0.000875 -0.377984 0.923045
1542145533.822865 0.574771 -1.954156 0.881673 -0.069109 -0.003052 -0.372508 0.925447
1542145533.827871 0.570405 -1.954136 0.881846 -0.073058 0.000157 -0.370353 0.926014
1542145533.832872 0.565968 -1.953847 0.882023 -0.071616 0.005808 -0.368016 0.927039
1542145533.837874 0.561935 -1.954052 0.882212 -0.066315 0.006148 -0.36595 0.928248
1542145533.842874 0.557602 -1.95492 0.882567 -0.079424 0.00803 -0.363191 0.928289
1542145533.847865 0.55347 -1.954258 0.882861 -0.07536 0.006888 -0.356758 0.931127
1542145533.852852 0.549224 -1.954036 0.883452 -0.067799 0.00845 -0.356527 0.931783
1542145533.857836 0.54477 -1.953997 0.884039 -0.069365 0.010501 -0.354089 0.932577
1542145533.862821 0.540175 -1.953672 0.884994 -0.071176 0.012232 -0.35147 0.933409
1542145533.86781 0.535727 -1.953323 0.885842 -0.074123 0.014247 -0.345987 0.935198
1542145533.872805 0.531179 -1.952859 0.886811 -0.073799 0.016133 -0.342236 0.936573
1542145533.877801 0.526282 -1.95258 0.887538 -0.067414 0.022134 -0.345928 0.935574
1542145533.882798 0.521622 -1.952297 0.888652 -0.072703 0.024202 -0.341264 0.936839
1542145533.887798 0.517027 -1.951683 0.889814 -0.067616 0.025157 -0.339363 0.937885
1542145533.892799 0.512428 -1.950857 0.891195 -0.067633 0.024668 -0.333124 0.940131
1542145533.897793 0.507654 -1.950242 0.892776 -0.070248 0.024161 -0.328603 0.941542
1542145533.902788 0.502593 -1.949254 0.894183 -0.072867 0.024733 -0.325949 0.942251
1542145533.907787 0.497649 -1.948538 0.895716 -0.07508 0.027504 -0.323621 0.942802
1542145533.912791 0.492776 -1.947917 0.89719 -0.074522 0.030103 -0.321229 0.943585
1542145533.9178 0.487282 -1.949414 0.898847 -0.108856 0.035485 -0.313111 0.94279
1542145533.922812 0.482451 -1.948122 0.900599 -0.101257 0.036855 -0.311987 0.943956
1542145533.927827 0.478336 -1.944901 0.902477 -0.074385 0.035427 -0.301324 0.949955
1542145533.932841 0.473692 -1.944344 0.90445 -0.077161 0.033775 -0.296732 0.951239
1542145533.93786 0.468839 -1.9434 0.906383 -0.077314 0.034717 -0.294762 0.951805
1542145533.942885 0.464418 -1.942452 0.908228 -0.077314 0.034565 -0.289252 0.953499
1542145533.9479 0.459721 -1.941131 0.91023 -0.07553 0.03553 -0.283639 0.955292
1542145533.952896 0.455211 -1.940012 0.91217 -0.072518 0.03618 -0.277475 0.957309
1542145533.957885 0.450874 -1.938852 0.914264 -0.070628 0.035451 -0.273238 0.958695
1542145533.962875 0.446276 -1.937748 0.91643 -0.068595 0.035418 -0.270208 0.959702
1542145533.967876 0.441858 -1.936387 0.918754 -0.063878 0.035626 -0.265074 0.96145
1542145533.972871 0.437479 -1.935296 0.921025 -0.063391 0.034718 -0.261273 0.962555
1542145533.977861 0.433043 -1.934394 0.923357 -0.065639 0.03418 -0.256311 0.963757
1542145533.98285 0.428584 -1.933266 0.925738 -0.065332 0.036438 -0.250732 0.965162
1542145533.987842 0.424276 -1.931871 0.92795 -0.062255 0.038512 -0.247602 0.966092
1542145533.99283 0.42036 -1.930929 0.93065 -0.061674 0.036557 -0.244233 0.967063
1542145533.99782 0.416206 -1.929658 0.932989 -0.059419 0.038181 -0.24047 0.968084
1542145534.00281 0.412145 -1.928585 0.935472 -0.059476 0.041426 -0.235432 0.969184
1542145534.007802 0.408279 -1.927439 0.9379 -0.059253 0.041806 -0.232744 0.969831
1542145534.012798 0.404452 -1.926126 0.94042 -0.05538 0.044535 -0.2297 0.970664
1542145534.017801 0.400937 -1.925265 0.942981 -0.056775 0.04355 -0.227348 0.971181
1542145534.022808 0.397382 -1.924219 0.945556 -0.055688 0.04658 -0.225193 0.971606
1542145534.027819 0.394036 -1.923132 0.948119 -0.053847 0.047379 -0.223688 0.972018
1542145534.032829 0.390694 -1.922237 0.950633 -0.054699 0.049985 -0.221618 0.972314
1542145534.037848 0.387725 -1.921309 0.953264 -0.052925 0.049984 -0.221921 0.972343
1542145534.042862 0.38451 -1.920312 0.955791 -0.052244 0.054271 -0.220053 0.972575
1542145534.047871 0.381466 -1.919481 0.958352 -0.052556 0.057637 -0.218116 0.972801
1542145534.052874 0.378867 -1.918904 0.961072 -0.053492 0.055937 -0.217742 0.972933
1542145534.05787 0.376033 -1.917888 0.963604 -0.050691 0.059267 -0.218786 0.972651
1542145534.062861 0.373181 -1.917005 0.966187 -0.048945 0.064017 -0.217665 0.972691
1542145534.067848 0.370638 -1.916286 0.968796 -0.048326 0.06483 -0.217858 0.972625
1542145534.072828 0.368112 -1.915619 0.971353 -0.049424 0.066668 -0.217498 0.972526
1542145534.077808 0.365679 -1.914898 0.973985 -0.048889 0.069388 -0.216893 0.972498
1542145534.082794 0.363363 -1.914029 0.976461 -0.047369 0.070047 -0.218356 0.972199
1542145534.087789 0.361122 -1.913292 0.979022 -0.046624 0.072536 -0.218261 0.972074
1542145534.092785 0.358932 -1.912554 0.981468 -0.04757 0.074157 -0.217743 0.972021
1542145534.097782 0.356933 -1.911763 0.983826 -0.048163 0.074557 -0.218659 0.971756
1542145534.102777 0.354829 -1.910879 0.986191 -0.047367 0.078866 -0.218514 0.971488
1542145534.107773 0.35282 -1.910006 0.988516 -0.04698 0.082412 -0.21826 0.971269
1542145534.112778 0.351059 -1.909323 0.990752 -0.049919 0.082289 -0.217687 0.971262
1542145534.11779 0.349165 -1.90819 0.99288 -0.046343 0.088082 -0.218222 0.97081
1542145534.122811 0.347546 -1.907378 0.995083 -0.04683 0.090201 -0.219014 0.970414
1542145534.127829 0.345752 -1.906639 0.997093 -0.050254 0.094208 -0.216747 0.970371
1542145534.132843 0.344371 -1.905874 0.999264 -0.049932 0.094929 -0.218115 0.970011
1542145534.137859 0.342756 -1.905021 1.001158 -0.051404 0.098764 -0.217621 0.969662
1542145534.142872 0.341341 -1.904194 1.00307 -0.052339 0.100872 -0.218086 0.96929
1542145534.147876 0.340035 -1.903435 1.004992 -0.053136 0.102333 -0.218601 0.968978
1542145534.152877 0.338632 -1.902663 1.006797 -0.054401 0.105774 -0.218585 0.968542
1542145534.157869 0.337634 -1.902267 1.008796 -0.057997 0.104856 -0.218558 0.968439
1542145534.162861 0.336182 -1.901246 1.010501 -0.055766 0.110926 -0.219189 0.967751
1542145534.167852 0.335217 -1.900592 1.012342 -0.056039 0.112014 -0.22087 0.967227
1542145534.172837 0.334091 -1.899961 1.014096 -0.05784 0.115074 -0.220297 0.966893
1542145534.177822 0.333182 -1.899368 1.015878 -0.059422 0.117131 -0.220634 0.966473
1542145534.182812 0.332346 -1.898663 1.017603 -0.059132 0.119197 -0.221573 0.966023
1542145534.187811 0.331368 -1.898008 1.019256 -0.060702 0.124066 -0.220046 0.965662
1542145534.192808 0.330787 -1.897334 1.020967 -0.06086 0.125132 -0.221123 0.965268
1542145534.197809 0.330137 -1.896364 1.022523 -0.057514 0.128672 -0.222628 0.964662
1542145534.20281 0.3295 -1.895538 1.024013 -0.056748 0.132423 -0.222663 0.964191
1542145534.207811 0.329187 -1.895169 1.025646 -0.060935 0.132279 -0.221159 0.964302
1542145534.212813 0.328801 -1.894359 1.027189 -0.05995 0.135765 -0.220841 0.963952
1542145534.217818 0.328713 -1.893732 1.028763 -0.05959 0.135863 -0.221265 0.963863
1542145534.222828 0.328309 -1.892709 1.030079 -0.057252 0.140664 -0.220373 0.96352
1542145534.227839 0.328671 -1.892344 1.031704 -0.059618 0.137265 -0.221073 0.963707
1542145534.232859 0.328399 -1.891119 1.032859 -0.055248 0.142907 -0.220529 0.963272
1542145534.237878 0.329029 -1.890701 1.0344 -0.056155 0.139146 -0.221675 0.963507
1542145534.24289 0.329306 -1.88983 1.035681 -0.054017 0.140973 -0.221569 0.963388
1542145534.24789 0.329731 -1.889186 1.036936 -0.054478 0.141447 -0.220508 0.963536
1542145534.252882 0.33027 -1.888318 1.038074 -0.051727 0.142781 -0.22022 0.963556
1542145534.257868 0.331227 -1.887738 1.039314 -0.051488 0.140294 -0.22092 0.963774
1542145534.262854 0.331992 -1.886791 1.040306 -0.048398 0.141799 -0.221271 0.963634
1542145534.267835 0.333276 -1.886279 1.041492 -0.047279 0.138866 -0.221889 0.963974
1542145534.272818 0.334384 -1.885602 1.042397 -0.04708 0.13808 -0.220863 0.964332
1542145534.277805 0.335877 -1.884882 1.04348 -0.043049 0.137123 -0.222077 0.964379
1542145534.282798 0.337342 -1.884138 1.044214 -0.041315 0.134797 -0.222616 0.964658
1542145534.287801 0.338851 -1.883285 1.044879 -0.03822 0.135564 -0.222844 0.964625
1542145534.292802 0.340901 -1.882794 1.045747 -0.036756 0.13208 -0.223954 0.964909
1542145534.2978 0.34295 -1.882332 1.046316 -0.037423 0.128778 -0.224314 0.965246
1542145534.302796 0.345222 -1.881914 1.046845 -0.037616 0.125736 -0.225147 0.965445
1542145534.307798 0.347606 -1.881337 1.047411 -0.033853 0.124472 -0.226471 0.965439
1542145534.312802 0.350062 -1.880709 1.047701 -0.030771 0.124294 -0.228306 0.965133
1542145534.317806 0.352826 -1.880186 1.047836 -0.027875 0.121167 -0.231298 0.964906
1542145534.322815 0.355868 -1.88019 1.048092 -0.029793 0.117563 -0.232403 0.965029
1542145534.327828 0.358761 -1.879751 1.048093 -0.028062 0.118423 -0.234085 0.964569
1542145534.332851 0.362076 -1.879558 1.048027 -0.027269 0.116064 -0.23731 0.96409
1542145534.337877 0.365421 -1.879472 1.047821 -0.028003 0.114743 -0.239383 0.963715
1542145534.342902 0.369027 -1.879214 1.047552 -0.025744 0.113524 -0.243553 0.962877
1542145534.347914 0.372579 -1.878863 1.047037 -0.023413 0.114464 -0.247317 0.961865
1542145534.352917 0.376451 -1.87893 1.046624 -0.025044 0.11358 -0.249719 0.961308
1542145534.35791 0.380528 -1.87897 1.046133 -0.025625 0.112124 -0.253628 0.96044
1542145534.362894 0.384829 -1.878911 1.045598 -0.023936 0.110626 -0.258698 0.959304
1542145534.367871 0.389056 -1.87873 1.044878 -0.021268 0.111315 -0.263087 0.958093
1542145534.372844 0.393469 -1.878774 1.044161 -0.021536 0.111004 -0.266675 0.95713
1542145534.377817 0.397957 -1.878792 1.043332 -0.022976 0.111257 -0.269631 0.956239
1542145534.382807 0.402693 -1.87891 1.042555 -0.023284 0.109697 -0.273338 0.955359
1542145534.387808 0.407443 -1.878871 1.041646 -0.022731 0.109172 -0.277329 0.954282
1542145534.392816 0.412356 -1.879092 1.040843 -0.024557 0.108088 -0.27949 0.953729
1542145534.397825 0.417405 -1.879098 1.039909 -0.023488 0.106641 -0.283959 0.952598
1542145534.402833 0.422783 -1.879249 1.038933 -0.022829 0.101721 -0.289967 0.951342
1542145534.407852 0.427974 -1.879471 1.037898 -0.024809 0.099642 -0.292577 0.950713
1542145534.412874 0.4332 -1.879537 1.036812 -0.02393 0.098513 -0.295325 0.950003
1542145534.417893 0.438727 -1.879677 1.035686 -0.023142 0.094932 -0.299718 0.949011
1542145534.422905 0.444163 -1.879809 1.034452 -0.023226 0.093292 -0.303015 0.948124
1542145534.42791 0.44971 -1.880004 1.033262 -0.023326 0.09122 -0.30556 0.947506
1542145534.432913 0.455399 -1.880149 1.031964 -0.023082 0.088483 -0.309338 0.946545
1542145534.437912 0.461023 -1.88032 1.030614 -0.022372 0.086932 -0.311821 0.945891
1542145534.442893 0.466932 -1.88067 1.029301 -0.02354 0.082297 -0.316206 0.944821
1542145534.447867 0.472828 -1.881038 1.027975 -0.024353 0.079075 -0.319321 0.944028
1542145534.452842 0.478738 -1.881324 1.026442 -0.024847 0.075098 -0.32353 0.942906
1542145534.457821 0.484721 -1.881781 1.025074 -0.02584 0.071326 -0.32695 0.941992
1542145534.462802 0.490674 -1.882189 1.023584 -0.02674 0.06855 -0.330125 0.941065
1542145534.467791 0.496699 -1.882628 1.022107 -0.027206 0.065241 -0.333519 0.94009
1542145534.472787 0.502575 -1.883143 1.020597 -0.029241 0.064327 -0.335617 0.939345
1542145534.477785 0.508679 -1.883712 1.019172 -0.029196 0.061264 -0.33906 0.938314
1542145534.482793 0.514724 -1.884331 1.0176 -0.031696 0.05937 -0.342045 0.93727
1542145534.487815 0.520715 -1.88481 1.016012 -0.031295 0.058348 -0.344754 0.936355
1542145534.492836 0.52691 -1.885521 1.014492 -0.031611 0.056339 -0.348791 0.934972
1542145534.49785 0.533064 -1.886145 1.012884 -0.031506 0.053989 -0.351556 0.934077
1542145534.50286 0.538903 -1.886616 1.010987 -0.030905 0.055324 -0.354859 0.93277
1542145534.507866 0.544669 -1.887128 1.009084 -0.030577 0.058384 -0.356713 0.931886
1542145534.512867 0.550743 -1.887878 1.007335 -0.03151 0.056681 -0.35992 0.930727
1542145534.517862 0.556617 -1.888513 1.005461 -0.033271 0.056281 -0.362 0.929883
1542145534.522854 0.56257 -1.88917 1.003734 -0.033236 0.054387 -0.365002 0.928822
1542145534.527842 0.568209 -1.889918 1.001927 -0.037507 0.054858 -0.364471 0.92884
1542145534.532828 0.573733 -1.89027 1.000024 -0.037947 0.056196 -0.364796 0.928615
1542145534.537821 0.579557 -1.890983 0.998135 -0.041432 0.052662 -0.367031 0.927792
1542145534.542827 0.584782 -1.891139 0.99624 -0.040125 0.054588 -0.365942 0.928169
1542145534.547829 0.590377 -1.891982 0.994476 -0.046869 0.051165 -0.365516 0.928215
1542145534.552833 0.595663 -1.892463 0.992679 -0.049666 0.049942 -0.364797 0.928419
1542145534.557838 0.601125 -1.893337 0.991027 -0.05585 0.045553 -0.364699 0.928332
1542145534.562843 0.606472 -1.893923 0.989373 -0.057719 0.042922 -0.365017 0.928218
1542145534.567849 0.611547 -1.8944 0.987605 -0.059542 0.042192 -0.364553 0.928319
1542145534.572853 0.616797 -1.895182 0.985949 -0.063361 0.038309 -0.365182 0.927987
1542145534.577856 0.621771 -1.895778 0.984364 -0.064688 0.037948 -0.36435 0.928237
1542145534.582858 0.626745 -1.896614 0.982907 -0.067863 0.036535 -0.363814 0.928278
1542145534.587866 0.631532 -1.897893 0.981521 -0.075147 0.036693 -0.363229 0.927939
1542145534.592868 0.636342 -1.898682 0.980157 -0.076579 0.035257 -0.362915 0.928001
1542145534.597864 0.640939 -1.899375 0.978786 -0.077812 0.034287 -0.362267 0.928187
1542145534.602857 0.645605 -1.900254 0.977589 -0.078593 0.031859 -0.363021 0.927914
1542145534.607843 0.650028 -1.901115 0.976398 -0.079599 0.029486 -0.362485 0.928116
1542145534.612832 0.654251 -1.902119 0.975294 -0.083308 0.028216 -0.360295 0.928682
1542145534.617822 0.658467 -1.902927 0.974235 -0.083369 0.025565 -0.360121 0.928821
1542145534.622815 0.662612 -1.904043 0.973282 -0.08623 0.022106 -0.359615 0.928845
1542145534.62781 0.66618 -1.904912 0.972216 -0.085495 0.021998 -0.363067 0.927572
1542145534.632805 0.669859 -1.90605 0.971285 -0.090744 0.019811 -0.36153 0.927723
1542145534.637808 0.673089 -1.907725 0.970335 -0.099632 0.019105 -0.363353 0.926112
1542145534.642811 0.677068 -1.90831 0.969544 -0.092988 0.011769 -0.363403 0.926905
1542145534.647814 0.680464 -1.909634 0.968727 -0.097824 0.007913 -0.362847 0.926666
1542145534.652818 0.683695 -1.910873 0.967944 -0.100684 0.004668 -0.362567 0.926491
1542145534.657825 0.686804 -1.912032 0.967216 -0.102864 0.001773 -0.360743 0.926974
1542145534.66283 0.689862 -1.913074 0.966522 -0.1031 -0.002786 -0.359446 0.927449
1542145534.667832 0.692603 -1.914213 0.965748 -0.104832 -0.005441 -0.358177 0.927734
1542145534.672832 0.695138 -1.915458 0.96496 -0.109214 -0.00841 -0.357318 0.927537
1542145534.677831 0.697919 -1.916314 0.964363 -0.107293 -0.014448 -0.354163 0.928896
1542145534.682831 0.700141 -1.917848 0.963379 -0.096611 -0.013569 -0.364286 0.926163
1542145534.687835 0.702326 -1.919081 0.962689 -0.096722 -0.014694 -0.364526 0.92604
1542145534.692834 0.7044 -1.920173 0.96213 -0.099567 -0.021163 -0.359863 0.927436
1542145534.697837 0.70636 -1.921563 0.961527 -0.101293 -0.023354 -0.360412 0.926983
1542145534.702846 0.708211 -1.922503 0.960991 -0.09728 -0.028354 -0.358148 0.92815
1542145534.707857 0.709746 -1.923811 0.960368 -0.099505 -0.029239 -0.358274 0.927838
1542145534.712866 0.711366 -1.925004 0.959934 -0.10279 -0.035608 -0.35411 0.928855
1542145534.717878 0.712654 -1.926089 0.959415 -0.09933 -0.039417 -0.354776 0.928824
1542145534.722885 0.713981 -1.927337 0.958938 -0.098952 -0.042678 -0.354155 0.928957
1542145534.727897 0.714827 -1.928395 0.958198 -0.096664 -0.042236 -0.354863 0.928948
1542145534.732901 0.716035 -1.929519 0.957986 -0.097048 -0.049897 -0.350322 0.930251
1542145534.737902 0.716701 -1.930571 0.95736 -0.096434 -0.051102 -0.347927 0.931148
1542145534.742903 0.717715 -1.932464 0.956329 -0.086051 -0.055769 -0.341514 0.934266
1542145534.747895 0.718099 -1.933577 0.955921 -0.088495 -0.058117 -0.338243 0.935084
1542145534.75288 0.718394 -1.934359 0.955337 -0.083371 -0.05973 -0.334599 0.936763
1542145534.757869 0.718421 -1.935572 0.954895 -0.085024 -0.061484 -0.33281 0.937138
1542145534.762861 0.717961 -1.936819 0.954372 -0.087291 -0.059876 -0.33637 0.935762
1542145534.767848 0.717643 -1.937781 0.953686 -0.082186 -0.060369 -0.334448 0.936881
1542145534.772834 0.717582 -1.938842 0.953205 -0.082467 -0.064852 -0.32743 0.939033
1542145534.77782 0.716497 -1.93956 0.952529 -0.083204 -0.060513 -0.331536 0.937816
1542145534.782811 0.716102 -1.940851 0.952084 -0.079686 -0.065626 -0.326692 0.939476
1542145534.78781 0.715261 -1.942049 0.951378 -0.077933 -0.064934 -0.326896 0.939601
1542145534.79281 0.714112 -1.942589 0.951029 -0.076373 -0.063878 -0.324466 0.940643
1542145534.797815 0.712897 -1.944061 0.950177 -0.074734 -0.060309 -0.327168 0.940074
1542145534.802825 0.711912 -1.944939 0.949708 -0.076676 -0.063363 -0.320125 0.942139
1542145534.807836 0.710633 -1.945788 0.949274 -0.074966 -0.067555 -0.318873 0.94241
1542145534.812848 0.709015 -1.946811 0.948609 -0.068641 -0.065723 -0.319273 0.942886
1542145534.817857 0.707333 -1.947659 0.947987 -0.069613 -0.063745 -0.318032 0.94337
1542145534.822861 0.705762 -1.948865 0.947028 -0.065599 -0.061685 -0.318007 0.943802
1542145534.827864 0.704159 -1.950371 0.946452 -0.06953 -0.067318 -0.318153 0.943087
1542145534.832861 0.70205 -1.951164 0.945889 -0.068428 -0.065833 -0.317571 0.943468
1542145534.837861 0.699937 -1.951643 0.945209 -0.064112 -0.06591 -0.317527 0.943781
1542145534.842865 0.697845 -1.952602 0.944634 -0.064766 -0.068566 -0.31665 0.943841
1542145534.847867 0.69555 -1.953529 0.943959 -0.064636 -0.067928 -0.315727 0.944206
1542145534.852867 0.693155 -1.954309 0.943377 -0.069937 -0.069475 -0.313298 0.944525
1542145534.857863 0.690419 -1.954923 0.942605 -0.06416 -0.06905 -0.31402 0.944726
1542145534.862854 0.6878 -1.95561 0.94218 -0.061619 -0.067764 -0.310418 0.946177
1542145534.867846 0.684908 -1.956531 0.94135 -0.06004 -0.064105 -0.3138 0.945418
1542145534.872846 0.68203 -1.957115 0.940998 -0.058134 -0.065389 -0.315429 0.944907
1542145534.877841 0.67902 -1.957337 0.940563 -0.058021 -0.064304 -0.309431 0.946969
1542145534.882835 0.67567 -1.957981 0.939931 -0.052055 -0.063686 -0.311738 0.946601
1542145534.887832 0.67248 -1.958819 0.939179 -0.054545 -0.06301 -0.311013 0.946745
1542145534.892831 0.668859 -1.959005 0.938592 -0.049252 -0.060517 -0.309184 0.947796
1542145534.897834 0.665293 -1.959334 0.938141 -0.049466 -0.060419 -0.310129 0.947482
1542145534.902838 0.661743 -1.959889 0.93748 -0.048674 -0.059089 -0.304505 0.949429
1542145534.907844 0.65779 -1.960343 0.936832 -0.049781 -0.058639 -0.306854 0.948643
1542145534.912846 0.654048 -1.960387 0.936367 -0.04613 -0.058734 -0.304867 0.949462
1542145534.917843 0.650119 -1.960762 0.935563 -0.046107 -0.06064 -0.301408 0.950448
1542145534.922839 0.646131 -1.961093 0.935148 -0.046406 -0.061325 -0.303433 0.949744
1542145534.92783 0.641875 -1.960937 0.934546 -0.049548 -0.062332 -0.297121 0.951514
1542145534.932818 0.637483 -1.96116 0.933983 -0.051002 -0.064069 -0.297138 0.951316
1542145534.937811 0.633264 -1.960316 0.933663 -0.040323 -0.068204 -0.29287 0.952864
1542145534.942808 0.628343 -1.959798 0.932703 -0.035558 -0.061349 -0.295723 0.952638
1542145534.947807 0.623795 -1.960022 0.932156 -0.043255 -0.065687 -0.292569 0.953004
1542145534.95281 0.61887 -1.959714 0.931519 -0.040421 -0.066113 -0.294307 0.952564
1542145534.957817 0.614397 -1.959975 0.931004 -0.043338 -0.068366 -0.289306 0.953808
1542145534.962828 0.609541 -1.959294 0.930448 -0.038938 -0.068224 -0.28812 0.954367
1542145534.967847 0.604241 -1.958919 0.930193 -0.044193 -0.069675 -0.288535 0.953908
1542145534.972859 0.599446 -1.95856 0.929677 -0.045234 -0.071439 -0.285541 0.954629
1542145534.977869 0.594037 -1.957821 0.929008 -0.044546 -0.068553 -0.287072 0.954414
1542145534.982872 0.589171 -1.957054 0.928583 -0.040639 -0.07188 -0.281694 0.955945
1542145534.987869 0.58397 -1.956907 0.927908 -0.039656 -0.07283 -0.278783 0.956767
1542145534.99286 0.578805 -1.955924 0.92762 -0.038674 -0.075414 -0.276206 0.957354
1542145534.997849 0.573289 -1.955341 0.926723 -0.037686 -0.070091 -0.27598 0.957863
1542145535.002838 0.567826 -1.954909 0.925995 -0.04031 -0.068136 -0.274115 0.958433
1542145535.007831 0.562359 -1.953557 0.925292 -0.03771 -0.067949 -0.27192 0.959177
1542145535.012833 0.556894 -1.953135 0.9246 -0.040481 -0.067747 -0.270404 0.959507
1542145535.017839 0.551416 -1.952021 0.923829 -0.03606 -0.066676 -0.26642 0.960872
1542145535.02285 0.545613 -1.951498 0.922712 -0.038197 -0.060082 -0.265244 0.961549
1542145535.027853 0.539915 -1.950673 0.922109 -0.048253 -0.063444 -0.257741 0.962921
1542145535.032854 0.534768 -1.948883 0.921494 -0.045717 -0.068144 -0.246783 0.96559
1542145535.037853 0.528999 -1.948054 0.920417 -0.046512 -0.064476 -0.245502 0.966131
1542145535.042863 0.523593 -1.94636 0.919833 -0.046443 -0.068225 -0.236175 0.968199
1542145535.047871 0.51801 -1.944972 0.918722 -0.04533 -0.068315 -0.230891 0.969519
1542145535.052877 0.512265 -1.943418 0.917653 -0.044854 -0.06777 -0.225444 0.970861
1542145535.057877 0.506535 -1.942175 0.916417 -0.048149 -0.066345 -0.218207 0.972454
1542145535.062873 0.500886 -1.941012 0.915266 -0.049814 -0.065847 -0.215491 0.973009
1542145535.067864 0.49544 -1.939131 0.914397 -0.04602 -0.06775 -0.207576 0.974784
1542145535.072849 0.489608 -1.938057 0.913131 -0.05388 -0.06685 -0.201327 0.975754
1542145535.077832 0.483956 -1.936738 0.912133 -0.056283 -0.067694 -0.195547 0.976735
1542145535.082814 0.478215 -1.935151 0.911012 -0.055279 -0.0665 -0.190113 0.977946
1542145535.087801 0.472451 -1.933479 0.909817 -0.052926 -0.065471 -0.18624 0.978891
1542145535.092787 0.466767 -1.932115 0.908599 -0.055797 -0.066075 -0.181878 0.979511
1542145535.097779 0.460993 -1.930637 0.907305 -0.057281 -0.065336 -0.177809 0.980221
1542145535.102778 0.455186 -1.929287 0.906055 -0.061415 -0.06381 -0.172519 0.981017
1542145535.107785 0.449423 -1.927915 0.904804 -0.064002 -0.061183 -0.167908 0.981818
1542145535.112791 0.443749 -1.925976 0.903652 -0.05904 -0.059239 -0.16263 0.983136
1542145535.117797 0.438016 -1.924265 0.902321 -0.059575 -0.057782 -0.15797 0.98395
1542145535.122809 0.432289 -1.922824 0.901069 -0.063099 -0.055985 -0.152276 0.984731
1542145535.127819 0.426494 -1.921195 0.899805 -0.0646 -0.052777 -0.146246 0.985725
1542145535.132828 0.420997 -1.919641 0.898844 -0.065789 -0.053067 -0.141339 0.986346
1542145535.137845 0.415506 -1.918374 0.897776 -0.071582 -0.052804 -0.136705 0.98661
1542145535.142867 0.409818 -1.91651 0.896587 -0.070265 -0.050891 -0.131911 0.987458
1542145535.147883 0.404226 -1.914945 0.895506 -0.071892 -0.049863 -0.127007 0.988036
1542145535.152898 0.398719 -1.913428 0.894587 -0.07371 -0.048171 -0.121796 0.988641
1542145535.157905 0.393227 -1.91193 0.893666 -0.075853 -0.046058 -0.116461 0.989223
1542145535.162903 0.387647 -1.910284 0.892729 -0.075876 -0.042584 -0.110859 0.99002
1542145535.167896 0.382374 -1.908868 0.892013 -0.077841 -0.041951 -0.106097 0.990416
1542145535.172886 0.377078 -1.907351 0.891252 -0.078702 -0.040998 -0.101211 0.990899
1542145535.177876 0.371699 -1.905761 0.89043 -0.079087 -0.038653 -0.095803 0.9915
1542145535.182864 0.36655 -1.904205 0.889746 -0.078865 -0.038329 -0.091316 0.991954
1542145535.187851 0.361383 -1.902649 0.888967 -0.079522 -0.037226 -0.087055 0.992327
1542145535.192837 0.356517 -1.901397 0.888521 -0.081313 -0.038284 -0.082789 0.992506
1542145535.197822 0.351569 -1.899885 0.887935 -0.080442 -0.037628 -0.078978 0.992913
1542145535.202817 0.346679 -1.898348 0.887456 -0.078355 -0.036923 -0.075732 0.993359
1542145535.207817 0.341827 -1.896998 0.886807 -0.079673 -0.036705 -0.071506 0.993575
1542145535.212818 0.33687 -1.895431 0.886049 -0.078636 -0.034193 -0.06745 0.994031
1542145535.217822 0.332119 -1.894171 0.885433 -0.081428 -0.033069 -0.062241 0.994184
1542145535.222827 0.327593 -1.892818 0.884886 -0.082066 -0.033123 -0.059305 0.994309
1542145535.227831 0.323065 -1.891419 0.884303 -0.082152 -0.032778 -0.056746 0.994463
1542145535.232836 0.318461 -1.889965 0.883689 -0.082016 -0.03098 -0.052846 0.994747
1542145535.237842 0.314016 -1.888524 0.8831 -0.082667 -0.029094 -0.049473 0.994923
1542145535.242847 0.309617 -1.887015 0.882493 -0.081532 -0.02704 -0.047144 0.995188
1542145535.247849 0.305267 -1.885723 0.881862 -0.08439 -0.025385 -0.042654 0.995196
1542145535.252849 0.301063 -1.88419 0.881206 -0.084588 -0.024319 -0.040535 0.995294
1542145535.257848 0.29683 -1.882796 0.880595 -0.086049 -0.022244 -0.036445 0.995376
1542145535.262844 0.29264 -1.881371 0.879999 -0.087372 -0.018204 -0.031991 0.995496
1542145535.267843 0.288551 -1.879925 0.879407 -0.088751 -0.017202 -0.028763 0.99549
1542145535.272851 0.284592 -1.87845 0.878836 -0.089796 -0.016291 -0.025713 0.995495
1542145535.277853 0.280674 -1.877032 0.878299 -0.091222 -0.014948 -0.022569 0.995463
1542145535.282851 0.276715 -1.875625 0.877667 -0.093789 -0.013382 -0.017986 0.99534
1542145535.287849 0.272914 -1.873991 0.877127 -0.092688 -0.01306 -0.015745 0.995485
1542145535.292843 0.26918 -1.872555 0.876596 -0.094884 -0.012855 -0.012233 0.99533
1542145535.297837 0.265492 -1.871165 0.876152 -0.096667 -0.011584 -0.007422 0.995222
1542145535.302832 0.262068 -1.869709 0.875756 -0.09746 -0.012676 -0.004791 0.995147
1542145535.307828 0.258559 -1.868095 0.87515 -0.098352 -0.012347 -0.002527 0.995072
1542145535.312823 0.255098 -1.866625 0.874816 -0.098542 -0.010006 0.001798 0.995081
1542145535.317819 0.251822 -1.86501 0.874301 -0.099725 -0.010301 0.004556 0.994951
1542145535.322815 0.248717 -1.863404 0.873799 -0.100554 -0.010917 0.006654 0.994849
1542145535.327812 0.245664 -1.861851 0.873456 -0.101596 -0.00923 0.009714 0.994735
1542145535.332812 0.242921 -1.860334 0.873191 -0.102681 -0.010265 0.01176 0.994592
1542145535.337817 0.240118 -1.858773 0.872847 -0.104677 -0.008866 0.015193 0.994351
1542145535.34282 0.237431 -1.857102 0.872481 -0.105566 -0.007768 0.017924 0.99422
1542145535.347821 0.234999 -1.855473 0.872254 -0.105988 -0.007583 0.019207 0.994153
1542145535.352811 0.232834 -1.853846 0.872154 -0.106849 -0.008166 0.0203 0.994034
1542145535.357805 0.230789 -1.852352 0.87208 -0.109582 -0.008348 0.021841 0.993703
1542145535.362799 0.228626 -1.850696 0.871942 -0.110033 -0.006084 0.024596 0.993605
1542145535.367794 0.226774 -1.848986 0.871886 -0.110128 -0.005843 0.025589 0.993571
1542145535.372793 0.225164 -1.847387 0.871967 -0.110901 -0.005948 0.025928 0.993475
1542145535.377794 0.223786 -1.84577 0.872078 -0.111579 -0.006304 0.0257 0.993403
1542145535.382796 0.222257 -1.844097 0.872062 -0.112769 -0.004297 0.027141 0.993241
1542145535.387805 0.221323 -1.842487 0.872465 -0.111792 -0.004923 0.025187 0.9934
1542145535.392813 0.220364 -1.840912 0.872728 -0.112508 -0.003457 0.024554 0.993341
1542145535.397819 0.219563 -1.839175 0.872973 -0.11097 -0.001583 0.023305 0.993549
1542145535.402826 0.21889 -1.837469 0.873318 -0.109738 0.000949 0.022085 0.993715
1542145535.407832 0.218516 -1.835907 0.873734 -0.109025 0.002175 0.019082 0.993853
1542145535.412835 0.218163 -1.834372 0.87408 -0.110028 0.004415 0.017119 0.993771
1542145535.417838 0.217831 -1.832708 0.874437 -0.109204 0.007726 0.01578 0.993864
1542145535.422841 0.218391 -1.831313 0.875184 -0.108686 0.003836 0.008533 0.994032
1542145535.427841 0.218494 -1.829732 0.875712 -0.107188 0.005117 0.004635 0.994215
1542145535.432841 0.21855 -1.828171 0.87624 -0.106144 0.007772 0.00217 0.994318
1542145535.437844 0.218826 -1.826623 0.876847 -0.104969 0.009328 -0.000987 0.994431
1542145535.442847 0.219337 -1.825074 0.877462 -0.103633 0.009286 -0.005664 0.994556
1542145535.44785 0.219691 -1.823619 0.878078 -0.103169 0.011632 -0.008124 0.994563
1542145535.452852 0.220268 -1.822093 0.878736 -0.101531 0.01231 -0.012088 0.994683
1542145535.457853 0.220836 -1.820624 0.879405 -0.100593 0.013837 -0.015273 0.994714
1542145535.462852 0.221538 -1.819124 0.880117 -0.098645 0.014852 -0.019155 0.994827
1542145535.46785 0.222179 -1.817654 0.88072 -0.097996 0.016552 -0.022105 0.994804
1542145535.472849 0.222985 -1.816162 0.881375 -0.096478 0.017276 -0.025557 0.994857
1542145535.477848 0.223748 -1.814777 0.881941 -0.09661 0.018649 -0.028228 0.994747
1542145535.482844 0.224735 -1.813358 0.882569 -0.095293 0.018001 -0.032752 0.994747
1542145535.487839 0.225467 -1.811897 0.883092 -0.095054 0.020438 -0.033807 0.994688
1542145535.492832 0.226475 -1.810559 0.88366 -0.094598 0.020886 -0.037296 0.994597
1542145535.497826 0.227304 -1.809202 0.884186 -0.093632 0.02341 -0.038707 0.994579
1542145535.502822 0.228404 -1.807907 0.884681 -0.093284 0.023319 -0.041973 0.994481
1542145535.507821 0.229502 -1.806581 0.885195 -0.092202 0.023708 -0.044393 0.994468
1542145535.512822 0.230597 -1.805484 0.88562 -0.094652 0.024125 -0.04621 0.994145
1542145535.517824 0.231777 -1.804257 0.886138 -0.093736 0.024091 -0.04871 0.994113
1542145535.522824 0.233027 -1.803169 0.886649 -0.094497 0.023564 -0.050994 0.993939
1542145535.527824 0.234196 -1.802095 0.887037 -0.096382 0.024094 -0.052288 0.993678
1542145535.532822 0.23555 -1.800958 0.887455 -0.095427 0.023666 -0.055287 0.993618
1542145535.537822 0.236869 -1.799917 0.887897 -0.095752 0.023963 -0.057091 0.993478
1542145535.542824 0.238283 -1.798993 0.88836 -0.096541 0.024432 -0.059143 0.99327
1542145535.547827 0.239808 -1.798108 0.888775 -0.097688 0.02439 -0.061435 0.99302
1542145535.552831 0.241203 -1.797137 0.889143 -0.097894 0.026411 -0.062276 0.992895
1542145535.557837 0.242911 -1.796338 0.889683 -0.097674 0.026059 -0.064932 0.992756
1542145535.56284 0.2445 -1.79556 0.890012 -0.099353 0.027661 -0.066526 0.99244
