# timestamp[secs] tx ty tz qx qy qz qw
0.018 -0.0 0.0 0.0 -0.0 -0.0 0.0 1.0
0.023002 5.4e-05 0.000109 0.000809 0.000169 -0.000812 -0.000279 1.0
0.027998 0.000113 0.000242 0.001637 0.000291 -0.00165 -0.000915 0.999998
0.03299 0.000196 0.000379 0.002462 0.000566 -0.002706 -0.001396 0.999995
0.037981 0.000266 0.000523 0.003309 0.000802 -0.003602 -0.001896 0.999991
0.04297 0.000406 0.000779 0.004973 0.001156 -0.005401 -0.002655 0.999981
0.047958 0.000576 0.001064 0.006666 0.001592 -0.007278 -0.003356 0.999967
0.052947 0.000748 0.001389 0.008391 0.00211 -0.009076 -0.004102 0.999948
0.057937 0.000951 0.001727 0.010131 0.002652 -0.011057 -0.004575 0.999925
0.062931 0.001178 0.002076 0.011901 0.003115 -0.013019 -0.004767 0.999899
0.067928 0.001284 0.002253 0.012782 0.003375 -0.014037 -0.005156 0.999882
0.072925 0.001495 0.002609 0.014592 0.003784 -0.015625 -0.004654 0.99986
0.077925 0.001667 0.002975 0.016445 0.003988 -0.016636 -0.003787 0.999846
0.08293 0.001841 0.003361 0.0183 0.004227 -0.017603 -0.002488 0.999833
0.087938 0.002051 0.003965 0.02112 0.004505 -0.018438 -0.000185 0.99982
0.09295 0.002153 0.004392 0.023014 0.004592 -0.018653 0.001953 0.999814
0.097963 0.002276 0.004845 0.024899 0.004735 -0.018902 0.00435 0.999801
0.102975 0.002345 0.005332 0.026788 0.004979 -0.018931 0.006745 0.999786
0.107983 0.00241 0.00588 0.02867 0.005341 -0.019103 0.008799 0.999765
0.112989 0.002534 0.006818 0.031453 0.006199 -0.020159 0.011296 0.999714
0.117992 0.002633 0.007452 0.033297 0.006846 -0.021063 0.013146 0.999668
0.12299 0.00271 0.008122 0.035133 0.007532 -0.022164 0.014593 0.999619
0.127991 0.002768 0.008811 0.036963 0.008275 -0.023373 0.01595 0.999565
0.132987 0.002754 0.009171 0.037881 0.008629 -0.023898 0.01641 0.999542
0.137981 0.002737 0.009883 0.039718 0.009318 -0.024921 0.017372 0.999495
0.142973 0.002718 0.01059 0.041541 0.009942 -0.026123 0.018403 0.99944
0.147964 0.002648 0.011293 0.043358 0.010487 -0.027223 0.019319 0.999388
0.152956 0.002554 0.011982 0.045155 0.010949 -0.028408 0.020309 0.99933
0.157949 0.00239 0.012667 0.046945 0.011246 -0.029304 0.021068 0.999285
0.162946 0.002312 0.01302 0.047853 0.011433 -0.029748 0.021291 0.999265
0.167944 0.002053 0.013694 0.04962 0.011512 -0.030338 0.021866 0.999234
0.172944 0.001758 0.014372 0.051349 0.011583 -0.030779 0.022536 0.999205
0.177946 0.001401 0.015045 0.053034 0.011598 -0.031093 0.02337 0.999176
0.182949 0.000783 0.016067 0.055515 0.011518 -0.031304 0.024413 0.999145
0.187952 0.000228 0.016785 0.057101 0.0117 -0.030619 0.025506 0.999137
0.192957 -0.000407 0.017539 0.058641 0.011966 -0.029543 0.026472 0.999141
0.197961 -0.001113 0.018332 0.06013 0.012395 -0.028213 0.02746 0.999148
0.202965 -0.00258 0.020132 0.062857 0.014109 -0.025655 0.029432 0.999138
0.20797 -0.002959 0.020553 0.063568 0.014412 -0.024901 0.029985 0.999136
0.212973 -0.003741 0.021515 0.06488 0.01544 -0.023367 0.03089 0.99913
0.217969 -0.00453 0.022518 0.066153 0.016598 -0.021816 0.031894 0.999115
0.222966 -0.005283 0.023558 0.067373 0.017784 -0.020634 0.032811 0.99909
0.227959 -0.005665 0.024112 0.067957 0.018464 -0.019967 0.03339 0.999072
0.232951 -0.006041 0.024632 0.068569 0.019072 -0.019388 0.033799 0.999059
0.237946 -0.006754 0.025726 0.069732 0.020411 -0.018389 0.03511 0.999006
0.242945 -0.00749 0.026839 0.070885 0.021738 -0.017279 0.036447 0.99895
0.247946 -0.008201 0.027969 0.072028 0.023078 -0.016214 0.037846 0.998885
0.252957 -0.009253 0.029658 0.07373 0.025022 -0.014773 0.040309 0.998765
0.257974 -0.009932 0.030779 0.074856 0.026269 -0.013995 0.042081 0.998671
0.262988 -0.010619 0.03189 0.075991 0.027453 -0.013208 0.043765 0.998577
0.268003 -0.01162 0.033502 0.077688 0.028945 -0.012409 0.046207 0.998435
0.27301 -0.012343 0.034557 0.078825 0.029916 -0.011652 0.047552 0.998353
0.278011 -0.01306 0.035578 0.079968 0.030745 -0.010911 0.048814 0.998275
0.283008 -0.013773 0.036567 0.081096 0.031528 -0.010457 0.049914 0.998201
0.287995 -0.014153 0.037027 0.081655 0.031848 -0.010253 0.050116 0.998183
0.29298 -0.014899 0.037965 0.082781 0.032506 -0.00982 0.050792 0.998132
0.297964 -0.015669 0.038866 0.083907 0.033085 -0.009369 0.051207 0.998096
0.302946 -0.016453 0.039724 0.085023 0.033531 -0.009006 0.051415 0.998074
0.307931 -0.017263 0.040545 0.086136 0.03395 -0.008653 0.051426 0.998062
0.312919 -0.01768 0.040968 0.0867 0.034171 -0.008321 0.051405 0.998058
0.317912 -0.018539 0.041723 0.087823 0.034378 -0.007906 0.051018 0.998075
0.322914 -0.019439 0.042441 0.08895 0.034546 -0.007339 0.050593 0.998095
0.327923 -0.020359 0.04313 0.090082 0.03462 -0.006754 0.050055 0.998123
0.332926 -0.021781 0.044113 0.091789 0.034616 -0.005738 0.049315 0.998167
0.337931 -0.022771 0.044723 0.092949 0.034509 -0.004944 0.048871 0.998197
0.342938 -0.02378 0.045318 0.094125 0.034437 -0.004059 0.048492 0.998221
0.347945 -0.02481 0.04591 0.095311 0.034433 -0.003085 0.048162 0.998241
0.352954 -0.025832 0.046493 0.096497 0.03444 -0.002233 0.047893 0.998256
0.357962 -0.026867 0.047071 0.097686 0.034508 -0.001429 0.047613 0.998269
0.362968 -0.027943 0.047634 0.098889 0.034651 -0.000364 0.047334 0.998278
0.367982 -0.029003 0.048188 0.10009 0.034775 0.00047 0.046985 0.99829
0.37299 -0.030605 0.049003 0.101888 0.035028 0.001876 0.04626 0.998313
0.377993 -0.031678 0.049535 0.103083 0.035226 0.002812 0.045735 0.998328
0.382993 -0.032768 0.050037 0.104291 0.03524 0.00384 0.045086 0.998354
0.38799 -0.033832 0.050526 0.105494 0.035273 0.004735 0.044506 0.998375
0.392984 -0.034358 0.050752 0.1061 0.035208 0.005157 0.044122 0.998392
0.397976 -0.035409 0.051218 0.107307 0.035172 0.005941 0.043404 0.998421
0.402969 -0.036445 0.051667 0.108527 0.034988 0.006679 0.042618 0.998456
0.407959 -0.03746 0.052103 0.109744 0.034819 0.007262 0.041874 0.99849
0.41295 -0.038456 0.052515 0.110966 0.034562 0.007719 0.041206 0.998523
0.41794 -0.038968 0.052725 0.111574 0.034447 0.00802 0.040821 0.99854
0.422943 -0.039927 0.053123 0.112802 0.034077 0.008143 0.040006 0.998585
0.427944 -0.040865 0.053518 0.114032 0.033763 0.008173 0.039258 0.998625
0.432947 -0.041784 0.053905 0.115266 0.03341 0.008099 0.038436 0.99867
0.437952 -0.043111 0.054472 0.117121 0.032835 0.007621 0.03736 0.998733
0.442956 -0.043992 0.054843 0.118359 0.032471 0.00722 0.036564 0.998778
0.447959 -0.045365 0.055403 0.120248 0.031893 0.007215 0.035136 0.998847
0.452963 -0.046276 0.055779 0.121504 0.031541 0.00718 0.034212 0.998891
0.45796 -0.047184 0.056154 0.122759 0.031155 0.007206 0.033392 0.998931
0.462958 -0.048096 0.056534 0.12401 0.030801 0.007288 0.032526 0.99897
0.467956 -0.048096 0.056534 0.12401 0.030801 0.007288 0.032526 0.99897
0.472954 -0.049033 0.056922 0.12527 0.030441 0.007638 0.031653 0.999006
0.477954 -0.049999 0.057317 0.126537 0.030068 0.008229 0.030685 0.999043
0.482958 -0.050942 0.057727 0.127801 0.029708 0.00879 0.029838 0.999074
0.487959 -0.052317 0.058363 0.129688 0.029256 0.009457 0.028535 0.99912
0.49296 -0.053217 0.058807 0.130949 0.029003 0.009917 0.027728 0.999145
0.497964 -0.054104 0.059272 0.132223 0.028774 0.010473 0.026883 0.999169
0.502968 -0.055363 0.060009 0.134164 0.028467 0.011096 0.025702 0.999203
0.50797 -0.056172 0.060513 0.135463 0.028308 0.011361 0.024989 0.999222
0.51297 -0.056947 0.061024 0.136772 0.028099 0.011588 0.024323 0.999242
0.51797 -0.057701 0.061538 0.138099 0.027892 0.011781 0.023614 0.999263
0.522967 -0.058046 0.061798 0.138774 0.027725 0.01177 0.023298 0.999275
0.527961 -0.05876 0.062306 0.140114 0.027456 0.011815 0.022832 0.999292
0.532956 -0.05944 0.06282 0.141463 0.027116 0.011812 0.022266 0.999314
0.537952 -0.060106 0.063333 0.142826 0.02672 0.011805 0.021633 0.999339
0.542949 -0.060449 0.063588 0.143505 0.02652 0.011796 0.021355 0.999351
0.547948 -0.06105 0.064097 0.144865 0.026088 0.01153 0.020829 0.999376
0.552949 -0.061662 0.064595 0.146237 0.025565 0.011447 0.020262 0.999402
0.557951 -0.062256 0.065111 0.147606 0.025089 0.011266 0.019551 0.999431
0.562955 -0.063129 0.065888 0.149649 0.024369 0.011007 0.01863 0.999469
0.567958 -0.063647 0.066407 0.150986 0.023953 0.010808 0.018164 0.99949
0.57296 -0.064167 0.066956 0.152326 0.023646 0.010734 0.017549 0.999509
0.577969 -0.064663 0.067519 0.153655 0.023447 0.010613 0.017081 0.999523
0.582977 -0.065368 0.068414 0.155644 0.023346 0.010616 0.016567 0.999534
0.58798 -0.065795 0.069024 0.156973 0.023231 0.010529 0.016294 0.999542
0.592979 -0.066205 0.069636 0.158313 0.023096 0.010562 0.016196 0.999546
0.597978 -0.06659 0.070252 0.159664 0.022915 0.010532 0.016105 0.999552
0.602975 -0.066751 0.070571 0.16035 0.022793 0.010418 0.016148 0.999555
0.607972 -0.067116 0.071212 0.161727 0.022544 0.010385 0.01593 0.999565
0.61297 -0.067452 0.071839 0.163109 0.022182 0.01023 0.015775 0.999577
0.617966 -0.067752 0.07246 0.164497 0.021801 0.009961 0.015745 0.999589
0.622961 -0.068038 0.07307 0.165906 0.021211 0.00975 0.015503 0.999607
0.627954 -0.068302 0.073674 0.167315 0.020638 0.009391 0.015256 0.999627
0.632949 -0.068445 0.07398 0.16802 0.02037 0.00926 0.015179 0.999634
0.637946 -0.068696 0.074571 0.169437 0.019733 0.008882 0.014766 0.999657
0.642946 -0.068915 0.075154 0.170859 0.019087 0.008484 0.014345 0.999679
0.647948 -0.069157 0.075722 0.172293 0.018319 0.008245 0.013716 0.999704
0.65295 -0.069254 0.075995 0.173007 0.017967 0.008117 0.013554 0.999714
0.657953 -0.069702 0.077104 0.175885 0.016424 0.007722 0.012588 0.999756
0.662958 -0.06991 0.077652 0.177326 0.015695 0.007629 0.01223 0.999773
0.667964 -0.070063 0.078187 0.178762 0.01492 0.007394 0.012147 0.999788
0.67297 -0.070253 0.078983 0.180925 0.013661 0.007105 0.012226 0.999807
0.677973 -0.070388 0.079509 0.182366 0.012811 0.006985 0.012365 0.999817
0.682972 -0.070498 0.080033 0.183813 0.011947 0.006921 0.01256 0.999826
0.687967 -0.07063 0.080556 0.185267 0.011015 0.007046 0.012759 0.999833
0.69296 -0.070688 0.08081 0.185986 0.010592 0.007153 0.013015 0.999834
0.697952 -0.070794 0.081325 0.187425 0.009752 0.007254 0.013332 0.999837
0.702943 -0.070909 0.081838 0.188861 0.008923 0.007481 0.013625 0.999839
0.707937 -0.070971 0.082095 0.189587 0.008465 0.00762 0.013765 0.99984
0.712937 -0.071093 0.082607 0.191016 0.007708 0.008036 0.013988 0.99984
0.71794 -0.071211 0.083116 0.192439 0.00699 0.008416 0.014111 0.999841
0.72294 -0.071276 0.083629 0.193846 0.006334 0.008592 0.014258 0.999841
0.727942 -0.071397 0.084406 0.19595 0.005405 0.008993 0.014321 0.999842
0.732945 -0.071424 0.084937 0.197337 0.004833 0.009014 0.014108 0.999848
0.73795 -0.07145 0.085476 0.198716 0.004343 0.009077 0.014023 0.999851
0.742955 -0.071414 0.08603 0.200084 0.003919 0.008835 0.013999 0.999855
0.747959 -0.071218 0.087194 0.202831 0.003035 0.00848 0.014352 0.999856
0.752964 -0.071173 0.087479 0.203515 0.002805 0.008329 0.014406 0.999858
0.757968 -0.071084 0.088072 0.204892 0.002425 0.008349 0.014821 0.999852
0.762965 -0.070932 0.088659 0.206259 0.002091 0.008218 0.015766 0.99984
0.767961 -0.07079 0.08925 0.207637 0.001722 0.008312 0.016804 0.999823
0.772953 -0.07079 0.08925 0.207637 0.001722 0.008312 0.016804 0.999823
0.777946 -0.070604 0.089841 0.209013 0.001326 0.008362 0.018096 0.9998
0.782947 -0.070415 0.090431 0.210392 0.000934 0.008577 0.019604 0.999771
0.78795 -0.070206 0.091024 0.21176 0.000599 0.008723 0.02128 0.999735
0.792954 -0.069895 0.091887 0.213813 9.3e-05 0.009097 0.024459 0.999659
0.797958 -0.069661 0.092468 0.215179 -0.000231 0.009441 0.026558 0.999603
0.802962 -0.069421 0.09306 0.216539 -0.000537 0.009746 0.028391 0.999549
0.807972 -0.069149 0.09366 0.217879 -0.000723 0.009904 0.03033 0.999491
0.81298 -0.068834 0.094277 0.219191 -0.000798 0.009702 0.032011 0.99944
0.817991 -0.068557 0.094896 0.220514 -0.000802 0.009787 0.033504 0.99939
0.822999 -0.068143 0.095863 0.222468 -0.000555 0.009751 0.035016 0.999339
0.828003 -0.067874 0.096507 0.223767 -0.000375 0.009776 0.036064 0.999302
0.833003 -0.06759 0.097161 0.225059 -0.000107 0.009767 0.037115 0.999263
0.838004 -0.067321 0.097821 0.226345 0.00022 0.00983 0.038177 0.999223
0.842999 -0.067195 0.098152 0.227 0.000343 0.010007 0.038773 0.999198
0.847987 -0.066933 0.098817 0.228295 0.00066 0.01016 0.039847 0.999154
0.852973 -0.066711 0.09948 0.229619 0.000949 0.010754 0.04098 0.999102
0.857959 -0.066451 0.100141 0.23093 0.001184 0.011081 0.042316 0.999042
0.862947 -0.066326 0.10047 0.231582 0.001309 0.011265 0.042976 0.999012
0.867948 -0.066079 0.101119 0.232919 0.001477 0.011811 0.044566 0.998936
0.872952 -0.065814 0.101761 0.234261 0.001597 0.012309 0.046261 0.998852
0.877957 -0.065574 0.102395 0.235618 0.001603 0.012963 0.047786 0.998772
0.882962 -0.065178 0.103329 0.237658 0.00161 0.013673 0.050318 0.998638
0.887975 -0.064953 0.103927 0.239054 0.001468 0.014433 0.0517 0.998557
0.892987 -0.0647 0.104503 0.240442 0.001236 0.014801 0.053102 0.998479
0.898002 -0.064455 0.105084 0.24184 0.00107 0.015175 0.054129 0.998418
0.903013 -0.064102 0.105956 0.243943 0.000939 0.015558 0.05505 0.998362
0.908017 -0.063869 0.106546 0.245348 0.000889 0.015657 0.055431 0.998339
0.913016 -0.063641 0.107145 0.246755 0.000908 0.015684 0.05557 0.998331
0.91801 -0.063427 0.107757 0.248159 0.000994 0.015693 0.055497 0.998335
0.923 -0.063316 0.108078 0.248857 0.001093 0.015591 0.05537 0.998344
0.927989 -0.063089 0.108706 0.250253 0.001242 0.015431 0.055359 0.998346
0.932976 -0.062888 0.109357 0.251657 0.001466 0.015375 0.055123 0.99836
0.937962 -0.062682 0.110004 0.253063 0.001649 0.015349 0.055209 0.998355
0.942951 -0.062496 0.110672 0.254483 0.001799 0.015424 0.055149 0.998357
0.947943 -0.062396 0.111003 0.255184 0.001912 0.015372 0.055111 0.99836
0.952942 -0.062221 0.111673 0.256607 0.002033 0.015584 0.055478 0.998336
0.957944 -0.062022 0.112346 0.258037 0.002055 0.015656 0.056037 0.998304
0.962946 -0.061845 0.113032 0.259479 0.002027 0.015958 0.056658 0.998264
0.967949 -0.061585 0.11407 0.26165 0.00196 0.01645 0.057833 0.998189
0.972949 -0.0614 0.114767 0.263105 0.001812 0.016734 0.0589 0.998122
0.977956 -0.061251 0.115481 0.264562 0.001664 0.017106 0.059638 0.998072
0.982963 -0.061065 0.116195 0.265993 0.00156 0.017082 0.060702 0.998009
0.987968 -0.060896 0.116935 0.267432 0.001473 0.017206 0.061399 0.997964
0.992972 -0.060699 0.118074 0.269579 0.001379 0.017317 0.062321 0.997905
0.997976 -0.060576 0.118841 0.271013 0.00129 0.017397 0.062908 0.997867
1.002978 -0.060456 0.119621 0.272449 0.001187 0.017459 0.063415 0.997834
1.007975 -0.060376 0.120416 0.273885 0.00108 0.017577 0.063758 0.99781
1.012971 -0.060338 0.120826 0.274608 0.001015 0.017648 0.064027 0.997792
1.017966 -0.060263 0.121645 0.276045 0.000946 0.017694 0.064401 0.997767
1.022962 -0.060195 0.122479 0.277482 0.000833 0.017772 0.064711 0.997745
1.027959 -0.060166 0.12289 0.278204 0.000757 0.017814 0.064856 0.997735
1.032957 -0.060129 0.123754 0.279641 0.000686 0.017909 0.065035 0.997722
1.037955 -0.060088 0.124631 0.281068 0.000629 0.017965 0.06534 0.997701
1.042957 -0.06008 0.125531 0.282495 0.000557 0.018046 0.065354 0.997699
1.047961 -0.060051 0.126905 0.284614 0.000518 0.018002 0.0656 0.997683
1.052965 -0.060066 0.127865 0.286004 0.000506 0.01791 0.06542 0.997697
1.057968 -0.060079 0.128832 0.287387 0.000409 0.01792 0.065455 0.997695
1.06297 -0.060153 0.130349 0.28943 0.000344 0.018091 0.065537 0.997686
1.067971 -0.060198 0.131371 0.290775 0.000255 0.018108 0.06577 0.99767
1.07297 -0.060254 0.13242 0.2921 0.000194 0.01813 0.066118 0.997647
1.07797 -0.060322 0.13349 0.293408 0.000134 0.018255 0.066699 0.997606
1.082969 -0.060411 0.134633 0.294665 0.000201 0.01852 0.067648 0.997537
1.087969 -0.0604 0.134595 0.294692 0.000145 0.018413 0.067319 0.997562
1.092966 -0.06049 0.135715 0.295967 0.000141 0.018715 0.068223 0.997495
1.097963 -0.060588 0.136881 0.29721 0.000269 0.018931 0.069124 0.997428
1.102971 -0.060734 0.138641 0.299055 0.0004 0.019267 0.070838 0.997302
1.107974 -0.060861 0.139862 0.30026 0.000579 0.019707 0.071997 0.99721
1.112973 -0.060999 0.1411 0.301443 0.000789 0.020127 0.073265 0.997109
1.117971 -0.061136 0.142356 0.302615 0.000999 0.020589 0.074618 0.996999
1.122979 -0.061305 0.143629 0.30378 0.001171 0.02098 0.075685 0.99691
1.127981 -0.061462 0.144922 0.304921 0.001391 0.021219 0.076799 0.99682
1.132989 -0.061746 0.1469 0.306609 0.001778 0.021584 0.077997 0.996718
1.137995 -0.061957 0.148232 0.307729 0.002017 0.021926 0.078636 0.99666
1.142998 -0.06213 0.149583 0.308815 0.002289 0.021859 0.07936 0.996604
1.147993 -0.062345 0.150946 0.309909 0.002513 0.022051 0.079899 0.996556
1.152982 -0.062464 0.151644 0.310438 0.002606 0.022142 0.080135 0.996535
1.157976 -0.062682 0.153037 0.311497 0.002863 0.02218 0.080542 0.9965
1.162969 -0.062904 0.154432 0.31254 0.003106 0.022356 0.081285 0.996435
1.167956 -0.063022 0.155132 0.313069 0.003253 0.022446 0.081453 0.996419
1.172945 -0.063272 0.156547 0.314105 0.003459 0.02276 0.082148 0.996354
1.177943 -0.063523 0.157974 0.315125 0.003627 0.023074 0.082848 0.996288
1.182954 -0.063772 0.159406 0.316132 0.00378 0.023365 0.083754 0.996205
1.187966 -0.064217 0.161564 0.317655 0.003914 0.024319 0.084817 0.996092
1.192976 -0.064633 0.163735 0.319157 0.004041 0.025144 0.08615 0.995957
1.197982 -0.064923 0.165179 0.320163 0.004033 0.025754 0.086955 0.995871
1.202984 -0.065206 0.166629 0.321166 0.00404 0.026279 0.087629 0.995798
1.207981 -0.065493 0.168069 0.322174 0.003868 0.026915 0.08828 0.995724
1.212976 -0.065493 0.168069 0.322174 0.003868 0.026915 0.08828 0.995724
1.217972 -0.06576 0.169524 0.323166 0.003793 0.02723 0.088832 0.995667
1.222977 -0.066149 0.171739 0.324645 0.003733 0.027485 0.088955 0.995649
1.227977 -0.066399 0.173225 0.325616 0.003758 0.02751 0.089064 0.995639
1.232977 -0.066785 0.175466 0.327071 0.003728 0.027661 0.088933 0.995646
1.237976 -0.066781 0.175496 0.327054 0.003823 0.027654 0.088743 0.995663
1.242973 -0.067178 0.177774 0.328494 0.003926 0.027794 0.088408 0.995689
1.247966 -0.067311 0.178533 0.328976 0.003919 0.027805 0.088172 0.995709
1.252965 -0.067522 0.180088 0.329882 0.004231 0.027592 0.087913 0.995737
1.257967 -0.067735 0.181643 0.330794 0.004459 0.027571 0.087724 0.995753
1.262968 -0.067973 0.183211 0.331706 0.004637 0.027754 0.087516 0.995766
1.267972 -0.068288 0.185591 0.333044 0.005071 0.027911 0.087513 0.995759
1.272973 -0.068472 0.18719 0.333928 0.005345 0.027981 0.087721 0.995738
1.277973 -0.068653 0.188805 0.334802 0.005642 0.028226 0.088056 0.9957
1.282982 -0.06882 0.190426 0.335671 0.005899 0.028605 0.088574 0.995641
1.287988 -0.069 0.192085 0.336538 0.006199 0.028874 0.08906 0.995588
1.292987 -0.069178 0.193763 0.337394 0.006503 0.029389 0.08965 0.995518
1.297994 -0.069415 0.196294 0.338655 0.006923 0.030298 0.090901 0.995375
1.302998 -0.069561 0.197996 0.339479 0.007237 0.030821 0.091703 0.995283
1.307998 -0.069723 0.199711 0.340297 0.007563 0.031499 0.092404 0.995195
1.312992 -0.069842 0.201445 0.34108 0.008039 0.031809 0.093163 0.99511
1.317984 -0.069889 0.202328 0.341454 0.008365 0.031968 0.093456 0.995075
1.322983 -0.069989 0.204079 0.342222 0.008897 0.032314 0.094126 0.994996
1.327981 -0.07009 0.205842 0.342989 0.009419 0.032772 0.094654 0.994926
1.332982 -0.070177 0.207611 0.343745 0.009974 0.03304 0.09504 0.994875
1.337982 -0.070236 0.209396 0.344482 0.010664 0.03322 0.09549 0.994819
1.34298 -0.070278 0.211187 0.345215 0.011346 0.033314 0.095861 0.994772
1.347977 -0.070283 0.212971 0.34593 0.012051 0.033425 0.09636 0.994712
1.352972 -0.070255 0.214759 0.34663 0.012819 0.033324 0.096862 0.994657
1.357967 -0.070218 0.216537 0.347329 0.013553 0.033336 0.097398 0.994595
1.362968 -0.070136 0.219184 0.348374 0.014537 0.033306 0.098102 0.994513
1.367968 -0.070152 0.2192 0.348381 0.014558 0.033236 0.098097 0.994515
1.372966 -0.070079 0.22096 0.349068 0.015243 0.033188 0.098636 0.994453
1.377962 -0.069983 0.222714 0.349744 0.015922 0.033097 0.099224 0.994387
1.382969 -0.069825 0.22532 0.350746 0.016792 0.033003 0.100007 0.994297
1.387974 -0.069746 0.227044 0.351437 0.017185 0.033209 0.100361 0.994248
1.392978 -0.06965 0.22876 0.352111 0.017602 0.033459 0.100918 0.994176
1.397983 -0.069565 0.230459 0.352789 0.017887 0.033729 0.101395 0.994113
1.402985 -0.06946 0.232163 0.353442 0.018275 0.033951 0.101946 0.994042
1.407984 -0.069346 0.23385 0.354078 0.018683 0.034203 0.102708 0.993948
1.412986 -0.069245 0.235525 0.354707 0.019056 0.034529 0.103381 0.99386
1.417985 -0.069136 0.237193 0.355315 0.019563 0.034726 0.104132 0.993765
1.422991 -0.068991 0.239638 0.356205 0.0203 0.03506 0.105293 0.993616
1.427994 -0.068899 0.241242 0.356797 0.02074 0.035237 0.105944 0.993531
1.432996 -0.068788 0.24282 0.357378 0.021126 0.035376 0.106614 0.993446
1.437995 -0.068691 0.244346 0.357973 0.021377 0.035622 0.107261 0.993363
1.442991 -0.068638 0.245068 0.358265 0.021473 0.035724 0.107499 0.993331
1.447984 -0.068527 0.246543 0.35885 0.021643 0.035839 0.107967 0.993272
1.452974 -0.068418 0.24797 0.359438 0.021743 0.03593 0.108408 0.993219
1.457967 -0.068313 0.249356 0.360025 0.021795 0.036083 0.108731 0.993177
1.46296 -0.068212 0.250696 0.360615 0.021706 0.036212 0.10894 0.993151
1.467951 -0.068089 0.252 0.361189 0.02164 0.036148 0.109161 0.993131
1.472944 -0.068028 0.252661 0.361482 0.021578 0.03621 0.109296 0.993115
1.477937 -0.067946 0.2539 0.362073 0.02138 0.036431 0.109308 0.99311
1.482938 -0.06787 0.255103 0.362651 0.021136 0.036599 0.109232 0.993117
1.487941 -0.067821 0.256258 0.363236 0.020753 0.036859 0.109135 0.993127
1.492947 -0.06776 0.257947 0.364111 0.020152 0.037363 0.108904 0.993145
1.497953 -0.067725 0.259019 0.364686 0.01965 0.037653 0.108783 0.993158
1.502959 -0.067726 0.260062 0.36526 0.01915 0.038085 0.108549 0.993177
1.507967 -0.06775 0.261071 0.36584 0.018576 0.038735 0.108311 0.993188
1.512971 -0.067785 0.262519 0.366678 0.017693 0.039475 0.108032 0.993206
1.517972 -0.067811 0.263468 0.36724 0.017107 0.040025 0.107822 0.993217
1.522975 -0.067831 0.264397 0.367798 0.016514 0.040519 0.10756 0.993235
1.527972 -0.067855 0.265308 0.368348 0.015941 0.040914 0.107274 0.993259
1.532969 -0.067864 0.265741 0.368621 0.015656 0.041033 0.107072 0.993281
1.537965 -0.067902 0.266618 0.369174 0.015101 0.041518 0.106662 0.993313
1.542961 -0.067939 0.267481 0.36973 0.014551 0.042096 0.106196 0.993347
1.547957 -0.067977 0.268726 0.370556 0.013785 0.042604 0.10543 0.993418
1.552956 -0.067992 0.269151 0.370835 0.013505 0.042844 0.105195 0.993436
1.557958 -0.068001 0.269956 0.371385 0.013018 0.043145 0.104782 0.993474
1.562958 -0.068011 0.27075 0.371933 0.012573 0.043461 0.104354 0.993511
1.567958 -0.068016 0.27112 0.372218 0.012309 0.043646 0.104187 0.993523
1.572956 -0.068047 0.272261 0.373067 0.011545 0.044271 0.103498 0.993577
1.577957 -0.068063 0.272982 0.373644 0.010995 0.044839 0.103191 0.99359
1.582951 -0.068055 0.273679 0.374223 0.010404 0.045287 0.103043 0.993591
1.587948 -0.068025 0.274351 0.374802 0.009776 0.045478 0.102937 0.9936
1.592942 -0.068015 0.274695 0.37509 0.009509 0.045638 0.10292 0.993597
1.59794 -0.068006 0.27534 0.37569 0.008852 0.046115 0.102785 0.993595
1.602941 -0.068002 0.275975 0.376297 0.008202 0.04655 0.102516 0.993608
1.607945 -0.067973 0.276588 0.3769 0.007488 0.046818 0.102259 0.993627
1.612949 -0.067912 0.277501 0.377801 0.006515 0.047213 0.101865 0.993656
1.617955 -0.067861 0.278109 0.378398 0.005954 0.047285 0.101457 0.993698
1.622961 -0.06784 0.278711 0.378997 0.00532 0.047409 0.100771 0.993765
1.627972 -0.067829 0.279312 0.379596 0.004806 0.047593 0.100167 0.99382
1.632991 -0.067788 0.279912 0.38018 0.004299 0.047652 0.099677 0.993869
1.638012 -0.067727 0.280512 0.380753 0.003846 0.047669 0.099312 0.993906
1.643031 -0.067684 0.2814 0.381622 0.003281 0.047826 0.098875 0.993944
1.648041 -0.067674 0.281986 0.382201 0.002888 0.047949 0.098685 0.993959
1.653047 -0.06767 0.282573 0.382782 0.002513 0.048231 0.098516 0.993963
1.658043 -0.067648 0.283167 0.383357 0.002279 0.048483 0.098594 0.993943
1.663031 -0.067635 0.283465 0.383643 0.002111 0.048591 0.098677 0.99393
1.668014 -0.067613 0.284066 0.384213 0.001859 0.048869 0.098803 0.993905
1.672994 -0.067614 0.284667 0.384785 0.001645 0.049165 0.098912 0.99388
1.677972 -0.067645 0.285265 0.385371 0.001429 0.049568 0.098973 0.993854
1.682953 -0.067664 0.285866 0.385955 0.001219 0.050022 0.099192 0.993809
1.687936 -0.067666 0.286167 0.386243 0.001108 0.050233 0.099344 0.993784
1.692932 -0.067669 0.286775 0.386826 0.000955 0.050745 0.099661 0.993726
1.697934 -0.067673 0.287364 0.387411 0.000758 0.050995 0.100043 0.993675
1.70294 -0.067708 0.287946 0.388009 0.0005 0.05135 0.100239 0.993637
1.707946 -0.067776 0.288805 0.388927 0.000183 0.052053 0.100601 0.993564
1.712954 -0.067795 0.289345 0.389559 -0.000146 0.052481 0.100887 0.993513
1.717961 -0.067786 0.28986 0.390189 -0.00056 0.052585 0.101239 0.993471
1.722965 -0.067798 0.290354 0.390836 -0.000983 0.052627 0.101359 0.993457
1.727967 -0.067839 0.290823 0.39151 -0.001507 0.052861 0.101305 0.993449
1.732979 -0.067886 0.29128 0.392197 -0.00199 0.053255 0.101162 0.993442
1.737988 -0.067908 0.291924 0.393231 -0.002759 0.053448 0.100838 0.993462
1.742994 -0.067938 0.292341 0.393919 -0.003276 0.053598 0.100561 0.993481
1.747996 -0.067971 0.292752 0.394607 -0.0038 0.053573 0.100136 0.993523
1.752991 -0.068039 0.293163 0.39531 -0.004284 0.05389 0.099556 0.993562
1.757983 -0.068077 0.293369 0.395655 -0.004481 0.054031 0.0993 0.993579
1.762972 -0.068153 0.293779 0.396358 -0.004893 0.054453 0.098826 0.993602
1.767962 -0.068207 0.294192 0.397052 -0.005288 0.054649 0.098341 0.993637
1.772952 -0.068272 0.294604 0.397744 -0.005644 0.0549 0.097942 0.993661
1.777945 -0.068383 0.29501 0.398454 -0.006005 0.055469 0.097477 0.993673
1.78294 -0.068424 0.295217 0.3988 -0.006167 0.055637 0.097223 0.993687
1.787939 -0.068535 0.295626 0.399516 -0.00651 0.05619 0.096841 0.993691
1.79294 -0.068643 0.29602 0.400244 -0.006852 0.056962 0.096728 0.993656
1.797944 -0.068751 0.296405 0.400979 -0.007249 0.057741 0.096614 0.993619
1.802955 -0.068898 0.296964 0.40209 -0.008001 0.058714 0.096411 0.993576
1.807965 -0.069004 0.297316 0.402847 -0.008548 0.059455 0.09622 0.993546
1.812973 -0.069111 0.297648 0.403625 -0.009316 0.060197 0.095737 0.993541
1.817979 -0.069196 0.297968 0.404392 -0.010055 0.060724 0.095382 0.993536
1.822983 -0.069265 0.298441 0.405527 -0.011287 0.060996 0.09431 0.993608
1.827986 -0.069358 0.29877 0.406296 -0.012081 0.0614 0.093198 0.993679
1.832984 -0.06938 0.299072 0.407024 -0.012956 0.061218 0.092089 0.993783
1.837981 -0.069429 0.299376 0.407761 -0.013775 0.061334 0.090964 0.993868
1.842981 -0.069456 0.299533 0.408126 -0.014198 0.061442 0.090259 0.99392
1.847979 -0.069508 0.299846 0.408862 -0.015047 0.06154 0.088947 0.99402
1.852975 -0.06953 0.300162 0.409575 -0.015805 0.061455 0.087819 0.994113
1.857971 -0.06956 0.300485 0.410293 -0.01664 0.061494 0.086517 0.994211
1.86296 -0.06963 0.300811 0.411029 -0.017464 0.061835 0.085067 0.994301
1.86795 -0.069705 0.301136 0.411764 -0.018301 0.062245 0.083677 0.994379
1.872942 -0.069758 0.301452 0.412497 -0.019195 0.062604 0.082382 0.994447
1.877937 -0.069864 0.301785 0.413248 -0.019984 0.063303 0.081025 0.994499
1.882934 -0.069942 0.302123 0.413987 -0.020821 0.063793 0.079387 0.994583
1.887934 -0.070009 0.302445 0.414706 -0.021653 0.064133 0.07801 0.994652
1.892927 -0.070049 0.302608 0.415073 -0.022073 0.064401 0.077358 0.994676
1.897924 -0.070177 0.302939 0.415812 -0.022932 0.065186 0.07548 0.99475
1.902926 -0.070297 0.303257 0.416529 -0.023805 0.065742 0.073567 0.994836
1.907932 -0.070411 0.303577 0.417241 -0.024667 0.066391 0.07164 0.994913
1.91294 -0.070568 0.304049 0.418266 -0.02598 0.066927 0.068585 0.995059
1.917949 -0.070713 0.30437 0.418953 -0.026893 0.067566 0.06626 0.995149
1.922959 -0.070854 0.304692 0.419611 -0.027767 0.067953 0.063936 0.99525
1.927968 -0.071096 0.305186 0.420593 -0.02913 0.068692 0.059892 0.995412
1.932967 -0.071247 0.305505 0.42123 -0.030046 0.069041 0.057323 0.995512
1.937966 -0.071433 0.305829 0.421885 -0.030971 0.069711 0.054516 0.995595
1.942964 -0.071608 0.306151 0.422512 -0.031871 0.070112 0.051655 0.995691
1.947962 -0.071713 0.306303 0.422832 -0.032398 0.07048 0.050222 0.995721
1.952955 -0.07192 0.306615 0.423476 -0.033445 0.071202 0.047351 0.995776
1.95795 -0.072103 0.306923 0.424108 -0.03453 0.07179 0.044494 0.995828
1.962943 -0.072307 0.307231 0.424755 -0.03566 0.072617 0.041622 0.995853
1.967938 -0.072423 0.307386 0.425081 -0.036176 0.073106 0.040158 0.995859
1.972936 -0.072623 0.307702 0.42573 -0.037351 0.074036 0.037317 0.995857
1.977936 -0.072811 0.308026 0.426383 -0.038497 0.075063 0.034543 0.995837
1.982937 -0.072942 0.308375 0.427013 -0.039622 0.075762 0.031792 0.995831
1.987942 -0.073165 0.308897 0.427978 -0.041351 0.077237 0.027915 0.995764
1.992948 -0.073265 0.309273 0.428608 -0.042318 0.078117 0.025515 0.995719
1.997951 -0.073339 0.309677 0.429233 -0.043208 0.079015 0.023193 0.995666
2.002957 -0.073393 0.310094 0.429849 -0.044018 0.079945 0.021027 0.995605
2.007962 -0.073391 0.310513 0.430443 -0.044791 0.080629 0.019166 0.995553
2.012963 -0.073301 0.311169 0.431314 -0.045876 0.081494 0.016743 0.995477
2.017964 -0.073243 0.311605 0.431897 -0.046603 0.082203 0.015174 0.99541
2.022965 -0.073138 0.312063 0.432469 -0.047256 0.082754 0.013583 0.995356
2.027965 -0.07297 0.312525 0.43301 -0.047865 0.082907 0.012109 0.995334
2.032961 -0.072849 0.312775 0.433266 -0.048121 0.082783 0.011278 0.995341
2.037958 -0.072772 0.313005 0.433539 -0.048445 0.082903 0.010571 0.995323
2.042955 -0.07254 0.313483 0.434067 -0.049068 0.082919 0.009272 0.995304
2.047955 -0.072273 0.313975 0.434575 -0.049631 0.082644 0.007934 0.995311
2.052959 -0.071991 0.314479 0.435083 -0.050209 0.082366 0.00662 0.995315
2.057964 -0.071311 0.3155 0.43606 -0.051331 0.081338 0.004607 0.995353
2.062969 -0.070929 0.316017 0.436536 -0.051865 0.080722 0.003915 0.995379
2.067973 -0.07055 0.316548 0.437019 -0.05241 0.080241 0.003242 0.995391
2.07297 -0.070174 0.31707 0.437512 -0.052935 0.079867 0.002835 0.995395
2.077964 -0.069986 0.317339 0.437767 -0.053156 0.079707 0.002626 0.995397
2.082955 -0.069786 0.317607 0.438003 -0.053398 0.079347 0.002321 0.995413
2.087952 -0.069419 0.31816 0.43852 -0.053837 0.079157 0.00175 0.995406
2.092957 -0.069045 0.318702 0.43903 -0.054261 0.078872 0.001388 0.995406
2.097963 -0.068664 0.319243 0.439545 -0.054623 0.078465 0.001123 0.995419
2.10297 -0.06813 0.32006 0.440358 -0.055131 0.078171 0.000593 0.995414
2.107977 -0.067761 0.320591 0.440922 -0.055534 0.077807 0.000399 0.99542
2.11298 -0.06741 0.321123 0.441498 -0.055907 0.07752 0.000152 0.995422
2.117993 -0.06706 0.32165 0.442086 -0.056301 0.077205 -3.9e-05 0.995424
2.123003 -0.066576 0.322421 0.443001 -0.05687 0.076628 -0.000326 0.995437
2.128009 -0.066254 0.32293 0.443633 -0.0573 0.076204 -0.000595 0.995444
2.133004 -0.06596 0.323431 0.444294 -0.057765 0.075911 -0.000932 0.99544
2.137999 -0.065683 0.323927 0.444957 -0.058163 0.075549 -0.001236 0.995444
2.142996 -0.065573 0.324163 0.445312 -0.058363 0.075395 -0.001429 0.995443
2.147988 -0.065338 0.324652 0.446007 -0.058736 0.075132 -0.001921 0.99544
2.152975 -0.065106 0.325132 0.44671 -0.059147 0.07472 -0.002445 0.995446
2.15796 -0.064919 0.325597 0.447437 -0.059526 0.074437 -0.002975 0.995443
2.162945 -0.064727 0.326046 0.448168 -0.059912 0.073965 -0.003501 0.995453
2.16793 -0.06463 0.326273 0.448541 -0.060134 0.073852 -0.00372 0.995448
2.172918 -0.064487 0.326711 0.449296 -0.0605 0.073552 -0.004243 0.995446
2.17792 -0.064393 0.327145 0.450058 -0.060749 0.073355 -0.004876 0.995442
2.18293 -0.064315 0.327567 0.450827 -0.061019 0.073168 -0.005528 0.995436
2.187942 -0.064221 0.328187 0.451982 -0.061404 0.072916 -0.006325 0.995426
2.19296 -0.064216 0.328584 0.452776 -0.061595 0.073022 -0.006799 0.995403
2.19798 -0.064218 0.328988 0.453554 -0.0617 0.073051 -0.007295 0.995391
2.202997 -0.064277 0.329375 0.454346 -0.061789 0.073402 -0.007642 0.995357
2.208014 -0.064367 0.329754 0.455145 -0.061778 0.073859 -0.007921 0.995322
2.213023 -0.064482 0.330282 0.456325 -0.061769 0.074335 -0.008009 0.995286
2.218026 -0.064577 0.330624 0.457119 -0.061742 0.074699 -0.008123 0.99526
2.223027 -0.064697 0.330953 0.457928 -0.06173 0.075151 -0.008442 0.995224
2.228021 -0.06482 0.331258 0.458731 -0.061652 0.07553 -0.008659 0.995198
2.233016 -0.064911 0.331385 0.459152 -0.061635 0.075875 -0.008912 0.995171
2.238008 -0.065058 0.331644 0.459969 -0.061643 0.076257 -0.009192 0.995138
2.243004 -0.065195 0.331878 0.460785 -0.061649 0.076549 -0.009501 0.995113
2.247997 -0.065349 0.332081 0.461602 -0.061726 0.076736 -0.010013 0.995089
2.252988 -0.065525 0.332254 0.462429 -0.061852 0.076962 -0.01059 0.995057
2.257979 -0.065724 0.332399 0.463248 -0.061951 0.077152 -0.011312 0.995028
2.262975 -0.065948 0.33251 0.464063 -0.06211 0.07736 -0.012104 0.994993
2.267963 -0.066168 0.332585 0.464848 -0.062267 0.07741 -0.01274 0.994971
2.272955 -0.066278 0.332629 0.465254 -0.062374 0.077482 -0.013067 0.994955
2.277953 -0.066527 0.332655 0.466013 -0.062611 0.077541 -0.013695 0.994927
2.282952 -0.066828 0.332655 0.466761 -0.062842 0.077815 -0.014483 0.99488
2.28796 -0.067137 0.332629 0.467467 -0.063066 0.077957 -0.015243 0.994843
2.292966 -0.067625 0.33255 0.468479 -0.063323 0.078426 -0.016065 0.994777
2.297972 -0.067997 0.33245 0.469096 -0.06354 0.078981 -0.016513 0.994712
2.302985 -0.068517 0.332208 0.469873 -0.063696 0.079573 -0.016575 0.994654
2.307992 -0.068883 0.332013 0.470366 -0.063785 0.080248 -0.016495 0.994595
2.312994 -0.069238 0.331779 0.470804 -0.063896 0.08078 -0.016357 0.994547
2.31799 -0.06957 0.331505 0.471181 -0.063956 0.081306 -0.015944 0.994507
2.322983 -0.069729 0.331324 0.471309 -0.063952 0.081554 -0.015657 0.994492
2.327982 -0.070063 0.330983 0.471612 -0.063987 0.082131 -0.015186 0.994449
2.332982 -0.070369 0.330595 0.471858 -0.06403 0.082479 -0.014726 0.994425
2.337979 -0.070638 0.330148 0.472036 -0.06407 0.082618 -0.014027 0.994421
2.342974 -0.070914 0.329657 0.472178 -0.064183 0.082825 -0.013485 0.994404
2.347971 -0.071206 0.329118 0.472287 -0.064353 0.083114 -0.013104 0.994374
2.352966 -0.071347 0.328867 0.472348 -0.064402 0.083177 -0.012874 0.994368
2.357958 -0.07161 0.32825 0.472367 -0.06461 0.083053 -0.012641 0.994368
2.362958 -0.071874 0.327578 0.472352 -0.064902 0.082908 -0.012518 0.994363
2.367964 -0.072137 0.326847 0.4723 -0.065275 0.082659 -0.012485 0.994359
2.372977 -0.072691 0.325227 0.472095 -0.066323 0.082358 -0.012459 0.994315
2.377985 -0.07299 0.324343 0.471951 -0.066952 0.082295 -0.012592 0.994277
2.382988 -0.073275 0.323399 0.471766 -0.067684 0.082157 -0.012585 0.994239
2.387986 -0.073562 0.322409 0.471546 -0.068499 0.081958 -0.012633 0.994199
2.392976 -0.073699 0.321862 0.471402 -0.068998 0.081885 -0.012552 0.994171
2.397968 -0.073988 0.320801 0.471141 -0.069906 0.081727 -0.01244 0.994122
2.402961 -0.074272 0.319705 0.470829 -0.070814 0.081475 -0.012326 0.99408
2.407956 -0.074573 0.318572 0.470499 -0.07187 0.081366 -0.012257 0.994014
2.412949 -0.074885 0.317404 0.470134 -0.072929 0.081222 -0.012221 0.993949
2.417945 -0.0752 0.316202 0.46973 -0.074033 0.081053 -0.012092 0.993883
2.42294 -0.07535 0.315609 0.469543 -0.074608 0.080951 -0.012092 0.993848
2.427935 -0.075683 0.314381 0.469075 -0.075651 0.080683 -0.012176 0.99379
2.432935 -0.076034 0.313132 0.468569 -0.076628 0.080484 -0.012192 0.993731
2.437938 -0.076388 0.311884 0.468018 -0.077589 0.080173 -0.01248 0.993678
2.442943 -0.076942 0.309966 0.467164 -0.079092 0.079907 -0.012778 0.993577
2.44795 -0.07732 0.308665 0.466532 -0.079948 0.079757 -0.01293 0.993519
2.452957 -0.077674 0.307343 0.465877 -0.080958 0.07943 -0.013261 0.993459
2.457964 -0.078016 0.30602 0.465175 -0.081787 0.078923 -0.013667 0.993426
2.462965 -0.078371 0.304672 0.464468 -0.082696 0.078496 -0.013996 0.99338
2.467966 -0.078689 0.303316 0.463733 -0.083638 0.078067 -0.014292 0.993331
2.472966 -0.079165 0.301236 0.462604 -0.085184 0.077456 -0.014397 0.993246
2.477966 -0.079467 0.299854 0.461832 -0.086208 0.076996 -0.014531 0.993191
2.482968 -0.079748 0.298457 0.461056 -0.087275 0.076646 -0.014461 0.993126
2.487968 -0.079984 0.297054 0.460237 -0.088236 0.075912 -0.014099 0.993103
2.492965 -0.079984 0.297054 0.460237 -0.088236 0.075912 -0.014099 0.993103
2.497963 -0.080225 0.295649 0.459432 -0.089287 0.07553 -0.01386 0.993041
2.50296 -0.080451 0.294231 0.458618 -0.090334 0.075117 -0.013433 0.992984
2.507961 -0.080708 0.292812 0.457814 -0.091406 0.074918 -0.013101 0.992905
2.512967 -0.081108 0.28998 0.456143 -0.093319 0.074104 -0.012245 0.992799
2.517974 -0.081241 0.288551 0.455289 -0.094267 0.073328 -0.011446 0.992777
2.522976 -0.081394 0.287146 0.454429 -0.0952 0.072505 -0.011241 0.992751
2.527973 -0.081586 0.285756 0.453587 -0.096048 0.072164 -0.011018 0.992696
2.532965 -0.081651 0.285067 0.453161 -0.096447 0.07181 -0.010889 0.992685
2.537956 -0.081813 0.283681 0.452311 -0.097272 0.071163 -0.01066 0.992653
2.542949 -0.081934 0.282316 0.451442 -0.098001 0.070416 -0.010485 0.992637
2.547944 -0.081975 0.281626 0.451 -0.09839 0.069856 -0.010289 0.99264
2.552941 -0.082101 0.280269 0.45014 -0.099116 0.069054 -0.010269 0.992624
2.557941 -0.082245 0.278934 0.449264 -0.099623 0.068256 -0.010307 0.992628
2.562942 -0.082433 0.277624 0.448399 -0.100086 0.067781 -0.010699 0.99261
2.567946 -0.082641 0.275642 0.447088 -0.100723 0.066645 -0.010767 0.992621
2.572949 -0.08277 0.27435 0.446202 -0.101133 0.065811 -0.010893 0.992634
2.577958 -0.082907 0.273056 0.445321 -0.101547 0.065018 -0.010785 0.992645
2.582966 -0.083063 0.271781 0.444464 -0.10205 0.064503 -0.010754 0.992628
2.587977 -0.083211 0.270507 0.443612 -0.102486 0.063919 -0.010496 0.992623
2.592986 -0.083329 0.269248 0.44277 -0.103114 0.063297 -0.010241 0.992601
2.597998 -0.083499 0.267374 0.441535 -0.10401 0.062457 -0.009449 0.992568
2.603001 -0.083621 0.266141 0.440725 -0.104688 0.061996 -0.008952 0.99253
2.607999 -0.083748 0.264911 0.439932 -0.105359 0.061621 -0.008259 0.992489
2.612996 -0.083842 0.263702 0.439148 -0.106095 0.061019 -0.007786 0.992451
2.617989 -0.083881 0.263104 0.438764 -0.106441 0.060686 -0.007389 0.992438
2.622981 -0.08399 0.26191 0.437988 -0.107087 0.060159 -0.006802 0.992405
2.627968 -0.084099 0.260738 0.437219 -0.107731 0.059737 -0.006211 0.992364
2.63295 -0.084222 0.25957 0.436457 -0.108351 0.059258 -0.005591 0.992329
2.63793 -0.084356 0.258418 0.435709 -0.109007 0.05892 -0.005074 0.99228
2.642915 -0.084497 0.257294 0.434958 -0.109593 0.058638 -0.004682 0.992234
2.647905 -0.084549 0.256722 0.434579 -0.109897 0.058378 -0.004392 0.992217
2.6529 -0.084706 0.255618 0.433823 -0.110367 0.058061 -0.00425 0.992185
2.657902 -0.084903 0.254528 0.433063 -0.110694 0.057946 -0.004031 0.992156
2.66291 -0.085105 0.253464 0.432304 -0.111056 0.057851 -0.004076 0.992121
2.667923 -0.085425 0.251879 0.431176 -0.111558 0.057725 -0.004227 0.992071
2.672939 -0.085665 0.250848 0.430425 -0.111788 0.057795 -0.004462 0.99204
2.677963 -0.085884 0.24983 0.429661 -0.112016 0.057592 -0.004709 0.992025
2.682984 -0.086109 0.248836 0.428902 -0.112177 0.0574 -0.005096 0.992016
2.688 -0.086515 0.246911 0.427431 -0.112627 0.05715 -0.005515 0.991977
2.693017 -0.086626 0.246427 0.427064 -0.112762 0.05716 -0.005706 0.99196
2.698021 -0.086808 0.245482 0.426348 -0.113018 0.057033 -0.005878 0.991937
2.703015 -0.086949 0.244538 0.425639 -0.1134 0.05674 -0.005779 0.991911
2.708001 -0.087059 0.24361 0.424947 -0.113813 0.056395 -0.005615 0.991884
2.712981 -0.08709 0.243148 0.424624 -0.114089 0.056157 -0.005438 0.991867
2.717957 -0.087188 0.242231 0.423965 -0.114544 0.055861 -0.005234 0.991833
2.722937 -0.087274 0.241317 0.423337 -0.115087 0.055659 -0.004918 0.991783
2.727922 -0.087328 0.240406 0.422728 -0.115709 0.055229 -0.00458 0.991736
2.732911 -0.087361 0.23995 0.422416 -0.115998 0.055042 -0.004425 0.991713
2.737903 -0.087393 0.239053 0.421841 -0.116653 0.054685 -0.004086 0.991658
2.742902 -0.08742 0.238164 0.421281 -0.11736 0.054228 -0.003766 0.991601
2.747907 -0.08744 0.237289 0.42074 -0.118051 0.053762 -0.003564 0.991545
2.752916 -0.087471 0.235991 0.419952 -0.119037 0.053162 -0.003259 0.99146
2.757929 -0.087465 0.235142 0.419445 -0.119785 0.052591 -0.003091 0.991401
2.762949 -0.08748 0.234323 0.418937 -0.120452 0.052063 -0.0031 0.991348
2.767961 -0.087521 0.233524 0.418435 -0.121066 0.051799 -0.003185 0.991287
2.772968 -0.08758 0.232744 0.417939 -0.121657 0.05163 -0.003307 0.991223
2.777972 -0.087661 0.231634 0.417161 -0.122371 0.051148 -0.00366 0.991159
2.782976 -0.087727 0.23091 0.416635 -0.122728 0.050952 -0.003906 0.991124
2.787978 -0.087829 0.230204 0.41611 -0.123126 0.050997 -0.004235 0.991071
2.792975 -0.087949 0.229526 0.415577 -0.123369 0.051194 -0.004616 0.991029
2.797972 -0.087994 0.229196 0.415293 -0.123455 0.051092 -0.004747 0.991023
2.802968 -0.0881 0.228525 0.414746 -0.123672 0.051192 -0.004964 0.990989
2.807963 -0.088201 0.22787 0.414187 -0.123872 0.051239 -0.005136 0.990961
2.812956 -0.088275 0.227224 0.413605 -0.124002 0.051105 -0.005137 0.990952
2.817946 -0.088369 0.226576 0.413036 -0.12414 0.051229 -0.005035 0.990929
2.822939 -0.088479 0.225957 0.412466 -0.124289 0.051453 -0.005105 0.990898
2.827931 -0.088536 0.225637 0.412183 -0.12438 0.051552 -0.005072 0.990882
2.832926 -0.088617 0.225024 0.411603 -0.124545 0.051625 -0.00492 0.990858
2.837927 -0.088698 0.224409 0.411031 -0.124777 0.051694 -0.004736 0.990826
2.842936 -0.08874 0.2238 0.410443 -0.124988 0.051659 -0.004378 0.990803
2.847948 -0.088776 0.222902 0.409553 -0.125277 0.0514 -0.003832 0.990782
2.85296 -0.088785 0.222323 0.408965 -0.125488 0.051202 -0.003595 0.990767
2.85797 -0.088802 0.221767 0.408381 -0.125761 0.051065 -0.003676 0.990739
2.862979 -0.088747 0.220925 0.407474 -0.126132 0.050628 -0.003403 0.990715
2.867986 -0.088693 0.220383 0.406853 -0.126315 0.050226 -0.003381 0.990712
2.87299 -0.088621 0.219851 0.406213 -0.126512 0.049685 -0.003435 0.990714
2.877987 -0.088587 0.219348 0.405581 -0.126647 0.049531 -0.003756 0.990703
2.882979 -0.088561 0.219116 0.405246 -0.126678 0.049477 -0.004076 0.990701
2.887969 -0.088525 0.218628 0.404584 -0.126743 0.049294 -0.004526 0.9907
2.892959 -0.08848 0.218138 0.403908 -0.126846 0.049146 -0.00486 0.990692
2.897951 -0.088401 0.217646 0.4032 -0.126843 0.048833 -0.004967 0.990708
2.902944 -0.088324 0.217172 0.402464 -0.126706 0.048453 -0.005202 0.990743
2.907939 -0.08829 0.216741 0.401723 -0.126539 0.048412 -0.005908 0.990762
2.912936 -0.088235 0.216298 0.400959 -0.126343 0.048292 -0.006288 0.99079
2.91793 -0.08821 0.21608 0.400584 -0.126226 0.048297 -0.006522 0.990804
2.922927 -0.088132 0.215634 0.399775 -0.125868 0.048063 -0.006587 0.99086
2.927929 -0.088059 0.215195 0.398943 -0.125465 0.047794 -0.006602 0.990924
2.932935 -0.087966 0.214778 0.398087 -0.124984 0.047563 -0.006652 0.990996
2.937942 -0.087864 0.214205 0.396778 -0.124061 0.047448 -0.007097 0.991114
2.94295 -0.087782 0.213841 0.395876 -0.123426 0.047472 -0.007289 0.991191
2.947958 -0.087643 0.213445 0.394956 -0.122757 0.047305 -0.006808 0.991285
2.952965 -0.087496 0.213066 0.394019 -0.122044 0.047101 -0.006445 0.991385
2.957971 -0.087327 0.212708 0.39308 -0.121362 0.04694 -0.006227 0.991478
2.962976 -0.087141 0.212358 0.392141 -0.120649 0.04686 -0.005974 0.991571
2.967985 -0.086936 0.212011 0.3912 -0.119947 0.046653 -0.005736 0.991667
2.972991 -0.086679 0.211649 0.390256 -0.119275 0.046342 -0.005235 0.991765
2.977994 -0.086264 0.21108 0.388846 -0.118292 0.045564 -0.004301 0.991924
2.983 -0.085989 0.210703 0.387907 -0.117613 0.045173 -0.00372 0.992025
2.988 -0.085713 0.210334 0.386971 -0.116883 0.044865 -0.003268 0.992126
2.992998 -0.085438 0.209955 0.386027 -0.116171 0.04451 -0.002739 0.992228
2.997992 -0.085319 0.209751 0.385554 -0.115801 0.044394 -0.002431 0.992277
3.002992 -0.085031 0.209347 0.384592 -0.115023 0.043827 -0.001758 0.992394
3.00799 -0.084768 0.208933 0.383639 -0.114292 0.043402 -0.001139 0.992498
3.012986 -0.084417 0.208302 0.382199 -0.113026 0.04277 -0.000393 0.992671
3.017988 -0.084275 0.208097 0.381718 -0.112633 0.042557 -8.5e-05 0.992725
3.022989 -0.084067 0.207681 0.380768 -0.111731 0.042335 0.000261 0.992836
3.027989 -0.083853 0.207249 0.379824 -0.110904 0.041963 0.000708 0.992945
3.032987 -0.083736 0.207022 0.379368 -0.110495 0.041726 0.000996 0.993
3.037982 -0.083399 0.206362 0.377975 -0.109266 0.04101 0.001614 0.993165
3.042976 -0.083134 0.205905 0.377076 -0.108507 0.040337 0.002104 0.993275
3.047969 -0.082914 0.205457 0.376225 -0.10778 0.040038 0.002438 0.993365
3.052958 -0.082663 0.205 0.375402 -0.107077 0.039645 0.002978 0.993456
3.057945 -0.082392 0.204551 0.374609 -0.106423 0.039242 0.003488 0.99354
3.062931 -0.082104 0.204099 0.373851 -0.105865 0.038736 0.004044 0.993617
3.06792 -0.081802 0.203651 0.37313 -0.105321 0.038213 0.004677 0.993693
3.072913 -0.08164 0.203424 0.372752 -0.105021 0.037881 0.00493 0.993736
3.077912 -0.081312 0.202997 0.372084 -0.104496 0.037387 0.005409 0.993808
3.082913 -0.080976 0.202577 0.371452 -0.104004 0.036915 0.006035 0.993873
3.087918 -0.080658 0.202188 0.370862 -0.103518 0.036557 0.006568 0.993934
3.092935 -0.080113 0.201614 0.370001 -0.102796 0.035656 0.007604 0.994034
3.097953 -0.079724 0.201269 0.369483 -0.102269 0.034993 0.008295 0.994106
3.102979 -0.079317 0.200939 0.369006 -0.10171 0.034359 0.009054 0.994179
3.108006 -0.078924 0.200634 0.368573 -0.101156 0.033815 0.009715 0.994248
3.113025 -0.078539 0.200352 0.368177 -0.100521 0.03323 0.010456 0.994325
3.118046 -0.077941 0.19999 0.367672 -0.099536 0.032015 0.01148 0.994453
3.123055 -0.077533 0.199768 0.367361 -0.098862 0.031124 0.01221 0.994539
3.128049 -0.077131 0.199574 0.367081 -0.098177 0.030169 0.012884 0.994628
3.133035 -0.076767 0.199408 0.366847 -0.097498 0.029365 0.013589 0.99471
3.138014 -0.076613 0.199366 0.366765 -0.097136 0.029043 0.0139 0.99475
3.142989 -0.076296 0.19926 0.366579 -0.096407 0.028378 0.01456 0.994831
3.147963 -0.076001 0.199193 0.366428 -0.095678 0.027779 0.015181 0.994909
3.152935 -0.075734 0.199163 0.366316 -0.094966 0.027287 0.01578 0.994981
3.157909 -0.075505 0.199167 0.366247 -0.094234 0.027011 0.016369 0.995049
3.162887 -0.075377 0.199157 0.366195 -0.093854 0.026818 0.016706 0.995085
3.167874 -0.075195 0.199216 0.366185 -0.093021 0.02681 0.017392 0.995151
3.17287 -0.075038 0.199309 0.366222 -0.092203 0.026954 0.018056 0.995212
3.177873 -0.074894 0.19943 0.366299 -0.091387 0.027061 0.018747 0.995271
3.182888 -0.074824 0.199511 0.366381 -0.091007 0.027027 0.019248 0.995297
3.187915 -0.074579 0.199808 0.366657 -0.089479 0.027318 0.020893 0.995395
3.192939 -0.074486 0.200005 0.366888 -0.088764 0.02739 0.021697 0.99544
3.197962 -0.074422 0.200226 0.367166 -0.088026 0.027567 0.022472 0.995483
3.202993 -0.074375 0.200474 0.367483 -0.087309 0.027686 0.023026 0.99553
3.208017 -0.07435 0.200742 0.367838 -0.086565 0.027707 0.023495 0.995584
3.213035 -0.074342 0.201379 0.368705 -0.08519 0.02761 0.023997 0.995693
3.218044 -0.074352 0.201531 0.368914 -0.084842 0.027719 0.024089 0.995717
3.223043 -0.074386 0.20188 0.369402 -0.084208 0.027833 0.024144 0.995767
3.228038 -0.074431 0.202244 0.369924 -0.083583 0.027947 0.024274 0.995813
3.233036 -0.074478 0.202626 0.37047 -0.082965 0.02792 0.024432 0.995862
3.238027 -0.074518 0.202839 0.370776 -0.082702 0.027985 0.024458 0.995881
3.243011 -0.074583 0.203257 0.371361 -0.082146 0.028024 0.024461 0.995926
3.247987 -0.074652 0.203689 0.371969 -0.081644 0.028066 0.02457 0.995963
3.252962 -0.074743 0.204142 0.372599 -0.081101 0.028235 0.024683 0.996
3.257948 -0.074839 0.204627 0.373237 -0.080593 0.028307 0.024572 0.996042
3.262937 -0.074956 0.205134 0.373894 -0.080092 0.028506 0.024534 0.996078
3.26793 -0.075078 0.205668 0.374553 -0.079488 0.028659 0.024555 0.996121
3.272924 -0.075128 0.205926 0.37488 -0.079204 0.028674 0.024541 0.996144
3.27792 -0.075239 0.2065 0.375539 -0.07862 0.028709 0.024513 0.99619
3.28292 -0.075381 0.207104 0.37621 -0.078032 0.028954 0.0245 0.996229
3.287925 -0.075533 0.207725 0.376886 -0.077438 0.029219 0.024598 0.996265
3.292935 -0.075788 0.208703 0.377903 -0.076467 0.029725 0.024564 0.996326
3.297947 -0.075987 0.20939 0.378593 -0.075762 0.030237 0.024705 0.996361
3.302971 -0.076159 0.210108 0.37927 -0.074966 0.030533 0.024749 0.996411
3.307991 -0.076334 0.210846 0.379955 -0.074254 0.030802 0.024745 0.996456
3.313007 -0.076508 0.2116 0.380648 -0.073534 0.031153 0.024793 0.996498
3.318027 -0.076736 0.212789 0.381666 -0.072257 0.031395 0.0251 0.996576
3.323037 -0.076885 0.213605 0.382344 -0.071365 0.031507 0.025276 0.996632
3.328043 -0.077056 0.214448 0.38303 -0.070478 0.031847 0.025438 0.99668
3.333038 -0.077185 0.215314 0.383704 -0.069598 0.031913 0.025749 0.996732
3.338024 -0.077235 0.215772 0.384038 -0.069124 0.031898 0.026063 0.996757
3.343005 -0.077388 0.216668 0.38473 -0.068251 0.032202 0.026451 0.996797
3.347987 -0.077533 0.217591 0.38542 -0.067304 0.032491 0.026943 0.996839
3.352964 -0.077636 0.218523 0.38608 -0.066227 0.032594 0.027644 0.996889
3.357942 -0.077724 0.219465 0.386749 -0.065206 0.03262 0.028484 0.996932
3.362923 -0.077788 0.220424 0.387406 -0.064167 0.03243 0.029428 0.996978
3.367909 -0.077887 0.221405 0.388092 -0.063122 0.032583 0.030292 0.997014
3.3729 -0.077913 0.221894 0.388423 -0.0626 0.032468 0.030751 0.997036
3.377897 -0.077984 0.222891 0.389103 -0.061453 0.032413 0.031745 0.997078
3.382901 -0.078055 0.2239 0.389789 -0.060305 0.032398 0.032791 0.997115
3.387904 -0.078086 0.224914 0.390462 -0.059089 0.032087 0.033969 0.997158
3.392913 -0.078183 0.226466 0.391502 -0.057311 0.03182 0.035471 0.997218
3.397925 -0.078308 0.227534 0.39224 -0.056212 0.031856 0.036083 0.997258
3.402947 -0.078411 0.228611 0.392977 -0.055041 0.031797 0.036746 0.997301
3.407974 -0.078471 0.229692 0.393687 -0.053866 0.031417 0.037512 0.997349
3.413 -0.078584 0.230781 0.394431 -0.052824 0.03125 0.038012 0.997391
3.41802 -0.078815 0.232975 0.395987 -0.051035 0.030924 0.0385 0.997475
3.423031 -0.078881 0.233526 0.396371 -0.050567 0.030865 0.038633 0.997496
3.428033 -0.078983 0.234609 0.397178 -0.049904 0.030633 0.038836 0.997528
3.433031 -0.07908 0.235695 0.397988 -0.0492 0.030423 0.038902 0.997567
3.438022 -0.079183 0.236772 0.398821 -0.048564 0.030212 0.038971 0.997602
3.443008 -0.079222 0.237292 0.399257 -0.048298 0.030118 0.039095 0.997613
3.44799 -0.079321 0.238356 0.400122 -0.047732 0.029987 0.039123 0.997643
3.452967 -0.079394 0.23941 0.401001 -0.047188 0.029744 0.039207 0.997673
3.457957 -0.079445 0.240449 0.401884 -0.046671 0.029355 0.039351 0.997703
3.462949 -0.079501 0.241477 0.40279 -0.046295 0.029071 0.039378 0.997728
3.467942 -0.079528 0.242498 0.403695 -0.045923 0.028541 0.039368 0.997761
3.472938 -0.079542 0.24352 0.4046 -0.045411 0.028011 0.039445 0.997796
3.477938 -0.079532 0.244535 0.405513 -0.04497 0.02733 0.039555 0.997831
3.482941 -0.079533 0.245549 0.406438 -0.044612 0.026705 0.039475 0.997867
3.487939 -0.079533 0.246061 0.406899 -0.044419 0.026372 0.039398 0.997887
3.492935 -0.079546 0.247066 0.407848 -0.044101 0.025972 0.039343 0.997914
3.497931 -0.079517 0.248067 0.408792 -0.043816 0.025359 0.039375 0.997941
3.502939 -0.079489 0.249077 0.409739 -0.043551 0.024646 0.039329 0.997973
3.507949 -0.079466 0.250594 0.411179 -0.043029 0.023953 0.039401 0.998009
3.512963 -0.079405 0.251599 0.412137 -0.042775 0.023205 0.039595 0.99803
3.517981 -0.079374 0.252599 0.413126 -0.042616 0.022803 0.039791 0.998038
3.522994 -0.079291 0.254097 0.414645 -0.042286 0.022386 0.040447 0.998035
3.528002 -0.079203 0.255087 0.41565 -0.042127 0.02171 0.040883 0.998039
3.533003 -0.079147 0.256081 0.416684 -0.042001 0.021418 0.041228 0.998037
3.537993 -0.079092 0.257075 0.417742 -0.041817 0.021328 0.041561 0.998033
3.542981 -0.079034 0.257544 0.41827 -0.041738 0.02115 0.041958 0.998023
3.547968 -0.078947 0.258514 0.419336 -0.041629 0.020929 0.04241 0.998013
3.552955 -0.078921 0.259002 0.419876 -0.041606 0.020942 0.042624 0.998005
3.557953 -0.078843 0.259974 0.420958 -0.041381 0.020872 0.043004 0.997999
3.562955 -0.078685 0.261402 0.42261 -0.041243 0.020407 0.043418 0.997997
3.567958 -0.078587 0.26236 0.423725 -0.041151 0.020099 0.043533 0.998002
3.572959 -0.078521 0.262835 0.424293 -0.04108 0.019815 0.043494 0.998012
3.577955 -0.078412 0.263783 0.425435 -0.041053 0.01951 0.043478 0.99802
3.582952 -0.078214 0.265184 0.42714 -0.040992 0.018753 0.043594 0.998032
3.587941 -0.078117 0.266129 0.428329 -0.04111 0.018459 0.043221 0.998049
3.592923 -0.078005 0.267043 0.429534 -0.041244 0.01805 0.043079 0.998057
3.597911 -0.077941 0.267502 0.43013 -0.041328 0.017773 0.04299 0.998062
3.602904 -0.077841 0.268404 0.431375 -0.041609 0.017508 0.042715 0.998067
3.607908 -0.077735 0.269286 0.432641 -0.042022 0.017198 0.042453 0.998066
3.612916 -0.07763 0.27015 0.433936 -0.04247 0.017025 0.042214 0.99806
3.617924 -0.077504 0.271419 0.435922 -0.043281 0.017014 0.041927 0.998038
3.622934 -0.077451 0.27223 0.4373 -0.043953 0.017255 0.04166 0.998015
3.627945 -0.077392 0.273022 0.438702 -0.044555 0.017451 0.041441 0.997994
3.632963 -0.077377 0.273814 0.44014 -0.045259 0.018047 0.040888 0.997975
3.63798 -0.077351 0.274579 0.441601 -0.046026 0.018463 0.040288 0.997957
3.642993 -0.077339 0.275345 0.443105 -0.046812 0.019071 0.039375 0.997945
3.648002 -0.077351 0.276089 0.44464 -0.047616 0.019798 0.038586 0.997924
3.653005 -0.077355 0.277214 0.447003 -0.048853 0.02073 0.036648 0.997918
3.658012 -0.077358 0.277967 0.448604 -0.049658 0.021298 0.035166 0.99792
3.663014 -0.077363 0.278725 0.450233 -0.050458 0.021965 0.033635 0.997918
3.66801 -0.07732 0.279495 0.451863 -0.051187 0.022138 0.031917 0.997933
3.673003 -0.077289 0.27989 0.452705 -0.051529 0.022237 0.031043 0.997941
3.677993 -0.077244 0.280683 0.454386 -0.052234 0.022632 0.029261 0.99795
3.682981 -0.077178 0.281472 0.456078 -0.052958 0.022791 0.027594 0.997955
3.687966 -0.07709 0.282286 0.457796 -0.053706 0.022937 0.025867 0.997958
3.692946 -0.076995 0.283107 0.45954 -0.054428 0.023188 0.024408 0.99795
3.697926 -0.076913 0.283957 0.461315 -0.05516 0.02368 0.02293 0.997933
3.702914 -0.07677 0.284816 0.463084 -0.055871 0.023856 0.021794 0.997915
3.707904 -0.076633 0.285698 0.46487 -0.056634 0.024039 0.020612 0.997893
3.712898 -0.076572 0.286126 0.465772 -0.057054 0.024234 0.02004 0.997876
3.717894 -0.076406 0.287035 0.467579 -0.057795 0.024398 0.019216 0.997845
3.722896 -0.076245 0.287966 0.469392 -0.058559 0.024577 0.0185 0.99781
3.727904 -0.076113 0.288934 0.471222 -0.059212 0.025041 0.017855 0.997772
3.732927 -0.075883 0.290409 0.473958 -0.060276 0.025409 0.016887 0.997715
3.737947 -0.075697 0.291433 0.475759 -0.060921 0.025253 0.016419 0.997688
3.742968 -0.075566 0.292503 0.47758 -0.061484 0.025493 0.015697 0.997659
3.747982 -0.075364 0.294178 0.480312 -0.062213 0.025968 0.014807 0.997615
3.752989 -0.075253 0.295322 0.482131 -0.062721 0.026346 0.014094 0.997584
3.757982 -0.075158 0.296486 0.483949 -0.063206 0.026688 0.01331 0.997555
3.762974 -0.075028 0.297683 0.485752 -0.063624 0.026947 0.012552 0.997531
3.767955 -0.074992 0.298316 0.486657 -0.063752 0.027244 0.012114 0.99752
3.772934 -0.0749 0.299565 0.488463 -0.064104 0.02769 0.011123 0.997497
3.777919 -0.07481 0.30084 0.49026 -0.064409 0.028109 0.010156 0.997476
3.782916 -0.074703 0.302128 0.492042 -0.064742 0.028412 0.009495 0.997452
3.787906 -0.074615 0.303461 0.493824 -0.065068 0.028816 0.008513 0.997428
3.792903 -0.074538 0.304822 0.495589 -0.065253 0.029181 0.007668 0.997412
3.797901 -0.074501 0.305492 0.496481 -0.065376 0.029409 0.007156 0.997402
3.802899 -0.074395 0.306898 0.498226 -0.065516 0.029669 0.00643 0.99739
3.807898 -0.0743 0.308336 0.499955 -0.065589 0.029916 0.005827 0.997381
3.812899 -0.074171 0.309804 0.501657 -0.065587 0.029902 0.00533 0.997384
3.817905 -0.07398 0.312056 0.504201 -0.065432 0.030045 0.004818 0.997393
3.822917 -0.073868 0.313626 0.505885 -0.065199 0.030212 0.004432 0.997405
3.827941 -0.073702 0.31523 0.507531 -0.06487 0.029992 0.00418 0.997434
3.832954 -0.073531 0.316873 0.509162 -0.064479 0.029857 0.004082 0.997464
3.837969 -0.073336 0.31857 0.510765 -0.063874 0.02958 0.00403 0.997511
3.842983 -0.073165 0.320302 0.51236 -0.06324 0.029437 0.003977 0.997556
3.848003 -0.0729 0.323018 0.514698 -0.062173 0.029495 0.004298 0.99762
3.853009 -0.072743 0.324864 0.516229 -0.061268 0.029602 0.004713 0.997671
3.858001 -0.07257 0.326763 0.517727 -0.060266 0.029807 0.005161 0.997724
3.862991 -0.07243 0.328696 0.519211 -0.059214 0.030215 0.005943 0.99777
3.867978 -0.072369 0.329717 0.519922 -0.058528 0.030542 0.006478 0.997797
3.872972 -0.07222 0.331726 0.521362 -0.057274 0.030978 0.007281 0.997851
3.877956 -0.072108 0.333764 0.522788 -0.055948 0.031707 0.008354 0.997895
3.882931 -0.072011 0.335842 0.524193 -0.054545 0.032479 0.009495 0.997938
3.887906 -0.071923 0.33795 0.525576 -0.053073 0.033059 0.010568 0.997987
3.89289 -0.071839 0.340088 0.526932 -0.051447 0.033623 0.011695 0.998041
3.897883 -0.071783 0.341151 0.527614 -0.050728 0.033939 0.01228 0.99806
3.90288 -0.071712 0.343326 0.528956 -0.049059 0.034391 0.013407 0.998114
3.907877 -0.071678 0.345488 0.530294 -0.047544 0.034841 0.014458 0.998157
3.912882 -0.071663 0.347645 0.53162 -0.04607 0.035295 0.015599 0.998193
3.917893 -0.07166 0.350878 0.533588 -0.043853 0.035804 0.017528 0.998242
3.922909 -0.071672 0.353026 0.534883 -0.042432 0.036015 0.018658 0.998276
3.927918 -0.071712 0.355168 0.536167 -0.041033 0.036415 0.019846 0.998297
3.932918 -0.071786 0.357269 0.537455 -0.039916 0.036962 0.021223 0.998294
3.937922 -0.071872 0.359372 0.53872 -0.038783 0.03748 0.022427 0.998293
3.942929 -0.071978 0.36145 0.539967 -0.037699 0.037941 0.023901 0.998283
3.947938 -0.072096 0.364552 0.541809 -0.036274 0.038452 0.025955 0.998264
3.95294 -0.072259 0.366615 0.543041 -0.035404 0.039115 0.026991 0.998242
3.957934 -0.072395 0.368665 0.54424 -0.034591 0.039562 0.028141 0.998222
3.962931 -0.072531 0.370702 0.545406 -0.033691 0.039902 0.02939 0.998203
3.96793 -0.072625 0.371733 0.545967 -0.033235 0.040263 0.029832 0.998191
3.972922 -0.0728 0.373778 0.547113 -0.032421 0.040803 0.030696 0.998169
3.977909 -0.07298 0.375805 0.548239 -0.03157 0.041216 0.031528 0.998154
3.982902 -0.073048 0.376837 0.548807 -0.031087 0.041485 0.031937 0.998145
3.987902 -0.073283 0.378867 0.549898 -0.030219 0.042106 0.032519 0.998126
3.992903 -0.073531 0.380905 0.550954 -0.029205 0.042754 0.032918 0.998116
3.997907 -0.073721 0.382943 0.551978 -0.02819 0.04311 0.033378 0.998115
4.002905 -0.073842 0.38396 0.552467 -0.027734 0.043388 0.033655 0.998106
4.007908 -0.074308 0.388012 0.554472 -0.025858 0.04415 0.0346 0.998091
4.012913 -0.074495 0.390055 0.555402 -0.024675 0.04418 0.035371 0.998092
4.017921 -0.074743 0.392112 0.556311 -0.023663 0.044615 0.036099 0.998071
4.022932 -0.074968 0.394189 0.557183 -0.02263 0.044751 0.036828 0.998063
4.027943 -0.075175 0.396274 0.558015 -0.021338 0.044801 0.037895 0.998049
4.032955 -0.075401 0.398362 0.558814 -0.020079 0.044987 0.039015 0.998023
4.037965 -0.075616 0.400471 0.55959 -0.018782 0.045087 0.039946 0.998007
4.042978 -0.076022 0.403641 0.56071 -0.016661 0.045914 0.041432 0.997947
4.047987 -0.076276 0.405742 0.561441 -0.015565 0.046233 0.042282 0.997914
4.052983 -0.076507 0.407828 0.562163 -0.014461 0.046632 0.043393 0.997864
4.057966 -0.076493 0.407814 0.562168 -0.014614 0.046813 0.043297 0.997858
4.062949 -0.076779 0.410934 0.563229 -0.012717 0.046984 0.044988 0.997801
4.067935 -0.076948 0.412982 0.563956 -0.011905 0.047256 0.045932 0.997755
4.072925 -0.077132 0.414999 0.564701 -0.011173 0.047893 0.047051 0.997681
4.077909 -0.077287 0.417015 0.565449 -0.010378 0.048327 0.047857 0.99763
4.082898 -0.07738 0.419011 0.566193 -0.009741 0.048514 0.048574 0.997593
4.087884 -0.07749 0.420988 0.566965 -0.009409 0.049182 0.048987 0.997543
4.092879 -0.077551 0.421985 0.567346 -0.009049 0.049572 0.049398 0.997507
4.097878 -0.077618 0.423932 0.568123 -0.008454 0.049915 0.049759 0.997477
4.10288 -0.07767 0.425818 0.568899 -0.008217 0.050336 0.050144 0.997439
4.107884 -0.077726 0.427707 0.569691 -0.00803 0.051133 0.050416 0.997386
4.11289 -0.077765 0.430508 0.570852 -0.007615 0.05169 0.050567 0.997353
4.1179 -0.077736 0.432311 0.571619 -0.007415 0.051946 0.050994 0.99732
4.122914 -0.077782 0.434057 0.572402 -0.00754 0.052797 0.051705 0.997237
4.12793 -0.077723 0.435783 0.573139 -0.007512 0.052721 0.052281 0.997211
4.132938 -0.07771 0.437506 0.573899 -0.007543 0.05343 0.052872 0.997142
4.137941 -0.077701 0.439242 0.574664 -0.007198 0.054063 0.05344 0.997081
4.142947 -0.077593 0.441712 0.575762 -0.007318 0.054274 0.054016 0.997037
4.147954 -0.077542 0.443368 0.576503 -0.007389 0.054869 0.054183 0.996995
4.15295 -0.077464 0.444986 0.577216 -0.007578 0.055111 0.054373 0.99697
4.157948 -0.07733 0.446608 0.577905 -0.007668 0.055266 0.054421 0.996958
4.162947 -0.077283 0.447406 0.578269 -0.007581 0.055601 0.05461 0.99693
4.167949 -0.077163 0.449018 0.578959 -0.007568 0.05573 0.054776 0.996914
4.172943 -0.076994 0.450613 0.57962 -0.007509 0.055382 0.05493 0.996925
4.177929 -0.076855 0.452196 0.580298 -0.00745 0.055515 0.054895 0.99692
4.182915 -0.076807 0.452994 0.580641 -0.007515 0.055889 0.054909 0.996898
4.187907 -0.076674 0.454546 0.581311 -0.007608 0.056078 0.055023 0.99688
4.192904 -0.076509 0.456107 0.581946 -0.007537 0.056063 0.055214 0.996871
4.197909 -0.076424 0.45764 0.582614 -0.007511 0.056983 0.055709 0.996791
4.202927 -0.076119 0.45986 0.583487 -0.007802 0.056367 0.055914 0.996813
4.207944 -0.075882 0.461268 0.584043 -0.008139 0.056141 0.056319 0.9968
4.21296 -0.075676 0.462613 0.584607 -0.008893 0.056209 0.056779 0.996764
4.217976 -0.075444 0.463921 0.585143 -0.009678 0.056099 0.057739 0.996707
4.22299 -0.07504 0.466457 0.58626 -0.010986 0.056232 0.058642 0.996634
4.227999 -0.07493 0.467076 0.58653 -0.011387 0.056217 0.059047 0.996606
4.232999 -0.074689 0.46826 0.587038 -0.012389 0.055551 0.059387 0.996611
4.237996 -0.074582 0.469474 0.587637 -0.013051 0.056193 0.059787 0.996543
4.242991 -0.074525 0.470655 0.58825 -0.013659 0.057148 0.060031 0.996466
4.247983 -0.074529 0.471241 0.588564 -0.013727 0.057854 0.06002 0.996425
4.252972 -0.074478 0.472368 0.58915 -0.014472 0.058646 0.060134 0.996361
4.257961 -0.074411 0.473456 0.589723 -0.01549 0.05932 0.059994 0.996314
4.262951 -0.074411 0.47455 0.590329 -0.016281 0.060782 0.060043 0.99621
4.267942 -0.074354 0.475649 0.590905 -0.016701 0.061447 0.060248 0.99615
4.272935 -0.074249 0.476719 0.591439 -0.017526 0.061445 0.060218 0.996138
4.277931 -0.074162 0.477763 0.591994 -0.018299 0.062074 0.060291 0.996081
4.28293 -0.074145 0.47829 0.592285 -0.018651 0.062579 0.060274 0.996044
4.287931 -0.074104 0.479366 0.592848 -0.018984 0.063745 0.060992 0.99592
4.292929 -0.074022 0.480428 0.593377 -0.019539 0.064376 0.061262 0.995852
4.29793 -0.073935 0.481451 0.5939 -0.020483 0.06521 0.06148 0.995765
4.302938 -0.073788 0.483015 0.59466 -0.021607 0.065933 0.061692 0.995681
4.307945 -0.073757 0.484002 0.595177 -0.022914 0.067192 0.061578 0.995574
4.312953 -0.073691 0.484997 0.595692 -0.023517 0.068251 0.062518 0.99543
4.317961 -0.073674 0.486043 0.596218 -0.02392 0.069542 0.062697 0.995319
4.322968 -0.073571 0.487544 0.596968 -0.024625 0.07064 0.062674 0.995226
4.327973 -0.073472 0.488469 0.597455 -0.025773 0.07127 0.062786 0.995145
4.332971 -0.073364 0.489438 0.597949 -0.026322 0.071777 0.062714 0.995099
4.337967 -0.073276 0.490426 0.598465 -0.026388 0.072373 0.062964 0.995038
4.342962 -0.073276 0.490426 0.598465 -0.026388 0.072373 0.062964 0.995038
4.347957 -0.073141 0.491408 0.598954 -0.026508 0.072543 0.063294 0.995002
4.35296 -0.073039 0.492353 0.599453 -0.027076 0.073221 0.062863 0.994964
4.357963 -0.072921 0.49326 0.599939 -0.028049 0.073642 0.062203 0.994948
4.362971 -0.072701 0.494574 0.600667 -0.029766 0.073694 0.061049 0.994965
4.367976 -0.072598 0.495452 0.601164 -0.030333 0.074241 0.060227 0.994958
4.372978 -0.072548 0.496359 0.601666 -0.030854 0.075022 0.059193 0.994945
4.377977 -0.072449 0.497196 0.602148 -0.03214 0.075253 0.057606 0.99498
4.382985 -0.072377 0.498431 0.602883 -0.034063 0.075831 0.055256 0.995006
4.38799 -0.072313 0.499249 0.603375 -0.035111 0.075829 0.053911 0.995043
4.392988 -0.072262 0.500075 0.60387 -0.03615 0.07585 0.052963 0.995055
4.397984 -0.072185 0.500894 0.60436 -0.037046 0.07577 0.051827 0.995088
4.40298 -0.072123 0.501295 0.6046 -0.037702 0.075449 0.051027 0.995129
4.407972 -0.072091 0.50171 0.604839 -0.038434 0.075203 0.050254 0.995159
4.412964 -0.072014 0.502505 0.605364 -0.039691 0.075035 0.049283 0.995171
4.417968 -0.071879 0.503259 0.605843 -0.041107 0.074509 0.048527 0.99519
4.422972 -0.071705 0.504 0.606331 -0.042429 0.073581 0.047972 0.995231
4.427973 -0.071552 0.505178 0.607127 -0.043923 0.073568 0.046456 0.995239
4.432973 -0.071382 0.505929 0.607643 -0.044973 0.073031 0.04553 0.995274
4.437981 -0.071201 0.50709 0.608431 -0.045911 0.073124 0.044761 0.99526
4.442984 -0.071032 0.507842 0.608961 -0.046707 0.0726 0.044218 0.995285
4.447983 -0.070848 0.508607 0.609486 -0.047256 0.072239 0.043607 0.995312
4.45298 -0.070726 0.50943 0.610044 -0.047242 0.072534 0.042729 0.99533
4.457973 -0.070621 0.509808 0.610311 -0.0475 0.072404 0.04255 0.995335
4.462971 -0.070478 0.510585 0.610874 -0.047614 0.072535 0.042143 0.995337
4.467967 -0.070393 0.510973 0.611134 -0.047796 0.072451 0.041956 0.995342
4.472963 -0.070293 0.511771 0.611718 -0.047464 0.073331 0.041701 0.995304
4.477959 -0.070165 0.512544 0.6123 -0.047561 0.07367 0.041398 0.995287
4.482965 -0.070003 0.513286 0.612863 -0.048218 0.073561 0.041156 0.995274
4.487969 -0.069733 0.514743 0.613976 -0.048722 0.074025 0.04108 0.995218
4.49297 -0.069647 0.515416 0.61458 -0.049122 0.074639 0.041154 0.995149
4.497971 -0.069582 0.516109 0.615175 -0.048973 0.075492 0.041343 0.995085
4.502969 -0.069438 0.51676 0.615725 -0.049249 0.075537 0.041203 0.995073
4.507966 -0.069419 0.517074 0.616022 -0.049245 0.076018 0.040966 0.995047
4.512962 -0.069283 0.517683 0.616555 -0.049788 0.075577 0.040705 0.995064
4.517958 -0.069188 0.518259 0.617106 -0.050216 0.07565 0.040475 0.995046
4.522954 -0.069111 0.518821 0.617641 -0.05047 0.075802 0.04004 0.99504
4.527951 -0.069056 0.519348 0.618182 -0.050786 0.076068 0.039642 0.995019
4.532948 -0.069037 0.51963 0.618467 -0.050675 0.076367 0.03963 0.995002
4.537946 -0.068946 0.520109 0.618933 -0.051195 0.075747 0.039448 0.99503
4.542946 -0.068885 0.52054 0.619395 -0.051887 0.075172 0.038824 0.995063
4.54795 -0.068968 0.520993 0.619889 -0.051977 0.075838 0.038126 0.995034
4.552954 -0.068999 0.521558 0.620546 -0.052716 0.075584 0.037437 0.995041
4.557958 -0.069156 0.522031 0.621111 -0.05339 0.075486 0.036166 0.995059
4.562963 -0.069173 0.522189 0.621302 -0.053571 0.075263 0.035883 0.995077
4.567966 -0.069321 0.522455 0.621643 -0.053609 0.075423 0.035267 0.995085
4.572962 -0.069495 0.522697 0.621954 -0.053486 0.075803 0.034344 0.995095
4.577958 -0.069548 0.522759 0.622044 -0.053492 0.075616 0.034101 0.995117
4.582965 -0.069794 0.523006 0.622416 -0.053633 0.075614 0.033194 0.99514
4.58797 -0.069986 0.52309 0.622619 -0.05344 0.075996 0.032755 0.995136
4.592974 -0.070219 0.523152 0.622809 -0.053026 0.076706 0.032268 0.99512
4.597976 -0.070449 0.523153 0.622977 -0.05251 0.077347 0.031717 0.995115
4.602978 -0.070642 0.523108 0.623105 -0.052415 0.077469 0.031015 0.995133
4.607979 -0.070804 0.522992 0.623197 -0.052483 0.077101 0.030354 0.995178
4.612979 -0.071006 0.522831 0.623295 -0.05256 0.077018 0.029478 0.995207
4.617985 -0.071147 0.522607 0.62333 -0.052948 0.076084 0.028427 0.995289
4.622989 -0.071274 0.522315 0.623353 -0.05329 0.075162 0.027743 0.99536
4.627991 -0.071411 0.521668 0.623321 -0.05417 0.073374 0.027437 0.995454
4.632995 -0.071521 0.521194 0.623276 -0.054799 0.072226 0.027276 0.995508
4.637995 -0.07173 0.520685 0.623257 -0.055171 0.071955 0.027084 0.995512
4.642992 -0.071953 0.520113 0.623216 -0.055639 0.071519 0.026543 0.995532
4.647985 -0.072087 0.519761 0.62316 -0.055983 0.071179 0.026398 0.995541
4.652974 -0.072356 0.519095 0.623064 -0.056642 0.07068 0.026217 0.995544
4.657962 -0.072672 0.518377 0.622952 -0.057219 0.070378 0.025954 0.99554
4.66295 -0.073027 0.517632 0.622812 -0.057815 0.070154 0.025308 0.995538
4.66794 -0.073424 0.516849 0.622652 -0.058167 0.070136 0.024597 0.995536
4.672933 -0.073895 0.51603 0.622486 -0.058547 0.070501 0.023892 0.995505
4.677929 -0.074348 0.515169 0.622263 -0.058977 0.07033 0.022694 0.99552
4.682921 -0.074785 0.514258 0.621976 -0.059471 0.069758 0.021466 0.995558
4.687912 -0.075338 0.513339 0.621694 -0.059695 0.07016 0.020647 0.995534
4.692907 -0.075857 0.512395 0.621346 -0.059731 0.070212 0.019374 0.995554
4.697898 -0.076121 0.511936 0.621202 -0.059692 0.070335 0.018716 0.99556
4.702892 -0.076677 0.510948 0.620854 -0.059841 0.070598 0.017146 0.995561
4.707889 -0.07721 0.509911 0.620465 -0.060182 0.070414 0.015517 0.99558
4.712896 -0.077761 0.508847 0.620054 -0.060689 0.070202 0.013696 0.995591
4.717911 -0.078543 0.507214 0.619359 -0.061343 0.069565 0.010984 0.995629
4.722926 -0.079044 0.506057 0.618867 -0.06214 0.068951 0.009191 0.99564
4.727942 -0.07954 0.504901 0.618375 -0.062652 0.068345 0.007336 0.995666
4.732956 -0.080133 0.503706 0.617952 -0.063361 0.068565 0.006127 0.995614
4.737965 -0.080672 0.502492 0.617471 -0.063989 0.068518 0.005089 0.995583
4.742974 -0.08143 0.500603 0.616713 -0.065106 0.067941 0.004282 0.995554
4.747977 -0.08192 0.499354 0.61619 -0.065893 0.067512 0.003568 0.995534
4.752977 -0.082392 0.498075 0.615666 -0.066708 0.067038 0.00287 0.995514
4.757972 -0.082885 0.496797 0.615162 -0.067139 0.067054 0.002383 0.995485
4.762962 -0.083079 0.496123 0.614881 -0.067611 0.06668 0.002186 0.995479
4.767944 -0.083524 0.494797 0.614365 -0.068576 0.066513 0.00173 0.995425
4.772921 -0.08392 0.493471 0.613816 -0.069344 0.065932 0.000885 0.995411
4.777894 -0.08432 0.492139 0.613268 -0.07003 0.065429 0.000544 0.995397
4.782877 -0.084524 0.491485 0.61299 -0.070448 0.065276 0.000143 0.995377
4.787867 -0.08495 0.490163 0.61246 -0.070847 0.065328 -0.000446 0.995346
4.792868 -0.085331 0.488801 0.611921 -0.071425 0.065041 -0.000743 0.995323
4.797874 -0.085726 0.487461 0.611392 -0.071642 0.064973 -0.000696 0.995312
4.802888 -0.08638 0.485462 0.610636 -0.072133 0.065489 -0.00058 0.995243
4.807904 -0.086731 0.484091 0.610057 -0.072704 0.064733 -0.000513 0.99525
4.812922 -0.087129 0.482738 0.609508 -0.073238 0.064821 0.00011 0.995206
4.817938 -0.087519 0.481386 0.60892 -0.073699 0.064419 -2.8e-05 0.995198
4.82295 -0.087905 0.480019 0.608343 -0.074102 0.064338 0.000606 0.995173
4.827958 -0.088511 0.478022 0.607392 -0.074448 0.064009 0.000741 0.995168
4.832963 -0.088894 0.476672 0.606745 -0.075005 0.063633 0.000856 0.99515
4.837963 -0.089258 0.475334 0.60606 -0.075595 0.062973 0.000502 0.995148
4.842958 -0.089647 0.473992 0.6054 -0.076196 0.062881 0.0003 0.995108
4.847946 -0.089853 0.473329 0.605066 -0.07659 0.063054 -1.8e-05 0.995067
4.852929 -0.090219 0.471992 0.604373 -0.077325 0.06247 -0.000583 0.995047
4.857909 -0.090597 0.470654 0.603697 -0.078036 0.062397 -0.000845 0.994996
4.862897 -0.09096 0.469324 0.60299 -0.078806 0.061943 -0.001645 0.994962
4.86789 -0.091153 0.468649 0.602651 -0.079269 0.061986 -0.001807 0.994923
4.872884 -0.091526 0.467288 0.601974 -0.080308 0.062009 -0.002405 0.994837
4.877883 -0.091951 0.465929 0.601309 -0.081278 0.06241 -0.002941 0.994731
4.882886 -0.092319 0.464552 0.600635 -0.082296 0.062359 -0.003412 0.994649
4.887892 -0.092849 0.462471 0.599591 -0.08354 0.061622 -0.003363 0.994592
4.892903 -0.093219 0.461067 0.598909 -0.08416 0.061585 -0.003492 0.994541
4.897917 -0.093571 0.459648 0.598258 -0.085013 0.061588 -0.00389 0.994467
4.902927 -0.093873 0.458189 0.597576 -0.085932 0.06109 -0.003894 0.994419
4.907935 -0.094118 0.456736 0.596874 -0.086822 0.059866 -0.004205 0.994415
4.912941 -0.094334 0.45527 0.596177 -0.08757 0.058796 -0.00404 0.994414
4.917945 -0.094555 0.453812 0.595478 -0.088461 0.057862 -0.004374 0.994388
4.922951 -0.094878 0.451617 0.594461 -0.090071 0.057115 -0.005168 0.994283
4.927954 -0.095095 0.45016 0.593782 -0.091405 0.056752 -0.005524 0.99418
4.932954 -0.095263 0.448694 0.593044 -0.092419 0.055833 -0.005213 0.99414
4.93795 -0.095465 0.447252 0.592338 -0.093527 0.055739 -0.005118 0.994042
4.942944 -0.095596 0.446546 0.59198 -0.093921 0.055949 -0.004904 0.993994
4.947937 -0.095824 0.445117 0.591263 -0.094649 0.05621 -0.004555 0.993912
4.952931 -0.095982 0.443668 0.59052 -0.095574 0.05592 -0.004342 0.993841
4.957925 -0.096168 0.442226 0.589784 -0.096254 0.05601 -0.00384 0.993772
4.96292 -0.09636 0.440802 0.589052 -0.096949 0.056354 -0.003503 0.993687
4.967915 -0.096459 0.44009 0.588681 -0.097227 0.056502 -0.003202 0.993652
4.972912 -0.096602 0.438642 0.587939 -0.097528 0.056486 -0.002557 0.993625
4.977912 -0.096769 0.437207 0.587231 -0.098042 0.057001 -0.002402 0.993546
4.982913 -0.096891 0.435754 0.586517 -0.098405 0.057019 -0.002071 0.993509
4.987916 -0.096971 0.433555 0.585455 -0.099291 0.056825 -0.001853 0.993433
4.992921 -0.097047 0.432111 0.584803 -0.099862 0.057089 -0.001823 0.99336
4.997929 -0.097081 0.430619 0.58417 -0.100753 0.057219 -0.001283 0.993264
5.002947 -0.097065 0.429127 0.583532 -0.101374 0.056946 -0.000589 0.993217
5.007961 -0.097012 0.427623 0.582908 -0.1024 0.056551 -0.000505 0.993134
5.012972 -0.09691 0.426119 0.582273 -0.103391 0.055748 -0.000719 0.993077
5.017974 -0.096864 0.424628 0.581671 -0.104448 0.055573 -0.000493 0.992976
5.022971 -0.096813 0.423134 0.581058 -0.105308 0.055188 -0.000264 0.992907
5.027976 -0.096742 0.421642 0.580426 -0.106393 0.054606 -0.000489 0.992823
5.032988 -0.096603 0.42016 0.579768 -0.10741 0.053474 -0.000621 0.992776
5.037996 -0.096451 0.418666 0.57909 -0.108432 0.052336 -0.000846 0.992725
5.043004 -0.096299 0.416453 0.578086 -0.109584 0.051264 -0.000391 0.992655
5.048007 -0.096252 0.414982 0.577436 -0.110392 0.051065 0.000332 0.992575
5.053002 -0.096134 0.413515 0.576749 -0.111218 0.050161 0.000692 0.992529
5.057998 -0.096048 0.412054 0.576059 -0.111921 0.049525 0.001415 0.992481
5.062999 -0.096031 0.411333 0.57571 -0.112221 0.049399 0.001968 0.992453
5.067996 -0.095971 0.40988 0.575009 -0.112809 0.049065 0.003074 0.9924
5.072991 -0.095948 0.408429 0.574307 -0.113306 0.048799 0.004067 0.992353
5.077983 -0.095945 0.406996 0.57361 -0.113839 0.04875 0.004993 0.99229
5.082973 -0.095918 0.405552 0.572882 -0.114447 0.048303 0.005924 0.992237
5.087962 -0.09592 0.404837 0.572536 -0.114758 0.048347 0.006558 0.992195
5.092957 -0.095824 0.403361 0.571738 -0.11505 0.047225 0.007951 0.992205
5.097955 -0.095798 0.401885 0.570965 -0.115429 0.046571 0.008989 0.992183
5.102963 -0.095772 0.400388 0.570193 -0.115945 0.045962 0.009879 0.992142
5.107967 -0.095758 0.398152 0.569044 -0.116651 0.045099 0.010713 0.992091
5.112968 -0.095787 0.396669 0.568299 -0.117293 0.044891 0.010908 0.992022
5.117969 -0.095786 0.39515 0.567526 -0.117807 0.044043 0.011246 0.991996
5.122974 -0.095779 0.392852 0.566411 -0.118883 0.042881 0.011575 0.991914
5.127976 -0.095832 0.391361 0.565716 -0.119827 0.042564 0.011403 0.991816
5.132975 -0.095838 0.389839 0.565022 -0.120756 0.041861 0.011495 0.991733
5.137973 -0.095811 0.388312 0.564333 -0.121722 0.040959 0.011829 0.991648
5.142969 -0.095762 0.387534 0.563996 -0.122307 0.040356 0.012233 0.991596
5.147963 -0.095706 0.385986 0.563336 -0.123468 0.039275 0.012903 0.991487
5.152957 -0.095705 0.384491 0.562714 -0.124254 0.038942 0.013335 0.991396
5.157951 -0.095741 0.383024 0.562155 -0.125295 0.039161 0.013477 0.991255
5.162944 -0.095755 0.381584 0.561597 -0.126127 0.039262 0.013754 0.991141
5.167937 -0.09577 0.380838 0.561313 -0.126665 0.039234 0.013965 0.991071
5.172931 -0.095781 0.379391 0.560813 -0.127624 0.039431 0.013978 0.99094
5.177931 -0.095807 0.377977 0.560337 -0.128491 0.039889 0.013901 0.990811
5.182935 -0.095849 0.3766 0.559899 -0.129438 0.040306 0.013441 0.990677
5.187939 -0.095977 0.374621 0.559285 -0.130461 0.041803 0.01221 0.990496
5.192953 -0.095955 0.373285 0.558889 -0.131615 0.041737 0.011576 0.990354
5.197962 -0.09593 0.371968 0.558477 -0.132446 0.041503 0.011358 0.990256
5.202967 -0.095913 0.370681 0.558102 -0.133315 0.041388 0.010958 0.990148
5.20797 -0.095893 0.369462 0.557734 -0.134139 0.041172 0.010511 0.990051
5.212979 -0.095826 0.367742 0.557173 -0.13516 0.040692 0.01005 0.989937
5.217989 -0.095792 0.366645 0.556818 -0.135793 0.040681 0.009817 0.989853
5.222987 -0.095761 0.365602 0.55647 -0.136319 0.040558 0.009807 0.989786
5.227981 -0.095743 0.364615 0.55612 -0.136627 0.040568 0.009763 0.989743
5.232973 -0.095736 0.364194 0.555973 -0.136816 0.040578 0.009748 0.989717
5.237966 -0.095706 0.363317 0.555661 -0.137237 0.04044 0.009371 0.989668
5.242956 -0.095691 0.362515 0.555369 -0.137571 0.040507 0.00902 0.989622
5.247948 -0.095667 0.36176 0.555091 -0.137796 0.040651 0.008949 0.989586
5.252941 -0.095644 0.361085 0.554844 -0.137972 0.040912 0.008898 0.989551
5.257936 -0.095614 0.360474 0.554627 -0.138082 0.04111 0.00875 0.989529
5.262937 -0.095575 0.359935 0.554432 -0.138134 0.041313 0.008712 0.989513
5.267936 -0.095529 0.359468 0.554278 -0.138205 0.041594 0.008583 0.989493
5.272937 -0.095506 0.359207 0.554192 -0.138303 0.041606 0.008518 0.989479
5.277933 -0.095424 0.358837 0.554069 -0.138309 0.041791 0.008425 0.989471
5.282931 -0.095311 0.358522 0.553967 -0.138256 0.041882 0.008674 0.989473
5.287934 -0.095171 0.35828 0.553882 -0.138178 0.041804 0.008861 0.989485
5.292938 -0.094994 0.358014 0.553804 -0.137901 0.04205 0.009022 0.989512
5.297944 -0.094847 0.35795 0.553781 -0.137621 0.042128 0.008964 0.989548
5.30295 -0.09468 0.35795 0.553758 -0.137189 0.042088 0.00891 0.98961
5.30796 -0.094486 0.358001 0.553728 -0.136627 0.041861 0.009014 0.989697
5.312968 -0.094284 0.35813 0.553694 -0.135903 0.041632 0.009077 0.989805
5.317975 -0.094023 0.358496 0.553678 -0.134613 0.041597 0.008997 0.989984
5.322977 -0.093857 0.35879 0.553683 -0.133621 0.04162 0.00898 0.990118
5.327976 -0.093676 0.35914 0.553702 -0.132657 0.04153 0.008952 0.990251
5.332973 -0.093503 0.359559 0.553734 -0.131597 0.041469 0.00892 0.990395
5.337966 -0.093404 0.359826 0.553773 -0.131006 0.041523 0.008986 0.990471
5.34296 -0.093217 0.360327 0.553836 -0.129897 0.041581 0.008967 0.990615
5.347954 -0.092987 0.360853 0.553886 -0.12869 0.041296 0.009241 0.990782
5.352954 -0.09275 0.361432 0.553965 -0.1274 0.041058 0.009539 0.990955
5.357954 -0.092646 0.361712 0.554006 -0.126777 0.041003 0.009608 0.991037
5.362953 -0.092356 0.362346 0.554096 -0.125407 0.040435 0.010074 0.99123
5.367952 -0.092055 0.36303 0.5542 -0.124039 0.039801 0.010519 0.991423
5.37295 -0.091739 0.363759 0.554316 -0.122618 0.039255 0.0111 0.991615
5.377955 -0.091241 0.364881 0.554512 -0.12051 0.038108 0.012013 0.991908
5.382959 -0.090757 0.366159 0.55477 -0.118287 0.036893 0.012809 0.992211
5.38796 -0.090473 0.367068 0.554984 -0.116832 0.036428 0.012992 0.992398
5.39296 -0.090198 0.367996 0.555216 -0.115465 0.036038 0.01327 0.992569
5.397958 -0.089922 0.368966 0.555471 -0.114108 0.035564 0.013367 0.992742
5.402955 -0.089795 0.369493 0.555613 -0.113336 0.035349 0.0133 0.992839
5.407952 -0.089522 0.370506 0.555895 -0.111948 0.035072 0.013429 0.993004
5.412946 -0.089383 0.371004 0.556027 -0.111243 0.034732 0.013436 0.993095
5.417938 -0.089115 0.372068 0.556335 -0.109716 0.03439 0.013423 0.993277
5.422939 -0.088853 0.373148 0.556675 -0.108292 0.034172 0.013364 0.993442
5.427952 -0.08861 0.374245 0.557034 -0.106749 0.034095 0.013449 0.99361
5.432966 -0.088221 0.375936 0.557596 -0.104466 0.033772 0.013305 0.993866
5.437978 -0.087963 0.377094 0.55799 -0.102897 0.033696 0.013372 0.994031
5.442986 -0.087414 0.379466 0.558802 -0.099668 0.033104 0.013912 0.994373
5.447991 -0.087282 0.380055 0.55901 -0.098849 0.032955 0.013941 0.994459
5.452992 -0.087015 0.38128 0.559425 -0.097235 0.03271 0.014148 0.994623
5.457991 -0.086768 0.382529 0.55985 -0.095535 0.032643 0.014398 0.994786
5.462986 -0.086478 0.383786 0.560273 -0.093909 0.032328 0.014652 0.994948
5.467974 -0.086363 0.38444 0.560498 -0.093023 0.032581 0.014789 0.995021
5.472961 -0.086122 0.385714 0.560939 -0.0913 0.032687 0.015183 0.995171
5.477959 -0.085872 0.387002 0.56139 -0.089531 0.03272 0.015529 0.995325
5.482953 -0.085605 0.388298 0.561843 -0.087739 0.032598 0.015827 0.995484
5.487946 -0.085499 0.388949 0.562081 -0.086889 0.032869 0.015954 0.995548
5.492939 -0.085269 0.390258 0.56258 -0.085153 0.033308 0.016182 0.99568
5.497937 -0.084994 0.391533 0.563076 -0.083511 0.033341 0.016701 0.995809
5.502946 -0.084707 0.392817 0.563584 -0.081714 0.033389 0.017205 0.995948
5.507958 -0.084269 0.394721 0.564374 -0.0792 0.032871 0.017967 0.996155
5.512964 -0.083915 0.395983 0.564923 -0.077723 0.031937 0.018359 0.996294
5.517968 -0.083576 0.397245 0.565488 -0.076268 0.031368 0.018844 0.996416
5.522971 -0.083215 0.398485 0.566065 -0.074987 0.030498 0.019457 0.996528
5.527981 -0.082846 0.399737 0.566634 -0.073662 0.029318 0.02003 0.996651
5.532987 -0.082364 0.401619 0.567539 -0.071881 0.027968 0.020627 0.996808
5.537989 -0.082024 0.402856 0.568148 -0.070937 0.026905 0.021125 0.996894
5.542987 -0.081721 0.404097 0.568772 -0.069919 0.026337 0.021666 0.99697
5.547987 -0.081431 0.405342 0.569398 -0.068935 0.025987 0.022382 0.997031
5.552984 -0.081301 0.405951 0.569731 -0.068582 0.025864 0.022753 0.997051
5.557977 -0.081016 0.407179 0.570377 -0.0677 0.025404 0.02347 0.997106
5.562976 -0.080763 0.408414 0.57104 -0.066889 0.025242 0.024245 0.997146
5.567973 -0.080505 0.409644 0.571708 -0.066161 0.024844 0.024664 0.997195
5.572965 -0.080235 0.410879 0.572363 -0.065313 0.024507 0.02528 0.997243
5.57796 -0.079981 0.412111 0.573033 -0.064402 0.024232 0.025957 0.997292
5.582955 -0.079736 0.413357 0.573704 -0.063496 0.023872 0.026246 0.997351
5.587949 -0.079613 0.413981 0.574037 -0.063109 0.023727 0.026453 0.997374
5.59294 -0.07939 0.415226 0.574712 -0.062063 0.023366 0.026731 0.997441
5.597945 -0.079152 0.416479 0.575377 -0.061015 0.022947 0.026985 0.997508
5.602951 -0.07894 0.417729 0.576039 -0.060072 0.022505 0.027049 0.997574
5.607957 -0.078563 0.420302 0.577341 -0.057575 0.022114 0.026903 0.997734
5.612959 -0.078442 0.421594 0.578026 -0.056365 0.022502 0.026753 0.997798
5.61796 -0.078343 0.422891 0.578698 -0.05507 0.023094 0.026815 0.997855
5.622956 -0.078227 0.424181 0.579364 -0.05385 0.023641 0.026914 0.997906
5.627952 -0.078176 0.424821 0.579696 -0.053275 0.024007 0.027084 0.997924
5.632946 -0.07806 0.426101 0.580359 -0.052141 0.024508 0.027176 0.997969
5.637942 -0.077977 0.427385 0.58101 -0.050931 0.025027 0.027219 0.998017
5.642936 -0.077884 0.428668 0.581665 -0.049689 0.025565 0.027405 0.998061
5.647934 -0.077754 0.42994 0.582322 -0.048642 0.02585 0.027389 0.998106
5.652933 -0.077709 0.430535 0.58266 -0.048187 0.026186 0.027921 0.998105
5.657932 -0.077565 0.431756 0.583312 -0.047342 0.026212 0.028231 0.998136
5.66293 -0.077426 0.432965 0.583978 -0.046566 0.026365 0.028364 0.998164
5.66793 -0.077319 0.43418 0.584657 -0.045754 0.026614 0.02838 0.998195
5.672935 -0.077153 0.435976 0.585676 -0.044727 0.026715 0.028298 0.998241
5.677951 -0.077033 0.43715 0.586378 -0.044093 0.02697 0.028245 0.998264
5.682967 -0.076922 0.438297 0.587087 -0.043582 0.027204 0.028201 0.998281
5.687978 -0.076873 0.439454 0.58781 -0.042997 0.02791 0.028026 0.998292
5.692984 -0.076723 0.441145 0.58886 -0.042236 0.02835 0.02828 0.998305
5.697989 -0.076592 0.442264 0.589548 -0.041979 0.028264 0.028337 0.998317
5.702989 -0.076515 0.443361 0.590256 -0.041415 0.028784 0.029048 0.998305
5.707985 -0.076384 0.444457 0.590929 -0.040987 0.02869 0.029288 0.998318
5.71298 -0.076329 0.444999 0.591258 -0.040787 0.028714 0.029278 0.998326
5.717973 -0.07623 0.446082 0.59194 -0.040346 0.028978 0.029545 0.998328
5.722964 -0.076083 0.447155 0.59259 -0.040062 0.028693 0.029518 0.998349
5.727955 -0.075852 0.448159 0.593179 -0.040031 0.027904 0.029647 0.998369
5.732945 -0.075661 0.44917 0.593782 -0.039753 0.027532 0.029948 0.998381
5.737936 -0.075464 0.450167 0.594376 -0.039629 0.026984 0.029601 0.998411
5.742929 -0.075402 0.450678 0.594689 -0.039362 0.026965 0.029568 0.998423
5.747926 -0.075126 0.451652 0.595236 -0.039469 0.025558 0.028668 0.998482
5.752926 -0.074958 0.452644 0.595831 -0.039078 0.025483 0.028365 0.998508
5.757929 -0.074768 0.453616 0.596436 -0.0389 0.025221 0.02804 0.998531
5.762945 -0.074332 0.455001 0.597252 -0.039103 0.023426 0.02727 0.998588
5.767961 -0.074171 0.455983 0.597923 -0.038768 0.023505 0.02701 0.998607
5.772975 -0.073974 0.456947 0.598584 -0.038663 0.023272 0.026594 0.998627
5.77798 -0.073755 0.4579 0.599219 -0.038631 0.022854 0.025996 0.998654
5.782989 -0.073625 0.45885 0.599891 -0.038423 0.023209 0.025984 0.998654
5.787993 -0.073428 0.459773 0.600548 -0.038427 0.023036 0.0258 0.998663
5.792999 -0.073088 0.461155 0.601503 -0.038211 0.022114 0.025279 0.998705
5.798004 -0.072904 0.462101 0.602169 -0.037965 0.022172 0.025041 0.998719
5.803003 -0.072699 0.463029 0.602811 -0.037718 0.021784 0.024733 0.998745
5.807999 -0.072505 0.463954 0.603472 -0.037695 0.021483 0.02407 0.998768
5.812987 -0.072399 0.46442 0.603809 -0.037695 0.021352 0.023718 0.99878
5.817973 -0.072229 0.465343 0.6045 -0.037448 0.021496 0.023671 0.998787
5.822959 -0.072002 0.466269 0.605179 -0.037319 0.021161 0.023098 0.998812
5.827949 -0.071744 0.467174 0.605855 -0.037349 0.020599 0.022424 0.998838
5.832939 -0.071613 0.467623 0.606194 -0.037442 0.020257 0.022159 0.998848
5.837932 -0.071409 0.46851 0.606913 -0.037391 0.020377 0.021862 0.998854
5.84293 -0.071235 0.469429 0.607662 -0.037173 0.020773 0.021436 0.998863
5.847932 -0.071059 0.470353 0.608402 -0.037021 0.021075 0.021187 0.998868
5.85294 -0.070923 0.470813 0.608757 -0.036859 0.020671 0.020944 0.998887
5.857949 -0.070503 0.472676 0.610223 -0.035943 0.020609 0.020197 0.998937
5.862962 -0.07026 0.473595 0.610942 -0.035318 0.020254 0.020074 0.998969
5.867981 -0.070017 0.474527 0.611671 -0.034723 0.020107 0.020244 0.99899
5.872995 -0.069788 0.475486 0.612387 -0.034162 0.019948 0.020195 0.999013
5.878013 -0.069559 0.476397 0.613115 -0.033527 0.019613 0.020488 0.999035
5.883029 -0.069252 0.477767 0.61424 -0.032579 0.019548 0.020446 0.999069
5.888037 -0.069057 0.478687 0.614979 -0.031888 0.019659 0.020624 0.999085
5.893037 -0.06883 0.479539 0.615721 -0.031529 0.019248 0.021006 0.999097
5.898029 -0.068676 0.480415 0.616506 -0.030942 0.019625 0.021578 0.999096
5.903015 -0.068585 0.48084 0.616901 -0.030497 0.019432 0.021599 0.999113
5.907998 -0.068408 0.481673 0.617669 -0.030098 0.019045 0.021568 0.999133
5.912982 -0.06823 0.482506 0.61845 -0.029545 0.018885 0.021846 0.999146
5.91797 -0.068024 0.483315 0.619237 -0.029209 0.018395 0.021816 0.999166
5.922959 -0.067912 0.48372 0.619617 -0.029087 0.018049 0.021745 0.999177
5.927954 -0.067729 0.484481 0.620431 -0.028724 0.017575 0.022063 0.999189
5.93295 -0.067628 0.485252 0.621304 -0.028142 0.018017 0.022387 0.999191
5.937954 -0.067496 0.485987 0.622183 -0.027735 0.018227 0.022605 0.999193
5.942963 -0.06732 0.487068 0.623511 -0.0275 0.018547 0.022791 0.99919
5.947978 -0.067197 0.487791 0.624425 -0.027063 0.018521 0.022732 0.999204
5.95299 -0.067039 0.488455 0.625347 -0.026686 0.018045 0.022745 0.999222
5.957993 -0.06684 0.489748 0.627218 -0.02607 0.017648 0.021883 0.999265
5.963001 -0.066799 0.490094 0.627694 -0.025766 0.017798 0.021791 0.999272
5.968 -0.06667 0.490697 0.628636 -0.025684 0.017203 0.02136 0.999294
5.972995 -0.066604 0.491335 0.629597 -0.025403 0.017055 0.020749 0.999316
5.977994 -0.066645 0.491333 0.629614 -0.025117 0.017384 0.021077 0.999311
5.982985 -0.066488 0.492268 0.631029 -0.024644 0.016521 0.020199 0.999356
5.98798 -0.066469 0.492568 0.631526 -0.024432 0.016712 0.020166 0.999358
5.992974 -0.066515 0.493209 0.632552 -0.023764 0.017544 0.019736 0.999369
5.997977 -0.066489 0.493811 0.633556 -0.023222 0.017509 0.019542 0.999386
6.00298 -0.06646 0.494385 0.634572 -0.02288 0.017419 0.019422 0.999398
6.007982 -0.066423 0.495252 0.636084 -0.022113 0.017177 0.019411 0.999419
6.012986 -0.066355 0.496081 0.637618 -0.021717 0.016451 0.019109 0.999446
6.017989 -0.066343 0.49663 0.638674 -0.021414 0.016376 0.018904 0.999458
6.022989 -0.066242 0.497136 0.639685 -0.021382 0.015144 0.01873 0.999481
6.027986 -0.066167 0.497661 0.640706 -0.021152 0.014062 0.01845 0.999507
6.032985 -0.066076 0.497896 0.641199 -0.021171 0.012934 0.018546 0.99952
6.037982 -0.066016 0.498441 0.642244 -0.0208 0.012057 0.018383 0.999542
6.042976 -0.065968 0.498962 0.643302 -0.020484 0.01119 0.018159 0.999563
6.047969 -0.065945 0.499226 0.643828 -0.020359 0.010786 0.018124 0.99957
6.052968 -0.065999 0.499765 0.644934 -0.019615 0.010898 0.018606 0.999575
6.057966 -0.066025 0.500278 0.646021 -0.019248 0.010407 0.01858 0.999588
6.06297 -0.066007 0.500751 0.647107 -0.019173 0.009399 0.018435 0.999602
6.067975 -0.066179 0.501781 0.649345 -0.018402 0.009079 0.0181 0.999626
6.072978 -0.06635 0.502328 0.650517 -0.017875 0.00969 0.017684 0.999637
6.077978 -0.066417 0.502792 0.651624 -0.017882 0.008911 0.017228 0.999652
6.082974 -0.066568 0.503307 0.652777 -0.017591 0.00911 0.017143 0.999657
6.087968 -0.066629 0.503554 0.653331 -0.017625 0.008719 0.016584 0.999669
6.092961 -0.066704 0.50403 0.654446 -0.017761 0.007691 0.015537 0.999692
6.097959 -0.066833 0.504542 0.655579 -0.017484 0.00723 0.014789 0.999712
6.102957 -0.066971 0.505059 0.65671 -0.017396 0.006752 0.013872 0.99973
6.107954 -0.067101 0.505586 0.657847 -0.017214 0.00615 0.012955 0.999749
6.112953 -0.067227 0.506102 0.658983 -0.017108 0.005547 0.012046 0.999766
6.117953 -0.067419 0.506634 0.660117 -0.016929 0.005403 0.011485 0.999776
6.122952 -0.067658 0.507225 0.661259 -0.016391 0.005781 0.010909 0.999789
6.127951 -0.06785 0.507812 0.662382 -0.016086 0.00558 0.009993 0.999805
6.132951 -0.06809 0.50843 0.663542 -0.015392 0.006119 0.009518 0.999817
6.137951 -0.068233 0.509055 0.664634 -0.015014 0.005564 0.008656 0.999834
6.142947 -0.068309 0.509351 0.665193 -0.014923 0.005363 0.008299 0.99984
6.147946 -0.068567 0.510045 0.666341 -0.013995 0.006019 0.00782 0.999853
6.152946 -0.068692 0.51071 0.667421 -0.013724 0.005488 0.007091 0.999866
6.157948 -0.068834 0.511392 0.668499 -0.013389 0.005013 0.006691 0.999875
6.162954 -0.068975 0.512416 0.670123 -0.01297 0.003897 0.005293 0.999894
6.167959 -0.069015 0.513115 0.671194 -0.012773 0.002914 0.004633 0.999903
6.172964 -0.068966 0.513828 0.672218 -0.012931 0.000941 0.00352 0.99991
6.177969 -0.069051 0.514591 0.67331 -0.012479 0.00052 0.003171 0.999917
6.182975 -0.069028 0.515346 0.674362 -0.012282 -0.000789 0.002598 0.999921
6.187986 -0.069239 0.516613 0.676057 -0.010702 -0.000149 0.002777 0.999939
6.192992 -0.069382 0.517478 0.677218 -0.0094 0.000516 0.002957 0.999951
6.197995 -0.069469 0.51835 0.678367 -0.008052 0.000766 0.003292 0.999962
6.202992 -0.069552 0.519179 0.679527 -0.006932 0.000914 0.00363 0.999969
6.207986 -0.069585 0.519603 0.68012 -0.006261 0.001153 0.004111 0.999971
6.21298 -0.069605 0.52042 0.681277 -0.005217 0.001061 0.004915 0.999974
6.217971 -0.069622 0.521267 0.682451 -0.004034 0.00105 0.005565 0.999976
6.222961 -0.069604 0.522075 0.683611 -0.003138 0.000683 0.006169 0.999976
6.227952 -0.069559 0.522897 0.684765 -0.002246 0.000231 0.00676 0.999975
6.232944 -0.069532 0.523291 0.685349 -0.001815 -8.4e-05 0.007042 0.999974
6.237942 -0.06948 0.524082 0.686503 -0.001258 -0.000483 0.007765 0.999969
6.242942 -0.069437 0.524899 0.687664 -0.000751 -0.000813 0.007917 0.999968
6.247949 -0.069353 0.525758 0.688797 0.000208 -0.001444 0.008218 0.999965
6.25296 -0.069365 0.527052 0.690536 0.001444 -0.001248 0.008829 0.999959
6.257975 -0.069309 0.52788 0.691666 0.002035 -0.001739 0.008854 0.999957
6.262988 -0.069216 0.529127 0.693319 0.002763 -0.002629 0.009165 0.999951
6.267995 -0.069136 0.529944 0.694431 0.003274 -0.003428 0.00922 0.999946
6.272999 -0.069086 0.5308 0.695516 0.003922 -0.004069 0.009289 0.999941
6.27799 -0.069031 0.531647 0.69661 0.004707 -0.004697 0.009634 0.999931
6.282983 -0.06905 0.532066 0.697153 0.004909 -0.004666 0.009756 0.999929
6.287969 -0.069026 0.532861 0.698235 0.005083 -0.005246 0.01006 0.999923
6.292949 -0.069007 0.533667 0.699341 0.005533 -0.005636 0.01023 0.999916
6.297925 -0.06902 0.534497 0.700419 0.00604 -0.005908 0.010566 0.999908
6.302902 -0.069073 0.535334 0.701526 0.006526 -0.005803 0.010719 0.999904
6.307882 -0.069092 0.536124 0.702644 0.006903 -0.006043 0.010909 0.999898
6.312867 -0.069172 0.536948 0.703756 0.007415 -0.005914 0.010801 0.999897
6.317858 -0.069192 0.537343 0.704321 0.007619 -0.005905 0.010789 0.999895
6.322855 -0.069226 0.538103 0.705432 0.007643 -0.006071 0.010615 0.999896
6.327858 -0.06924 0.538886 0.706558 0.00788 -0.006592 0.010104 0.999896
6.332867 -0.069255 0.539679 0.707679 0.008004 -0.00711 0.008997 0.999902
6.337893 -0.069158 0.540789 0.709303 0.00757 -0.009276 0.007165 0.999903
6.34293 -0.069123 0.541543 0.71042 0.007336 -0.010465 0.005835 0.999901
6.347965 -0.069045 0.542268 0.711506 0.006883 -0.012255 0.004251 0.999892
6.352995 -0.068977 0.542941 0.712636 0.006216 -0.013747 0.003549 0.99988
6.358014 -0.068956 0.544025 0.714348 0.005953 -0.015494 0.002418 0.999859
6.363021 -0.068939 0.544699 0.715488 0.005475 -0.016649 0.001804 0.999845
6.368018 -0.068978 0.545407 0.716638 0.005348 -0.017234 0.001782 0.999836
6.373005 -0.06907 0.546113 0.717819 0.005288 -0.017441 0.001706 0.999832
6.377984 -0.069129 0.54649 0.718394 0.005331 -0.017368 0.001599 0.999834
6.382958 -0.069189 0.547204 0.719538 0.005466 -0.017926 0.002122 0.999822
6.387931 -0.069326 0.547953 0.72071 0.005655 -0.017922 0.00234 0.999821
6.392902 -0.069462 0.548733 0.721866 0.006042 -0.017755 0.002303 0.999821
6.397878 -0.069596 0.549469 0.72303 0.006163 -0.017859 0.002437 0.999819
6.40286 -0.069765 0.550225 0.724199 0.006384 -0.017525 0.002857 0.999822
6.407849 -0.069837 0.550617 0.724771 0.006604 -0.017489 0.003001 0.999821
6.412845 -0.070026 0.551372 0.725977 0.006861 -0.017073 0.003421 0.999825
6.417849 -0.070163 0.552145 0.727146 0.006959 -0.017197 0.003722 0.999821
6.422857 -0.07035 0.552907 0.728363 0.007602 -0.016799 0.004478 0.99982
6.427869 -0.070665 0.554058 0.730219 0.008229 -0.0156 0.004746 0.999833
6.432887 -0.070839 0.55477 0.731465 0.008416 -0.015406 0.005215 0.999832
6.437909 -0.071075 0.555504 0.732754 0.008914 -0.014322 0.005899 0.99984
6.442931 -0.071328 0.556231 0.734065 0.009491 -0.013344 0.006674 0.999844
6.447949 -0.071545 0.556973 0.735343 0.010119 -0.012607 0.007089 0.999844
6.452962 -0.071894 0.558081 0.737335 0.011212 -0.011199 0.007701 0.999845
6.457968 -0.071997 0.558765 0.738551 0.010634 -0.012038 0.007761 0.999841
6.462968 -0.072098 0.559427 0.739769 0.009889 -0.013148 0.008166 0.999831
6.467963 -0.072228 0.560127 0.740996 0.00924 -0.014001 0.008173 0.999826
6.472953 -0.072261 0.560467 0.741585 0.008705 -0.014882 0.008047 0.999819
6.47794 -0.072357 0.561165 0.742805 0.007968 -0.016155 0.007994 0.999806
6.482927 -0.072455 0.561883 0.744006 0.007332 -0.017538 0.00776 0.999789
6.487913 -0.072574 0.56259 0.745219 0.006655 -0.018759 0.007406 0.999774
6.492895 -0.072738 0.563289 0.746435 0.005882 -0.01978 0.00735 0.99976
6.497881 -0.072904 0.564008 0.747639 0.005186 -0.02084 0.00714 0.999744
6.502875 -0.073162 0.564739 0.748902 0.005135 -0.020906 0.007304 0.999742
6.507873 -0.0733 0.565126 0.749548 0.005318 -0.020639 0.007138 0.999747
6.512871 -0.073577 0.565914 0.750801 0.005447 -0.020687 0.006777 0.999748
6.517874 -0.073867 0.566702 0.752052 0.005784 -0.020558 0.006546 0.99975
6.522874 -0.07415 0.567472 0.753285 0.005699 -0.020706 0.006225 0.99975
6.527878 -0.074701 0.568628 0.755179 0.005929 -0.019783 0.006634 0.999765
6.532888 -0.075021 0.569336 0.756398 0.005834 -0.019759 0.007014 0.999763
6.537912 -0.075406 0.570096 0.757652 0.006157 -0.019112 0.007638 0.999769
6.542938 -0.075806 0.570871 0.758926 0.006409 -0.018386 0.00744 0.999783
6.547963 -0.076214 0.571554 0.760192 0.006804 -0.017227 0.008271 0.999794
6.552982 -0.076783 0.572677 0.762067 0.006966 -0.016789 0.007738 0.999805
6.557994 -0.077152 0.573384 0.763289 0.007324 -0.016584 0.00797 0.999804
6.562997 -0.077561 0.574098 0.76454 0.007548 -0.015971 0.007855 0.999813
6.567992 -0.07799 0.574803 0.765804 0.007834 -0.015182 0.007725 0.999824
6.57298 -0.078209 0.575133 0.766427 0.007831 -0.014784 0.007728 0.99983
6.577963 -0.078605 0.575819 0.767659 0.007743 -0.014602 0.00696 0.999839
6.582939 -0.078983 0.576483 0.768858 0.007569 -0.014572 0.006533 0.999844
6.587914 -0.079363 0.577158 0.770069 0.00733 -0.014786 0.006054 0.999845
6.592888 -0.079821 0.577779 0.771282 0.007399 -0.014072 0.006181 0.999855
6.597867 -0.080284 0.57835 0.772503 0.007243 -0.013366 0.006694 0.999862
6.602851 -0.080545 0.57867 0.773133 0.007303 -0.012702 0.006631 0.999871
6.607843 -0.080998 0.579267 0.774341 0.00717 -0.012139 0.006409 0.99988
6.612845 -0.081445 0.57989 0.775515 0.006991 -0.011754 0.006099 0.999888
6.617854 -0.081914 0.580489 0.776689 0.006945 -0.011261 0.005956 0.999895
6.62287 -0.082644 0.581356 0.778467 0.006847 -0.009929 0.006694 0.999905
6.62789 -0.083114 0.581931 0.779596 0.006801 -0.009376 0.007179 0.999907
6.63291 -0.083562 0.582526 0.780733 0.006719 -0.008819 0.00737 0.999911
6.637943 -0.08397 0.583159 0.781828 0.00659 -0.008719 0.007232 0.999914
6.642975 -0.084365 0.583808 0.782917 0.006503 -0.008472 0.007304 0.999916
6.648005 -0.084759 0.584442 0.783996 0.006385 -0.008334 0.007603 0.999916
6.653024 -0.085258 0.585456 0.785586 0.005913 -0.008568 0.006916 0.999922
6.658031 -0.085594 0.586143 0.786634 0.005878 -0.008865 0.006965 0.999919
6.663026 -0.085932 0.586846 0.787691 0.005742 -0.008863 0.006675 0.999922
6.66801 -0.08623 0.587529 0.788717 0.005563 -0.009107 0.00693 0.999919
6.672985 -0.086392 0.587899 0.789245 0.005645 -0.009072 0.007155 0.999917
6.677956 -0.086741 0.588595 0.790303 0.005595 -0.008592 0.007861 0.999917
6.682925 -0.087076 0.589281 0.791347 0.005504 -0.008514 0.008536 0.999912
6.687896 -0.087408 0.589995 0.792381 0.005593 -0.008177 0.009335 0.999907
6.692869 -0.087766 0.590731 0.793423 0.005858 -0.007587 0.010553 0.999898
6.697849 -0.088092 0.591424 0.79444 0.005995 -0.007398 0.01215 0.999881
6.702836 -0.088278 0.59177 0.794962 0.006095 -0.006914 0.012834 0.999875
6.707832 -0.088636 0.592521 0.795998 0.006485 -0.00614 0.01417 0.99986
6.712837 -0.088996 0.593324 0.797041 0.006791 -0.005562 0.015298 0.999844
6.717847 -0.089352 0.594106 0.798042 0.007039 -0.00508 0.016586 0.999825
6.722863 -0.089874 0.595404 0.799533 0.007835 -0.004533 0.017742 0.999802
6.727883 -0.090196 0.596287 0.80051 0.008232 -0.004474 0.018907 0.999777
6.732907 -0.090505 0.597208 0.801462 0.008325 -0.004884 0.019491 0.999763
6.737937 -0.090854 0.598127 0.802402 0.008579 -0.004726 0.020476 0.999742
6.742969 -0.091238 0.599092 0.803356 0.008992 -0.004401 0.021536 0.999718
6.747995 -0.091807 0.600533 0.804714 0.009021 -0.004333 0.023112 0.999683
6.753011 -0.092206 0.601513 0.805623 0.009338 -0.00392 0.024117 0.999658
6.758016 -0.092612 0.602513 0.806529 0.009376 -0.003813 0.02509 0.999634
6.76301 -0.093053 0.603568 0.807423 0.009615 -0.003549 0.025489 0.999623
6.767994 -0.093319 0.604128 0.807881 0.009969 -0.002898 0.026028 0.999607
6.772972 -0.093758 0.605204 0.808759 0.010567 -0.002267 0.027259 0.99957
6.777943 -0.094235 0.60633 0.809654 0.010962 -0.001719 0.02802 0.999546
6.782908 -0.094691 0.607458 0.810518 0.011524 -0.00129 0.028981 0.999513
6.787882 -0.095202 0.608625 0.81141 0.012234 -0.000345 0.029793 0.999481
6.792866 -0.095692 0.609806 0.812277 0.013067 0.000516 0.030721 0.999442
6.797856 -0.095937 0.610413 0.812719 0.013343 0.000783 0.031149 0.999425
6.802853 -0.096389 0.611628 0.813553 0.013958 0.001104 0.032356 0.999378
6.807856 -0.096847 0.612851 0.814388 0.014525 0.001614 0.033539 0.999331
6.812861 -0.097332 0.614078 0.815214 0.015062 0.002292 0.034268 0.999297
6.817871 -0.098091 0.615952 0.816472 0.016191 0.003455 0.035794 0.999222
6.822887 -0.098603 0.617181 0.817288 0.016488 0.004295 0.03665 0.999183
6.827904 -0.099066 0.618454 0.818071 0.017174 0.004827 0.037809 0.999126
6.83292 -0.09956 0.619723 0.818863 0.017776 0.005677 0.039029 0.999064
6.837937 -0.100005 0.620968 0.819624 0.01853 0.006272 0.040256 0.998998
6.842952 -0.100555 0.622227 0.820436 0.019078 0.007549 0.041328 0.998935
6.847972 -0.101012 0.623481 0.821192 0.019773 0.007988 0.042393 0.998873
6.852987 -0.10152 0.624673 0.82198 0.020057 0.009044 0.043056 0.99883
6.857999 -0.102244 0.626446 0.82315 0.020601 0.009907 0.044022 0.998769
6.863002 -0.102716 0.627587 0.823933 0.020882 0.010629 0.044419 0.998738
6.868 -0.103193 0.628679 0.824726 0.020698 0.011291 0.044331 0.998739
6.872995 -0.103721 0.629764 0.825558 0.020861 0.012697 0.043956 0.998735
6.877982 -0.103931 0.630254 0.825967 0.020686 0.013036 0.043766 0.998743
6.882971 -0.104346 0.631266 0.826759 0.020673 0.013854 0.043633 0.998738
6.887959 -0.104734 0.632264 0.827566 0.020321 0.01448 0.043489 0.998742
6.892948 -0.105096 0.633276 0.828355 0.020058 0.014871 0.042903 0.998767
6.897938 -0.105302 0.633781 0.828764 0.019768 0.015296 0.042503 0.998784
6.90293 -0.105588 0.634733 0.829535 0.019583 0.015698 0.041929 0.998805
6.907924 -0.105884 0.635683 0.830323 0.019035 0.016169 0.041406 0.99883
6.912925 -0.106104 0.636638 0.831066 0.018829 0.016641 0.041195 0.998835
6.917939 -0.106338 0.638118 0.832148 0.018337 0.016711 0.040641 0.998866
6.922953 -0.106442 0.63912 0.832841 0.017984 0.016438 0.039951 0.998905
6.927967 -0.106534 0.640097 0.833491 0.017807 0.016433 0.039447 0.998928
6.932977 -0.106606 0.641112 0.834131 0.01793 0.016907 0.039784 0.998904
6.937992 -0.106573 0.643309 0.835208 0.018435 0.016995 0.040279 0.998874
6.943002 -0.10656 0.643849 0.835486 0.01853 0.016933 0.040187 0.998877
6.948006 -0.106498 0.644971 0.835967 0.019031 0.016545 0.040349 0.998867
6.953004 -0.106454 0.646061 0.836416 0.019282 0.016698 0.040957 0.998835
6.957994 -0.106391 0.647229 0.836831 0.019996 0.017218 0.042027 0.998768
6.96298 -0.106279 0.647817 0.836971 0.020296 0.01696 0.04256 0.998744
6.967967 -0.106119 0.649043 0.83731 0.021402 0.016809 0.04347 0.998684
6.972953 -0.10594 0.650256 0.837584 0.022584 0.01662 0.044222 0.998628
6.977949 -0.105756 0.651433 0.837816 0.023733 0.01657 0.044918 0.998571
6.982948 -0.105561 0.652565 0.838007 0.024664 0.016498 0.045998 0.998501
6.987945 -0.105343 0.653724 0.838165 0.025651 0.01634 0.047003 0.998432
6.992943 -0.105084 0.654847 0.838256 0.026612 0.015968 0.048201 0.998355
6.997944 -0.104797 0.655988 0.838309 0.027721 0.015384 0.049136 0.998289
7.002939 -0.104494 0.657095 0.838311 0.028873 0.01449 0.049838 0.998235
7.007933 -0.104383 0.657667 0.838339 0.029644 0.014441 0.050215 0.998194
7.012928 -0.104169 0.65876 0.838333 0.030846 0.014415 0.05101 0.998118
7.017929 -0.103914 0.659816 0.838284 0.031659 0.014036 0.05161 0.998067
7.022932 -0.103662 0.660895 0.83822 0.032793 0.013661 0.052452 0.997991
7.027946 -0.103243 0.662474 0.838049 0.034314 0.012576 0.053589 0.997894
7.032963 -0.103027 0.663506 0.837905 0.035379 0.012412 0.054167 0.997828
7.037987 -0.102858 0.664509 0.837745 0.036632 0.012592 0.054554 0.997759
7.043008 -0.102734 0.665609 0.837623 0.03913 0.013094 0.05558 0.997601
7.048032 -0.102467 0.667187 0.83732 0.042894 0.012996 0.057445 0.997342
7.053045 -0.102286 0.668163 0.837088 0.045248 0.013022 0.058712 0.997164
7.058045 -0.102087 0.669137 0.836829 0.047608 0.012563 0.06032 0.996964
7.063036 -0.10197 0.670161 0.836596 0.050603 0.012969 0.061763 0.996723
7.068017 -0.101883 0.670601 0.836443 0.051763 0.012952 0.062517 0.996617
7.072993 -0.10173 0.671548 0.83619 0.054548 0.013217 0.064084 0.996365
7.077961 -0.101504 0.67243 0.835878 0.057026 0.012638 0.065782 0.996123
7.08293 -0.10124 0.673161 0.835502 0.058448 0.012026 0.067089 0.995961
7.087912 -0.101 0.673829 0.835136 0.059988 0.011978 0.068433 0.995779
7.092899 -0.100885 0.674201 0.834959 0.060843 0.011799 0.069302 0.995669
7.097891 -0.100647 0.674869 0.834585 0.06264 0.011459 0.071038 0.995439
7.10289 -0.100384 0.675458 0.834178 0.06428 0.011003 0.072215 0.995255
7.107895 -0.10011 0.675957 0.833775 0.065859 0.010999 0.073613 0.995049
7.112905 -0.09963 0.676633 0.833093 0.067998 0.010172 0.075352 0.994784
7.117928 -0.099339 0.677027 0.832631 0.069595 0.009976 0.076341 0.9946
7.122952 -0.099017 0.677389 0.832147 0.07111 0.009462 0.077353 0.99442
7.127983 -0.098656 0.677684 0.831602 0.072073 0.008373 0.078004 0.994309
7.133007 -0.098317 0.677897 0.831038 0.072895 0.007825 0.078133 0.994244
7.138033 -0.097798 0.678104 0.83011 0.073844 0.006622 0.07827 0.994172
7.143048 -0.097445 0.678207 0.829435 0.074386 0.005339 0.077959 0.994163
7.148048 -0.097133 0.678269 0.828776 0.07487 0.004341 0.077971 0.994131
7.153036 -0.096811 0.678261 0.828079 0.075161 0.003467 0.078346 0.994083
7.158019 -0.096686 0.678213 0.827711 0.075216 0.003145 0.078493 0.994068
7.163003 -0.096401 0.678148 0.826973 0.075551 0.002248 0.078699 0.994029
7.167983 -0.096159 0.678036 0.826222 0.075841 0.001662 0.078929 0.99399
7.172962 -0.095922 0.677897 0.825455 0.076108 0.001024 0.079306 0.99394
7.177941 -0.095719 0.677672 0.82466 0.07651 0.000963 0.079527 0.993892
7.182917 -0.095593 0.677434 0.823881 0.076854 0.001573 0.079811 0.993842
7.187908 -0.095493 0.67732 0.823494 0.076842 0.001524 0.080236 0.993808
7.192904 -0.095348 0.677033 0.822672 0.077235 0.002053 0.080695 0.99374
7.197906 -0.09524 0.676729 0.821852 0.07762 0.0026 0.080864 0.993695
7.202914 -0.095119 0.676401 0.821022 0.078062 0.003001 0.081056 0.993643
7.207924 -0.094955 0.675855 0.819778 0.078611 0.004052 0.081308 0.993576
7.212934 -0.094843 0.675452 0.818941 0.079044 0.004727 0.081676 0.993508
7.217949 -0.094649 0.675044 0.818093 0.07932 0.004308 0.082234 0.993442
7.222963 -0.094453 0.6746 0.81723 0.079501 0.003644 0.08254 0.993405
7.227984 -0.094469 0.674245 0.816512 0.082723 0.003708 0.08674 0.992784
7.233002 -0.094309 0.673139 0.814866 0.083667 0.003385 0.08981 0.992433
7.238014 -0.094257 0.672881 0.814458 0.084221 0.003328 0.090885 0.992288
7.243018 -0.094216 0.672318 0.813618 0.084769 0.003198 0.092091 0.992131
7.248014 -0.094132 0.671731 0.812725 0.085334 0.00241 0.093504 0.991952
7.253004 -0.094126 0.671158 0.811893 0.086072 0.002556 0.094787 0.991766
7.257988 -0.094081 0.670817 0.811402 0.085826 0.002328 0.094749 0.991792
7.262976 -0.09407 0.670228 0.810501 0.086403 0.002441 0.0958 0.991641
7.267962 -0.094066 0.669556 0.809533 0.086197 0.002383 0.097367 0.991506
7.272948 -0.094206 0.669023 0.808681 0.088802 0.003272 0.100051 0.991006
7.277934 -0.094332 0.668479 0.807782 0.091092 0.003702 0.103314 0.990462
7.282917 -0.094368 0.667807 0.806768 0.09155 0.003303 0.104982 0.990246
7.28791 -0.094446 0.667154 0.8058 0.09238 0.003513 0.107091 0.989942
7.292906 -0.094526 0.66686 0.805359 0.093353 0.003966 0.108622 0.989682
7.297904 -0.094661 0.666183 0.80437 0.093843 0.004456 0.1108 0.989392
7.302906 -0.094927 0.665603 0.80352 0.097086 0.005665 0.114588 0.988641
7.30791 -0.09504 0.664915 0.802543 0.097713 0.005601 0.116781 0.988323
7.312915 -0.095028 0.663737 0.800996 0.095874 0.005516 0.114774 0.988739
7.317928 -0.094991 0.662834 0.79994 0.093888 0.005182 0.113715 0.989054
7.322941 -0.095106 0.662041 0.799007 0.094174 0.005936 0.114573 0.988923
7.327959 -0.095187 0.661198 0.798048 0.094216 0.006269 0.115047 0.988862
7.332969 -0.095272 0.660382 0.797097 0.094823 0.006609 0.115243 0.988779
7.337988 -0.095291 0.659475 0.796052 0.092666 0.006786 0.114136 0.989111
7.342999 -0.095627 0.658257 0.794717 0.09426 0.008685 0.115474 0.98879
7.348003 -0.09572 0.657391 0.793714 0.093734 0.00885 0.114863 0.98891
7.353001 -0.095889 0.656549 0.792749 0.093636 0.009497 0.114578 0.988946
7.357993 -0.096075 0.655692 0.791813 0.093594 0.010491 0.114017 0.989005
7.362978 -0.096154 0.655263 0.791317 0.093383 0.010615 0.113499 0.989083
7.36796 -0.096323 0.654361 0.790345 0.093047 0.011282 0.112716 0.989197
7.372941 -0.096521 0.653434 0.789353 0.092334 0.01179 0.112054 0.989333
7.377926 -0.09665 0.652485 0.788322 0.091358 0.011646 0.110758 0.989571
7.382914 -0.096803 0.651533 0.787302 0.090102 0.011778 0.109328 0.989844
7.387899 -0.096857 0.651041 0.786764 0.089264 0.011654 0.108533 0.990008
7.392894 -0.097155 0.65013 0.78584 0.089257 0.013006 0.108148 0.990034
7.397896 -0.097351 0.649196 0.78484 0.088549 0.013218 0.106766 0.990245
7.402901 -0.097554 0.648205 0.783828 0.087647 0.013349 0.106034 0.990402
7.407909 -0.097967 0.646809 0.782359 0.086716 0.014363 0.10492 0.990589
7.41292 -0.098254 0.64593 0.78141 0.086615 0.014928 0.104669 0.990616
7.417931 -0.098586 0.64498 0.780517 0.086679 0.016184 0.104501 0.990608
7.422946 -0.099056 0.644138 0.779745 0.089505 0.018336 0.106298 0.990128
7.427969 -0.099316 0.643156 0.778808 0.089539 0.01879 0.106185 0.990129
7.432988 -0.099659 0.642235 0.777933 0.090103 0.01995 0.106834 0.989985
7.43801 -0.099959 0.641334 0.777029 0.090625 0.020539 0.10669 0.989941
7.443023 -0.100486 0.639503 0.77527 0.090915 0.021643 0.106237 0.989939
7.448038 -0.100635 0.639016 0.774848 0.091314 0.022129 0.106338 0.989881
7.453043 -0.100846 0.638131 0.773921 0.090427 0.022128 0.104916 0.990114
7.458038 -0.100902 0.637094 0.772868 0.086899 0.020932 0.10161 0.990801
7.463026 -0.101091 0.636227 0.77194 0.0856 0.020651 0.0998 0.991103
7.468004 -0.101203 0.635761 0.7715 0.085122 0.021055 0.098476 0.991269
7.472971 -0.101441 0.634852 0.77059 0.083941 0.021456 0.096765 0.991529
7.477943 -0.101642 0.63396 0.769648 0.08259 0.021159 0.094998 0.99182
7.482917 -0.101845 0.633057 0.768706 0.081269 0.021113 0.092996 0.99212
7.487894 -0.101986 0.632116 0.767696 0.078348 0.020609 0.089776 0.992662
7.492879 -0.102121 0.631633 0.767222 0.078052 0.020565 0.089962 0.992669
7.497873 -0.102395 0.630738 0.76629 0.077602 0.02122 0.088941 0.992783
7.502875 -0.102692 0.629863 0.765378 0.077203 0.022113 0.087625 0.992911
7.507882 -0.102974 0.628991 0.764403 0.076336 0.02235 0.086385 0.993082
7.512892 -0.103362 0.627648 0.762909 0.074683 0.022131 0.084549 0.99337
7.517905 -0.10375 0.626787 0.762011 0.074208 0.0238 0.083191 0.993482
7.52292 -0.10414 0.62589 0.7611 0.0737 0.025177 0.081686 0.99361
7.527946 -0.104466 0.625059 0.760162 0.07315 0.025641 0.080462 0.993739
7.532971 -0.10482 0.624211 0.759205 0.072618 0.02585 0.079211 0.993873
7.537988 -0.105188 0.623389 0.758259 0.072047 0.02637 0.078481 0.993959
7.543001 -0.105581 0.622526 0.757354 0.071673 0.027474 0.077717 0.994016
7.548016 -0.106111 0.621312 0.755957 0.071337 0.028357 0.077119 0.994062
7.553025 -0.10641 0.620505 0.754984 0.071028 0.028296 0.076865 0.994106
7.558026 -0.106767 0.61974 0.754048 0.070828 0.028774 0.076315 0.994149
7.563019 -0.1071 0.618927 0.753088 0.070639 0.029362 0.075873 0.994179
7.568002 -0.107244 0.618576 0.75259 0.070524 0.029101 0.075716 0.994207
7.572977 -0.107562 0.617811 0.751635 0.07028 0.029614 0.075621 0.994216
7.577957 -0.107886 0.617052 0.750657 0.07008 0.030053 0.075386 0.994235
7.582938 -0.108181 0.616331 0.749674 0.069976 0.030336 0.075271 0.994242
7.587934 -0.108493 0.615597 0.748678 0.069832 0.030651 0.0751 0.994256
7.592929 -0.108633 0.615239 0.748179 0.069807 0.030703 0.074982 0.994264
7.597926 -0.108954 0.614538 0.747197 0.069594 0.031247 0.074702 0.994284
7.602926 -0.109229 0.613811 0.746176 0.069531 0.031638 0.074662 0.994279
7.607932 -0.109513 0.613117 0.745158 0.069267 0.031722 0.074608 0.994298
7.612936 -0.109941 0.612033 0.743623 0.068979 0.032428 0.07433 0.994317
7.617942 -0.110188 0.611323 0.742607 0.068901 0.032759 0.074219 0.994319
7.622942 -0.110444 0.610588 0.74157 0.068939 0.033146 0.074039 0.994317
7.627951 -0.110656 0.609904 0.740548 0.068914 0.033176 0.073858 0.994331
7.632953 -0.110878 0.609167 0.739517 0.068827 0.033402 0.073834 0.994332
7.637957 -0.111155 0.608108 0.738006 0.068419 0.033218 0.073664 0.994379
7.642958 -0.111369 0.607378 0.736998 0.068515 0.033664 0.073583 0.994363
7.647957 -0.111636 0.606599 0.736066 0.068533 0.035035 0.073664 0.994308
7.652954 -0.111623 0.606585 0.73606 0.068503 0.034737 0.073569 0.994328
7.657951 -0.111935 0.605455 0.734594 0.068387 0.035355 0.07367 0.994307
7.662946 -0.112137 0.604696 0.733622 0.068346 0.035616 0.073583 0.994307
7.667941 -0.112371 0.60394 0.732674 0.068362 0.03626 0.073255 0.994307
7.672934 -0.112477 0.603552 0.7322 0.068378 0.036561 0.07326 0.994294
7.677929 -0.11268 0.60277 0.73122 0.068176 0.036789 0.073053 0.994315
7.682928 -0.112863 0.602014 0.730282 0.068067 0.036773 0.072798 0.994342
7.687938 -0.113032 0.601231 0.729319 0.06784 0.036584 0.072329 0.994398
7.692948 -0.113312 0.599679 0.727378 0.067283 0.035866 0.07184 0.994498
7.697954 -0.113382 0.5989 0.726374 0.066953 0.034704 0.071694 0.994572
7.702955 -0.113526 0.598114 0.725436 0.066656 0.034514 0.071553 0.994608
7.707948 -0.113572 0.597691 0.724939 0.066277 0.034098 0.071582 0.994646
7.712936 -0.11366 0.597238 0.724475 0.066253 0.034378 0.071651 0.994633
7.717938 -0.113802 0.596387 0.723547 0.065966 0.034542 0.071541 0.994654
7.722941 -0.113909 0.595524 0.722582 0.065866 0.034378 0.071469 0.994672
7.727954 -0.114077 0.594238 0.721187 0.065205 0.034264 0.071485 0.994718
7.732967 -0.114177 0.593387 0.720246 0.065033 0.034003 0.071477 0.994739
7.737976 -0.114367 0.592006 0.718921 0.064733 0.034946 0.070898 0.994767
7.742981 -0.114415 0.591072 0.718019 0.064533 0.03471 0.070649 0.994806
7.747982 -0.114415 0.590177 0.71709 0.064027 0.033784 0.070128 0.994908
7.752977 -0.114444 0.589242 0.716194 0.063854 0.0334 0.070103 0.994934
7.75797 -0.114528 0.588735 0.715775 0.063924 0.034428 0.069992 0.994902
7.76296 -0.114635 0.587741 0.714915 0.063914 0.035373 0.06991 0.994875
7.767949 -0.114697 0.586758 0.714032 0.06393 0.035541 0.069659 0.994886
7.772935 -0.114777 0.585772 0.713165 0.063959 0.035986 0.069258 0.994896
7.777924 -0.114855 0.584801 0.712306 0.063994 0.036524 0.069145 0.994882
7.782909 -0.114965 0.583766 0.711457 0.064037 0.037492 0.069165 0.994842
7.787899 -0.115024 0.583263 0.711019 0.063955 0.037982 0.069091 0.994833
7.792892 -0.115161 0.582228 0.71018 0.064161 0.039185 0.069282 0.99476
7.797891 -0.115279 0.581204 0.709326 0.064196 0.040144 0.069154 0.994729
7.802898 -0.115326 0.580205 0.708459 0.064005 0.039727 0.069059 0.994764
7.807908 -0.115408 0.57867 0.707168 0.063749 0.039828 0.069027 0.994779
7.812918 -0.115485 0.577637 0.706347 0.063641 0.040029 0.069069 0.994775
7.817939 -0.115526 0.576593 0.705493 0.063455 0.039629 0.069047 0.994804
7.822956 -0.115545 0.575607 0.70464 0.063219 0.038613 0.068755 0.994879
7.82798 -0.115584 0.574574 0.703839 0.06306 0.038236 0.068649 0.994911
7.832999 -0.115642 0.573538 0.703041 0.062862 0.037812 0.068616 0.994942
7.83802 -0.115733 0.571985 0.701858 0.06298 0.037303 0.069012 0.994927
7.843033 -0.115807 0.57094 0.701092 0.062816 0.036915 0.069061 0.994948
7.848037 -0.115866 0.569888 0.700322 0.062865 0.036567 0.069163 0.994951
7.853031 -0.115915 0.568826 0.699572 0.062644 0.035961 0.069023 0.994997
7.858017 -0.115927 0.568275 0.699196 0.06259 0.035543 0.069161 0.995006
7.862991 -0.116038 0.567186 0.698479 0.062688 0.035826 0.06942 0.994971
7.867968 -0.116132 0.566105 0.697755 0.062484 0.03566 0.06955 0.994981
7.872942 -0.116212 0.565004 0.697045 0.062455 0.035394 0.069606 0.994988
7.87792 -0.116297 0.563886 0.696333 0.06225 0.035034 0.069491 0.995022
7.882903 -0.116364 0.562751 0.695653 0.06205 0.034702 0.069452 0.995049
7.887882 -0.116411 0.562197 0.69531 0.062069 0.034681 0.069446 0.995049
7.892876 -0.116488 0.561033 0.694638 0.061718 0.034221 0.069401 0.99509
7.897882 -0.116588 0.559884 0.693976 0.061613 0.033954 0.069436 0.995103
7.902891 -0.116729 0.558762 0.693345 0.061504 0.033953 0.069308 0.995119
7.907904 -0.116836 0.557022 0.692374 0.061473 0.032756 0.069124 0.995173
7.912918 -0.11692 0.555924 0.69172 0.061295 0.03178 0.068863 0.995234
7.917932 -0.117024 0.554758 0.691118 0.06126 0.031452 0.068921 0.995243
7.922947 -0.117157 0.5537 0.690503 0.061495 0.030538 0.06865 0.995275
7.92796 -0.117294 0.552648 0.689882 0.061662 0.029831 0.068572 0.995292
7.932971 -0.117496 0.551586 0.689298 0.061983 0.029806 0.06847 0.99528
7.937977 -0.117732 0.550024 0.688423 0.062477 0.029002 0.068068 0.9953
7.942979 -0.117897 0.549022 0.687835 0.062367 0.028429 0.067757 0.995345
7.947978 -0.118041 0.547968 0.687275 0.062555 0.027939 0.06778 0.995345
7.952979 -0.118274 0.547026 0.686739 0.062967 0.028132 0.067609 0.995325
7.957977 -0.118346 0.546521 0.686489 0.062954 0.028047 0.067683 0.995324
7.96297 -0.118481 0.545513 0.685953 0.062766 0.027807 0.067662 0.995344
7.967966 -0.118633 0.544541 0.685458 0.06284 0.027806 0.067761 0.995332
7.972957 -0.118698 0.543584 0.684941 0.062871 0.026824 0.067887 0.995349
7.977946 -0.118794 0.542665 0.684447 0.062929 0.026155 0.067852 0.995365
7.982936 -0.118895 0.541763 0.68397 0.063011 0.025705 0.068101 0.995355
7.987927 -0.118964 0.540885 0.683494 0.063282 0.024921 0.068256 0.995347
7.99292 -0.119053 0.540062 0.683035 0.063772 0.024255 0.068243 0.995333
7.997913 -0.119035 0.5396 0.682787 0.063647 0.023311 0.068264 0.995362
8.002909 -0.119083 0.53883 0.682327 0.063915 0.022169 0.068394 0.995362
8.00791 -0.119191 0.538058 0.681906 0.064738 0.022108 0.068622 0.995295
8.012916 -0.119246 0.53728 0.681466 0.065436 0.021506 0.068753 0.995253
8.017923 -0.119401 0.536159 0.680826 0.066192 0.021247 0.068978 0.995193
8.022932 -0.119531 0.535416 0.680449 0.067075 0.021733 0.069097 0.995115
8.027937 -0.119665 0.534668 0.680098 0.067753 0.022426 0.069656 0.995015
8.032942 -0.119696 0.533918 0.67969 0.067822 0.021699 0.070149 0.994992
8.037943 -0.119755 0.533124 0.679307 0.068399 0.021618 0.070531 0.994927
8.042942 -0.119823 0.532363 0.678928 0.068908 0.021106 0.070952 0.994873
8.047943 -0.119964 0.531631 0.678571 0.069459 0.021005 0.071255 0.994815
8.052945 -0.120047 0.530878 0.678234 0.07011 0.020591 0.0717 0.994746
8.057948 -0.120155 0.529695 0.677673 0.070733 0.019495 0.072723 0.99465
8.062947 -0.12019 0.529309 0.677482 0.071063 0.019097 0.072854 0.994624
8.067947 -0.120417 0.528499 0.677185 0.071945 0.02002 0.073307 0.99451
8.072947 -0.120645 0.527702 0.676881 0.072533 0.020505 0.073674 0.99443
8.077946 -0.120754 0.527319 0.67673 0.072939 0.020674 0.073782 0.994389
8.082951 -0.120936 0.526131 0.676242 0.073672 0.019627 0.074191 0.994325
8.087963 -0.121089 0.525331 0.675909 0.074258 0.019127 0.07443 0.994274
8.092975 -0.121223 0.524546 0.675568 0.074566 0.018055 0.074145 0.994292
8.097982 -0.121553 0.52337 0.675107 0.075309 0.01754 0.073986 0.994257
8.102987 -0.121717 0.52259 0.674787 0.075769 0.016573 0.073899 0.994245
8.107985 -0.121856 0.521804 0.674455 0.076222 0.015424 0.07406 0.994217
8.112984 -0.122005 0.520979 0.674145 0.076727 0.014528 0.074227 0.994179
8.117979 -0.122136 0.520559 0.674005 0.077067 0.014646 0.074329 0.994144
8.122972 -0.122368 0.519703 0.673709 0.077369 0.014571 0.074503 0.994108
8.127962 -0.122604 0.518844 0.673444 0.077894 0.01454 0.074761 0.994048
8.132954 -0.122755 0.518428 0.673323 0.078303 0.014895 0.074918 0.993999
8.137945 -0.122974 0.517558 0.673052 0.078916 0.014817 0.075221 0.993929
8.14294 -0.123153 0.51668 0.672763 0.079629 0.014211 0.075681 0.993846
8.147949 -0.123337 0.515796 0.672478 0.080325 0.01384 0.076153 0.993759
8.152959 -0.123878 0.51462 0.672226 0.083613 0.015394 0.077422 0.993367
8.157974 -0.12422 0.513849 0.67207 0.086161 0.016174 0.078599 0.993044
8.162986 -0.124655 0.513127 0.671942 0.089469 0.017998 0.080079 0.992602
8.168 -0.125256 0.512006 0.67169 0.093924 0.020479 0.082325 0.991958
8.173008 -0.125635 0.511212 0.671532 0.096709 0.022004 0.083762 0.991538
8.178006 -0.126007 0.510393 0.671369 0.099258 0.023554 0.085191 0.991128
8.182995 -0.126386 0.509563 0.671192 0.101982 0.025235 0.086614 0.990687
8.187984 -0.126433 0.50906 0.671017 0.102464 0.024803 0.087022 0.990613
8.192973 -0.126565 0.508041 0.670694 0.103116 0.024556 0.087663 0.990494
8.197961 -0.126762 0.507051 0.670405 0.104328 0.024934 0.088411 0.990292
8.20295 -0.126853 0.505979 0.670081 0.104923 0.024373 0.088885 0.9902
8.207936 -0.126914 0.505449 0.669921 0.105193 0.02416 0.089242 0.990145
8.212926 -0.126933 0.504338 0.669601 0.105812 0.022984 0.089527 0.990081
8.21792 -0.127013 0.503234 0.669298 0.1067 0.022569 0.090119 0.989942
8.222927 -0.127098 0.50209 0.669001 0.107467 0.022161 0.090837 0.989802
8.227939 -0.12725 0.500358 0.668599 0.108596 0.022133 0.091638 0.989606
8.232952 -0.12728 0.499193 0.668307 0.109286 0.021431 0.09196 0.989515
8.237967 -0.127225 0.497965 0.668004 0.109565 0.02033 0.092413 0.989466
8.242979 -0.127163 0.496764 0.667702 0.110091 0.018861 0.092992 0.989382
8.247998 -0.127188 0.495549 0.667417 0.110726 0.018448 0.093852 0.989238
8.253012 -0.127031 0.49366 0.666914 0.11103 0.016476 0.094492 0.989178
8.258018 -0.126995 0.492425 0.666582 0.111454 0.016137 0.094569 0.989128
8.263019 -0.126966 0.491187 0.666268 0.112 0.015894 0.094586 0.989069
8.268013 -0.126998 0.489941 0.665965 0.112715 0.016272 0.094957 0.988946
8.273005 -0.127033 0.489309 0.665815 0.113091 0.016559 0.095192 0.988875
8.277991 -0.127027 0.488036 0.665497 0.113631 0.016352 0.095575 0.98878
8.282976 -0.127069 0.48679 0.665197 0.11454 0.016899 0.095884 0.988636
8.287956 -0.127021 0.485509 0.664863 0.114922 0.01656 0.095831 0.988603
8.292937 -0.127013 0.484231 0.664537 0.115536 0.01659 0.095911 0.988523
8.29792 -0.127141 0.482992 0.664295 0.116903 0.017676 0.096654 0.988271
8.302907 -0.127133 0.482357 0.66416 0.117346 0.017496 0.096925 0.988195
8.3079 -0.127099 0.48104 0.663868 0.117925 0.017113 0.097718 0.988055
8.312898 -0.127096 0.479706 0.663572 0.118478 0.017137 0.098426 0.987918
8.31791 -0.127045 0.478375 0.663302 0.119221 0.016987 0.098896 0.987784
8.322928 -0.126952 0.476318 0.662867 0.119792 0.016591 0.099805 0.98763
8.327947 -0.126868 0.474899 0.66256 0.120011 0.01635 0.100561 0.987531
8.332962 -0.126813 0.473483 0.662271 0.120477 0.016394 0.101308 0.987397
8.337978 -0.12656 0.472011 0.661921 0.12036 0.014585 0.101657 0.987404
8.342991 -0.126394 0.469841 0.661473 0.121287 0.013879 0.102167 0.987248
8.347994 -0.126197 0.468357 0.661151 0.121499 0.012655 0.102398 0.987215
8.352994 -0.126108 0.466878 0.660826 0.121908 0.012244 0.102928 0.987114
8.357992 -0.126026 0.465403 0.660496 0.122465 0.01193 0.103403 0.986999
8.362986 -0.12597 0.464637 0.66032 0.122546 0.011555 0.103671 0.986966
8.367979 -0.125915 0.463156 0.660009 0.123235 0.011305 0.103933 0.986855
8.372972 -0.125836 0.461656 0.659676 0.123679 0.010829 0.104034 0.986794
8.377963 -0.125766 0.460133 0.659313 0.123891 0.010366 0.104286 0.986746
8.382954 -0.125706 0.458608 0.658941 0.124134 0.009794 0.104672 0.986681
8.387944 -0.12567 0.457077 0.658567 0.124334 0.009308 0.104988 0.986626
8.392938 -0.125672 0.456331 0.658389 0.12466 0.009237 0.105215 0.986562
8.397933 -0.125597 0.454792 0.657988 0.124737 0.008281 0.105526 0.986528
8.402937 -0.125591 0.453255 0.657595 0.125021 0.007917 0.105903 0.986454
8.407943 -0.125626 0.45174 0.657204 0.125593 0.007757 0.106112 0.98636
8.412955 -0.125692 0.449416 0.6566 0.126104 0.00764 0.107417 0.986155
8.417977 -0.125824 0.447857 0.656224 0.126371 0.008323 0.108309 0.986017
8.422997 -0.125856 0.446282 0.655793 0.126424 0.00791 0.10921 0.985915
8.428007 -0.125944 0.443122 0.654928 0.126732 0.007145 0.111127 0.985667
8.433015 -0.125987 0.442331 0.654714 0.126835 0.007201 0.111571 0.985603
8.438023 -0.126029 0.440739 0.654279 0.126955 0.006586 0.112384 0.985499
8.443022 -0.126085 0.439132 0.653852 0.126931 0.006074 0.11335 0.985395
8.448009 -0.126154 0.437538 0.653417 0.127147 0.005571 0.113934 0.985303
8.452991 -0.126188 0.436732 0.653201 0.12728 0.005449 0.114185 0.985257
8.457977 -0.126241 0.435133 0.652761 0.127594 0.004783 0.11462 0.98517
8.462961 -0.126363 0.433523 0.652356 0.127867 0.004911 0.115014 0.985088
8.467946 -0.126469 0.431889 0.651948 0.128008 0.004866 0.115447 0.985019
8.47293 -0.126521 0.431077 0.651731 0.128091 0.004765 0.115635 0.984987
8.47792 -0.126598 0.429451 0.651308 0.128281 0.004195 0.116022 0.984919
8.482925 -0.126738 0.427821 0.650915 0.128379 0.004271 0.116466 0.984853
8.487939 -0.126889 0.426175 0.650508 0.128411 0.004388 0.116823 0.984806
8.492951 -0.12708 0.423697 0.649897 0.128311 0.003956 0.11735 0.984759
8.497964 -0.127201 0.42204 0.649482 0.128116 0.003556 0.117771 0.984735
8.502975 -0.127296 0.420367 0.649055 0.127905 0.002755 0.11838 0.984692
8.507984 -0.12757 0.41785 0.648419 0.12766 0.002357 0.119184 0.984628
8.512987 -0.127784 0.416165 0.648001 0.127483 0.002589 0.119546 0.984607
8.517986 -0.128022 0.414452 0.647574 0.127421 0.002728 0.120214 0.984533
8.522987 -0.128229 0.412748 0.647141 0.12726 0.002638 0.12043 0.984528
8.527985 -0.128333 0.411887 0.64692 0.127078 0.002499 0.120415 0.984553
8.532978 -0.128565 0.410156 0.646491 0.126781 0.002405 0.120912 0.984531
8.537959 -0.128802 0.408418 0.646064 0.12645 0.002463 0.121148 0.984544
8.542939 -0.129032 0.406675 0.645624 0.125989 0.002396 0.121239 0.984592
8.547914 -0.12928 0.40493 0.645191 0.125602 0.002471 0.121158 0.984651
8.552895 -0.129531 0.403163 0.644762 0.125073 0.002582 0.121334 0.984697
8.557884 -0.129656 0.402279 0.644544 0.124808 0.002507 0.121456 0.984716
8.562881 -0.129862 0.400526 0.644108 0.124113 0.002268 0.121069 0.984852
8.567883 -0.130115 0.398758 0.643679 0.123528 0.002393 0.121198 0.984909
8.572894 -0.130372 0.396999 0.643259 0.123031 0.002564 0.121208 0.98497
8.57791 -0.130757 0.39435 0.642622 0.122025 0.002927 0.121001 0.985119
8.582939 -0.131053 0.392591 0.642213 0.121513 0.003223 0.121084 0.985171
8.587962 -0.131278 0.390851 0.641793 0.120924 0.003092 0.120689 0.985293
8.592982 -0.131515 0.389125 0.641376 0.12037 0.002843 0.120584 0.985374
8.598 -0.132013 0.385737 0.640546 0.11942 0.00255 0.120688 0.985478
8.603008 -0.132122 0.384881 0.640338 0.119113 0.002317 0.120673 0.985517
8.60801 -0.132365 0.383198 0.639919 0.118542 0.002288 0.120844 0.985565
8.613008 -0.132605 0.381557 0.639506 0.118163 0.002109 0.121008 0.985591
8.618 -0.132815 0.379936 0.639077 0.11768 0.001946 0.120693 0.985688
8.622987 -0.132916 0.379148 0.638863 0.117446 0.001918 0.120832 0.985699
8.627969 -0.133137 0.377553 0.638448 0.117021 0.001917 0.121132 0.985713
8.632953 -0.13335 0.375985 0.638026 0.11663 0.002018 0.121228 0.985747
8.637938 -0.133504 0.374449 0.637601 0.11616 0.001703 0.120948 0.985837
8.642932 -0.133691 0.37293 0.637183 0.115803 0.001624 0.121161 0.985853
8.647924 -0.133808 0.372156 0.636977 0.11564 0.001791 0.121396 0.985843
8.652919 -0.133979 0.370676 0.636568 0.115286 0.001614 0.121658 0.985853
8.657919 -0.134109 0.369225 0.636147 0.114862 0.00158 0.121475 0.985925
8.662924 -0.134248 0.367796 0.635738 0.114496 0.001442 0.121774 0.985931
8.66793 -0.134497 0.365666 0.635129 0.11397 0.001435 0.122036 0.985959
8.672936 -0.134635 0.364274 0.634716 0.113593 0.001262 0.122528 0.985942
8.677946 -0.134776 0.362901 0.634298 0.113185 0.001279 0.122886 0.985944
8.68296 -0.134933 0.361541 0.633888 0.112655 0.001522 0.122909 0.986002
8.687968 -0.135137 0.359548 0.633268 0.112197 0.001321 0.12339 0.985994
8.692973 -0.135289 0.358233 0.632852 0.111891 0.001358 0.123576 0.986006
8.697969 -0.135442 0.356931 0.632446 0.111576 0.001389 0.123728 0.986022
8.702961 -0.135491 0.356282 0.632236 0.111366 0.001349 0.123679 0.986052
8.707958 -0.135562 0.35565 0.632035 0.111271 0.001088 0.123863 0.98604
8.712964 -0.135727 0.35378 0.63142 0.110772 0.000663 0.123727 0.986114
8.717966 -0.135858 0.352547 0.63102 0.110518 0.000442 0.123844 0.986128
8.722964 -0.136046 0.350717 0.630414 0.110082 0.00011 0.123782 0.986185
8.727962 -0.13604 0.350738 0.630421 0.110061 -5.9e-05 0.123971 0.986163
8.732953 -0.136211 0.348945 0.629819 0.109463 -0.000298 0.123606 0.986276
8.737944 -0.136325 0.347779 0.629422 0.109171 -0.000622 0.12368 0.986298
8.742928 -0.136371 0.347188 0.629219 0.109026 -0.0009 0.12381 0.986298
8.747913 -0.136479 0.346059 0.628823 0.108659 -0.000889 0.123635 0.98636
8.752913 -0.136594 0.344939 0.628434 0.108313 -0.001027 0.123577 0.986406
8.757918 -0.136717 0.343832 0.628053 0.10803 -0.001125 0.123772 0.986412
8.762929 -0.136859 0.342207 0.627471 0.107624 -0.001275 0.124005 0.986427
8.767953 -0.136967 0.341158 0.627084 0.107461 -0.001289 0.124079 0.986435
8.772975 -0.137096 0.340119 0.626705 0.107354 -0.00128 0.124335 0.986415
8.777991 -0.137283 0.338592 0.626157 0.107005 -0.001128 0.124863 0.986386
8.783004 -0.137409 0.337599 0.625795 0.106907 -0.000945 0.125134 0.986363
8.788007 -0.137555 0.336625 0.625432 0.106811 -0.000544 0.125259 0.986358
8.793002 -0.137679 0.335669 0.625063 0.106776 -0.000477 0.125516 0.986329
8.797991 -0.137752 0.335201 0.624889 0.106702 -0.000285 0.125576 0.986329
8.802978 -0.137877 0.334264 0.624538 0.106553 -0.000111 0.125694 0.98633
8.807961 -0.137998 0.333358 0.624187 0.106463 8e-05 0.125775 0.98633
8.812944 -0.138101 0.332476 0.623837 0.106393 0.000193 0.125855 0.986327
8.817929 -0.138202 0.331625 0.623493 0.106396 0.000307 0.125874 0.986324
8.822915 -0.138272 0.331185 0.62332 0.106404 0.000491 0.125893 0.986321
8.827905 -0.138357 0.33036 0.622984 0.106357 0.000348 0.126018 0.98631
8.832908 -0.1384 0.32957 0.622656 0.106368 2.1e-05 0.126219 0.986283
8.837917 -0.138446 0.328816 0.622342 0.106416 -4.7e-05 0.12633 0.986264
8.842925 -0.138459 0.327749 0.621862 0.106698 -0.000582 0.126463 0.986216
8.847932 -0.138424 0.327093 0.621558 0.10686 -0.000897 0.126512 0.986192
8.852936 -0.138374 0.326487 0.621273 0.107091 -0.00122 0.126419 0.986179
8.857936 -0.138227 0.3257 0.62086 0.10758 -0.001889 0.126141 0.98616
8.862938 -0.13806 0.32523 0.620581 0.10799 -0.002573 0.125913 0.986143
8.867945 -0.137874 0.32481 0.620318 0.108464 -0.003196 0.125803 0.986103
8.872945 -0.137669 0.32444 0.620062 0.108996 -0.003847 0.125722 0.986052
8.877934 -0.137553 0.324311 0.619944 0.109332 -0.004134 0.125872 0.985995
8.882922 -0.137334 0.324019 0.619703 0.109936 -0.004717 0.125958 0.985914
8.887915 -0.13723 0.323855 0.619584 0.110238 -0.005069 0.125976 0.985876
8.892909 -0.136982 0.323634 0.61935 0.111013 -0.005675 0.126424 0.985729
8.897908 -0.136695 0.323468 0.61912 0.111844 -0.006374 0.127099 0.985544
8.902913 -0.136409 0.32335 0.618901 0.11274 -0.006912 0.127892 0.985335
8.907921 -0.136006 0.32322 0.618593 0.113993 -0.007289 0.129036 0.985039
8.912931 -0.135698 0.323218 0.618398 0.114808 -0.007546 0.129717 0.984853
8.917944 -0.13535 0.323263 0.618201 0.115729 -0.00801 0.130409 0.98465
8.922956 -0.134982 0.323354 0.618005 0.116737 -0.008443 0.131137 0.984431
8.927963 -0.134371 0.323602 0.617717 0.118256 -0.009363 0.13211 0.984111
8.932968 -0.133963 0.323802 0.617539 0.119287 -0.009868 0.132637 0.983911
8.937966 -0.133544 0.32404 0.617369 0.120328 -0.010383 0.133054 0.983723
8.942964 -0.133127 0.324316 0.617203 0.121448 -0.010834 0.133539 0.983514
8.947961 -0.132906 0.32449 0.61713 0.121996 -0.011017 0.133851 0.983402
8.952958 -0.132442 0.324825 0.616967 0.123209 -0.011759 0.134479 0.983157
8.957955 -0.131969 0.325192 0.616816 0.124395 -0.012471 0.13509 0.982915
8.962953 -0.131745 0.325364 0.61674 0.124966 -0.012764 0.135405 0.982795
8.967949 -0.131272 0.32578 0.616609 0.126146 -0.013436 0.135974 0.982557
8.972944 -0.130793 0.326228 0.616494 0.12733 -0.014005 0.136404 0.982337
8.977949 -0.130289 0.326711 0.616384 0.1285 -0.014589 0.136711 0.982133
8.982954 -0.129192 0.327778 0.616172 0.130859 -0.016416 0.137321 0.981707
8.987957 -0.128661 0.328343 0.616088 0.132028 -0.017178 0.1376 0.981499
8.992956 -0.128126 0.328937 0.616019 0.133187 -0.017927 0.137961 0.981278
8.997952 -0.127867 0.329227 0.615983 0.133764 -0.018191 0.138039 0.981184
9.00295 -0.127867 0.329227 0.615983 0.133764 -0.018191 0.138039 0.981184
9.007941 -0.127588 0.329529 0.615949 0.134314 -0.018489 0.138035 0.981104
9.012932 -0.127299 0.329843 0.615914 0.134862 -0.018897 0.138117 0.981009
