# timestamp[secs] tx ty tz qx qy qz qw
0.00199 1.055947453543177 0.2767676798805509 1.3258346753881198 -0.490753366396861 0.6727219974469468 -0.4329399624665812 0.34520897500003345
0.00698925 1.0567814249879908 0.27621074336247714 1.3261929768026055 -0.48784699970844103 0.6725505184139556 -0.4346170848065467 0.3475472552773952
0.0119885 1.0565510347116962 0.2753595880717209 1.3261459384123855 -0.4872625594836544 0.6720213060381777 -0.43599630771758147 0.34766331703649217
0.01698975 1.0562415138471208 0.27494385499841534 1.325922509221422 -0.4876675927888482 0.673002858452461 -0.4350843482082144 0.3463366590509589
0.021991 1.0561140808712308 0.2745104784381894 1.3256506160237915 -0.4870280302213912 0.6734105438065872 -0.4346545556781254 0.346983219330618
0.02699025 1.0557801213603955 0.2737081398693184 1.3255798773892888 -0.4872169100214939 0.6734992739082077 -0.4352874654347887 0.34575024666597437
0.0319895 1.055505265426532 0.273089410204791 1.3253715872468417 -0.48732252974994805 0.6738889015478754 -0.4350646918739164 0.3451220280616163
0.03699275 1.0552733683419366 0.27241660006595336 1.3252038521327696 -0.4871138965511404 0.6742226938892198 -0.43509243515326373 0.34472943550548607
0.0419905 1.0550693379492693 0.27183716483086423 1.3250741540957738 -0.4866285786804883 0.6745742255803822 -0.43512824540431316 0.34468195578735933
0.04698975 1.0548619618806314 0.2712323526304974 1.3249145409272503 -0.4864357980718786 0.6748224392014741 -0.43518847680931666 0.3443920433992838
0.05198975 1.0545916343154424 0.27055497588700567 1.3246480146355508 -0.48631007274810995 0.6750515038391238 -0.43523699682150313 0.344059205524375
0.05699 1.0543776276026824 0.26979850440867137 1.324527678904125 -0.4860529333479241 0.6752755847877469 -0.43549962243666684 0.34365027197859954
0.0619895 1.0542198005048586 0.26902044015362847 1.3243535339734749 -0.4855823219537644 0.6753640018286359 -0.436165974390741 0.3432965429825598
0.06699 1.0540191210142476 0.2683458138424139 1.3241774949657241 -0.4853882723717136 0.6755889637270646 -0.4363680240592938 0.3428712946759784
0.07199 1.0538154470076604 0.2677063502865906 1.3239786280472208 -0.48511980595041343 0.6758675792256141 -0.436542554127726 0.3424797624122963
0.07699075 1.0537901447186908 0.2670077756818175 1.3239972485530127 -0.4839835476481663 0.6755799992581867 -0.4375094963676722 0.3434196132959056
0.0819925 1.0536022294183776 0.2662907133778593 1.323873979096188 -0.48363790952774754 0.6758970008949814 -0.4377278438160288 0.3430043023009628
0.086993 1.0533237848185317 0.2656119931535353 1.3236323821152927 -0.48398593081681485 0.6767204168662664 -0.43726531681242087 0.3414764104307368
0.09199275 1.0531616337663707 0.26494251586680195 1.3235187640662074 -0.48372961700325023 0.6770027624414457 -0.43744366481570424 0.34105125332293695
0.09699325 1.052998947960167 0.26425954946403296 1.3234222785296932 -0.48342527638457916 0.677306211388863 -0.43766550986563274 0.3405953605682466
0.10199575 1.0528695878556382 0.2635697020379601 1.3233585590941572 -0.4830982077658173 0.6776325744371043 -0.4379027194741655 0.34010501906371216
0.10699475 1.0527122922737477 0.2628267489109601 1.323290846861482 -0.48267116931986165 0.6780489107386938 -0.43804364470868373 0.3396998414538943
0.1119935 1.0525983050519558 0.2621894184820994 1.3232992433493602 -0.4824198666811825 0.6781917344480627 -0.43840964453618936 0.33929931791162
0.1169915 1.0524806349383744 0.2613875565893521 1.3233249746139033 -0.4823517605124613 0.6783373793533339 -0.43860155724859057 0.338856684870893
0.1219925 1.0514545839122964 0.26085732418188257 1.3227539730301092 -0.4842647655530342 0.6793779315848594 -0.43652047936752153 0.3367241215180345
0.126993 1.0511284806877819 0.2601888933356808 1.3226123145377562 -0.4844966214426917 0.6798222626193162 -0.4360764172151118 0.33606855462331264
0.131994 1.0520550935716493 0.2593565015615996 1.3233693880205695 -0.48190076670204285 0.6792990628209613 -0.4383862444565516 0.33784898249636247
0.136993 1.051843477530003 0.2585897668707769 1.3233394771171845 -0.4813317570568015 0.6798977266098014 -0.43823258233502177 0.3376551862172627
0.141993 1.0517436613181723 0.25792337545793487 1.3233926804947542 -0.48088594269751234 0.6801621741161058 -0.4386117826219413 0.33726522376726015
0.14699325 1.0517685181007792 0.257340601164833 1.323454749934566 -0.48039701335111423 0.6803475061050043 -0.4384883575693796 0.3377483394128511
0.151994 1.0516040774353186 0.2564503511904767 1.3236989324281228 -0.4807520064504738 0.6801685268386082 -0.4392974660120069 0.336550174190225
0.15699275 1.0517104404966706 0.2560200499259848 1.3238141070394154 -0.47949941434799026 0.6807266573293872 -0.43907693580897444 0.33749514675280207
0.161993 1.0515867171518722 0.25523748715399014 1.323835645178032 -0.4792856273100222 0.6810090776796204 -0.43923224042471387 0.3370266496042672
0.166994 1.0515958141386217 0.2545130717555323 1.32402678568381 -0.4787157102681151 0.6812169205812755 -0.4396100309296572 0.3369240219430547
0.17199425 1.0516908516944905 0.2537605325777058 1.3242824625101506 -0.4780205619524872 0.6814711908147115 -0.4401102137395801 0.3367437574808305
0.176995 1.0515838922433898 0.25295228590779867 1.3245712207195124 -0.4783497626935169 0.6812792539606298 -0.44087269055174894 0.33566553796832543
0.1819955 1.0516444683219708 0.2523743440665464 1.324699585953137 -0.47758250838021155 0.6817600210369177 -0.44058134042430835 0.336164102597119
0.186994 1.0516900683870933 0.25161418066551805 1.3252202921599854 -0.47771596298881597 0.6814954659550667 -0.44149906921108517 0.3353057716086915
0.191992 1.051063791571648 0.250610303282952 1.3249556501974429 -0.4782714293401676 0.6826412976209836 -0.44061433521319154 0.3333411259714141
0.19699075 1.0509517067989826 0.25001686133041723 1.325147737698364 -0.4783552113715171 0.6827683504677219 -0.4404941527981563 0.33311945710800456
0.2019905 1.0508780070453005 0.24930957329428804 1.325357276242241 -0.4782586433723075 0.682816997492411 -0.44085751734208817 0.3326774224050968
0.20698975 1.051601853323884 0.24890947423647872 1.3261587169184124 -0.47696328688291223 0.6821494178055119 -0.44222081057641016 0.3340942224082792
0.21198975 1.0516600736148867 0.248252860145812 1.326490828404623 -0.47670606879812827 0.6822591269341958 -0.44254580966578444 0.33380685138756294
0.21699 1.0517199749667014 0.24759814489197468 1.3268096828154572 -0.47638335319132397 0.6824249875322628 -0.4427878749299266 0.33360745646466183
0.2219935 1.051838190972022 0.2468993781121097 1.3272265646404537 -0.47607877287978745 0.6824615036139668 -0.44316204377934015 0.3334706899437453
0.2269945 1.0520454874246177 0.24622715907464232 1.3276745503176604 -0.47527368186219004 0.6820376028908371 -0.44418900517383864 0.334119384733592
0.231993 1.052187778797141 0.24561870685178894 1.3281237212253791 -0.47477488883990426 0.6821165429690357 -0.44451548958031395 0.3342331615178271
0.23699475 1.0523046079544256 0.24518521569372004 1.3282862688388377 -0.47414043895154134 0.6833245629008081 -0.44366575407180614 0.33379497382548345
0.241996 1.0524478113101963 0.24461716256949406 1.3287109961407952 -0.4738886392353014 0.6834062463140688 -0.4439589099274119 0.3335954831808923
0.24699425 1.0526327570761669 0.24408390159525198 1.3291731307076822 -0.47352951284778166 0.6835063345076163 -0.44422002754442264 0.3335527818479971
0.2519955 1.0528342658601397 0.24358164443715313 1.3296764144570852 -0.47298376413126425 0.6836226497279744 -0.4447132171221646 0.3334315314483293
0.256994 1.0530272395615046 0.24288309976587316 1.3303012915268133 -0.47366426866761324 0.683482952306705 -0.4446819116194509 0.33279304676053023
0.2619925 1.0532297176937397 0.24243730187659163 1.3308307187203172 -0.4732697668909023 0.6828482535563727 -0.44612232126017515 0.33272941684719726
0.2669915 1.0533244605846979 0.24189904823772668 1.3312811846348942 -0.47305951559227105 0.6829264600738063 -0.4464525641005465 0.3324248078087932
0.271993 1.0535182819410112 0.24139380379961087 1.3317782310442414 -0.47292166853504203 0.6828642139719605 -0.4468245345262122 0.33224899706684163
0.27699425 1.053807078176962 0.24089330454127578 1.3324480100260958 -0.47251055319600294 0.6829196600698089 -0.4471923637164279 0.33222508159718744
0.2819985 1.0541293403841463 0.2405481255181139 1.3328262264883106 -0.4715607616747811 0.6833811420609983 -0.4470146090426453 0.3328642396331525
0.28699725 1.0542943756303191 0.23996860623696542 1.333495924171456 -0.47192720888414574 0.683001236296966 -0.447967411237571 0.33184216007123735
0.29199775 1.054646590924956 0.23975226678401504 1.3339263405670625 -0.47100680393174504 0.6833300001050383 -0.44777072923251365 0.3327372471621324
0.2969985 1.0549140014355403 0.23938589172602645 1.3344804726421982 -0.47082395114759445 0.683368537208061 -0.4479662498221138 0.3326537064278619
0.3019995 1.0551974538506506 0.2390116675823096 1.33507852720761 -0.47059188634530025 0.6834024978497241 -0.4482023470389743 0.3325942851996779
0.3069965 1.0554336886018838 0.2384374117894409 1.3358026861333512 -0.4711741270560373 0.6829537525434465 -0.4490382961613667 0.3315625468298597
0.31199625 1.0557780526885538 0.23811246604022787 1.336405380621167 -0.470934353141205 0.6828575116866278 -0.44938195883307996 0.3316358075358656
0.316997 1.0566847108414978 0.23856255646633254 1.3370565462053075 -0.46856211781658974 0.6825301940841866 -0.4496181808333226 0.33532904344057085
0.32199825 1.0569286365717803 0.23829634837416555 1.3375297154304244 -0.4694227635099712 0.6827042495992818 -0.4494505067510662 0.33399314163460436
0.326999 1.0559762810373727 0.23712619362727144 1.3376846715788842 -0.47203148898944747 0.6832197541261782 -0.44893953578488915 0.3299247401808753
0.3319995 1.0563673398013356 0.23689838254452592 1.3383499793155678 -0.47124378194499306 0.6833792745300415 -0.44929812595809776 0.33023212916298034
0.33699925 1.0567595514540256 0.23661598577688336 1.3390485419652547 -0.4715350729578195 0.6829670642095835 -0.44965382291975453 0.3301849537899274
0.34199925 1.0580736157050106 0.23648397970543103 1.34018504678292 -0.46990189761729345 0.6820092527593465 -0.4515186879049042 0.33194345940075104
0.34699825 1.058579941225665 0.23653908303588358 1.340764244839926 -0.46899996721991327 0.682261264852714 -0.45128913918033603 0.3330115765062325
0.351999 1.0590018399149825 0.2363427555713332 1.3413959144888867 -0.4687692296711961 0.6821921836202978 -0.45148118359307426 0.3332176087517586
0.35699775 1.0592817351298374 0.2359047003939367 1.3420573830166258 -0.4696862895875709 0.6814099547755073 -0.45247431100968505 0.3321780558414606
0.36199925 1.0597604982444206 0.23576890789236435 1.3427794260743615 -0.46953891104788525 0.6812332892531174 -0.4527141082342448 0.3324219499837776
0.366997 1.0602910657837683 0.23585445032662736 1.3432973362485308 -0.46878065180883716 0.6814602984640243 -0.45239908414635666 0.3334540909488775
0.371997 1.0607962636244679 0.23569032267472362 1.3439967102307149 -0.46883552093498515 0.6811446988694125 -0.4527003894221946 0.3336128158939815
0.376995 1.0612707862239064 0.23536894527000826 1.3447889912912658 -0.46883355285381567 0.680056762367214 -0.45416992937487133 0.33383764756047984
0.3819945 1.061859712065722 0.23535380879324205 1.3454706095802145 -0.4683549686188267 0.6797781344516982 -0.45467186743188326 0.3343931881145768
0.3869935 1.0623348949844598 0.23560372248388498 1.346216940027051 -0.4685078603304433 0.679995465875733 -0.45421979426792286 0.33435150619107473
0.39199375 1.0628300948422902 0.23540729210706765 1.3468911857344765 -0.4679849641446091 0.6792361389035989 -0.4550338184884431 0.3355183526630494
0.396995 1.063267947801552 0.23557058481005944 1.3474396021148807 -0.4690380306062477 0.6795199208148219 -0.4544751893288111 0.3342279242453753
0.40199375 1.0637918787797938 0.23553013248483637 1.348094202576747 -0.46910110150249557 0.6792939313091219 -0.4546525438027072 0.33435755691993974
0.40699475 1.0634500395456954 0.23544664825925865 1.3481643002635657 -0.47029774536408475 0.6799815238463797 -0.4533981464650928 0.3329793968326452
0.41199425 1.0643257484315725 0.23550190092068565 1.348930170243621 -0.4698206173126305 0.6794893220293932 -0.4540701964914241 0.33374107546757575
0.41699475 1.065491147043306 0.2357490499035347 1.3500130925323075 -0.4688888621541364 0.6784528068737871 -0.4552631717113705 0.3355301302061893
0.421995 1.0661614706596105 0.2358094045473899 1.3507160906721645 -0.4688922205906998 0.6780688005120692 -0.4555077864392598 0.33596940892714
0.42699525 1.065825841817584 0.23580536215446685 1.3506782104044766 -0.47056762007751096 0.6788835358738249 -0.45381064726327325 0.33427407330591685
0.431998 1.0662901376183935 0.2359655796223446 1.351134386512159 -0.4707409818710672 0.6786963564873219 -0.4539093452617302 0.3342760684852643
0.437001 1.066972274547167 0.236133510290254 1.3518450795803274 -0.4705562891758529 0.6784252829385556 -0.4540875108359101 0.3348439139205596
0.441999 1.0686185627779041 0.236495974873991 1.3531532656756602 -0.4686689588197826 0.6770610749596062 -0.4562981405331716 0.3372383648983212
0.44699875 1.0682062816907392 0.23655952858584067 1.3530931595705418 -0.47080894024597875 0.6776955666481914 -0.4543336287872855 0.3356316648989219
0.45199825 1.0693785842349068 0.2371692717803326 1.353943198772657 -0.4692861566926493 0.6770388117691036 -0.4549196778615558 0.3382854374478169
0.45699875 1.070026787806675 0.23744455606835138 1.3545327856622817 -0.46945424389134693 0.6768236417114414 -0.4549045226522226 0.33850309626858627
0.461997 1.0710984411782367 0.23738443532066206 1.355430267353254 -0.46929948062329596 0.6755470460798514 -0.4565893339317331 0.33899906513037487
0.46699525 1.0714369826640033 0.23769617611233795 1.355968847891393 -0.46982265141456253 0.6755872108954069 -0.4560449007706349 0.338927197453166
0.47199425 1.072563362984403 0.23809013915641744 1.3567399519297305 -0.46903628876335784 0.6749469008271578 -0.4567966361565919 0.34027705488753285
0.47699575 1.073064477481128 0.23842963491056632 1.3572871668887494 -0.469536716646038 0.6747170618914329 -0.4566080463849729 0.34029582731845087
0.48199625 1.0739460013629087 0.23873954713216347 1.358009652089411 -0.4689943755432681 0.6735596217681509 -0.4575348854057369 0.34208703610204905
0.486998 1.0745951451112752 0.2389976862188734 1.3585435161048913 -0.46910178867669233 0.6733467239747312 -0.4574067690599927 0.3425299239350096
0.491996 1.075334020811025 0.239299190929406 1.3590856507163211 -0.46898610243161837 0.6729811424808697 -0.457712553647976 0.3429980113997628
0.4969935 1.0759844668954908 0.23976155580727052 1.3595679144020754 -0.4696741517989031 0.6726463791996593 -0.4573707314593253 0.3431691327697333
0.50199475 1.0767274960761841 0.24030856356931737 1.360204923265926 -0.4703184315739901 0.6726272045206774 -0.45673124620213823 0.34317602684791726
0.50699325 1.0774194573882325 0.24063973039175693 1.3606818188266878 -0.47038737269360964 0.6721639803030401 -0.4569511038543052 0.3436960748683485
0.5119955 1.0781444824802873 0.2410695412936981 1.3612262340671737 -0.47048337884260694 0.6718255130263809 -0.45691504057826604 0.3442738967349189
0.516993 1.0789106985137955 0.24158468757951732 1.361828332557664 -0.4706220286339431 0.6716245257584252 -0.45661108838804754 0.34487927819068115
0.52199375 1.079646542697164 0.24210944542079607 1.362325790889657 -0.4709761960125446 0.6712692173068107 -0.45634003315533606 0.3454458493391428
0.52699275 1.0804559948528578 0.24270835782771757 1.3626992396759718 -0.4701540361508252 0.6714469011794834 -0.4558092599754957 0.34691808789417217
0.531992 1.0812283389975823 0.24312937949353258 1.363347910375213 -0.471031598857608 0.6705854866727651 -0.45618263970142575 0.34690306596589143
0.53699125 1.0819131671621809 0.24358764558645435 1.3638297408245414 -0.4715089540063673 0.6701921823048851 -0.4561092671337822 0.3471110506796365
0.5419895 1.0827009905351397 0.24418591002887627 1.3643274841096351 -0.4717424529853827 0.6698022731900435 -0.4559794087765522 0.34771648170969716
0.5469895 1.0834328347315467 0.2447302334565918 1.3648369772542603 -0.4718439142867958 0.6694686114299894 -0.4558481171772705 0.3483928715207218
0.55199125 1.0841217306358233 0.24525521368765243 1.3652833763532508 -0.4719561209134511 0.6692055370843243 -0.45568770848536316 0.3489557012048488
0.5569915 1.0849087942543436 0.24595223629489296 1.3657560862360836 -0.47242161825903384 0.6687481763622924 -0.45532841307133143 0.3496708844950733
0.56199275 1.0857069536442316 0.2465561499050823 1.3662184670006372 -0.4725152939570273 0.6683736118965442 -0.45530112818691443 0.35029543897800697
0.5669925 1.0864476919188306 0.24713732082298034 1.3666709942611375 -0.47274169122420184 0.6680042517621708 -0.45519391783809554 0.3508334507559803
0.571992 1.0871242433515076 0.24780194509033937 1.3670207789580937 -0.4728415513314534 0.6678817086099699 -0.4547616549231131 0.3514921447917193
0.5769905 1.0879546533073579 0.24851505792090764 1.3675128426152876 -0.47320901974411306 0.6672727102471276 -0.4549391550940329 0.3519243085588095
0.58199175 1.0889094926598109 0.24904893614946144 1.3678829018941119 -0.47297098804019044 0.666512309381554 -0.4558026853704158 0.35256729559655914
0.58699525 1.0894995776061618 0.24987962679113784 1.368269023299565 -0.4732847818281672 0.6666741866857074 -0.4546248365662079 0.3533600176505027
0.59199525 1.0902723677754291 0.2505644698027423 1.3687001797702478 -0.4736825298895342 0.6661539870312223 -0.45454815564922724 0.35390634444121316
0.596993 1.0909504165349693 0.2512357186155936 1.369032379749281 -0.4737327849442714 0.6660113307256794 -0.45404128192154036 0.354757198834638
0.601994 1.092189395472008 0.25286666461118296 1.3694438546363166 -0.47311447837239917 0.6657850340378234 -0.45285582074783953 0.3575116563420942
0.606992 1.0929701742456233 0.2535277059943933 1.3698093535387799 -0.47341954176619055 0.6653382813071645 -0.45274603871812313 0.3580781106492913
0.61199375 1.0938028189854117 0.25416226100429307 1.3700582302607385 -0.473217710576141 0.6646026340254392 -0.453528352517211 0.35872046318344897
0.61699425 1.0945317200567486 0.25502272280393656 1.370437285458964 -0.4735424322852179 0.6645241373438185 -0.45289706159715565 0.3592345853471182
0.621994 1.0952265148432314 0.25579346823651183 1.370746346245528 -0.47388368426417654 0.6642130247817308 -0.45274494851190367 0.3595515583271305
0.62699425 1.0956756270015504 0.25592181044749 1.3711843513979545 -0.47537065404469014 0.663355199185266 -0.4533390343430997 0.3584220151272317
0.6319935 1.0964300058260639 0.25668707745817315 1.3714416908467013 -0.4756839618489438 0.6629048538144181 -0.4533521904181742 0.35882267859211625
0.63699175 1.0970714808427815 0.257521981196694 1.371651955979273 -0.4764018401651347 0.6628066112169283 -0.4526847483111142 0.358894415477461
0.64199 1.0978800369645827 0.2583258880968642 1.3720371401103384 -0.47629100245050426 0.6623727453154133 -0.4528230293475954 0.35966725085901674
0.64698925 1.0986153931753266 0.2591821315967251 1.37235965338764 -0.4764006515044841 0.6618669371486744 -0.4527030133377823 0.36060304833768037
0.65198875 1.0993147053928838 0.26007562206613816 1.3726409005337623 -0.47680253192773936 0.6614514832524717 -0.4524096331848541 0.36120188904814415
0.6569875 1.100072774617553 0.260953965124967 1.3729209743361768 -0.47695419830497215 0.6609755153348826 -0.4522961286123159 0.36201418879563163
0.661987 1.100702324992767 0.2618523558809172 1.3731143780051593 -0.4775785230229399 0.6605312722249264 -0.4519054863686227 0.36248948143371823
0.66698525 1.1013665795400522 0.2627490292036228 1.3733218875538915 -0.4780977377040816 0.6600641410534883 -0.45167114689690074 0.36294773447205625
0.67198325 1.1020760477105416 0.2636940952703689 1.3735477560855693 -0.47833346767094603 0.6596570945634394 -0.4515446038807808 0.36353415520987586
0.67698175 1.1028260698467183 0.2646384524830736 1.3737294172376726 -0.47812983507865825 0.6586904709794661 -0.45211210817252195 0.36484704451633176
0.681982 1.1035324156559534 0.2656280728602928 1.3739654554601037 -0.4783498423312576 0.6581992257046685 -0.45194725019544796 0.365648589036262
0.68698175 1.1042972720327207 0.26650352763295265 1.374201263028339 -0.47896754862414687 0.6576508546270611 -0.4515052790345496 0.3663719746066902
0.69198075 1.1049526343830005 0.2674495586452418 1.3743467140859942 -0.479046190821389 0.6571332211893357 -0.451485226649871 0.36722168615940964
0.6969785 1.1055360479832042 0.26854793150118594 1.3744378127507915 -0.4800970460792043 0.6574959095501626 -0.4503200019228216 0.36663040127498536
0.70198025 1.1061964509778475 0.26964776906886767 1.3746056076264568 -0.48070988474075876 0.657187936002844 -0.44966863259677436 0.36717862729657275
0.70698 1.1068487388794248 0.27064280955388087 1.3747568345613561 -0.4811548450210153 0.6566456940535729 -0.44941793197461993 0.3678722196814542
0.7119795 1.1075446039879453 0.2716623265544838 1.3748667509654062 -0.48152210221646274 0.6561641197155331 -0.4491836721527721 0.3685364863162517
0.71697825 1.1082727667640804 0.27273464077240517 1.375025393906522 -0.4815554274239139 0.6560018853484688 -0.4489544500986787 0.3690606975477327
0.72198 1.1088730494338643 0.2737779461334219 1.3751198107524858 -0.48216137301419043 0.6553447307628099 -0.4485690839019516 0.36990467853469344
0.72697925 1.1095198328162235 0.2748027553654224 1.3751775824717791 -0.4825448509097936 0.6548778937314372 -0.4484777594459965 0.3703418831898717
0.73198 1.1093743080804495 0.27587787531713664 1.3746981223145702 -0.4845909161581297 0.6550794529805192 -0.4467929599777391 0.36934889356013856
0.73698125 1.1106291019244527 0.2769744359074708 1.3752425358527656 -0.48423107477946853 0.6543058432783097 -0.447095886968998 0.3708225957586535
0.7419795 1.111271107379767 0.2779664330908855 1.3753414553031764 -0.4845637640200991 0.653718000987163 -0.4469761941074829 0.3715683190009757
0.746979 1.1119772974484543 0.2788371946261761 1.3752297133619245 -0.48390474922522553 0.6526452738381865 -0.44768109334253553 0.3734594742104986
0.75197725 1.1115570011239815 0.27978262662248904 1.3745709878947936 -0.4865054096493495 0.6528141256503497 -0.44584055475826706 0.371984412934371
0.75697625 1.1132018601935532 0.28128305782302027 1.3755245581321303 -0.48582362399562673 0.6525612678447507 -0.4460418106774668 0.3730762672754386
0.76197525 1.1137909236521597 0.2823949773935945 1.3755430989183557 -0.4863181181422204 0.6521430163072338 -0.44578042468204293 0.3734755510319379
0.766975 1.1143945377962499 0.2835435636324648 1.3755433590410155 -0.48673110749920784 0.651720778421955 -0.44547064347271287 0.3740437965929697
0.771972 1.1148677166828753 0.28448847978922776 1.375489973347888 -0.48672003081332993 0.6515258863281939 -0.4452807238529841 0.37462342160400913
0.77697325 1.1154325532656058 0.2857785059299101 1.3754644748844536 -0.4878321679687174 0.6509609254693411 -0.44450611897416353 0.37507860456385245
0.7819755 1.1160501911930347 0.28697233630803576 1.3753943512811908 -0.4880595273865081 0.6505602877742819 -0.4441891850609643 0.3758526008599357
0.786973 1.1156886134112962 0.28805073885069427 1.374797463204138 -0.4904072986820577 0.6508539374070625 -0.44233557144113606 0.3744717289715394
0.79196925 1.1163434463414283 0.28917143886614205 1.374756056086609 -0.4906123061369527 0.6504562945181864 -0.4423396172853339 0.3748890995594769
0.796969 1.1177563634215448 0.29033239305566244 1.375196025835002 -0.48800236086469767 0.6498338147022373 -0.44333179810889184 0.37818861146993354
0.801971 1.1181906741685523 0.2916434503135919 1.3751456797671684 -0.48954133905682923 0.6491558073337985 -0.44229813669687956 0.37857413201870965
0.80697075 1.1182121435337078 0.2921571829135285 1.3743500236538397 -0.49160593309427353 0.6489641220636168 -0.4413113067956588 0.3773771393646093
0.81197225 1.1196730440575384 0.29315642518345203 1.3750002534858796 -0.49028631312972215 0.6472237743289592 -0.4431890063127573 0.37987395512794936
0.81697 1.1188433261920208 0.2950285745069357 1.3743460253613535 -0.4925121935637252 0.64846177069211 -0.4399600346252383 0.37863470400170696
0.821967 1.1191700529703565 0.29617356403953987 1.3740615611081444 -0.4935350382564783 0.6481815004296815 -0.43921003673035025 0.37865347238501257
0.82696825 1.119836181761583 0.2971279823631002 1.3737752805292165 -0.49306430217787556 0.6476472510849818 -0.43975117416380155 0.37955175786902784
0.8319725 1.1210070515212316 0.2982841879049117 1.37429799734623 -0.4926750598174311 0.6461213853842296 -0.4411235137597091 0.3810623130031914
0.8369715 1.121382508176082 0.2993085626744106 1.3743519648550728 -0.49280876186284317 0.6462542300316739 -0.4406544060730365 0.3812068845204651
0.84196925 1.1218254728237853 0.30035762087999535 1.3741268971865683 -0.493239195455705 0.6453563049121804 -0.4408663203443099 0.3819256777991942
0.84696875 1.122310113088961 0.30158090937921833 1.3739957964356235 -0.49329645885817974 0.6443330401430197 -0.44085157050431745 0.38359279169701627
0.851969 1.1217090026292933 0.30271499586560396 1.373229758235865 -0.4961928835862279 0.6456794188567022 -0.4377048549669953 0.38118915289076244
0.85696825 1.1220926126299762 0.3038436997697118 1.373007331856513 -0.4966837266511248 0.6453774146247014 -0.4372646139469212 0.3815664106838243
0.8619675 1.1231280961130388 0.3049673733333872 1.3733596087874707 -0.49547708148923225 0.6444672025527785 -0.4382324312680993 0.38355810868440715
0.86696975 1.1234131491041133 0.306082493584597 1.3731007087482645 -0.496092423895481 0.6441267935161479 -0.4377244388888558 0.38391443894121596
0.87197225 1.1230830405779404 0.30718591052664423 1.3721840499051885 -0.4985137079601936 0.6439451971677325 -0.43625274561655203 0.38275606848541116
0.87697 1.1248713692614953 0.3075125453747602 1.3722873865139975 -0.4962871973544145 0.6418401344661254 -0.43886748693876215 0.38618077171016957
0.8819695 1.1244391267054652 0.30875132447216885 1.3717807832121676 -0.49804462128714244 0.6424508967553052 -0.4368042347876884 0.38524078306533566
0.88697175 1.1253345961073848 0.3100288756750541 1.371980023899298 -0.49748392606229724 0.6414437391179474 -0.43734472572856814 0.38702617964865477
0.89197175 1.1247650724782512 0.31114742167589093 1.3709551279868266 -0.49854848209361924 0.6415902725473133 -0.43573436819519906 0.3872297684170769
0.89697475 1.1251035797953888 0.3121929378663224 1.3705910986521859 -0.49904784521948453 0.64127366317825 -0.4356544882169201 0.38720085742698346
0.901979 1.1240870037457518 0.31409926905702074 1.3704750653815385 -0.5009124233210878 0.6432821298613782 -0.43228328378855363 0.38523500375821135
0.90698175 1.1247916797727981 0.3151545502596006 1.3706691959333541 -0.5006085662746197 0.6423263484321594 -0.4328692748934404 0.38656450475374093
0.9119815 1.1250679081043369 0.3159018619100851 1.3701711526757518 -0.5008063824734287 0.6415061552677082 -0.43386687410928965 0.386551879542908
0.916982 1.125356359763998 0.3168080680256991 1.3701526093741616 -0.5021822516354145 0.6410499123845761 -0.43278568882725993 0.3867357541273196
0.92198325 1.1247635719473565 0.3176809156403714 1.369318260347718 -0.5035965741596463 0.6414489281282278 -0.4312453871949602 0.3859548925987136
0.926983 1.1270409666428602 0.3189477430554217 1.3694004182426884 -0.5012375837328223 0.6389143738657846 -0.43299846783177265 0.39123092206101445
0.93198275 1.1256331913074549 0.3200541057207874 1.368631793999604 -0.5031038561632466 0.6409388082787414 -0.4302855931994405 0.3885077376847261
0.936986 1.1264968670981923 0.321471582152277 1.368744308029838 -0.5027877232732966 0.639495300453254 -0.43061103286008917 0.39092762041460405
0.94198675 1.1271822815906833 0.3218611686996234 1.3682752242786023 -0.5035763550221334 0.6375088842235588 -0.4318611917331479 0.39177696240779736
0.9469875 1.1267744338740324 0.3232248305567561 1.3678389857226798 -0.5033216485142054 0.6383120152347045 -0.43139547035805564 0.39130938846200103
0.95198825 1.1268683249875417 0.3242597229475735 1.3674012207847241 -0.5034630346762831 0.6381678719137676 -0.4307794650909081 0.3920405494685364
0.9569875 1.1267403263356954 0.3252695823071477 1.3670310313153702 -0.5045484805445741 0.6377985565141966 -0.4299827016041927 0.392120782935218
0.96198575 1.1266416583115484 0.32626520154863015 1.3665559062065549 -0.5051407989740611 0.6376982655840006 -0.42891745656000285 0.39268754849256754
0.96698375 1.1266364158486322 0.3272134124133353 1.3660459155461186 -0.5057870022574974 0.6373990501334797 -0.4282883874978363 0.39302800965174894
0.9719845 1.1258280829224263 0.32820648867309304 1.3651220696638462 -0.5082437671090348 0.6377154407568199 -0.42592697570315 0.391910067724115
0.9769855 1.1257020558074433 0.3286221683253636 1.3647291037704263 -0.5078803256172962 0.6376759529212366 -0.4260507414265743 0.39231074373094627
0.98198625 1.125595153385065 0.3297121798148551 1.3643139366740462 -0.5088469621699451 0.637551580656942 -0.4247997565869327 0.3926167570238643
0.98698575 1.1252143455961459 0.33007933473467477 1.363761010525224 -0.5103003499218719 0.6372659149645673 -0.42485394757223255 0.3911327520500917
0.9919825 1.1258128040532518 0.3315210093464733 1.3633973696698796 -0.5093997184038959 0.6372515712402185 -0.42417630764705877 0.39306083736848174
0.996982 1.126299760325779 0.33258836377031303 1.3634406122008225 -0.5099238107871437 0.6359200173234044 -0.42475312491110734 0.39391397745950524
1.001981 1.126317733660647 0.33368519567973814 1.3628727412176858 -0.5095588148346818 0.63593312204148 -0.42391966731140757 0.39526066611975963
1.00697875 1.1261732419379948 0.3343998573642471 1.3624763392918597 -0.5105477691740798 0.63559602478409 -0.4237504328580928 0.3947077897921599
1.01197825 1.1261746709424112 0.3351597961734138 1.3619042296899373 -0.5109671036144727 0.6350879274091946 -0.4237979313457052 0.3949319648623432
1.016977 1.1260819556638955 0.33603145183018335 1.3614009911865759 -0.5114205619275035 0.6347234729072856 -0.42349269225016023 0.3952582211529344
1.021979 1.1259090948038 0.33621475676522 1.3604689552184912 -0.5112915114385559 0.635195103094563 -0.423904995199938 0.39422420826238636
1.026979 1.125766653218615 0.33706513100838664 1.3599406647116703 -0.5120222917370514 0.6356441972012378 -0.4219093365799778 0.3946924613358798
1.0319785 1.1261432301655827 0.3375348150223589 1.3593539703071664 -0.5115189836327795 0.635527397592166 -0.42275086182125954 0.39463269646900734
1.03697975 1.1254746637094206 0.3386243324809606 1.3588321949886 -0.513271966667316 0.6355410952118185 -0.4203798000999383 0.3948673551945816
1.0419785 1.1245817125499726 0.33966332841411867 1.3581900511006897 -0.5143507270004346 0.6352414938460132 -0.4188299305910041 0.3955920415927811
1.046978 1.1244361979524895 0.3403855854101964 1.357720516803357 -0.5152934779446141 0.6346202111571471 -0.4186815164667312 0.39551941412239167
1.05197675 1.1244748097794182 0.340900073089831 1.3570225814910726 -0.5151368329216571 0.6344072551914967 -0.4190431386582606 0.3956821020355477
1.05697775 1.124135351112841 0.34169415201081305 1.3564986703536361 -0.5157779849879017 0.6346049466559979 -0.4178110344887321 0.3958327567812111
1.0619775 1.1243420203115768 0.3423903248617346 1.3559673305035256 -0.5157624879841651 0.6345422268562211 -0.41765674042982465 0.39611622725945733
1.0669765 1.1233847781489381 0.34312899701404426 1.3553011233826657 -0.5162358211892338 0.6336766380646794 -0.41695367465095184 0.3976230985332606
1.07197375 1.1241135883696034 0.3435273311233646 1.3547565233431074 -0.5161557190353749 0.6338108415590291 -0.41780172605680393 0.3966217449072424
1.0769715 1.123753307823529 0.3444238173573929 1.3541830238620192 -0.5166176385145098 0.6342005962432912 -0.4163157368580389 0.3969597291221028
1.081973 1.1223598147014242 0.34557440556333124 1.3530835608797804 -0.5198092444774274 0.6336779182214476 -0.4136083949109177 0.3964577417248311
1.086971 1.122375671745493 0.34580605201541686 1.352624969553221 -0.5183556889936873 0.6340421271532933 -0.4142448393211009 0.3971135527511519
1.09196975 1.1229137355781245 0.34634874460053827 1.3522218327126456 -0.5179319710039335 0.6340939555827894 -0.4146321739270455 0.3971794169514384
1.0969675 1.122653826315337 0.3469714215460862 1.3515953946747516 -0.518174165062578 0.6341062282831867 -0.41416794442842036 0.3973282518549469
1.10196875 1.122035228737863 0.34715802734506707 1.3506070753039352 -0.5196818866475436 0.6321858016686834 -0.41406485327869863 0.3985249630051595
1.10696775 1.1212491773145656 0.348111047533364 1.3500450520030138 -0.5205906882400306 0.6332211469400248 -0.4124077369887153 0.3974118428753444
1.11196675 1.1214619883802537 0.3484615273939687 1.3493570189561988 -0.5189992245349672 0.632848805023453 -0.41437480366406465 0.3980398434841145
1.116965 1.1206487318001324 0.34945252433683044 1.3484297634177103 -0.5211613054566869 0.6329166893894801 -0.41187221491697806 0.397704207378203
1.12196625 1.1208631051595404 0.34915914734590575 1.3478680493938169 -0.5207740201676287 0.6324180051420514 -0.412207183289997 0.3986566501824865
1.12696525 1.1216268819164767 0.3494668318151828 1.3474447440551365 -0.5198856055297202 0.6326279840844645 -0.41304584978787245 0.39861499832449515
1.131966 1.1197835897206838 0.3506986357596121 1.3467784621061885 -0.5219134491051903 0.6338125835233053 -0.40984368648614167 0.3973866042760954
1.136964 1.1194258564065296 0.3510085775712879 1.3460404681152367 -0.5222338991616444 0.6335903995728525 -0.41007033933345804 0.39708598179044463
1.141966 1.1204911367369639 0.35103422736397766 1.3454630521523612 -0.5198947162805053 0.6339078268910944 -0.41193184184684234 0.39772164721384123
1.14696775 1.119585805939194 0.35172808002465583 1.344666056617633 -0.5214510245867701 0.6341023781597473 -0.4098731318573486 0.3975009669812253
1.15196875 1.1182925527260696 0.3523467805869753 1.3437723077066543 -0.5237078283256803 0.6338179056358154 -0.4078039134506269 0.3971157781053051
1.1569675 1.117649999901598 0.35230107468797794 1.3432423572599952 -0.524227585369617 0.6338399713464966 -0.40753326008851953 0.3966723728502354
1.16196675 1.1170157267953302 0.3527080285148346 1.3421811914097217 -0.5257821004981208 0.6341421755463911 -0.4060262894351179 0.39567604966262976
1.166965 1.117291176750209 0.35341205863858016 1.341560486474583 -0.5247060428027771 0.6340369171354971 -0.40647251527365025 0.3968133700906224
1.171968 1.1168068315912014 0.35375445523466287 1.3408520611090864 -0.525052001739121 0.6344999982030493 -0.40537940021043517 0.39673377677619087
1.17696675 1.116633338653272 0.35383731503775606 1.3403545985399428 -0.5246613026509063 0.6343712435773219 -0.40582729136610174 0.39699855466395506
1.181966 1.1167127411407567 0.3533962716045469 1.3396470913509435 -0.5230526593477763 0.6336593966258692 -0.40876939591692196 0.39723955691581514
1.18696475 1.116578068463404 0.35390394362617555 1.338909048339442 -0.5226300483616838 0.6337738135253937 -0.4075173660615978 0.39889620479162397
1.19196325 1.1168152608659114 0.3537589026885557 1.338256468993579 -0.522809083801637 0.633210072546662 -0.4079581131241909 0.3991063064599379
1.1969625 1.116563514226534 0.35391678393566967 1.3376871908990065 -0.5220831010655187 0.633233523761559 -0.40791597062206136 0.400061371389181
1.201962 1.1146704669574432 0.3552127700348714 1.3366033517866556 -0.5263684890241903 0.6344169061107079 -0.4035249334080466 0.3970126334530674
1.20696375 1.114110927640395 0.35540047790347057 1.335819393953044 -0.527662584832449 0.635172337471335 -0.4021605561766191 0.3954683114167955
1.2119635 1.1145984762630268 0.35492307224202424 1.335552567997826 -0.524433892291588 0.635428695089098 -0.4048590190339831 0.39659631967543785
1.21696275 1.1146107772486962 0.354635821012415 1.3348779305778902 -0.5239796613263246 0.6354938593829286 -0.4055791989401714 0.3963563833092508
1.2219635 1.1132282858537375 0.3548343331622784 1.3338981594107975 -0.5259453089931804 0.6361729457381217 -0.40322144273024 0.3950670616256092
1.226961 1.1128135798315955 0.3553794612683513 1.332944201959883 -0.5268854627681201 0.636167148518833 -0.4017717446797993 0.3953005608976427
1.23196175 1.1124233237219627 0.35549020923153957 1.3323026660450188 -0.5270899530424829 0.6365199855182346 -0.4012948306090654 0.394944234498975
1.2369645 1.1120913011526639 0.35541641187063155 1.3315982214648008 -0.5264192378221634 0.6366087703964816 -0.40207977174362597 0.39489734952213357
1.241964 1.111319935444857 0.3556955012311538 1.3304947419749829 -0.528439872498182 0.6368359179537724 -0.4002599179628788 0.39367920040361626
1.24696425 1.1105571768669815 0.35494123748199136 1.3295040197640615 -0.5290576600386255 0.6366045360095051 -0.4003661990211234 0.3931152041933193
1.25196475 1.110289355406624 0.3548395812815841 1.3288462583179035 -0.529457390391397 0.6370539984677877 -0.3998894895628362 0.39233336709144423
1.25696475 1.1106513921499208 0.3550147341371403 1.3280016286996326 -0.5265931997996952 0.6366158791965727 -0.40139894864914194 0.39534631439139084
1.26196425 1.1095119492105492 0.35484461183735816 1.3272401474967523 -0.5288040901225364 0.6373118260750227 -0.3997199034884944 0.3929680258872793
1.26696275 1.1096249744067868 0.3548064701136858 1.326929012258516 -0.5273190467353901 0.637526772551779 -0.40038571121007577 0.3939359332284798
1.27196175 1.1087753019444584 0.3550453569957228 1.3260030801435365 -0.5296309717727051 0.6387165324555611 -0.3975614564092869 0.3917615515651973
1.2769595 1.1086432242694835 0.3546833390786883 1.325587759560551 -0.5282769949938056 0.6388506828647011 -0.39854740252054216 0.39236869078425285
1.281958 1.1078110995910904 0.35483212987969137 1.3244371717011623 -0.5295876723268811 0.6388644168847415 -0.3971439701129369 0.3920023229023649
1.28695775 1.109004906703229 0.3538295600994621 1.323797996497815 -0.5262853886635616 0.6390208543820264 -0.40072739552552267 0.39254756631450444
1.2919565 1.107657410034118 0.35479912903186384 1.3228014076207963 -0.5295503015082245 0.6382297956448151 -0.39776504217857706 0.3924565929429661
1.29695425 1.1070751619996726 0.3541532173993284 1.3220605712621092 -0.5290341035105129 0.63959074651645 -0.39766731236867336 0.3910336340608493
1.30195425 1.1064266180727786 0.3539303884567711 1.3213434938869453 -0.5296966499290092 0.6400578979656668 -0.3965046389668216 0.39055270781745594
1.306954 1.1057744618947278 0.35275354557191607 1.320728395579898 -0.5292639146790603 0.6405820975917387 -0.397349252881766 0.3894198968951982
1.311953 1.105488141933735 0.3524802158454145 1.32008937206357 -0.5288083308735405 0.6407589150165077 -0.3975575320427444 0.38953532669283053
1.316954 1.1053458136167527 0.3524911538563022 1.3193080877853778 -0.5283631501259393 0.6408667325238121 -0.39753535241044957 0.3899844308650624
1.32195275 1.1051374014200237 0.3521679200425402 1.318537181993719 -0.5275750818645472 0.6413014731895221 -0.3976861955103783 0.3901828332731288
1.32695 1.10433429470278 0.3521543654451539 1.3174480175775014 -0.529698274894453 0.6414676061421468 -0.3958530885373332 0.38889507600323064
1.33195175 1.1038411249300413 0.351645160367964 1.3165887257278068 -0.5296599429852288 0.6418228823794393 -0.39584989345417154 0.38836399717707354
1.3369535 1.1035752185148269 0.3513921335997439 1.315917120878538 -0.5291949444898251 0.6421457821377694 -0.3962639739406234 0.3880417093121156
1.341953 1.1029966530522939 0.3508538152769658 1.3149173344412126 -0.5293793427744667 0.6435393472153719 -0.39505536974046407 0.3867116171884569
1.3469525 1.1028291661955532 0.3501734748704075 1.3143149787422768 -0.5284017904772026 0.6429576130766745 -0.3963699534880239 0.38766985384361974
1.35195425 1.101898106890638 0.34998271204737924 1.313777149747552 -0.5294884746876007 0.6439544121106416 -0.39429047179876764 0.3866519030664934
1.3569525 1.1013495838071472 0.34964636116656994 1.3130229919601533 -0.5298407336089398 0.644115179439929 -0.3938803991276376 0.38631938057371834
1.361952 1.1008043755638093 0.34911434733632596 1.312138914558036 -0.5294071127853015 0.6441569754705544 -0.39405298451697196 0.3866680039494162
1.36695 1.1013680364405847 0.34856892763370434 1.3120353524743391 -0.5275566816570258 0.6438732507153306 -0.3959322851586772 0.3877483851949977
1.371947 1.1012266320682191 0.3478646463981263 1.3113472560388553 -0.5265708000531076 0.6443996808580952 -0.39662265573913313 0.3875083390016946
1.376948 1.099962777643037 0.3470568334666097 1.3100938531280175 -0.5279059597743263 0.6454107956920137 -0.395182741515464 0.3854747764086141
1.3819485 1.1002797838843639 0.34659584832144297 1.3099764335335269 -0.5260919457437003 0.6450494494845855 -0.39678110515187903 0.3869150125514571
1.386948 1.0991905593088707 0.3462759115527032 1.3092154498094366 -0.5272763658302513 0.6457951085327419 -0.39470970114509785 0.3861768554095063
1.39194625 1.0988684832158746 0.3455086089631198 1.3085241381049366 -0.5265183293405973 0.6463114728532962 -0.3951191509940871 0.3859284719275074
1.39694325 1.09760743833806 0.3447929755389193 1.3069230710496218 -0.5285598618264312 0.6472976688321255 -0.39336977370353116 0.3832628621807139
1.4019435 1.0969629732427597 0.34411475483487985 1.306141887346263 -0.5282714604690476 0.6472925405691258 -0.3931702581801518 0.3838733893616734
1.40694275 1.096383446332472 0.34348875530062284 1.305406587223367 -0.528540538261504 0.6474759586872885 -0.3927997748255164 0.3835728343264677
1.41194025 1.0958982479721668 0.3428430099800194 1.304848927948793 -0.5281121180416332 0.6478073983908212 -0.39279998260490545 0.3836031009171872
1.4169395 1.0965495330921429 0.34207159067370224 1.3048532609912655 -0.5251020110159388 0.6474070519906696 -0.3962665834097938 0.38484384096993945
1.42193825 1.0963467862923009 0.3410053200347162 1.3041571493830493 -0.5258243285475366 0.6470802082259879 -0.39533462492686644 0.3853654291236803
1.42693675 1.0951138396337985 0.34040384491020514 1.3031364585656238 -0.525235757850805 0.6480575768606011 -0.39506261721380054 0.38480424143795366
1.431937 1.0949664534615182 0.3407072781825704 1.302819276000075 -0.5242505034370816 0.649405470409493 -0.3931520649145234 0.3858307899865404
1.43693725 1.0942733195366356 0.3390207197955723 1.3021634678609695 -0.5245885882000348 0.6494217669071025 -0.3950222656487239 0.38342612253118613
1.44193575 1.0934911592219931 0.3383368183655326 1.301212817139353 -0.524616410132116 0.6503025370355279 -0.3937897267308056 0.383162998822335
1.4469365 1.0930105440483047 0.3373564264830177 1.3006855093452228 -0.5249220058373424 0.6505156675778067 -0.39426983501918117 0.38188683037969406
1.4519355 1.0925027755822487 0.33625308237683266 1.2998088562408725 -0.5240186509857254 0.6507998189837759 -0.39491425500042443 0.38197746036545754
1.45693475 1.092771388153504 0.3351561240154516 1.299362354406734 -0.5235146065296006 0.6502194900237644 -0.39585424824929816 0.38268327071662817
1.46193525 1.0923787242547682 0.3340936713256508 1.298727494803622 -0.5215682042661085 0.6513937606809702 -0.39799932997651455 0.3811158750075566
1.4669355 1.0909271668035423 0.3336692551840143 1.2981653655767396 -0.5228416469238815 0.6518215775153524 -0.3953869305178943 0.38135864812923626
1.47193475 1.089374200313617 0.33276946562219056 1.2967074190965515 -0.5243223070680205 0.6531163490821085 -0.39343947852909 0.3791180945395293
1.476934 1.088904458746184 0.3317555687735746 1.2961302618584856 -0.5243239344454746 0.6529661423495692 -0.39377561002107275 0.37902558972353273
1.48193525 1.0892227603221913 0.33095065381161753 1.296059411211082 -0.5218463635928469 0.6538193958796521 -0.39473137203449565 0.3799785708540067
1.4869365 1.0886401677935738 0.32999448636096795 1.2955341790616286 -0.5215462575978191 0.6543213595824887 -0.3947296981319857 0.3795280292580036
1.49193675 1.088022812297763 0.32889345156069516 1.2949648581113478 -0.521137545573262 0.6548257573104814 -0.3951221180556804 0.3788105040515953
1.49693625 1.087570241165283 0.3278300575187211 1.2943504413377105 -0.5203762145972093 0.6552689665758302 -0.3955108281002226 0.3786850427196703
1.50193475 1.0868881614905472 0.3266749313367274 1.2937128703946925 -0.5208619131716514 0.655346955907474 -0.3956823719973081 0.37770186030857494
1.506935 1.087084758774832 0.32506045580470516 1.2929923050829237 -0.5204515603173906 0.6543807776064215 -0.3968973636248183 0.37866667929734366
1.511934 1.0866136528919996 0.3240703747512574 1.292433650686849 -0.518809568948789 0.6546309369211409 -0.3974979021170024 0.37985574288866925
1.51693475 1.0852267779967386 0.32363167356109895 1.2919685565418475 -0.5181833537977043 0.6567515049161479 -0.3960765460598603 0.37853248512991544
1.5219355 1.0836287809604688 0.3224698667646425 1.290985261557769 -0.5210472466851307 0.6577640346059987 -0.39445364099871066 0.37451644370246717
1.52693625 1.083043395649513 0.32138431034057086 1.2905041224933247 -0.5206431333405649 0.6579741706655021 -0.3947609774156512 0.3743854820264849
1.53193525 1.0828926153170462 0.31976063709243413 1.2898121380931142 -0.5204416408009792 0.6575276535539526 -0.3952923714737038 0.37488908277904426
1.536936 1.082939608496882 0.31895597277829724 1.2900954601844548 -0.5178040683770678 0.6582495127761582 -0.39696083267264737 0.3755111490035229
1.5419365 1.0819339676225004 0.3179343946358377 1.2896135566262137 -0.5171628561429714 0.6590779590692529 -0.39716028521951385 0.3747299453466547
1.546937 1.0812742536871747 0.31623121735801685 1.2883161411760171 -0.5185879580832158 0.6591188151607975 -0.3963092111987756 0.3735879098031837
1.55193625 1.0807468399702724 0.3150199587941438 1.2879362170806583 -0.5181534004902479 0.6595767898751497 -0.3965267471054655 0.3731515116522287
1.5569375 1.0797958693689855 0.3137290266738663 1.2878867516580506 -0.5168031166734556 0.6603783203216628 -0.39748290292381516 0.3725887203459049
1.56193725 1.0796616619690635 0.3129216737257408 1.287500018962275 -0.5152099767725817 0.6607474841852669 -0.39824676851081414 0.3733241933595124
1.56693675 1.079133971046451 0.3116866402212322 1.2871109830464018 -0.5139664556076335 0.6607105596574452 -0.39915904947395764 0.3741284433056627
1.571939 1.0774278697266304 0.31054304815926376 1.2861078770549432 -0.5164923482225836 0.6620998213084145 -0.3967959124486795 0.3706918999855633
1.5769405 1.0767992330611986 0.30930873757664046 1.285520177462923 -0.5160964753313035 0.6625563709811223 -0.39711356734664155 0.37008687905970783
1.58194075 1.0761252315232481 0.30807624456640326 1.2851107439564833 -0.5156671353469549 0.6630109198683695 -0.3973151938296265 0.3696546528998255
1.58693975 1.0764883578830737 0.3067805096592043 1.2853822171882225 -0.5127655242423876 0.6630505561981695 -0.3995656303607082 0.3711910345202013
1.59193825 1.07586181146785 0.305488969830161 1.285005168650486 -0.5122494251809088 0.6633636308152016 -0.3999742579828471 0.3709040477867184
1.59693925 1.0743425550728989 0.3034469759655102 1.2839151768683417 -0.5134412391240833 0.6638094441892541 -0.40030547960809926 0.36809053066821623
1.60193975 1.0736718139533665 0.3027765144355089 1.283735103850247 -0.5130949138592725 0.6648520294860604 -0.3990979391909424 0.36800302063102036
1.60694025 1.0740529192518655 0.3014707469862267 1.2840348279967533 -0.5096478610448505 0.6641442816074323 -0.40188190041126837 0.371028798157749
1.6119395 1.0732258046667 0.3002491529452628 1.283673247277139 -0.5103626863914315 0.6651260666341469 -0.401326858967391 0.3688820896905642
1.616939 1.071793506000749 0.29902100983207613 1.2828176885076557 -0.5115356392342116 0.6660894092096182 -0.4001315510793038 0.36681184626849034
1.62193825 1.0726902568861776 0.29685719765100316 1.2827825314994503 -0.5079809097809782 0.6647320962221518 -0.4047598032810662 0.36912888968227114
1.6269385 1.0706806713636667 0.2958646206967102 1.2816396935744032 -0.5093456667899535 0.666264041018093 -0.4027849897301968 0.36663806596776594
1.6319365 1.0692695511620616 0.2943137402038143 1.2815784665696974 -0.5106315182212599 0.6673326707099249 -0.40125943794697655 0.3645729318815191
1.63693625 1.069156180722566 0.2934893759376869 1.2812022051189875 -0.5087815076888385 0.6678534095781169 -0.4018373103619321 0.36556801932040595
1.64193725 1.0685760091071952 0.29196881020916926 1.280990228222661 -0.5076808161777154 0.6683024326872058 -0.40266276202121726 0.36536933017282075
1.64693625 1.0684592998123703 0.2903495490359453 1.280745525621309 -0.5056305224304123 0.6685983479896281 -0.40506932603870355 0.36501077375173313
1.6519345 1.0674000936235646 0.28899638225290086 1.2804810707654568 -0.5048791726211774 0.66897499815102 -0.4047081425378716 0.36576056685452574
1.6569355 1.0669475746249706 0.28809159303762083 1.2801472773928 -0.5050281501921027 0.6695847625763329 -0.40421377422559385 0.3649849832053909
1.66193475 1.0661841332447703 0.28671004343105294 1.279936873440852 -0.5046479254043578 0.6705124217813037 -0.40377720006308354 0.36429045599804755
1.6669365 1.065569363945276 0.28547637140093485 1.279740193573207 -0.5031133944487808 0.6715851023252358 -0.4044004584837406 0.36374528428444053
1.67193925 1.0649205091807086 0.2840729184965667 1.2797416513894069 -0.5031580182360219 0.6716620875030451 -0.40493542832177215 0.3629453785154369
1.676941 1.0652514237179034 0.28215372663259036 1.2803166525812695 -0.5002795517742842 0.6714278589510847 -0.4086409656029824 0.36320457256475414
1.68194 1.064730450513034 0.280940876416629 1.2800124734699654 -0.49883118917313896 0.6723973206837024 -0.40835551482421845 0.36372388065418243
1.686941 1.062577952544356 0.27905474927991686 1.279158963894867 -0.5026283370407763 0.6731634685774267 -0.40577587931093845 0.35994671153639746
1.69194075 1.0627253980099132 0.2782788456151045 1.2790220499685847 -0.5001967580216816 0.6736378269364526 -0.4069101571110059 0.36116395919973765
1.69693925 1.0620893169022767 0.27677059644951896 1.2788725458941328 -0.49939189250425325 0.6741252457005577 -0.4075295503552224 0.3606695945009135
1.70194125 1.0608453947232785 0.27449117255363253 1.2788966266335224 -0.5006806382557051 0.6741534312545714 -0.4084656328091884 0.3577595231679193
1.70693975 1.0609672587930887 0.27340826937187795 1.2786895240728724 -0.4989163496492314 0.6741751310751274 -0.41000766151943435 0.35841886974305015
1.71194 1.060325879620045 0.2722371397691448 1.2784393453250165 -0.4971362292503981 0.6757562397375855 -0.40919865613572637 0.3588391475844437
1.71693825 1.0596594058325264 0.270459687214999 1.2787458994431675 -0.49751492669975017 0.6757511552873064 -0.4104994126706332 0.35683260226032903
1.721941 1.0585337296465085 0.2684848460091826 1.278572427247887 -0.49777718285159706 0.6767413931387045 -0.4098333511820415 0.3553527645930319
1.72694225 1.0586018458984772 0.26772197459682806 1.2785151699985604 -0.4952562956561335 0.6774413742717508 -0.4106542991124453 0.35659140855919735
1.7319445 1.0578989563026975 0.26582210490265024 1.2785034361507532 -0.49566859134954927 0.6774145934016396 -0.4118991436007799 0.35462827255732016
1.73694525 1.056822908126821 0.26387257137532727 1.2784383173393283 -0.4958909385512886 0.6782753717883663 -0.411110787049452 0.3535853756303501
1.741947 1.057254484335798 0.26287629761348724 1.2782656476290162 -0.4930279521699432 0.678332118308863 -0.4131026722334266 0.3551551180024369
1.7469495 1.0559425189389424 0.26079473520339397 1.27844819346843 -0.4946069211375129 0.6788404163314743 -0.4129803809342079 0.3521177184993925
1.7519505 1.055492469426618 0.2593105041761148 1.2786042301047171 -0.4935471011291452 0.6795031710831957 -0.413488144225308 0.35173037122206163
1.7569515 1.0546874625588134 0.25704947067467665 1.2787029484627814 -0.4925766274629342 0.6803902301249792 -0.4145943181526611 0.35006992470540726
1.76195325 1.0559722140746353 0.25659035738945174 1.2791653964495318 -0.4882126567117927 0.6798927030728212 -0.41684863467169436 0.35444538353192034
1.76695375 1.0537045972869634 0.2541817701135588 1.2785783860607658 -0.49223086242266284 0.6801436430239283 -0.4158405336966226 0.3495569388063823
1.7719525 1.0550368512172261 0.2532411456945985 1.2794562027693286 -0.4874501321067022 0.6800583798430115 -0.41905273611595234 0.3525730747918662
1.7769525 1.053608859877399 0.2511167868163178 1.2792293260028376 -0.48862313064535 0.6811447146113759 -0.41778408822182866 0.3503509234809858
1.781951 1.052274225765319 0.2494872662423836 1.2790630780088519 -0.49054165076026085 0.6818060765081292 -0.4167103606082814 0.3476518923689406
1.7869505 1.05286292498295 0.2479003822562579 1.27970932151508 -0.48743395804052586 0.6817677197926757 -0.4193858513853303 0.3488788048240308
1.79195125 1.0531957901964564 0.24709130814739708 1.2800894398648581 -0.4848617549996657 0.6828242576804815 -0.4199188635626734 0.3497545706434393
1.79695 1.051948538407394 0.2459458462764943 1.2795077924772733 -0.4852500495836099 0.6845805701621904 -0.4176069916759588 0.3485487524563382
1.8019505 1.0516390915432738 0.243553936924701 1.2799369751015557 -0.48448854051329265 0.6844377084838464 -0.4195545577544506 0.3475483425138841
1.8069505 1.0519850547410743 0.2422607084315555 1.2804024645789223 -0.48286099227069207 0.6839472275764875 -0.4216075047396627 0.34829378975369946
1.811949 1.050801265720796 0.23989422386044384 1.2803205985294144 -0.4825676796225875 0.6855415175338402 -0.42139179198148735 0.34581818918573703
1.8169465 1.0501206807638317 0.2385227423307869 1.2805252538763716 -0.4828219109421321 0.6855255300205654 -0.42185760634433317 0.3449259485362623
1.82194825 1.0503877278904132 0.23712893966004528 1.2806883822905282 -0.4807274961589742 0.6861513100842179 -0.42304184285918395 0.3451565634559778
1.82694925 1.050347303442041 0.23541872524933427 1.281251757598399 -0.47923436569142325 0.6865408127823902 -0.4245129039492028 0.34465189612861413
1.8319485 1.0493068062614281 0.23442098916200776 1.2813663392851604 -0.47959329942860907 0.6875042398264325 -0.4228946111587419 0.3442213462537678
1.8369485 1.0497286985756187 0.23291510378118074 1.281909391925784 -0.478230082616205 0.6869874266621986 -0.42510877039761574 0.3444224107400321
1.84194675 1.0492317823059993 0.23156711440321007 1.282393498992649 -0.47816441430139517 0.6877342546923063 -0.4242630897921168 0.3440657182264282
1.8469475 1.0474053285844407 0.22956884912928616 1.282037577196116 -0.48142897546626157 0.6886135834577592 -0.42197552853861886 0.340549743170543
1.851949 1.0478926069325625 0.2279016733367613 1.283128538196667 -0.4785529874735239 0.6887784290280154 -0.4241648644774952 0.3415486519204146
1.856948 1.0473378333288426 0.226644558120757 1.2829160790229222 -0.4773581053103086 0.6900223578251112 -0.4241594623253728 0.3407156226472115
1.86194975 1.0479970994115722 0.22570656019831958 1.283769942799491 -0.47478370701754374 0.6900854681805573 -0.4251737326085367 0.342913655686712
1.86695 1.0476395694109921 0.22390968513400752 1.284183571722858 -0.47475103994018747 0.6901350799057989 -0.4260223128787235 0.34180405276794185
1.8719505 1.0463523307196754 0.22238314120343505 1.2838446131501298 -0.47642778348106773 0.6911399491503599 -0.424591656493913 0.3392109418216188
1.87695125 1.0470614352256145 0.22095102463835248 1.2850056025921988 -0.47307783552214655 0.6911736164794315 -0.42692195764006186 0.34090179745082266
1.8819505 1.046245349455808 0.21942601791350577 1.28500076009806 -0.4727535441251767 0.6924431189580658 -0.4260119281932523 0.33991241601591704
1.88695075 1.0465595352659736 0.2179671004102373 1.2859563166503714 -0.4721943244708884 0.6916851831801272 -0.4277737780385513 0.3400201790029226
1.89195025 1.0462788146204842 0.21647877650672975 1.2863895726276444 -0.47160045492326286 0.6921333992050641 -0.42813641247037815 0.3394754496837867
1.89695225 1.0454815158386157 0.21466878899397993 1.2866500183174783 -0.4720259065748021 0.6929712417419647 -0.4270842978214167 0.338498750655336
1.9019545 1.0458254735881722 0.21340843784341915 1.2873649349941678 -0.4699247546657937 0.6923670689460505 -0.4295970088023019 0.33947750561629775
1.90695375 1.0449354868517813 0.2115737091443481 1.2876639343930427 -0.4714716918374614 0.6928599893508883 -0.42890330551401384 0.3371964315821881
1.911955 1.0448000658352046 0.21026706672053777 1.2880915330498421 -0.46979517410438776 0.6938973776392187 -0.42859228575425423 0.33779812948799354
1.91695525 1.0452154507354323 0.20912880908672613 1.288897425169728 -0.46780217764004556 0.6935830254734461 -0.43077264152064565 0.33843557834196086
1.921957 1.0449911152427316 0.20782696875679454 1.2894035038263907 -0.46774644800183224 0.6936935598133869 -0.43111819112912436 0.33784554271538375
1.9269575 1.0448199445871693 0.20638632378148777 1.2899308190373204 -0.46710121037899316 0.6940884533712639 -0.431428511407267 0.3375309137013614
1.93195875 1.044028582007477 0.20452974193483323 1.2904143029271773 -0.4679353692976362 0.6947097075139147 -0.43104767112883774 0.3355783331215249
1.93695975 1.042945777266135 0.2034638762754137 1.2904059268775023 -0.4702131666285944 0.6958355426801464 -0.4288203752875413 0.3329047329347968
1.94195875 1.0441832151711787 0.2022145975093524 1.2915788529222456 -0.46549205036119595 0.6951434296395336 -0.43265174994647243 0.3360137297012904
1.946959 1.0441531111421523 0.20082179610033196 1.292100825286303 -0.4642909689502581 0.6953112248088559 -0.43317016096356503 0.33665978146615383
1.95196 1.0430294325423242 0.19936450812959697 1.2922274537084766 -0.4650406916821314 0.6967369820327278 -0.43181904244178854 0.33440551360943166
1.95696 1.0426626706742694 0.1977551799524216 1.2928657834310437 -0.46534012922481577 0.6967222032698324 -0.43208019970630546 0.333681639629185
1.961962 1.0430184421765523 0.19656425169568598 1.2937757836965245 -0.46497878624107086 0.6962430280517107 -0.43325031372356415 0.3336683081948281
1.9669615 1.0428289400457 0.19534054762376313 1.294260317561714 -0.46506640909120783 0.6965140548847762 -0.433303770143474 0.33291027208908336
1.97196325 1.0427442552225377 0.19419285345409187 1.2950408399404938 -0.4648075298114169 0.6973942182688976 -0.4326910667308894 0.3322253833273536
1.976964 1.0432118530395509 0.19330048830724794 1.2957806148308697 -0.46298457400506304 0.6975332505449525 -0.43372835902359774 0.33312514044460817
1.9819655 1.0429960482754397 0.19221964958244553 1.2965413913899315 -0.4628671057579459 0.6979107120025392 -0.4336945269387507 0.3325413324426673
1.98696675 1.042843380496088 0.19107059431252338 1.2971503549863115 -0.4619657985908505 0.6983453023108666 -0.43414555988887993 0.3322936540192019
1.991969 1.0427917396727173 0.1897990044336726 1.2978331200130713 -0.4611913563697517 0.6984570318581436 -0.43475739645832134 0.332334641111219
1.99697025 1.0426887984041733 0.188633871922832 1.298520819047665 -0.4609606917551755 0.6986616797169589 -0.4349290953046871 0.3319996686882589
2.0019705 1.0426396561630755 0.18745846580139552 1.2993353573501016 -0.4610656720049749 0.6985555954143116 -0.4350012494990984 0.33198258862202484
2.00697025 1.0425631293483322 0.1864062210891917 1.299924804082659 -0.46021676813160906 0.6987897885352881 -0.4355340909866562 0.33196899457288387
2.011969 1.0425157043846007 0.1853333241129731 1.3006664761912097 -0.46004489801642073 0.6988841519940286 -0.43576037434505727 0.3317115163079269
2.01696925 1.0424537291168154 0.18411906718391913 1.301425742623372 -0.4600760828992841 0.6989258896670202 -0.4359611290393142 0.3313163030458686
2.02197225 1.0424576383825732 0.18315200236417323 1.3021311510598275 -0.4596183399858354 0.6990635370026538 -0.4363764658412163 0.3311143803007266
2.02697325 1.0423255584969928 0.1819213797170184 1.3030539555305163 -0.45995315635319334 0.699155213158658 -0.4362548687534559 0.33061574578763053
2.03197375 1.0422691331867686 0.18089914646730504 1.303823617877833 -0.4600786234217457 0.6991135389214249 -0.4364887142977743 0.3302204146593434
2.0369745 1.0423966551139354 0.18003668651215463 1.3044586589876541 -0.45907086754048426 0.6992287396238864 -0.4372066793396529 0.3304291570070844
2.0419735 1.0424247629784507 0.17899001628351846 1.3052720971477416 -0.4589763000525445 0.6992026975508401 -0.4374214075006643 0.33033143354492134
2.0469755 1.043054654249107 0.17752661720389418 1.3060261287362687 -0.4589583379485263 0.6981841318520009 -0.43840121195679016 0.3312107175385659
2.0519765 1.04265831556884 0.17728555413706512 1.306735879289029 -0.45776919732641996 0.699260819196947 -0.43802079882816153 0.33108827902702764
2.0569755 1.0415381232949585 0.17617580792357018 1.3070507960906474 -0.45942372691684075 0.7001643665704188 -0.4366141792523131 0.3287366079503669
2.06197725 1.0417416645180129 0.17526449459543883 1.3076112287865178 -0.4580180968126287 0.7003262263107891 -0.43678754435892675 0.3301200400253299
2.0669775 1.0415964440664216 0.17447425246014062 1.3086891045059785 -0.45882111134439757 0.7002404090222155 -0.4372180309495186 0.3286136801317285
2.07197925 1.0416270871372428 0.17352162132070545 1.3094592658669153 -0.45906207384248604 0.6999758138483102 -0.43764316250216384 0.32827478535814536
2.07698 1.041948137994293 0.17276603351879755 1.3104051214108403 -0.45880813271634013 0.6996451516162778 -0.43808708155609327 0.32874225184305955
2.08198 1.0426255911402649 0.17210974980008711 1.3115606925945555 -0.4572470159367781 0.6993852535597516 -0.4392071278912673 0.32997353277130864
2.0869785 1.0427297193307792 0.17135494081156477 1.3124356748393557 -0.4574637523813862 0.6990347850638915 -0.4395257468875596 0.3299915186042724
2.09198 1.042847060161486 0.17068785697422909 1.3132734191084812 -0.4573023385875499 0.6990100983954307 -0.4396694835951763 0.3300760498108266
2.09698075 1.042991629631678 0.17008763204180974 1.314023295452375 -0.45676556832713483 0.6992168233186079 -0.43946196591443887 0.33065726983334376
2.10198325 1.0430711044836058 0.16920651138141007 1.3148663472048674 -0.45721892315446977 0.6987427252417725 -0.4403570306846482 0.3298410916756243
2.10698175 1.043243529701748 0.16850898621171057 1.3157352510446891 -0.4570697296561952 0.6985538554462817 -0.4407890383002951 0.32987087926558323
2.11198275 1.043442326843324 0.1679543908360539 1.3166645955141896 -0.45650202703902 0.6987158637361384 -0.44070787369096037 0.3304218684341587
2.1169815 1.0436556908726837 0.16733823859531002 1.3175837033051565 -0.45668758578729846 0.6982808624113079 -0.44123960219862524 0.3303753919853717
2.12198075 1.04378731067368 0.16675073404719526 1.3184354256532467 -0.4568611267314574 0.6981060812652248 -0.44137605306262245 0.33032255442981134
2.12698175 1.0439217519740467 0.16613064258318924 1.3192298316278193 -0.4569922988788313 0.6979252877163904 -0.4416339017052989 0.3301784796076039
2.131981 1.0442291378462625 0.16563598052283465 1.320212270865682 -0.45654780641252274 0.697887865657101 -0.44187673921414355 0.33054738657258403
2.136984 1.044440909908166 0.16516314468449506 1.3210644793607609 -0.4563818007891156 0.6978039227626994 -0.4420464738390313 0.3307268544463105
2.141986 1.0445933517428319 0.16459346327895416 1.3219758206268803 -0.45658296992154596 0.697533578406058 -0.4424037390112566 0.3305417224534902
2.14698675 1.0448113582605554 0.16409210463083823 1.3229255928166435 -0.4565550468575588 0.6973357345847983 -0.44270484806121785 0.330594585501738
2.1519885 1.0450836934584442 0.16363810703830578 1.3238269123436066 -0.4563969615716764 0.6971903397686027 -0.4430348625668682 0.3306774170575278
2.15699125 1.0454403202332274 0.1630837842602233 1.3247186229438002 -0.45595696335265756 0.6969866703600208 -0.44373858281042017 0.33077016043784097
2.161991 1.045681211027156 0.1627365858601596 1.3256197342090008 -0.4566014945387684 0.6966710254072497 -0.4436300594256012 0.3306915903330651
2.16699175 1.0459823671438175 0.16252459487023702 1.3264656153319165 -0.45652006553454305 0.6966365045886268 -0.4436024592888782 0.3309136871628852
2.171992 1.0462722408939535 0.16209162285905748 1.327411895036388 -0.4565444961817303 0.6963064445131949 -0.4441286412328443 0.3308688688472074
2.17699275 1.0465966468222436 0.16174032511174047 1.3283362743246308 -0.4566287118041344 0.6961103864920368 -0.44439490609058657 0.3308076734520264
2.18199575 1.0469496544033776 0.16149298383242147 1.3292249796232596 -0.4567489474501268 0.695963120687251 -0.44453247634765225 0.33076670194970964
2.1869975 1.0473350572734395 0.16120435252989435 1.330081865127062 -0.45643621364172765 0.6959115710742163 -0.44476609807840767 0.33099272820037506
2.1919975 1.0477906846194063 0.16094033697213883 1.3310849888010912 -0.4569199059191097 0.6953585238540199 -0.4451903287877631 0.3309173522683177
2.19699575 1.0481432820955763 0.1606481062836235 1.332005510765406 -0.456735383397953 0.6952725013386485 -0.4455471111009529 0.3308726495560175
2.2019935 1.0485828203592147 0.1603863520141516 1.3329123244800851 -0.45616040724968926 0.6952682811969819 -0.4460510545517277 0.3309957050363099
2.206995 1.0490677331320855 0.16033869571429807 1.333831619458184 -0.45662966994473825 0.6948821306476786 -0.44605914829030546 0.3311486150646403
2.21199625 1.049504667882873 0.16017940537825087 1.3347552005385774 -0.45722714970458134 0.6945918401565297 -0.4463143820885197 0.33058884055868115
2.2169945 1.0498494064395787 0.1599169827079814 1.3355440355434347 -0.45712097463921475 0.6944341719792139 -0.4466670902322679 0.33059054105626945
2.221996 1.050391975994191 0.15986230908999227 1.336563157989947 -0.4571904984794579 0.6941725918611725 -0.4468594250946578 0.33078378892097904
2.226995 1.0508847419578748 0.15978286785628174 1.3375120593110505 -0.4573218645880122 0.6939618579734939 -0.44704267748613513 0.33079675989003826
2.231996 1.051393019657088 0.1597546896920426 1.3384383861953861 -0.4574704465709477 0.6937710431848494 -0.44722582687788925 0.330743994542262
2.2369965 1.0518422450188152 0.15964490970830816 1.339269023083886 -0.45769598989492655 0.6934610362510337 -0.44763918646657 0.330522814303783
2.24199625 1.0523688012799013 0.15961471166740024 1.340188977353618 -0.45772134305216633 0.6932249648722532 -0.44799846375032665 0.33049613714797316
2.24699775 1.053111579376523 0.1596889575738851 1.3410640510163054 -0.4569349149937496 0.6931097641465366 -0.44818437391674587 0.33157217205495654
2.251996 1.053539819651992 0.15969235003295457 1.3421651854963448 -0.4574747248951653 0.6928635774986383 -0.44840179202590835 0.331047990427121
2.2569945 1.0541037182009978 0.159738226784347 1.3431228126241863 -0.45793215840413243 0.6924691283637612 -0.44863937541185317 0.33091895592807574
2.261995 1.054741199462933 0.15987242921462952 1.344050513546365 -0.4582199690593977 0.6920358688750975 -0.44889889956374435 0.33107490710706666
2.2669965 1.0553036250003798 0.1599483940909167 1.3449425784050915 -0.45819610251486337 0.6917943420913507 -0.44928161395431704 0.33109356872821927
2.27199675 1.055848176070816 0.1600838895942832 1.3458113894263695 -0.45835288896647536 0.6915979206344032 -0.4493773630010418 0.3311569582123944
2.276995 1.056436313897996 0.16022653706785672 1.3467612992788118 -0.4585487278297508 0.6913224840512501 -0.44954276956470957 0.33123644965947896
2.28199525 1.0570615448684442 0.16038289504413294 1.3476647550380518 -0.45870958627588587 0.6910548592443106 -0.44976359400199145 0.33127240525561935
2.28699425 1.0576328550571232 0.1605537625970077 1.3484827519819749 -0.4590734917366952 0.6908660135912558 -0.449865497045012 0.3310237378461696
2.291993 1.058304489110745 0.16075274979506068 1.3493617787321754 -0.45924938574574176 0.6903841383700615 -0.4503401129145292 0.3311397376928895
2.2969965 1.0591185720903709 0.16099691839062485 1.3503660409237572 -0.4590409902374366 0.6899421652656611 -0.45086214529611746 0.33163911682632896
2.3019955 1.059831822549708 0.16145138857622035 1.35117136004652 -0.4588274256777081 0.6898711504802636 -0.45062793253336475 0.3323998429628239
2.30699325 1.060339089535877 0.16160104791719984 1.352132002612353 -0.459791569870103 0.6893975307945788 -0.45075307507053947 0.3318801321639738
2.31199275 1.0609959239118847 0.1616263477294885 1.3527283603761429 -0.4602413033983418 0.68877958631762 -0.45113033021790727 0.3320271815315812
2.3169895 1.0617365339961575 0.16180022218392065 1.3535808183253069 -0.4600456686544095 0.6878872676334923 -0.45214585269555263 0.33276601038906756
2.321987 1.0623617444135258 0.16239362839800894 1.3547011537425633 -0.4607023875549724 0.6874714593377391 -0.4519613972499596 0.33296726279478506
2.326988 1.0633680462710515 0.16277186176537853 1.3556045194510442 -0.46085388393119725 0.6873699078432138 -0.45206834701957765 0.3328220501711522
2.33198725 1.06395071693427 0.1631459095533909 1.356555629265793 -0.4615474078437901 0.6871469393812168 -0.4518097456802978 0.33267255330130396
2.33698625 1.0651259667124915 0.16409697834801015 1.357279420351593 -0.46009131687501303 0.6873224162855578 -0.45153558221928025 0.33469313437460035
2.34198525 1.065168934104513 0.1637355934695632 1.3579809075412277 -0.46248013412616634 0.686696653632415 -0.4514904551908583 0.3327404398329692
2.34698475 1.0661969957907271 0.16464069669461337 1.358728338507031 -0.46196578138852373 0.6866986501690405 -0.4511125484095967 0.3339611494612926
2.351986 1.0664752867569594 0.1647979657426006 1.3596724988552864 -0.46346817097465837 0.6865000345246723 -0.45043850001026936 0.33319681090839853
2.35698525 1.067353196891512 0.16529354279461606 1.360594323429105 -0.46393980690835973 0.6858337206244146 -0.4512027502673696 0.3328784183023403
2.36198575 1.0682097578495595 0.16570425072483005 1.3613032152262465 -0.463857641418683 0.6855174415529451 -0.4514532537781072 0.33330449363511583
2.36698425 1.0689904174950597 0.16608344285651153 1.3620176401584745 -0.46448660295514277 0.6849609756531541 -0.45156830349335053 0.3334167434122167
2.3719845 1.0697900355483456 0.16666994379505967 1.3629900936462125 -0.46509113561613197 0.6847462377335587 -0.4512796528058207 0.3334059094324686
2.37698375 1.0708093291039031 0.1672308520218383 1.3639127226600143 -0.465069222141666 0.6843000237603762 -0.4515573781390737 0.33397609247708093
2.38198425 1.0721781273279687 0.16806524045514773 1.364764477288134 -0.46375083551751717 0.6841323670471691 -0.4516696196156065 0.33599497262836464
2.386985 1.0728644111868555 0.1682360764917272 1.3657400486688238 -0.46459100651515833 0.6828409039476562 -0.45279805239147214 0.3359425848440022
2.3919845 1.0734568937968543 0.16973372158415553 1.3659211247006748 -0.46488774412788614 0.6838899484641007 -0.44988421045108057 0.3373101257541237
2.39698575 1.0737904865731982 0.16962950871332372 1.3666254412505556 -0.4667355055183309 0.6840493840057734 -0.44972215759778833 0.3346406865512022
2.401987 1.0755749817189597 0.17015661476541902 1.3681734145629125 -0.4659796193627373 0.6823227153661334 -0.452058894593281 0.3360676453529048
2.40698875 1.0765541247368304 0.17102286396023184 1.368799107214702 -0.46555951376948634 0.6824908115322098 -0.451439319741267 0.3371396919740646
2.4119885 1.0764750702489216 0.17142825872508913 1.3688694401444907 -0.46765414657890514 0.6831355476100479 -0.4496722989812639 0.3352912857620679
2.4169875 1.0773509627745625 0.1718054613204276 1.3699432061412338 -0.4689770286562428 0.6820701666930236 -0.4503165140571056 0.334747474176534
2.42199225 1.0791833414258698 0.17288632806085677 1.3712014411409865 -0.4677481285871841 0.680897157762244 -0.4516685183546545 0.3370256641293003
2.42699175 1.079087123046477 0.17349658248770508 1.3710879716976931 -0.46882951638493636 0.682295759325489 -0.4493846920912107 0.33574511148609265
2.4319935 1.0810433355644171 0.1744281001995931 1.37245421445292 -0.46755425347142165 0.6806754878116789 -0.4513064915113457 0.33822529632307863
2.4369925 1.0809675514624792 0.17490971282407553 1.3724443083188769 -0.4696137437059805 0.6814736163296728 -0.44946099833720854 0.33621637815955885
2.44199275 1.0823856974916446 0.1758583683935856 1.3733200378121417 -0.46929690628651544 0.6811011530675266 -0.44958286347531806 0.3372489909685788
2.44699725 1.08311023909358 0.17637640640508837 1.3741719966221306 -0.47093595597613613 0.6804315467874841 -0.4497345166158016 0.3361117374766699
2.45199575 1.0837266697005017 0.17718126196443285 1.374748867626682 -0.47148575780189506 0.6803912838313275 -0.44918695830254524 0.33615466316449905
2.45699475 1.0856423352384437 0.17816686479337027 1.376131525501209 -0.4703670751789357 0.6788785034411594 -0.45086434053552527 0.33852642228719915
2.461996 1.0856628937499355 0.17880804883604795 1.376128551553898 -0.4720563058786641 0.6797726950924702 -0.4491353503297756 0.33667397311205755
2.46699675 1.0868456496526384 0.17968440244860023 1.3768130280446675 -0.47198827995569864 0.6795405900451404 -0.44909991918715786 0.33728461668396886
2.47199575 1.087446799411948 0.18059549880516204 1.3774107656382322 -0.4734695293938181 0.6791260000249086 -0.44842995620018167 0.3369347937035703
2.47699575 1.0884639956996502 0.18156521364484252 1.377900410252396 -0.47275791595853867 0.6791482733935627 -0.44817597672140275 0.3382245844626004
2.48199625 1.09039948367775 0.18277156935519373 1.3792368860717965 -0.4718589709272348 0.6774264641776944 -0.4496429379311151 0.34097466996226156
2.486995 1.090364284543094 0.1833719297259885 1.3791735133667669 -0.4735554060844957 0.6783618576756846 -0.4479938660283741 0.3389276669436914
2.4919965 1.091314150447544 0.184324557324646 1.3797936079171944 -0.4737634317276237 0.6780420109131314 -0.44797146313877934 0.33930636658902147
2.49699575 1.0931454262860953 0.1855197493059007 1.3810228686911694 -0.4729862026158168 0.6765801209073079 -0.44915554920488887 0.3417348164097077
2.501998 1.0944615252220435 0.1871022582806867 1.3816459760813402 -0.4729555820523626 0.6763265800510095 -0.44830968843591834 0.343385785635495
2.50699625 1.0951559756500104 0.1874625910248499 1.3822108303338907 -0.4738870710007783 0.6754748318121861 -0.44902932092055065 0.34283737322560265
2.5119985 1.0954924033150981 0.18899246543585013 1.382167533496997 -0.47586979013829916 0.676417334701555 -0.44611980350907826 0.3420301932081393
2.51699775 1.0971376533364599 0.18962799944239606 1.3833829920642478 -0.47493045176478565 0.6749241215695101 -0.4483466586034154 0.3433711837491237
2.52199925 1.097851235369695 0.19032338253483289 1.3839542814320545 -0.4761397252978881 0.6743385421907921 -0.44873552191454225 0.3423374415417228
2.527 1.0989036310936784 0.19157241237110978 1.384384738787773 -0.47556689049190437 0.6744750494657045 -0.44817636010040196 0.34359495130640577
2.53200075 1.0998826487971842 0.19257396596476334 1.385083631401695 -0.47701833416753914 0.6734560080279692 -0.4484830125586256 0.34318144117273824
2.53700225 1.100946647035621 0.1935937319779162 1.385643200066542 -0.4765330512069424 0.6724378973559418 -0.4492444761206406 0.3448520349106452
2.54200375 1.101777347221466 0.19478116364172665 1.3860715732469153 -0.4778728596934778 0.6725209772397621 -0.4483913638879144 0.34394512633789304
2.54700275 1.1017383311172708 0.19563472160935075 1.3858807334556116 -0.47974404365468554 0.6731219980662778 -0.44690640636660295 0.3420922276895541
2.5520045 1.1036457488661509 0.19697517326257782 1.3868880808225 -0.4789674225339005 0.6714843253303039 -0.44838307018718637 0.34445846100284944
2.557005 1.1036643438627773 0.19821695921413995 1.3866521011374666 -0.4815053620598291 0.672036041180552 -0.44622679930684467 0.3426394449598193
2.5620085 1.1056010176873892 0.19936867877242925 1.3878698041958253 -0.4794965521902553 0.6709716602027622 -0.4479730718205217 0.34525384076950144
2.56700925 1.1065635003874439 0.20055369471661988 1.3882854623013725 -0.4798971272035261 0.6706313944268905 -0.4478013636044854 0.34558098741801513
2.57201075 1.1074752070743958 0.20172749669359144 1.3886706231978612 -0.4805200692466364 0.6701435093743582 -0.4476415460547841 0.34586874120149935
2.5770125 1.107659885308675 0.2029464826806133 1.3883178749815908 -0.48188372276383795 0.6711136694870278 -0.44558862024133367 0.34473946956266205
2.582015 1.1084596962812314 0.20381563487181703 1.3887053268426772 -0.4827064970205262 0.6702106379078999 -0.44631745259493055 0.34440219232523844
2.58701675 1.110328426043349 0.2056169801411965 1.3895996091238532 -0.4815928442393159 0.6691351189851203 -0.4465847372627037 0.34769037571128847
2.59202075 1.1113418716508912 0.20689773400529313 1.389961646717985 -0.4817701279500666 0.6687137417214278 -0.44665433931261456 0.34816573154334995
2.5970205 1.112290676453833 0.20797510872055994 1.390059295692242 -0.4822515082149226 0.6680655645909113 -0.4467006925094318 0.3486837758540733
2.602021 1.113366614349779 0.20938044962828958 1.3905690553342547 -0.48231845595650724 0.6676885657803598 -0.44688556033913435 0.34907618384856165
2.607022 1.113340013305511 0.21074890865157678 1.3902002147389951 -0.4848182665697909 0.6681447087901762 -0.44473765831564827 0.3474799444455286
2.61202 1.1142769878135164 0.2121490167661636 1.3905138233959555 -0.4853811102774755 0.6676850463462669 -0.4445249127340879 0.3478497644531904
2.617018 1.116451866992395 0.21386619458819509 1.3914649342415437 -0.48354496540298136 0.6662729352411614 -0.4458217196536122 0.3514365326536965
2.62201675 1.1174354929965273 0.21515831387950662 1.3917066128852653 -0.48402668112660974 0.6656910552888791 -0.4458659917223733 0.35181970992450423
2.627017 1.118013941865993 0.2159622524359397 1.3919303019315967 -0.48553326122007073 0.6650875899243361 -0.44603484131906945 0.35066917501701417
2.63201975 1.118776708243612 0.21731913883231155 1.39213287803265 -0.4860942226917407 0.6649333164996799 -0.4456435028634658 0.35068213474602494
2.63701975 1.1195735417634836 0.21861511308676593 1.3923284268852483 -0.4867823432077339 0.6646063175564164 -0.4453476095235017 0.35072339485268234
2.64202025 1.1198360103255687 0.21983699052532052 1.3921406161835856 -0.48814981112786415 0.6646339508869026 -0.44439942075140776 0.34997232470598344
2.647018 1.1207889877401622 0.22120603546197976 1.392299645443408 -0.4885470390945408 0.664007637747122 -0.44438984985895563 0.3506184663530699
2.65201675 1.1224141891421615 0.2227766208155311 1.3928611128863975 -0.4880630235059381 0.6628054915509736 -0.44502666047622047 0.35275294034422616
2.65701575 1.1231149107545204 0.22416181911662933 1.3929638384801644 -0.4888030106592711 0.6622730406826605 -0.4449239333786701 0.35285794572636225
2.66201475 1.1240414206996578 0.22559273137328126 1.393175155281255 -0.4889017381148911 0.6618968632794342 -0.4448508596772248 0.3535185221364203
2.66701175 1.124846594523641 0.2269866678305145 1.3932248598782837 -0.48974071447764667 0.6611349757698095 -0.4447706000935091 0.3538837234025283
2.67201 1.1257463069854938 0.2284059813082008 1.393346582351182 -0.49004026631500225 0.6605926224289166 -0.44475120777402505 0.3545056949697063
2.67701075 1.1265267380512727 0.22990518417830783 1.3934125156483663 -0.49065745475005046 0.6605090548097637 -0.444037759918894 0.3547020134968581
2.68201275 1.1263742009417337 0.2310397505021781 1.3928287263505628 -0.492666988861767 0.661220242035192 -0.4422422217255748 0.3528297704729992
2.6870115 1.1281688111995625 0.23278447177792566 1.3934567146473524 -0.49171195070749135 0.6595020696132484 -0.44376706391302106 0.35545347191058974
2.692012 1.129003865151137 0.23425971028024184 1.3935613671853762 -0.49195633736639244 0.6592574012762779 -0.44345874133651925 0.3559536286087317
2.6970105 1.129849941864943 0.2358396389697161 1.393565823807939 -0.49235260154524635 0.6591641793213954 -0.442937926994963 0.35622674419614253
2.70201 1.1305094887051281 0.23724625749036563 1.3935585800541364 -0.4932263953415561 0.6585988281657967 -0.4423981869083374 0.3567340055240461
2.70700825 1.1313837495959937 0.23878363768169908 1.3935722016498922 -0.4935403643892429 0.6580934664509537 -0.4423160228805926 0.3573337851871778
2.71200775 1.1322913031585737 0.2401585168017906 1.3935406414684501 -0.4936441426021211 0.6573036592956639 -0.4426563782108873 0.3582215666041987
2.717009 1.1330200752083281 0.24173926022056827 1.393513728006027 -0.4942485303477322 0.6569970830478573 -0.4420568312467943 0.3586906481409252
2.722009 1.1327983400996466 0.243232469584445 1.392804703357783 -0.49667020040326315 0.6572907855234574 -0.44008367431438206 0.3572308705855241
2.7270095 1.1336074276842254 0.24461174312804967 1.3927133097483804 -0.49711158796410554 0.6563334351292074 -0.4405152480892502 0.3578446691571163
2.7320105 1.1343045402854857 0.2460621294232935 1.3926471000731946 -0.49776208907702435 0.6558613397068424 -0.4402004382959797 0.35819321584816455
2.73701175 1.1358777799023552 0.24772660678441016 1.393223561225847 -0.4962573283998431 0.6551452787122454 -0.4410145095874834 0.36058220993806145
2.7420115 1.1366608617466765 0.24906449132201358 1.3930746633156748 -0.49679179707562876 0.6543506585217507 -0.44131798746977147 0.3609176637214496
2.74701125 1.137396552637323 0.2506638372948412 1.3930132387489615 -0.49726374380162763 0.6541240297595828 -0.4405319187497042 0.36163814974941094
2.75201 1.1380143974573456 0.2521001464590554 1.3928497878208024 -0.4979025873239016 0.6536698214192913 -0.44014153723335203 0.36205552792865636
2.75700975 1.1377449164271376 0.25363831002229653 1.3920450696663513 -0.5003029525946578 0.6539924947461441 -0.4380944338429328 0.3606439233879072
2.7620115 1.1393461332809072 0.2549099290682171 1.3924282333163258 -0.4987436547430594 0.6525506261888089 -0.4402970893377994 0.3627270602461188
2.76701225 1.14023708384997 0.25631996840211724 1.3918350891935485 -0.4973886112447556 0.6515162613301901 -0.4413277897382918 0.36518613422617635
2.772013 1.139866438027718 0.25764169586028407 1.3913886261345634 -0.4997229862620228 0.6523802630562534 -0.43900231201913714 0.3632545931132491
2.777012 1.140640506916849 0.2594064910722223 1.3914521710672043 -0.5011472805190914 0.6519058060608874 -0.4376674691402005 0.3637546009452464
2.78201425 1.141021799372842 0.2611536014570897 1.3909572335667773 -0.5019393990774006 0.6520318304508209 -0.43648987924033344 0.3638515041243185
2.78701375 1.1416294791966553 0.2624181700432642 1.390730950778484 -0.5019076531733185 0.6516778296461245 -0.43677237238910155 0.3641903468673549
2.792012 1.1422441423393586 0.2641247746118356 1.3903924480125054 -0.5028651757264867 0.6509833366554307 -0.4361868880655764 0.36481270416228684
2.79701225 1.143391054846089 0.2651312944328168 1.3898514875686916 -0.5012742918765367 0.6498507666844546 -0.43908692612981964 0.36554170301782174
2.80201425 1.144050007564337 0.266280885856297 1.3899041566803128 -0.5025294072277736 0.6494006689892337 -0.43770441911717156 0.366275589512784
2.80701275 1.1447503647282318 0.26784959301485234 1.389691488483344 -0.5028605164929376 0.6488489260442099 -0.437475740040326 0.36707131323477254
2.81201275 1.144817491715771 0.27001136906481127 1.3890163845457673 -0.5033239895230818 0.6491987986400822 -0.4356985749822636 0.3679302014965166
2.81701175 1.1468586516065178 0.27106377301313456 1.389418554304592 -0.5027829258725983 0.6468730892210164 -0.4376799857422439 0.3704062175143899
2.822012 1.1457097583940068 0.27271856604448763 1.3883430777819012 -0.5050116422943243 0.648332513474814 -0.4356359545093995 0.36721861098983566
2.8270095 1.1471041442203798 0.2742082659355139 1.3885705405310478 -0.503544649730533 0.6473652233169053 -0.43706985318695557 0.3692302761187675
2.83201025 1.1469203346002246 0.27569327408574695 1.3877592442924565 -0.5056930594263633 0.6473321227132373 -0.4359168336852825 0.3677120703232035
2.83701025 1.1476612502718502 0.27697731873532166 1.387223690381848 -0.5047929470346073 0.6473121945083327 -0.4361689750358689 0.36868364308860035
2.8420115 1.1477603367551081 0.27859715987220873 1.387025243099501 -0.5070770613350495 0.647001073726557 -0.43433967870422574 0.3682546781340363
2.84701275 1.148424908155862 0.2798761152654629 1.386499752661631 -0.5068173947689638 0.6464990728913368 -0.4349888358279642 0.3687272566752758
2.85201275 1.1488495466199418 0.2813817497493616 1.3860917487522646 -0.5071774706533125 0.6465098260684438 -0.4342425095643152 0.3690928080387704
2.85701275 1.1494059988041483 0.2827038681323707 1.3857293366932213 -0.5076461491503971 0.6460637107764986 -0.43395786967741745 0.3695641165149985
2.8620145 1.150645235079005 0.28412588367527347 1.3856256760921568 -0.5060114610636309 0.6451034513841419 -0.43524451038556056 0.37196257132102856
2.8670125 1.1508178048948312 0.2850478701336781 1.3846637264999953 -0.507675337482044 0.6438925890977218 -0.43486144993752734 0.3722413259912935
2.87201175 1.1508467740731712 0.28694342549984836 1.3842707723375414 -0.5082276472472604 0.6449419171182184 -0.43369297328206047 0.3710323261430969
2.87701025 1.1523462027213365 0.28765146766320226 1.3844552668804775 -0.5045658065567694 0.6437333743862775 -0.436979355084752 0.3742589114298917
2.88200825 1.1521443277417025 0.2890794339188561 1.3831565097805834 -0.5085528010785068 0.6428695422920989 -0.4344320359334043 0.3733116744264898
2.88700925 1.15159868308881 0.29075211218117014 1.3827951204319588 -0.5097034111763712 0.6438783833655479 -0.43240891999252995 0.37235142806310484
2.8920085 1.1536176085372127 0.2925187088383282 1.3831084763270922 -0.5063878700946793 0.6430133794699494 -0.4348835079718778 0.37547497032116856
2.8970075 1.152940469076438 0.29356200430736373 1.3817015784052495 -0.5090708199842063 0.6426980613879829 -0.43351550820055945 0.37396578222926635
2.9020065 1.1532561530122054 0.2949797142801161 1.3812599467736604 -0.5095929672105702 0.6425550951742984 -0.4325083201394752 0.37466586506539973
2.9070055 1.1536972511856247 0.2962354409000027 1.3808267390944566 -0.5097410227577055 0.6420871709773817 -0.43255524536942563 0.3752120924058645
2.9120055 1.1539303969071226 0.2975949815183972 1.3801000743338294 -0.5107468892388296 0.6418463273624403 -0.4318168871789667 0.3751067623107762
2.91700625 1.1552312209283038 0.2985970540720628 1.3801202574835603 -0.5080205886709033 0.6413884194684889 -0.4337127857551789 0.3773979283603249
2.922007 1.1555363605326705 0.2998322903432745 1.3795779467208278 -0.5083945212247029 0.6411430420693245 -0.433334820141179 0.37774534285416367
2.9270055 1.154955626365226 0.3015465137365376 1.378552577354189 -0.5115541665578442 0.6409820306894178 -0.43076328381830487 0.3766926656103757
2.93200675 1.1551211257910894 0.3030852091212646 1.3780175601882345 -0.5124164824460872 0.6409510362466194 -0.4294724966152477 0.37704706908160623
2.9370065 1.1553163262934487 0.3043874484634438 1.3772576571904787 -0.5123259312936553 0.6412156899510282 -0.4289962388587491 0.3772622511327665
2.9420045 1.1554861162222674 0.305662878781364 1.3767224723463087 -0.5136056412244938 0.6407816436503735 -0.42822607413030006 0.37713467077166657
2.9470085 1.1564891229014769 0.30629104696538856 1.3761797887136575 -0.5130824611092757 0.6403800699513751 -0.4287538873000949 0.37792837712479055
2.952008 1.156792754750085 0.3074680503392392 1.3756322224976334 -0.5133056360786181 0.6399832465741521 -0.4285406547097461 0.37853886898874134
2.95700725 1.157029839508448 0.3083848175156897 1.3747757956881963 -0.5128320585704893 0.6389445693332463 -0.4295558775452084 0.37978265506506814
2.96200775 1.1567565866989826 0.3100594076968926 1.374378085626086 -0.5129246620384148 0.6397682884954962 -0.4281092675107662 0.3799043079246627
2.96700725 1.1579140057589257 0.31171566924192246 1.3743493517275023 -0.5123676206318561 0.6387412299181321 -0.4285650553325291 0.3818652326129581
2.97200475 1.1580986000852738 0.3128744189813667 1.3735175038547547 -0.5134519526277527 0.6387730020089971 -0.42783171231918177 0.3811773474135088
2.9770025 1.1582588955318307 0.31407784853659504 1.3730372565367321 -0.5133004374830349 0.6380730437946724 -0.42792495212057435 0.3824469728144429
2.9820015 1.1593193324486888 0.31473815898271856 1.372202331309004 -0.5132971843383256 0.6362944205466121 -0.4288432632402205 0.38438114743712026
2.987001 1.1579106908776717 0.3158463769396298 1.3709878689463055 -0.5148605961164786 0.6388211167539085 -0.426211660273992 0.3810115063910282
2.99199925 1.1579413955150009 0.31750417342707626 1.370587379873316 -0.5158126021772473 0.6388272732438517 -0.4250171610466028 0.3810478804702217
2.996998 1.1598237718187852 0.31809864249382547 1.370079257525566 -0.5141193724110471 0.6357112072734745 -0.427810928239952 0.38539634344015644
3.00199725 1.1591527500518635 0.3199102143120899 1.3693837179078296 -0.5144405490155051 0.6375246446150669 -0.4253080968799265 0.384741824819493
3.00699925 1.1592367670274877 0.3208087445878054 1.3686995943697382 -0.5161972753054732 0.6372570958082103 -0.42488126681750116 0.38330102519670683
3.012 1.1584043924032248 0.3221788258275665 1.367184957935791 -0.5172150770168532 0.6379168830716143 -0.42261071164404984 0.38334162414530026
3.01699975 1.1584901264259766 0.3231037487156755 1.3665889475910915 -0.5173449454862249 0.6376650905541462 -0.4225211043808163 0.38368392723861
3.02199925 1.1596137337909451 0.3241638203971063 1.3664768108941938 -0.5153034681022896 0.636844910025895 -0.4239090499650397 0.38625382029644656
3.0269985 1.1595037904613812 0.3247514272370522 1.3651990979316087 -0.5161730245455699 0.6376179643775075 -0.4238794919370177 0.3838423068784598
3.031998 1.160259763910108 0.3254894169048615 1.3645167831312983 -0.5146211890090636 0.6369978366928609 -0.4253529257176833 0.3853228210928079
3.03700075 1.1597788251758097 0.327070526553671 1.3644159694629638 -0.5166262539236735 0.6359516460580448 -0.4232623464835504 0.3866675622315562
3.04200275 1.1596714585716668 0.3279640032865075 1.3634285855129755 -0.5177616139105985 0.6361838055777475 -0.42210497536898756 0.386031690991884
3.047004 1.159706341905767 0.3291104883183241 1.362510487086622 -0.5175283743769119 0.6365262184976839 -0.42096262203615026 0.38702613054970697
3.05200325 1.1596761755894307 0.3297441408134609 1.3619120363516728 -0.5186678950892262 0.6357433613646902 -0.42129660808717556 0.3864235514285809
3.05700425 1.1603887306168592 0.3304731224096998 1.3612385906316324 -0.5188065000059402 0.6347071565591906 -0.42119971043289467 0.3880430966985231
3.0620055 1.1604071239906026 0.3314330640539154 1.3604767539164961 -0.5187399193740143 0.6346707421371622 -0.42050144221435365 0.38894791710273147
3.067004 1.1604417966701581 0.33225516939907007 1.3596727242467928 -0.5181820000241482 0.6339624021242456 -0.42112510578251927 0.3901701331771715
3.07200525 1.159931090618017 0.33422481968246925 1.359227203527078 -0.5183604052443497 0.6353196509304337 -0.418669203523821 0.39036845343505233
3.07700375 1.15951208887586 0.3341363078338848 1.3584057008622916 -0.5207534536755237 0.6353379920204003 -0.41890387382267025 0.3868863151842673
3.0820035 1.1595387786425464 0.3348935393566114 1.3576967018343116 -0.5200376630236754 0.6343466513097669 -0.4195305042337155 0.3887921180095651
3.08700275 1.15948563668631 0.33569021186153025 1.3567647224214816 -0.5203376580148267 0.634095070830496 -0.4190614985399842 0.3893065928564998
3.0920025 1.1594882239837463 0.33662627558008673 1.356024619634673 -0.5195315357578081 0.6344848830896044 -0.4184068897179389 0.3904504976568283
3.09700075 1.1589154698219644 0.33661511864263993 1.3549819255617372 -0.5212176580158072 0.6347863220843885 -0.4177904177547586 0.38836792491063976
3.1020045 1.1592382329793613 0.3377825633765638 1.354646614943931 -0.521167989311592 0.633769898187258 -0.4178357810636852 0.3900421812208583
3.10700175 1.1590588244409188 0.33843252087293857 1.353837397647761 -0.5217239922503936 0.6337727497419291 -0.41719484793601547 0.38998030264426226
3.11199925 1.1581290903829786 0.33884856864703017 1.3525005760405269 -0.5239998404576436 0.6353447297908573 -0.4146646791268358 0.3870587105491684
3.116996 1.1578599401431782 0.33972348269491787 1.3513938200494515 -0.5249537536319202 0.6342273333059513 -0.41424338909633174 0.38804852895657804
3.12199575 1.1578820689319065 0.3402944126405506 1.350734860403954 -0.5247588569928512 0.6341076550719288 -0.41406918385854496 0.3886931112914845
3.1269955 1.1584925644590138 0.3399365106660211 1.3499936658268523 -0.5236932278765052 0.6331810023248483 -0.4157002847202916 0.3898980567464472
3.13199825 1.1586721273411904 0.3409353627620613 1.3495982244548217 -0.5228820909939597 0.634877895698068 -0.4149247783345785 0.38905244478833234
3.136999 1.1584195699605389 0.3413104340730165 1.3490118709435275 -0.521954310010295 0.6339121213880327 -0.4158901802541449 0.39083817442411617
3.14199675 1.1583092523869192 0.34226062752468744 1.3482527248011722 -0.5230866101699464 0.633118558333145 -0.4151970062257562 0.39134733342166006
3.14699875 1.1580915105841096 0.34284119537708624 1.3474609578174002 -0.5240537660419738 0.6338938432651074 -0.4139703208986989 0.3900959102359878
3.15199875 1.1578226444754975 0.3432865327731114 1.3467114149770532 -0.5245299644874626 0.6343465357763504 -0.4127293147852597 0.3900350005066401
3.156998 1.1576186361540108 0.3438067597533425 1.3459139007358283 -0.5249439532907032 0.6343098871819665 -0.4122083432687119 0.3900885728477479
3.16200075 1.1575745324451117 0.3440923417073756 1.3452378303088088 -0.5238503516993839 0.6336181781017601 -0.41302012886171635 0.39182034985244113
3.167 1.1573203869506095 0.3443177325180136 1.3440916605509001 -0.5246576271361025 0.633985049570392 -0.41254910307229586 0.39064122768006215
3.17200175 1.157172454610551 0.34451094272044325 1.343089632131347 -0.5242506220033692 0.634226859588568 -0.4127068208195876 0.3906285396057131
3.17700125 1.156979697096155 0.34433255849644195 1.342469599847823 -0.5237122480641264 0.6343916467869999 -0.41270960508830223 0.3910799171299322
3.182003 1.157583714812024 0.3443757065753018 1.3416352189330376 -0.5252162285953451 0.6347363422944698 -0.41179864697260665 0.3894606056358593
3.18700325 1.1566448960840416 0.34504931440943415 1.3411597985533832 -0.5245850431407292 0.6348772687786209 -0.411882523915774 0.38999252889511826
3.1920035 1.1565885859769873 0.3453603084650085 1.340222592830589 -0.5253081477744638 0.6355799335378287 -0.41058453152109275 0.38924264982323864
3.1970025 1.156098850561845 0.3453969753473178 1.3390712397914568 -0.5262213516659431 0.635562419019263 -0.4096849387342005 0.3889855415765541
3.2020015 1.1551420466754536 0.3460768690319052 1.3379670605596778 -0.5283448285949063 0.6354350017128805 -0.4078920531589765 0.38819862656238946
3.20700025 1.1557531340605296 0.3457263853352775 1.3380970594813828 -0.5246685428644724 0.635028960353197 -0.41087232027582343 0.3906981905158637
3.212001 1.1554492125970786 0.3465072205228057 1.3373987921695547 -0.5259940101254474 0.6346985257926421 -0.4092868355528468 0.3911168225887688
3.2170015 1.1542407129921815 0.3464066529248236 1.335910031835696 -0.5283566616985262 0.6356972061462308 -0.4070658948114125 0.3886201968735669
3.22200375 1.1538963061704992 0.34651972599791847 1.3352133240853685 -0.5287252737618141 0.6359291299436731 -0.40652700988539126 0.38830338243211365
3.22700125 1.1542677387614695 0.3465033277737768 1.3348257437828512 -0.5264970220870264 0.6359001681840707 -0.4079014856879594 0.389933635136185
3.23199975 1.1535491268210152 0.34675991679448215 1.3335495361960188 -0.5290772337238151 0.6355066152075863 -0.40639793864286816 0.3886506635133664
3.23699975 1.1532271601488833 0.3467051617884472 1.332862333133721 -0.5290758056688578 0.6363997289854209 -0.40557678345009057 0.3880485144017567
3.24199975 1.1538270567288218 0.34692914618652 1.3328185259750556 -0.5271435482411702 0.6358370711606903 -0.4069965429787441 0.3901085906370886
3.2469985 1.1535935475436767 0.34694810312903884 1.3321343179020515 -0.5269034362803633 0.6359633581775507 -0.406818241014013 0.3904129796378982
3.25199875 1.1538787332683957 0.34664683416717335 1.3313619333254803 -0.5253643105269008 0.6356875552128126 -0.40911879950391716 0.3905323050205005
3.257 1.1531602598981774 0.3467225775143814 1.330722678226488 -0.5274750621861025 0.6364196264663845 -0.4069444117630683 0.38876260565409987
3.26199825 1.1526975306737084 0.34665537811663255 1.329996308188764 -0.5272096573691514 0.6366802195337117 -0.4063160718180066 0.38935270002093375
3.267 1.1524044710910928 0.3464665587391382 1.3288781251357236 -0.5270631615421567 0.6366530930451764 -0.40618836734106456 0.3897284607236129
3.272 1.1519480789306518 0.34646708536109255 1.3280822762052098 -0.5276150688366193 0.6369255234042903 -0.4054356824934295 0.3893200792841122
3.276998 1.1515793396178409 0.34635347122204596 1.3272823904922788 -0.5278744204111441 0.6372225606773025 -0.40502274706048974 0.3889120450732202
3.281998 1.1506312202562192 0.34604126175513816 1.3260177330173484 -0.5292034988508725 0.6380367958884604 -0.4036509501498113 0.38719325192923537
3.28699825 1.1508666521193796 0.3462553844307194 1.326230589253751 -0.528267678575574 0.6379684786346561 -0.4042370716879823 0.38797148079991833
3.291996 1.1496040389335855 0.3458108481115784 1.3248711177791177 -0.5307556422860328 0.6392208024227894 -0.4019633923402775 0.38486445035856703
3.296995 1.1503027626001678 0.3457149722831873 1.3247751361718305 -0.5284355174621831 0.6387621327335035 -0.4037347481836346 0.38695877658908073
3.301996 1.1500279576912762 0.3455100713644945 1.324235354962812 -0.5278143514015733 0.6385016081823571 -0.4042105393582897 0.3877390187674707
3.30699425 1.1486357246948669 0.34515443222686926 1.3229826036829981 -0.5304050986180554 0.6395391524827096 -0.4020188582708093 0.38476088860005425
3.31199275 1.1480988147128628 0.345244462990536 1.3221203265317343 -0.5315606177978016 0.6399282805107036 -0.4005694710468694 0.38403021271023036
3.31699025 1.1476656424024705 0.34491237961121957 1.3213898053177624 -0.5312046940639297 0.6396172938429282 -0.4009875631968711 0.38460403609807725
3.3219925 1.1482564996818774 0.3446806820565441 1.321458524411934 -0.5292413114247825 0.6397598204863681 -0.4023886562974985 0.385609096956646
3.326993 1.1477890964227726 0.3444085985802744 1.3207254686240486 -0.5295837515330077 0.6399030575036678 -0.4021230398715559 0.3851781249164365
3.33199 1.146436900491469 0.34380620534928247 1.3192267081395672 -0.5309839110123264 0.640543124074821 -0.4009218671922218 0.38343480391537843
3.33698925 1.1472615259590078 0.3435766549459588 1.3189950588548283 -0.5281113004188083 0.6399452056549373 -0.4030096903052887 0.3862017318050901
3.3419895 1.1466293449681038 0.3431624642011568 1.3182437456120122 -0.5281873847785008 0.6401680667536251 -0.40284243880731374 0.3859027110108838
3.34698875 1.1460760978832163 0.3429121920526516 1.3175167773879508 -0.5286970205109363 0.6404057529080627 -0.40232518116583105 0.385349686317502
3.35198875 1.1455662674055667 0.3425529430674849 1.3172030396912042 -0.5294944763783381 0.6407224464695077 -0.4019310517820076 0.3841377040702559
3.35698925 1.1454011519338123 0.34194215358107166 1.3164836635042971 -0.5292622853810937 0.6401279127748547 -0.40332655832545217 0.38398616629904175
3.3619875 1.1441426576482523 0.3415410837803533 1.315292033963301 -0.5311026902875932 0.6408280697591143 -0.4016474612149068 0.3820322424582883
3.36698975 1.1434254256890108 0.34224347752210416 1.314001757103948 -0.5315999535909399 0.6417564484560639 -0.3977568937004911 0.3838484124246264
3.371987 1.1462136158933862 0.34049588514160933 1.3141514033308679 -0.5224514405018452 0.6438051052539954 -0.4072610247913747 0.3830116662091614
3.376987 1.1422723890233863 0.3404429477997771 1.3133308088426692 -0.5314762528053403 0.6425074565582751 -0.39985471310566667 0.3805697956724825
3.38198675 1.142989298956557 0.33935633868202464 1.3133536170255093 -0.5277782039747676 0.6425203243360393 -0.4031424339307809 0.382222419788067
3.386986 1.1426617687986784 0.33884317075868664 1.312602142556873 -0.5275604481975643 0.6423688659417285 -0.4039240030069676 0.3819523705400325
3.39198475 1.1422137967501358 0.3386662079045389 1.3118799238999606 -0.5270854490233448 0.6427866050473205 -0.40357092248441984 0.38227845914290454
3.3969835 1.1414063740080622 0.33828861931228615 1.3114372013177982 -0.5277436435347003 0.6436698693444982 -0.401929284439283 0.38161315008380137
3.40198325 1.1408656478367787 0.33753559207601597 1.3107995340652565 -0.528200191839653 0.6441744906245915 -0.4025137527857979 0.3795081840848694
3.40698275 1.1401270810524504 0.3371665226328044 1.3103598015614797 -0.5286385685283899 0.6446844513867497 -0.40165924329129427 0.37893676818578226
3.41198025 1.13990909610789 0.3365924928727317 1.309610883925352 -0.5287758116017661 0.6432720394727116 -0.40314468812381377 0.37956762867118227
3.41698 1.1383852933803318 0.3361821961259974 1.308266049046984 -0.5301684164979517 0.6443845904474568 -0.40174913728310796 0.37721026024512716
3.42197875 1.137314418982627 0.3358237373733107 1.307808456473549 -0.5315386933866553 0.6450552746272995 -0.39948258749241256 0.37654212566281814
3.42697825 1.136876289390144 0.3351988649985986 1.3072003612971799 -0.5313389013888076 0.6451251613607841 -0.3997180983915361 0.3764544326587369
3.4319775 1.135952526770657 0.33453013797655434 1.3064709885318078 -0.532517134116139 0.6447133173700914 -0.3991435975258605 0.3761045450835442
3.436981 1.1361462521134358 0.33358156632827013 1.3060955458767496 -0.531629273741694 0.6453893141331323 -0.39973676421960125 0.3755708559445037
3.44198125 1.1362367331781582 0.33307343499422815 1.3063871499398632 -0.5283959374448552 0.645405785188992 -0.40218543952210517 0.3774863944207321
3.4469825 1.1354869197530555 0.3325304929929466 1.3057227814269656 -0.5291461865040207 0.6461892904897606 -0.40144492702679857 0.37587988071861544
3.451985 1.134858054432159 0.3311693258511559 1.305220237936651 -0.527675991561926 0.6470626962382462 -0.40281174505237016 0.37498081699454117
3.4569865 1.1342691586099747 0.33099301772611056 1.304741058342914 -0.5290950811921463 0.6464844857555669 -0.4019257163326779 0.3749292243692136
3.46198825 1.133753043325924 0.3296912648040459 1.304158959873885 -0.5278766759505281 0.6467641556169716 -0.40374130148822124 0.3742129119486445
3.46698775 1.1332515657906947 0.3288203088402169 1.3035950388688864 -0.5260268941499141 0.6467695245980237 -0.4053832729343258 0.3750323862112383
3.47198925 1.1324606248916764 0.3282262669951329 1.3028278087350664 -0.5275634217479636 0.646543340858785 -0.40411561378389016 0.37463197290248856
3.476991 1.1317854534533707 0.3278332774971038 1.302869270226521 -0.5278302347789947 0.6473065874475934 -0.40341102700604 0.37369635854532296
3.48199175 1.1299299535868295 0.3270996172373076 1.3014200278547503 -0.5310575249676242 0.6480520732156846 -0.4004552231791249 0.3710013878743196
3.4869915 1.129188357409583 0.3264494351232095 1.3011692894676647 -0.5312482404665998 0.6484582517949348 -0.4004032246220479 0.37007358780716126
3.49198925 1.1295807705325724 0.32558061882401934 1.3013446029850624 -0.527961405636225 0.6485906609667406 -0.4028870922941056 0.3718452628824914
3.49698975 1.1277625946252554 0.3246489279803617 1.3001477984916514 -0.5307563800171401 0.6486673403845995 -0.40110363096785495 0.36965419490907175
3.50198975 1.1274918809045187 0.3236928721134349 1.299771806670391 -0.5300181990489427 0.6487681466494472 -0.40233025104557724 0.3692031550021742
3.506987 1.1270066261698666 0.3226025754863955 1.2993435461419747 -0.5305295337575842 0.6488203864062951 -0.4016560704565729 0.36911098745489906
3.5119865 1.1262180780972875 0.321663382149791 1.2988892838649775 -0.5304866460631299 0.6492501045395577 -0.4017082159556704 0.3683595109913379
3.516986 1.1254959558152193 0.32073243018637465 1.2984646437583276 -0.5304917406592056 0.6495053219573853 -0.4017862590115162 0.36781673685536703
3.5219875 1.124371248232995 0.3202003776914644 1.29815544151267 -0.5300763044888506 0.6506207911181755 -0.40149364080257294 0.36676225811729507
3.526986 1.1240254618243672 0.31901411508577304 1.297504643517794 -0.5284146165924104 0.6501421223935315 -0.40423195804150286 0.36700100511996275
3.53198875 1.123975619444919 0.31821722906717437 1.2980122232475295 -0.5271071181185777 0.6509415325348958 -0.4039133503110579 0.36781410072255993
3.53699025 1.1221855321207526 0.31732244108629815 1.297015147075887 -0.5295278619775098 0.6516808770690343 -0.40184427461858274 0.3652854456563068
3.541989 1.123235944784976 0.31577393282098304 1.2972812513643877 -0.5268112465213906 0.6502940251766901 -0.4051523030308572 0.3680206552720504
3.54699 1.1225047719463082 0.3147740537821436 1.2969166716772422 -0.5267271334231169 0.650594827591626 -0.40532442518227635 0.3674193892237393
3.55199025 1.1201085499312864 0.3141005151575496 1.2957490794229358 -0.5283109840021278 0.6526108192371511 -0.4026794367579229 0.3644665883310012
3.55698975 1.1203802818061384 0.31304368637310465 1.29628765274159 -0.5261546948070721 0.6524723154634042 -0.40500715944810584 0.365253768607632
3.56198975 1.1190121996749138 0.31183132017382476 1.2951437712086402 -0.5269525933205019 0.6522741253779023 -0.40569249891943043 0.36369358816976466
3.566992 1.1179330993215946 0.3109898509123262 1.2950259914225704 -0.5280364907593063 0.6537137827197834 -0.40313864248582926 0.3623741017836008
3.5719905 1.1173266650776452 0.30971341805046526 1.2947576065148731 -0.5271087483875814 0.6543419318375243 -0.4037534696739551 0.3619062576671708
3.5769885 1.1174670626497292 0.30793961762798433 1.2947815257856297 -0.5232768785684537 0.6549626669756033 -0.40669948725665767 0.3630437167739341
3.58199 1.1174620209867814 0.3071184599920148 1.2946881924083822 -0.5240920021714448 0.652559604155975 -0.40751946155014274 0.36526897588161694
3.58699125 1.1155373958747548 0.30608374695283136 1.293806387151722 -0.5262505986893916 0.6536393990625796 -0.4055353477231679 0.36243195929610866
3.59199575 1.1144895364975047 0.3050828433003885 1.2935089298784692 -0.5257402141936813 0.6551450351555852 -0.4060232364359197 0.35989907135844396
3.5969955 1.1137558196080124 0.3040510978298411 1.2932578098878935 -0.5255388926107126 0.6554448682682054 -0.40617342958017605 0.3594774570365417
3.60199575 1.112692091598504 0.3030506891555762 1.2931140865094686 -0.5261774032280057 0.6563834200129495 -0.4045129715072382 0.35870238659189463
3.60699325 1.1120516121401849 0.3016456806426086 1.2929138722150963 -0.5253680341883439 0.6570040635525874 -0.40502821774119036 0.35817067434654354
3.611994 1.11118849279761 0.30053902792621 1.2926082117907987 -0.5252824354901188 0.6573738761836767 -0.40514735437639976 0.35748226685896073
3.616992 1.1116177343608142 0.2988748662966103 1.2927514679780874 -0.5226267914485477 0.6578776289671665 -0.40747563932599296 0.35780143308909307
3.621991 1.1101822485101311 0.29781984820465873 1.2919305136968013 -0.5232685205191019 0.6574270477949191 -0.4077155041578077 0.3574182423027008
3.6269915 1.1093433187109663 0.2966824340450305 1.291942925687993 -0.5233318212955543 0.6580588970699631 -0.4076894110865751 0.3561904503133448
3.6319945 1.108263460277775 0.2957340649140297 1.2918770992974948 -0.5238906534611337 0.6590090895423861 -0.4060891258268307 0.3554394814898618
3.63699525 1.1077025933390614 0.2942940733006258 1.2917295726139704 -0.5230045291666754 0.6595835982597332 -0.4067280640778473 0.35494791345967003
3.6419965 1.106815868339871 0.2930747886205465 1.2915457644963275 -0.5229974562017403 0.6599569326798851 -0.40679569974861923 0.3541860619509153
3.64699675 1.1062590482525494 0.2917543237888655 1.2914380273066028 -0.5221927999926061 0.6604165764476795 -0.40734990384087844 0.353879472461791
3.65199575 1.1052815775413138 0.2905817935633235 1.29133829448838 -0.5222851404596485 0.6608223195387369 -0.4072477613628168 0.35310247084870866
3.65699475 1.1046245858872288 0.2892287583085905 1.2912065453273225 -0.5216790930781319 0.6614716161065954 -0.4077176228279892 0.352239357491465
3.66199475 1.1039016943994413 0.2879180386190962 1.2908216673062212 -0.5208891896714097 0.6614822947826455 -0.4082550354904856 0.35276543448757786
3.666994 1.103261321172568 0.2864441581274902 1.2907331082396638 -0.5200789917466603 0.6620427365731206 -0.40886830732363827 0.35219875718243815
3.6719965 1.1025285598266983 0.28527609190464737 1.2906648611184857 -0.5199637939085018 0.6622070932506265 -0.409107522090044 0.3517818273336149
3.6769965 1.1017700212265806 0.28398281772481393 1.290582286978105 -0.5195620173909414 0.6627591468763365 -0.40926369651923955 0.35115359891052433
3.68199675 1.1009532199914884 0.2826489434842203 1.2906968590039305 -0.5190664741319392 0.6634479623520004 -0.40968971490418515 0.35008732365646006
3.68699775 1.100184476822909 0.2813563649892288 1.2906497704127167 -0.5188491107242403 0.6638527786754691 -0.4098707917431164 0.34942956746874543
3.691998 1.0995618645069736 0.2800302487680894 1.2905910405016139 -0.5182321977883875 0.6642342805244957 -0.41033277022799597 0.3490776810805036
3.6969965 1.098699864325857 0.2786453345436265 1.2905733852134806 -0.5178230827625158 0.6647677607824688 -0.4106592742283577 0.3482844235288533
3.70199725 1.0979302354714142 0.2773380463736618 1.290533653517823 -0.5174026746760133 0.6652717199452265 -0.41084971100440865 0.3477219087817468
3.706998 1.097170005868056 0.27590344721449594 1.2905344575961417 -0.5168238361951402 0.6657862316296482 -0.41130095346897405 0.34706388718569375
3.71199825 1.096459535707636 0.27451990326105485 1.2905359371519167 -0.5161456322266914 0.6662431040173985 -0.41183677155934106 0.34656065309574635
3.716999 1.0958445413970386 0.2731883948632091 1.290515773188075 -0.5157182290557324 0.6664142384996907 -0.4122001514755071 0.3464358614059253
3.7220015 1.09513618895972 0.2717724801665506 1.2905379560460095 -0.514983759163362 0.6668830044861349 -0.41275722953294974 0.3459627951005747
3.72700125 1.094419790081914 0.2703725297442897 1.2905748236706864 -0.5144788018405594 0.6672665450328849 -0.4132682885187943 0.34536392695434454
3.73200275 1.0935791247410653 0.26906218299469326 1.2906019770434445 -0.5140721807850696 0.6677718929854135 -0.4135148443327711 0.3446969181730588
3.73700625 1.092860548695694 0.2676538521950178 1.2906569866979756 -0.5134551877777206 0.6682256920189205 -0.4140599340953635 0.3440822076872381
3.7420055 1.0921355969397384 0.26623789275928167 1.2907430835958507 -0.5128832849277445 0.6686042039306842 -0.4145261281458942 0.3436382452701035
3.74700325 1.0914436738534812 0.2650567770630912 1.2907303807214174 -0.5119540017277546 0.6694695728973881 -0.4142064502318891 0.3437246102126302
3.7520035 1.0907786380112374 0.2635169692762456 1.2908989395859047 -0.5115716931533042 0.6696286960602785 -0.4154041540626343 0.34253642282884267
3.75700275 1.090005643204108 0.26218262605712433 1.2909558654062039 -0.5113176043045352 0.6702228676539024 -0.415608802343973 0.34150393645792515
3.7620065 1.089353488970368 0.2607947019492697 1.2910942843894355 -0.5104923383632869 0.6705184965356128 -0.4162380708514042 0.3413918374096048
3.767005 1.0886576856432157 0.2593106534804138 1.2912315142040003 -0.5098313040145072 0.6709722530201448 -0.4167416973698961 0.340873341282647
3.772007 1.0879333020620792 0.25791832227853007 1.2913072306384368 -0.509469951881926 0.6713932106643888 -0.4170903303042567 0.34015758284929887
3.777006 1.0872817933970105 0.25655652825881403 1.291431908565628 -0.508667479646796 0.6718526469308043 -0.41773552887992466 0.33965930558908297
3.782008 1.086667927381014 0.25516182932039966 1.2915957257042046 -0.5081402673743948 0.672073670367434 -0.41841996909239176 0.3391683648812876
3.78700675 1.0859492413237009 0.2537093298235538 1.2916349441758967 -0.5077708407284782 0.6722535126052626 -0.4191003917018988 0.3385245187148127
3.7920085 1.085399620142118 0.2523541321352081 1.2919387837592597 -0.5069519039911394 0.6726452801901244 -0.41952300612457355 0.3384502052147531
3.79700775 1.0857707163519894 0.25091346626803895 1.2927075564458081 -0.504344606708426 0.6723767806803925 -0.42195856872795 0.3398484202744721
3.80201225 1.0839680169656454 0.24961228173874128 1.2922903240952124 -0.5061697111197749 0.6734716059857284 -0.4201220284026983 0.33723241351733924
3.807014 1.0837405221422436 0.249040246452077 1.2924205720077846 -0.5044799982285836 0.6741999069665877 -0.41963454159129476 0.3389118887513339
3.8120135 1.0827396213015836 0.24685208264183173 1.2927711627516056 -0.5048763135376404 0.6741774901240039 -0.42130745882199766 0.33628060452498826
3.817013 1.083046498305465 0.24542802547265272 1.2935437452992757 -0.5016839811634236 0.6742469037663077 -0.42394219751302453 0.33760525614005554
3.822013 1.0812674723081488 0.24387604229432294 1.293019267955978 -0.5039591174648117 0.6751603494017814 -0.4222913808953371 0.33444536196703645
3.827014 1.0816953307947756 0.24254322126667258 1.2938651359947044 -0.5011893861240614 0.6748397246275066 -0.424640664428905 0.33627496400213247
3.832015 1.080090243319831 0.24118411880161655 1.2935095820049385 -0.5029495177982563 0.675839590996939 -0.42307577874676333 0.3336008321713409
3.8370135 1.0795974349313187 0.23978314491443514 1.293990048341257 -0.5017660745648271 0.6762867388532773 -0.4239041825518541 0.3334250999580685
3.8420145 1.0802287077076036 0.2384399435288877 1.2949225248746903 -0.4986607584194798 0.6756867752194123 -0.42685503382890017 0.33552885107100583
3.8470155 1.0794557821697124 0.2371008444396736 1.2951668902520128 -0.4984768313784545 0.676154165629756 -0.42693871464227834 0.33475323272527674
3.8520145 1.0789952607257165 0.23566690175628238 1.2955024765449241 -0.49748868708501887 0.6768239273766359 -0.4277091033082594 0.33388516064679385
3.857014 1.0783390520143274 0.2341726194915384 1.2957337242548612 -0.49725574330965977 0.6766852400467182 -0.428317682359912 0.333733088899358
3.86201325 1.0777510359496363 0.23295524870971035 1.2959572571458713 -0.49662054047443455 0.6772104165791081 -0.42859915613747057 0.33325193744955134
3.867011 1.0772229982452504 0.23142983096389932 1.296299710857823 -0.49609815661227236 0.6772896313396185 -0.42971411929442893 0.3324321734801883
3.87201025 1.0767723825281101 0.2301059738278261 1.296810930434274 -0.49507736236640965 0.6777319619610918 -0.4303547081754559 0.33222374713422625
3.87700725 1.076177791586337 0.22865382491544617 1.2970253345864853 -0.4947077852640127 0.6780944673461461 -0.43073573400861903 0.33154008506028093
3.88200675 1.0746649783972408 0.22738378853241822 1.2967443423412486 -0.4963506713098954 0.6794032714922664 -0.4288716363154087 0.3288104702407846
3.88700725 1.0752160903756656 0.22586684301200002 1.2978303301089158 -0.49303464174733064 0.678385813956331 -0.4324946320427681 0.3311463765679433
3.8920055 1.0747638455728445 0.22477302439565866 1.298019872547423 -0.4919411419770811 0.6790912249678177 -0.43218935907527545 0.3317248542152015
3.89700475 1.074266676939849 0.22330588749698346 1.2987273145655334 -0.49227388717365317 0.6793380657565785 -0.43289745775860194 0.32979691248886983
3.902005 1.0737836236008274 0.2219138156522405 1.2991612679995288 -0.49164136475228837 0.6796891345708367 -0.4333829177305007 0.3293792577413647
3.907004 1.0722894259408637 0.2203837015722795 1.2989322702506108 -0.49250213999906167 0.681139715286133 -0.432156151352626 0.3266977061510478
3.912004 1.0729864899641843 0.21948852588564693 1.2998484382186575 -0.48967259362736687 0.6805015831007128 -0.43431413994095036 0.3294079147425328
3.91700125 1.0714569604705062 0.2181216386005112 1.299802869754707 -0.4919824363944253 0.6810911600634216 -0.4331552228776675 0.3262585889393045
3.922002 1.071998905282338 0.2166486388698248 1.3009718643150159 -0.4891813015267456 0.6805675698365308 -0.43590003481444056 0.32790333449382203
3.9270015 1.0705471922543435 0.21554288868653604 1.300767985267994 -0.4910802012567968 0.6816620987791213 -0.43390072793550194 0.32543382940110727
3.932001 1.0700556091223874 0.2143275439886275 1.3013168059705156 -0.49065343377894444 0.6822733738169711 -0.4337649169124771 0.32497730406483855
3.93699825 1.0699579846019271 0.21288464449542868 1.3018802246607633 -0.48817260089419323 0.6829299476066222 -0.43490147934407775 0.3258142134139452
3.94200025 1.069218798429072 0.21152041563682406 1.3022990559463778 -0.48908691921631786 0.6827792360327263 -0.43550790397542305 0.32394346091407905
3.947 1.0687581182037873 0.21047119479812817 1.3028134122420054 -0.48915059209822664 0.6828786495115339 -0.4354865840146996 0.3236663149517818
3.951999 1.0696286097228616 0.20910055220235146 1.3041805022618822 -0.48560343037856146 0.6822759894047201 -0.4385805408333966 0.3260918457868414
3.95700025 1.0681389565927935 0.20831965870956856 1.3038858748901327 -0.48713583225656365 0.6837652227346787 -0.43583453117385135 0.3243640894839771
3.96199975 1.0676934208393893 0.20663110448607963 1.3046120155712158 -0.4870997266161671 0.6835596055029367 -0.43729343983875174 0.32288476199585
3.967 1.068301779710307 0.20555189379192898 1.305887876048631 -0.48447137209314506 0.6831259193541196 -0.43969167533980297 0.3244960686443698
3.97199825 1.0668631903090449 0.20426600157027336 1.3058444749757518 -0.4854558408981216 0.6844165410047568 -0.43821052416756967 0.3223013519142694
3.97699975 1.0675090287252542 0.2030479864815065 1.3070668974701596 -0.48313511434038725 0.6835578576631772 -0.4408160840390028 0.3240529224845031
3.982001 1.066212292467201 0.20171654140391035 1.3070967727427458 -0.4843915002395145 0.6845475907486762 -0.4396324942777579 0.3216873334015695
3.9870005 1.066046576862296 0.20072107438270312 1.3075803914252073 -0.48294289674709867 0.6849070826169085 -0.4401016025961671 0.32245778957097915
3.992 1.066030670763053 0.19976893734999537 1.308384994316629 -0.48221248847952863 0.6847461479991687 -0.4408042620910164 0.3229325491137052
3.997 1.0663039144000652 0.1987086797454775 1.3094568793030368 -0.4806865134920814 0.6846713913354904 -0.441904620612604 0.3238608774069219
4.00200125 1.0653278577602625 0.19743103096421552 1.3099732316122348 -0.48216192071848324 0.684799961099552 -0.4417289542999362 0.32162777619509175
4.006998 1.0658532697454586 0.19639087558475457 1.3110182388670222 -0.48040122836290516 0.6841692639955687 -0.443679242081065 0.3229176491577151
4.0119985 1.0655137169927664 0.1954388492696783 1.311771647904257 -0.48021593913341726 0.684220840984339 -0.4439406654730909 0.32272461651414697
4.01699825 1.0651489666594203 0.19423232066464033 1.3123693119021471 -0.4795776163899889 0.684548211021687 -0.44454798842898596 0.32214304684168915
4.021997 1.0650595281641522 0.19336162401829268 1.3130543740859115 -0.4785047015158307 0.6848576609096712 -0.4445905603434918 0.323020848512971
4.0269965 1.0648365444414203 0.1923307247445787 1.313698997820427 -0.477733762543983 0.6849421701734184 -0.4453916370634358 0.3228791806197015
4.03199525 1.0646240082131868 0.1912984507471096 1.3146776061758967 -0.4781341268250908 0.6846610578974538 -0.44624556942848537 0.32170154542587204
4.03699375 1.0635748554327544 0.1901619405435086 1.3149299389642084 -0.4789581298740896 0.685393136855536 -0.44541871106978004 0.32005863464024686
4.04199175 1.0642252040803148 0.18956774532413107 1.3160587827372223 -0.47689260305600367 0.6849508808169914 -0.44651601079626346 0.32255106281190227
4.04699075 1.0648521109142501 0.18803859588064845 1.316831929431682 -0.4763568827434091 0.6836357664818018 -0.4481828746925102 0.3238184211594195
4.05198975 1.0638380087874837 0.1873940699652501 1.317309482959193 -0.47578715733128235 0.6850460445896103 -0.4475521866395152 0.3225454044703407
4.056988 1.0636830737728729 0.18642939749586804 1.318477212198404 -0.47534536931129195 0.6844006900721702 -0.44919328219675286 0.3222853867806564
4.0619865 1.0634896735961497 0.18575525383774327 1.3190847144087303 -0.4742857888520664 0.6848807453845939 -0.4492080669821369 0.3228056189916591
4.06698625 1.0633912558327359 0.18490085760701966 1.3199566047417444 -0.47398476260417394 0.6847037847498303 -0.4498629048761903 0.3227112312651648
4.07198525 1.06311781865085 0.18393960112415508 1.320958806605555 -0.475043281424822 0.6847541768369212 -0.4501639845778957 0.3206212486197383
4.076983 1.0630492190110339 0.18325510363027453 1.3218287503962431 -0.47484720314088646 0.6846291500632455 -0.4504118037899263 0.3208305901245402
4.0819835 1.063010797390354 0.1825231999044101 1.3225087053496627 -0.47336611782257537 0.6851294897025705 -0.4507384870535488 0.32149170615453987
4.08698475 1.0628398675059867 0.18177842587302706 1.3233462293935112 -0.4730814782824435 0.6851996409036409 -0.45102922146876173 0.32135340109123206
4.09198375 1.0626544052997284 0.18073689212444385 1.3243648130084817 -0.47299947065418946 0.6843278716738631 -0.4525283935619913 0.3212240928563435
4.09698325 1.0626395958659929 0.18012761261867555 1.3252491510086024 -0.47279002402261894 0.6839560032931856 -0.4531228673249737 0.32148630740841405
4.101984 1.0623744375846833 0.17960288341940836 1.326026185768665 -0.4727908221409096 0.6848333625965831 -0.4527233161568438 0.3201776116188172
4.10698575 1.0624529950071795 0.17879953341338303 1.3269960659998041 -0.47290491241267496 0.6842861079590141 -0.4533763194909972 0.32025517824863015
4.111985 1.0623317059185378 0.17812185353390833 1.3277742448558616 -0.47281937068365504 0.6841121507286961 -0.45389401024701825 0.3200197421934304
4.11698425 1.0623292742438402 0.17758460413648683 1.3286917737850814 -0.47266716200967845 0.6842960668274128 -0.4539474910204389 0.319775424756966
4.12198525 1.062311522351816 0.17711740375460971 1.329504973053062 -0.4713524321899392 0.6847344782401725 -0.45415025508288637 0.32048888402866127
4.12698425 1.0623397536172732 0.1759600943401078 1.330719889044968 -0.4712755654541045 0.6834213718738656 -0.4557590047054936 0.3211203816356345
4.1319845 1.0623663882362888 0.1754634623021267 1.331468119117223 -0.47070561376036174 0.6836624965439958 -0.45619601233613605 0.3208224030866923
4.1369855 1.0622919737967897 0.17495753446621087 1.3323030816115453 -0.47006540474382025 0.6837981708916243 -0.45665990125321404 0.3208119563477993
4.1419835 1.0623453283614583 0.17460440156835194 1.3332223455541317 -0.4703251714619262 0.6842638662583939 -0.45630867205813264 0.3199368534991997
4.146983 1.062420214936769 0.1740171954774662 1.3341858392959711 -0.47007580820896966 0.6840799434854264 -0.45674548201917 0.32007331990144994
4.15198375 1.0624692140769243 0.17355669333958987 1.3350782561929586 -0.4698065240917228 0.6840435741748397 -0.45696644365825506 0.32023099150658546
4.15698425 1.0627597657874162 0.1731279246620022 1.3359467505699816 -0.46907983258304703 0.683784671910666 -0.45773275079009657 0.3207543639266886
4.1619855 1.0627505835650497 0.17240313932781434 1.3369977749243067 -0.4685801728119585 0.6830050275805315 -0.45903971340415767 0.3212775987601085
4.16698725 1.0628897519297809 0.1719577627586073 1.3380348468504457 -0.46852345990906413 0.682711136206446 -0.4594603458210305 0.3213836688952351
4.1719875 1.0630496307498478 0.17168091301752386 1.3389585043251822 -0.4688381786811993 0.6831731634747021 -0.4588342423052062 0.3208369196446551
4.17698625 1.0631174134391526 0.17129591352816484 1.3398432998504477 -0.46828529011462694 0.6831316495305567 -0.4596062577822373 0.3206277035431091
4.181988 1.0631316465479663 0.17093165004489722 1.3407423267906353 -0.4683316044239255 0.6829980663803888 -0.4598072906811308 0.3205563991793641
4.1869875 1.0630933841576526 0.17033591481347163 1.3417302036907628 -0.46881651320830187 0.6827511615832235 -0.4599821049745295 0.32012246313429804
4.19198675 1.0636282095935297 0.1700506778028254 1.3428761318803066 -0.4681527489665336 0.6822852022775026 -0.46095654664500374 0.32068515477542403
4.19698575 1.0639381154857395 0.1702170575993632 1.343619788408056 -0.46707175204956614 0.6825855978048393 -0.46079410813196586 0.3218534915417645
4.2019865 1.0640769034844015 0.16982154395694277 1.344664703295902 -0.46744423039703675 0.6822243024717998 -0.4613922945544069 0.32122117475535106
4.20698475 1.0641653549896883 0.1694113284181025 1.345563749726846 -0.4671778890168073 0.6819659532319623 -0.46196218627407215 0.3213381351459863
4.211987 1.0644653814894387 0.1692855065926396 1.346575292276092 -0.46711583577556015 0.6817754057269207 -0.4621298271670405 0.32159153433533305
4.21698825 1.064765961763872 0.16907050326175926 1.3475126551755048 -0.4668866456178147 0.6815466303261832 -0.4625506919564487 0.3218041457243533
4.22198675 1.0650821306253961 0.16888271737544228 1.348483857066513 -0.4664453598379966 0.6813372153680815 -0.4629809491977627 0.32226846870274023
4.22698675 1.0653887194660865 0.1688468991111144 1.3494196524045918 -0.4662984409460575 0.6812020293594894 -0.4632339115497234 0.32240332249859405
4.23198825 1.0655186795770863 0.1685388191860481 1.3504060873583448 -0.466266501217518 0.680893618282794 -0.463664553178585 0.3224819569368836
4.2369895 1.065773046986705 0.16839777761585886 1.351254192848978 -0.46630960556617607 0.6806269080461747 -0.4639721494056654 0.32254024303349854
4.24198875 1.065890602788521 0.1681032225791761 1.3522477613518593 -0.4666937985062106 0.6805437749078855 -0.46384112210860395 0.3223483865493992
4.24698875 1.066297638935126 0.16808561833702956 1.3531921493346324 -0.4665434624264969 0.6802756764249676 -0.4641130188343464 0.32274030966106243
4.25198875 1.066731579875018 0.16807348351942641 1.3539856283998957 -0.46644042864959534 0.6800004194524648 -0.4638765906445762 0.32380745006503187
4.25698825 1.0673430874799708 0.16821896801605934 1.3550594595606287 -0.4660905885974522 0.6793475494019546 -0.46509198459132073 0.32393813639543295
4.2619875 1.0676587004039275 0.16824421625761465 1.3560647533196182 -0.4662090678179545 0.679289563326509 -0.4649542930147693 0.3240868705256825
4.26698475 1.0682184261505292 0.16846509687140593 1.3568642968727325 -0.46543563330157894 0.6793646980642472 -0.4646942113783705 0.32541138300413913
4.27198375 1.068550809926001 0.16824708785841053 1.3579273416414326 -0.46576762994313087 0.6788263554981114 -0.46570379323031874 0.32461557410143277
4.2769855 1.068968158569971 0.16845123235720488 1.3587338649692855 -0.4658995138872814 0.6786361346258916 -0.4655897471166952 0.32498742609435755
4.28198675 1.0693423838364733 0.1685018835500981 1.3595951512082038 -0.4659170252100431 0.6784644825572266 -0.46563133090638387 0.3252610262637199
4.2869865 1.0697626556536664 0.16860380069214406 1.3606006124204109 -0.46596684247908604 0.6782376945598763 -0.4658039530982828 0.32541544011645657
4.29198725 1.0702673923023225 0.16874357226411849 1.361459330123073 -0.46565397935302016 0.6780989263291686 -0.4658585528015161 0.3260736518113707
4.2969875 1.0704406737758831 0.1687545223018101 1.3621551360014899 -0.4662439950887311 0.678084660265969 -0.46501265229770783 0.32646740075961006
4.301986 1.0717980700161318 0.16998990259683663 1.3631304710013588 -0.46452961072533855 0.677879953391771 -0.46507848672018687 0.3292309383077431
4.30701175 1.0720048083852904 0.1695976689673486 1.3640141538403647 -0.4652032489609728 0.6774417264550631 -0.4657623270311625 0.328213496267681
4.31213675 1.0725050666723925 0.16984898225390963 1.3647215467772629 -0.4651745775228261 0.6771830025766326 -0.4659062176993264 0.3285836115159499
4.322208 1.0735611175187483 0.1703986537526067 1.3666134122547777 -0.46541194198553576 0.6765741702011128 -0.4659478050443121 0.32944158730845735
4.32721325 1.0741654133356882 0.17072134500538436 1.367498158625707 -0.4653425454241793 0.6763919182357608 -0.46597845049838416 0.3298702351450014
4.33221025 1.074715872947079 0.17085118940587965 1.3683355436302391 -0.46611949098731287 0.6755635791639523 -0.46675998405211866 0.32936543218222625
4.33720525 1.075271092057847 0.17118036026584127 1.3692076796793777 -0.4664775534730942 0.6751531094445777 -0.4667207424097991 0.32975554508987465
4.342201 1.0760511934438877 0.17174832664233564 1.3700022386044943 -0.4652947560338849 0.6749053651049515 -0.46664774687050925 0.3320292434418942
4.3472015 1.07657538799257 0.1720686566489715 1.3709336430926202 -0.4668769258700451 0.6747501929281698 -0.4663879457424176 0.33048509391453923
4.35220425 1.0767404846523236 0.1719557304665455 1.3716357336001104 -0.46786881294792115 0.674551398630446 -0.4661264575413502 0.32985649918769877
4.3572045 1.0778705422847514 0.17285605162867015 1.3725332298430653 -0.46672264463220475 0.6743032767285041 -0.4666761118090726 0.33120759448945186
4.362227 1.0786874056357025 0.173610037912344 1.3732204927905491 -0.4659946278734102 0.6744089087540207 -0.46616959369466543 0.3327274267337805
4.367257 1.079203858935687 0.17392442122610205 1.3740560366183034 -0.46687776962322847 0.6738923887840911 -0.46652349230407986 0.3320391960279934
4.3722555 1.079941124778231 0.1744568685509373 1.3747646086623118 -0.46697284460246696 0.6736091634735554 -0.46650665932997165 0.3325035249273709
4.377252 1.0806701054064027 0.17493945079083184 1.375430665629347 -0.4670457713219528 0.6733021125581954 -0.46647983127866216 0.33306017433068197
4.38224975 1.0813400706437308 0.17539876969206433 1.3763194126522493 -0.4668013231777631 0.672589117766025 -0.46716915834833594 0.33387629569994504
4.38724625 1.0820706761933854 0.17596602501093536 1.3770099558699018 -0.46713593157226513 0.6721853216520174 -0.4672867316487483 0.33405691912414687
4.39224175 1.0827025330676936 0.1765796177162877 1.3776363105855796 -0.467880220376 0.6723049988561351 -0.46667332812607515 0.3336316722220637
4.397238 1.0826706665436798 0.177258152284931 1.3776247620884343 -0.468482741388188 0.6737786909901811 -0.4643074643950127 0.3331137569900717
4.4022345 1.0833658829496462 0.17786567814241835 1.378288361219293 -0.46884373706534366 0.6735654012104669 -0.4641785636368861 0.33321683866032775
4.40723 1.085073719533284 0.1785709230043953 1.3796363897132986 -0.4679612625623481 0.6716761840065356 -0.46641787329577206 0.33513837149708886
4.41222575 1.085926809677989 0.17954674761816664 1.3801903896622774 -0.4673685828258262 0.6718278582346439 -0.4656940511679891 0.3366645027233737
4.41721975 1.0865765206648865 0.18028673518706148 1.3809853439945383 -0.4679381293339802 0.6715122601083388 -0.4656797288852761 0.33652278042495365
4.42221625 1.0871940167225358 0.1807958659224773 1.3817343273057605 -0.46904921532534327 0.6707892625444131 -0.4661098666202715 0.33582166561589655
4.4272125 1.0879842053073698 0.18155222516675107 1.3823783303661494 -0.4692351326782388 0.6704711493198494 -0.46611464552394494 0.33619037079940756
4.432211 1.0887394979793428 0.18229078693355424 1.38289942738358 -0.4694736058329388 0.6700758801164567 -0.46619198980294235 0.33653807653213264
4.43720775 1.0895701239960522 0.1831472909584924 1.383606479393929 -0.4694070390462919 0.6699124528749891 -0.4661214631369309 0.33705358443413
4.4422025 1.0904605712447484 0.1842557004927985 1.3842813655172819 -0.46944080046379705 0.6695749950776996 -0.4657817584987765 0.3381449604480238
4.4471995 1.0910487169555914 0.1850054402648985 1.3848337761977056 -0.47031839806614395 0.6691593772805665 -0.4655649753206164 0.3380467216121087
4.45219675 1.0918911147736408 0.18588698221322233 1.3854853070837838 -0.47049060259017855 0.6687065372823829 -0.46566377665792974 0.33856669502301806
4.45719325 1.0926819367611 0.1869892504763905 1.3860657316553198 -0.47099565507144847 0.6683710669975794 -0.4652286351080464 0.3391246478506666
4.4621925 1.0934960184735292 0.187950725509103 1.386612812643801 -0.47111759415968973 0.6679921781562949 -0.4650959253584448 0.33988298370198927
4.4671885 1.0942588982686012 0.18877133047673467 1.387249379885756 -0.47098374718872876 0.6670633518664271 -0.4656060825043181 0.3411916915983932
4.47218375 1.0942320379706856 0.18969029190896022 1.3872572504347715 -0.4732088995298043 0.6680060908154422 -0.4636052228827842 0.3389858365110066
4.47718175 1.0950624636033577 0.19087274645597777 1.3876796532006792 -0.47274026143198206 0.667982250320287 -0.4629916995281918 0.3405217241913694
4.4821825 1.0955364686827749 0.19202254615715703 1.3881188673082898 -0.4749063524627243 0.6673715903883786 -0.46204000677575446 0.33999727774159866
4.4871835 1.0963134301091955 0.19336528997054905 1.3885172848632878 -0.4747528506322079 0.6672592388915956 -0.46138679210850053 0.34131666674545597
4.4921805 1.098051753069101 0.19438085992342916 1.38971259269166 -0.472923463598637 0.6657054747788765 -0.46355091020015 0.34394792059251
4.49717625 1.098793516897429 0.1954691462207409 1.3902651690078751 -0.47370267521826404 0.6652690411447384 -0.46322554357978696 0.34415835622665214
4.50217525 1.0996074845934483 0.19637030058648058 1.3907722093716761 -0.473556097714979 0.6647313406488286 -0.4638450844861948 0.3445643694205298
4.507173 1.1003647078920389 0.19759371376731544 1.3912250662462637 -0.47427724310911185 0.6642429092815617 -0.4634059592480916 0.34510486967202186
4.51217175 1.1010753418643113 0.19872623600628903 1.3915062685941586 -0.4745244509386898 0.6639835170347725 -0.462959574458109 0.3458624972225749
4.51716975 1.1018849050833874 0.19985452877053891 1.3920792328038218 -0.47421270059452303 0.6630497311498161 -0.4633764552315078 0.3475192503359895
4.5221665 1.1025256699001629 0.20087390180171077 1.3927865594831503 -0.47514688633817787 0.6621620739824435 -0.46351738655857744 0.34774769092016966
4.52718425 1.103269016667869 0.20245257124945723 1.3929816553187906 -0.4761776042828386 0.6627376008962768 -0.4617609468487125 0.34757817754151976
4.5323005 1.1039341018857192 0.20350193202012715 1.3935163612459258 -0.4771727980365112 0.6619629397587562 -0.4621199784821382 0.34721220123667956
4.5423685 1.105472844441336 0.20615953667770462 1.3942042670944323 -0.4774019044497349 0.6614135860269739 -0.46095684137814935 0.34948287545083645
4.547368 1.1065809416445918 0.2080640759229799 1.3945960854259614 -0.47746504229502323 0.6606718161073092 -0.4603898496737445 0.3515409949139197
4.5523635 1.106986850674544 0.20875528276271393 1.3949489788705922 -0.47822327878144133 0.660131062353085 -0.46096573557176157 0.35077067548029167
4.55738125 1.107702747525093 0.2100662352779219 1.3953070780318644 -0.4786844905429315 0.6595778390422941 -0.4607662804412379 0.3514436904630645
4.56237775 1.108479163517593 0.2113010358242917 1.3958243758928024 -0.47970980291632725 0.6585219604037695 -0.4611106243978324 0.35157406718840295
4.567375 1.109200077467954 0.21259948779531562 1.3961409054853073 -0.4801570025886835 0.658016256220786 -0.4607731382174993 0.35235206046144985
4.572371 1.1099444470995887 0.2139353085438798 1.3965068697988747 -0.48040066986834257 0.6575982948658319 -0.4606980950776125 0.3528979231611559
4.577368 1.1105619955323853 0.21531894390229295 1.3967703710514867 -0.4813827346158892 0.6570556565962676 -0.4601350953411675 0.3533047140698108
4.5823625 1.111303548450886 0.21671081451802834 1.3970574848354427 -0.48175376080626264 0.6564341070905817 -0.4599726301147964 0.3541648719770073
4.5873585 1.1120623966268464 0.21800429959669615 1.3972939971322857 -0.4816567599223787 0.6551995073491799 -0.46054566052083357 0.3558343234791963
4.5923545 1.1127457455262246 0.21945575482083565 1.3975500419252485 -0.4825726401369867 0.6556362226786738 -0.4593556036191003 0.35532691978879205
4.59735425 1.1135009046243998 0.2208831282994223 1.3978048659172801 -0.48323107683167005 0.6551206082995598 -0.4590191081083178 0.3558176124881453
4.60235025 1.113280157401836 0.22230827163808473 1.3973154178744718 -0.48577443667694714 0.6554839124766463 -0.4569337534769788 0.3543664516978752
4.60734675 1.1141812414683843 0.22374735806652352 1.3976348045769544 -0.4858381544256744 0.6548147656828984 -0.45704289132616527 0.355374036525074
4.612343 1.114892112178613 0.22510586545802405 1.397789425406341 -0.4863185684957935 0.6542576370391217 -0.45691388445879266 0.35590855075561784
4.61734 1.1154391458029984 0.22618608556124606 1.3978997991718614 -0.4864409314724546 0.654429689533279 -0.45651641548220884 0.3559350559313629
4.62233575 1.1171936611755826 0.22786845960327742 1.3987821031110406 -0.48554277349068925 0.6529377012013942 -0.4576606663119031 0.35842333625442546
4.62733375 1.1179894678247673 0.22939771885666563 1.398889515047969 -0.4859200838091763 0.6526705639845057 -0.4572645091282929 0.35890385307306466
4.63232975 1.1186944612681846 0.23081633630873294 1.3990038952737922 -0.48626837337873774 0.6521873782585919 -0.45712303737281595 0.35949022433834293
4.6373245 1.1195142028259466 0.23233327242985113 1.399190940208121 -0.48645823916244585 0.6517664572889494 -0.4568223270503848 0.3603778963980117
4.64231825 1.1202050383353328 0.2336437799116907 1.399187301615041 -0.4873281327418985 0.6511805659924034 -0.45663841403939814 0.36049482705815766
4.6473135 1.1210032302969037 0.23520056498302 1.3993379510266668 -0.4874894810242965 0.6509201773026008 -0.45627502189425195 0.36120635800939704
4.65230875 1.1209451807942765 0.23673592980446595 1.3988532187626037 -0.48942408680438304 0.6512388673905123 -0.4545721307325039 0.3601613233218276
4.6573025 1.1216826720082995 0.23822100665648324 1.3988622507384254 -0.4899549739555897 0.6505770006487738 -0.45439591922677985 0.36085736560734427
4.66229825 1.1232240491337089 0.2396668301032921 1.3994516877546517 -0.48852824408566997 0.6497300761578704 -0.45555699915397835 0.3628481822860383
4.667295 1.1239128494333899 0.24110710614812494 1.39947753270863 -0.4890414565557706 0.6493128407659067 -0.455261095540331 0.36327485940226645
4.67229125 1.124564048628787 0.24272468899318567 1.3994600159709347 -0.4898037737301338 0.649131950809489 -0.4542640407570964 0.3638188490897935
4.67728625 1.1253304755520521 0.2441548899128168 1.3994814764673023 -0.4898509870510573 0.6488058908080231 -0.45422590951570635 0.3643840688923463
4.68228175 1.126140768986481 0.2456070120494581 1.3994659789206707 -0.49018426592796066 0.6481154606219915 -0.45427134527325014 0.3651072171335999
4.6872775 1.1267994820060512 0.24715581158152067 1.3994691923674676 -0.4906662021213352 0.6478824284306721 -0.45362247274190737 0.365679763249373
4.69227275 1.1274564064619623 0.24865815983348857 1.3993947296500713 -0.4912413245815661 0.6476289521576114 -0.452977186786963 0.36615620928935727
4.6972685 1.1281795712907694 0.2499900713618034 1.3993223188374344 -0.49151497522453635 0.6472105337626458 -0.452973363710397 0.36653333529923676
4.702264 1.1287871884523344 0.2515300071521697 1.3992246411277445 -0.49229773131244503 0.64699991854885 -0.4521866211859903 0.36682599248526404
4.7072585 1.1295920354799573 0.2528339311011803 1.399093618174678 -0.49191992346647884 0.6454385673163043 -0.45335063037701373 0.3686421715623083
4.71225625 1.1292939331214156 0.2543944034552578 1.3982311808138312 -0.4942687425801718 0.6464457880583125 -0.4499248132792479 0.36793194425806125
4.71725275 1.1316523574344977 0.2556829044101109 1.3988250959731452 -0.4931405492535476 0.6445831479601964 -0.45120028774498566 0.37113779703295513
4.7222485 1.131090853242529 0.25697959045962276 1.3979892265231246 -0.49539120707020884 0.645712992929847 -0.44908848498952786 0.3687300033478583
4.727245 1.1322499305991187 0.25886388007160727 1.3984537484327588 -0.4938612345634232 0.6446640887423898 -0.4510150590162464 0.370263028429801
4.73224225 1.1326391777485274 0.2605024844953231 1.3983596212850233 -0.4948082062363774 0.644887417811939 -0.4488742117162811 0.3712101823025272
4.73723675 1.1324945525690242 0.261849583458691 1.3975254789146219 -0.4966015294451514 0.6453389896874856 -0.4470833058517287 0.37019052793198465
4.7422315 1.1331663290944787 0.2634446899684076 1.3974558859303903 -0.4967748066550026 0.6447400478365292 -0.4468933672564181 0.3712295522865265
4.7472305 1.133987989583903 0.2643838373488261 1.3978009020679811 -0.4965397091197098 0.6436670099644256 -0.44836375638795684 0.37163293652265394
4.7522275 1.1341657483549534 0.2661742341149247 1.3969870524470074 -0.4985126883837686 0.6440236201250524 -0.4462523928545269 0.37091438110838826
4.757224 1.1348647910797658 0.26756112042192187 1.3968722912701443 -0.4981219082324058 0.6433433878095423 -0.44653532878922897 0.3722768459678132
4.76222075 1.1363011918476846 0.2690886554072585 1.397215480507073 -0.4965433233804972 0.6416351914316747 -0.44798952704121164 0.3755720873335512
4.7672165 1.13607120617938 0.2706253746421723 1.3963854351844514 -0.49932208014779345 0.6423008380560062 -0.44553923239127674 0.37366012111225416
4.7722125 1.1367622118283827 0.2720200644906285 1.3960102946875046 -0.4983839768928734 0.64255569868246 -0.445039406109242 0.3750673441891106
4.77720775 1.1373591919816408 0.2735571703465985 1.3957714030687463 -0.49869456894275205 0.6421337105475166 -0.444644898520436 0.37584430141380637
4.782203 1.1376545074907547 0.2750526355944005 1.3953197141181632 -0.5006178276666924 0.641604046989649 -0.4438709592270725 0.3751061303999508
4.78719775 1.1382325086737188 0.276300712430188 1.3950743402257357 -0.5007715337452057 0.6412668480663277 -0.4437888567253407 0.3755744283200958
4.79219375 1.1386937546156375 0.27778182182777233 1.3943664174215384 -0.5005272757776336 0.6408153507042674 -0.44316390345043094 0.3774041430389506
4.7971905 1.139245391368209 0.2792223131777605 1.3942096357256166 -0.5015589233857085 0.6408553052445722 -0.44270400937377763 0.37650535746047153
4.80218525 1.139753138075728 0.28075257141190446 1.3937896602427067 -0.5021234088343967 0.6405687380502223 -0.4419706985421647 0.3771016782824256
4.80718125 1.140275777946526 0.2821635344320983 1.3934063144897046 -0.5025494467099856 0.6401486793153602 -0.44162753502164415 0.3776490994203402
4.81217975 1.1407812640679655 0.28356285097219713 1.393019857559245 -0.5029403607888715 0.6397171244099242 -0.44130799819448224 0.3782330564028428
4.81717675 1.1412555074456505 0.28501541062320607 1.392556695952391 -0.5032558116983249 0.6394889495412409 -0.44083954100981304 0.37874525804128245
4.82217275 1.1417435946350716 0.2864622624202049 1.3920817140075668 -0.5035008276472751 0.6392720893385193 -0.440198690408519 0.37953026929863987
4.8271705 1.1422282172672125 0.28791316908844805 1.391626913914151 -0.5038382475409545 0.6389421931409082 -0.4399874288822497 0.379882819517721
4.832167 1.143591981000242 0.28944304427855766 1.3918623295284875 -0.5024771521134674 0.6375926019199506 -0.441288977795946 0.38243486197873705
4.83716475 1.1439290888980949 0.2908326356639131 1.3913542181869967 -0.5026390926067691 0.6376391166230194 -0.44074496536275365 0.38277170094332247
4.84216375 1.1439756272851647 0.2919070477829532 1.3904532745319487 -0.5032769405648395 0.6379158278594372 -0.4403523388857195 0.3819234678570832
4.8471595 1.1441111982299583 0.29365308210989455 1.3897033457139965 -0.5047224698320938 0.6379176624329415 -0.4382680276086959 0.3824100160543213
4.85215775 1.1449885149496744 0.2943491582802511 1.389183741721335 -0.5051959378073902 0.6362790940831691 -0.43901818888857913 0.3836521975443449
4.85715675 1.1457129442691134 0.2965339143700326 1.3893153910713636 -0.5046828096645064 0.6361174780803611 -0.43861848497720046 0.3850501789976551
4.8621545 1.1461144758249093 0.2978691682638045 1.3887920722126588 -0.5047520192624453 0.6360524708762856 -0.4380974977843421 0.38565948163860125
4.86715125 1.146525067810448 0.29860208641079133 1.3877925533499522 -0.5032141663408455 0.6353755409762469 -0.44053465491027866 0.3860086042384433
4.8721505 1.146969490559784 0.300691734807495 1.3876392920352787 -0.5043180919974551 0.6352279383790095 -0.4378292025758203 0.38788441288432934
4.87714825 1.1474681734433199 0.30184735425436526 1.3870976373615334 -0.505138105355638 0.6340581894414984 -0.43822849595363367 0.38828017236797135
4.88214475 1.1478156351438127 0.303247175828039 1.3864331705546153 -0.5064024655795235 0.6343737063267083 -0.43696583437600967 0.3875401955466973
4.88714225 1.1476851191393205 0.3046556361316727 1.3859285492459334 -0.5072764464417608 0.6350363666599331 -0.43526770330849834 0.3872227348197874
4.8921425 1.1496104542301164 0.30490808691169363 1.3849862287786587 -0.5056580759538981 0.6341352751769463 -0.4374587499887852 0.3883454712715344
4.89714 1.1476474880012175 0.30695533118765794 1.383923879154191 -0.5089388003131501 0.6353190236022669 -0.4331287219659714 0.3869761568792035
4.90214 1.149260236196208 0.3087412986692033 1.384006197189119 -0.5081206414235074 0.6334569087582846 -0.43438059631069426 0.38969123168802133
4.9071385 1.1489736595710889 0.30992337600217496 1.3828283578870173 -0.5087564533304892 0.6345419889526829 -0.43266565373785293 0.38900355721529223
4.91213925 1.1491694097704108 0.31123296927876626 1.3823724833736781 -0.5095888495844396 0.6331499176179376 -0.4328509311275083 0.38997494486396883
4.91713775 1.1509874815932475 0.312590510838102 1.3821290119022633 -0.5067633474030128 0.6313244049182505 -0.4366852692328219 0.3923345270538501
4.92213675 1.1506474601706036 0.31386328978326417 1.3813562394400565 -0.5092345404564372 0.6319320736092975 -0.43333957972613857 0.39186585178189254
4.9271345 1.1508518756065658 0.31536558913599344 1.3804776145535937 -0.5100766248740004 0.6327741026052555 -0.43149548405106897 0.39144657243715336
4.932131 1.1505723916090496 0.31616414448198965 1.3795050815759342 -0.5116935633403499 0.6328053132361932 -0.4307596982021539 0.39009385432340243
4.93712875 1.15071302205626 0.3176685410110311 1.3787025261804409 -0.5122199109904408 0.633225396911002 -0.42913103457194324 0.39051621561602623
4.942126 1.1517313727801524 0.31906223591078964 1.3784434589592383 -0.5114938637510593 0.6315483271027464 -0.43021602823205746 0.39298206947769093
4.94712575 1.1522551687755478 0.3203177201632291 1.3777727121533376 -0.5120211765783219 0.6318301427070815 -0.42955339403047965 0.3925670225311793
4.95212525 1.1522730159409555 0.32118972258877293 1.3766476301692256 -0.5130889743905667 0.6324874749860497 -0.4281629932583349 0.3916321610244368
4.95712325 1.151632558748087 0.3226249605842223 1.3757402974533706 -0.5145867190154972 0.6318598246978254 -0.4268449578814874 0.39211867142084667
4.96212175 1.1519250464941595 0.3239529230633273 1.3750020998007737 -0.5148385103728694 0.6315337929268703 -0.4264559744562864 0.3927361435862314
4.96711925 1.1529661273764062 0.3254726987222952 1.3747520210785462 -0.5148861484457105 0.6304958149442771 -0.42646197576143 0.3943316684038339
4.97211575 1.153481361523599 0.3261741284313444 1.373584931031233 -0.5145986518616524 0.6310773531297239 -0.426561280680426 0.393668738526729
4.9771135 1.1536541201263724 0.32738314439320215 1.3727658501152278 -0.515302772212491 0.6310658782197586 -0.42563987705585893 0.39376338752697637
4.982112 1.153717857157412 0.328915785255446 1.3723031676522743 -0.5156125774731299 0.6295035191175706 -0.425203401854171 0.3963219100955058
4.9871075 1.15402423520126 0.33017752472885187 1.3715451117364752 -0.5155996420268205 0.6293405249841997 -0.42506207981620325 0.3967489647834638
4.99210425 1.154272488819339 0.33148100828345084 1.3707243418025952 -0.5160808662558568 0.6286489150664968 -0.4249002549449088 0.3973925696563446
4.99709975 1.1544483013595472 0.3321689155561325 1.3694935909480073 -0.5172859637846029 0.6299430994904439 -0.42353399103316675 0.39522889762177654
5.0020955 1.1542354912884438 0.3333305803772201 1.3684919570928789 -0.5184494264115991 0.6294620143093017 -0.42260934671506145 0.39546062365832235
5.00709375 1.1540119361898147 0.3345254420115543 1.3676541859658733 -0.5192926721992368 0.6290293563274236 -0.4210353581690118 0.3967195692803356
5.0120915 1.1541161412606367 0.3358112336734063 1.3667890390749269 -0.520643788624188 0.6295535734351517 -0.4196522399111231 0.3955810170870941
5.01708975 1.1544323178787335 0.33679721656636163 1.3659301241185149 -0.5204686485056758 0.6291180354569011 -0.4198194088829741 0.39632631417895386
5.022087 1.1544534888860525 0.33796282907154684 1.3651288645629545 -0.5212249878802658 0.629030182168405 -0.418871247846088 0.39647499247526463
5.027086 1.1553501811910034 0.3388741121076639 1.364376164564683 -0.5206094957656697 0.6291029437846317 -0.4189729088214888 0.3970603741420014
5.0320835 1.1556704232664814 0.33968605367574095 1.3631032059926738 -0.5198979130635465 0.627610460660894 -0.4202326633899382 0.39901851871985655
5.0370825 1.1557214851020192 0.34131874131761053 1.3629001238132648 -0.5210705757529074 0.6271008851175275 -0.41886661894675015 0.39972576912361424
5.0420825 1.155676716981285 0.3424377090565372 1.3619654588323713 -0.5217487371067719 0.6271713482672616 -0.4176180724094878 0.40003687434672514
5.047081 1.155232864011184 0.34315013920695014 1.360634995167254 -0.5239158728210728 0.628246142258285 -0.4155154462899339 0.3977007126448143
5.0520795 1.1562026061179822 0.34396244425154976 1.359826999776029 -0.5232306418060975 0.6282042743904561 -0.4165027415392571 0.3976362048443561
5.05707875 1.1559446811465899 0.3449597228224051 1.3585469474713794 -0.5239233650934177 0.6281661895092433 -0.41499634167979604 0.3983586101228547
5.0620785 1.1548394194331317 0.34570296049860527 1.3575293537063622 -0.52607718669111 0.6281648544340441 -0.4135141940400015 0.3970613562467025
5.0670765 1.1560183195059548 0.34664748268550805 1.3566661464718717 -0.5255046719024619 0.6262120486375611 -0.4145380241365873 0.39982688315665954
5.07207525 1.1555211916648662 0.34791606978413137 1.3559347025946553 -0.5261487613379374 0.6272197706609233 -0.412983266307149 0.39900834826465925
5.07707425 1.1557079113121311 0.3488033634785964 1.3550403202757029 -0.5270665918623283 0.6276082740218341 -0.4121890487545367 0.3980060931804867
5.08207175 1.1563293030458601 0.34961998131989663 1.3542619319837692 -0.5268864596477751 0.6278429723014106 -0.4118411162668788 0.3982345486313499
5.08707025 1.1558750953657728 0.3505437987037086 1.3529209002870874 -0.5270474391872543 0.6268805532003929 -0.4116558565866313 0.39972643720831563
5.09206725 1.1562483600844202 0.3511291455941386 1.3520213817943147 -0.5278511618847238 0.6256394611535278 -0.41178815297632704 0.40047338564855434
5.097066 1.156395058349404 0.3522348808088783 1.3511606833892436 -0.5275670833927556 0.627241703084419 -0.4105970622396647 0.3995633503117819
5.10206375 1.1561115616054498 0.35295392654988705 1.3500023799424565 -0.5293752144447645 0.6256739742266122 -0.41003443543048224 0.40020709897282203
5.10706125 1.155989571117512 0.35384005857521034 1.3491128466098865 -0.5287948764666793 0.6273935715799746 -0.4089645363311302 0.3993761297150549
5.11205875 1.1561016961820598 0.354532655197069 1.3487023253155201 -0.5288412890352374 0.6270579157059165 -0.4092897968722145 0.3995086025837263
5.1170545 1.1560773848570198 0.3552187338849282 1.3472693765803998 -0.5299901358480678 0.6255695928533966 -0.4089051604415717 0.40071150490750146
5.122052 1.1561111096455419 0.3558858435205138 1.3461525383754886 -0.5305475452402442 0.6260054341922308 -0.4086615135399631 0.39954006801893366
5.1270505 1.1551373449977165 0.35642580204527735 1.3452644550291881 -0.5315174883108664 0.6262954331836135 -0.4080891136898955 0.3983798002922004
5.13204775 1.1556095445834154 0.35704132157771623 1.3446471502317652 -0.530163170788208 0.6260848278216745 -0.4090139933110159 0.39956520617675634
5.137045 1.1560020827277053 0.35803510106193465 1.343867321733622 -0.5292502667636233 0.6262847005697252 -0.4089406067588504 0.4005361520594947
5.142042 1.1560327660315046 0.3587143588067012 1.3429334758465425 -0.5290684954098969 0.6261258943463175 -0.4089017963912843 0.401063850903709
5.14704125 1.1549566801718545 0.36017282839662934 1.3414743455947018 -0.5336429239701708 0.6270850148977785 -0.4040713520828894 0.3983917120286579
5.1520425 1.1548770418691878 0.36032248671646316 1.3401688099893705 -0.5333294455057407 0.6261982544032816 -0.4055027128464457 0.39875180076458
5.15704275 1.1553970396815951 0.36085007011110354 1.3399072025149552 -0.5311150810659542 0.6264940031016031 -0.40635819770358894 0.40036864250478493
5.162042 1.1553867596367793 0.3613458044599694 1.3389857373831207 -0.5308448593619315 0.6262590028577404 -0.40683516136214554 0.40061021967503163
5.167041 1.1550804045380674 0.3619848829945317 1.3380192684891563 -0.532062556230679 0.6271599020299377 -0.4051633795795605 0.3992775092473198
5.17204075 1.1550146284429308 0.3623646478343537 1.3369922471178481 -0.5317519514438023 0.6273556299743095 -0.4052050491138822 0.3993415128030918
5.177039 1.15382448737191 0.36316616204328184 1.3357255828250092 -0.534968073816877 0.6274972545798455 -0.4020447228298414 0.39801557298187873
5.18203925 1.1535829126327752 0.36363072764322707 1.334767509510023 -0.5352244844228687 0.6275798591743047 -0.4017363285820934 0.39785197489822105
5.18704025 1.1538996486727076 0.3634664986413702 1.333511122175445 -0.5352965766659104 0.6263849804006774 -0.4029999875387585 0.3983596884499747
5.19203725 1.1531483146584196 0.364128751243111 1.3324526246937767 -0.5351493146583942 0.6272990104807079 -0.4018364864411704 0.39829461537308103
5.19703725 1.1528268278702458 0.3646836577164975 1.331713397735001 -0.5359822594506706 0.6273358852614607 -0.4012812535524869 0.39767582295724
5.20203625 1.1525118952907039 0.365050399142258 1.330740977838409 -0.5364224604970611 0.6273498151299581 -0.40080313253429195 0.3975424534328189
5.207034 1.152073148358655 0.36553422648663303 1.3299463522362398 -0.537401804398591 0.6278866700710639 -0.39934165235945807 0.39684238038171693
5.21203275 1.151791733171386 0.36587878764726267 1.3290663735894621 -0.5375612344485364 0.6278746531289469 -0.39907800052354653 0.3969106809780994
5.2170285 1.1518855559338148 0.3656599379617886 1.3278377150276326 -0.5373318985428951 0.6265480570633651 -0.40001695710901275 0.3983696738252756
5.2220305 1.1517676950505857 0.36615886801227215 1.3273625069532042 -0.5358420169273327 0.6277865437180866 -0.40046889073781383 0.39797243117202524
5.22703 1.1514990984537044 0.36631341819066643 1.326335812568786 -0.5354875463847691 0.6280028146528401 -0.4007856848979551 0.3977893754687365
5.23202925 1.1502723153062875 0.36701905037046023 1.3250272128908895 -0.5388969622513101 0.6274084972238142 -0.3980158001523667 0.39690309209772623
5.23703 1.1506825964476814 0.36655110567159405 1.324628536162188 -0.5361445750313208 0.6276629310342676 -0.40019739284077377 0.39803302178764516
5.2420285 1.1494596425111967 0.3669615504002018 1.3233233201920518 -0.5387036099288819 0.6282390087653318 -0.39738376516902163 0.39648494510540555
5.24702725 1.1491321810664525 0.36720606608683004 1.3223591991136188 -0.538416753966348 0.6285643999758573 -0.39705746056635716 0.39668572842985833
5.2520255 1.1487678024035322 0.367142176193096 1.3214550086967343 -0.5387889259148899 0.6281597510288083 -0.3974915899910537 0.3963864987424383
5.2570255 1.1482089385536292 0.36720173889954105 1.3205486305429217 -0.5395655428932161 0.6289042024467458 -0.3962800479966409 0.39536142025613913
5.26202475 1.1480020936653466 0.3673072000268919 1.319783163538959 -0.5393072002060977 0.6287885844874093 -0.39685710485040154 0.39531898278976896
5.26702425 1.1476239269185375 0.36740176515150047 1.3188293261302315 -0.5393063439048287 0.6289057202016896 -0.39658242177180786 0.39540946531818
5.2720245 1.147117113472143 0.36747073578675143 1.3179107524639224 -0.5392490665024708 0.6292933608465471 -0.3960338338910823 0.39542067811914156
5.277023 1.1465100929019019 0.36733841204760576 1.317019773258636 -0.5406634602608134 0.6292744127110178 -0.39504768570359666 0.3945048317400433
5.282023 1.146096348773957 0.3673670141501042 1.3161502686899609 -0.5400845912148864 0.6294898179658909 -0.39493475535932826 0.3950667569143045
5.28702325 1.1456585991895545 0.3671306392405059 1.31528688031678 -0.5399139537758163 0.6288619846782745 -0.395516791180973 0.3957170638708597
5.2920225 1.145007395595577 0.3672072024780743 1.3144927166989386 -0.540961034458977 0.6298443449710813 -0.3940065492300998 0.3942284863740971
5.29702125 1.1444980043066055 0.36704742566398646 1.3137358821595557 -0.5410921092242486 0.6299956438226061 -0.39382040229974563 0.3939927776397181
5.3020195 1.143820207908849 0.366764624325168 1.3125661601790546 -0.5413050916642316 0.6300132585573844 -0.39363825841436834 0.393854050750766
5.30701825 1.143375416001056 0.3665246108113195 1.3116556689496193 -0.5411019620520937 0.6299577729042329 -0.3934623930375783 0.39439728230054466
5.3120175 1.1432987276274793 0.36630287537673784 1.3108794612006751 -0.5403622165933704 0.6304544021607845 -0.3944597283535424 0.3936209399684382
5.317016 1.1426169336877194 0.3661645105848334 1.310011900491887 -0.5410044171634325 0.6307768023674448 -0.39353394408877757 0.3931486755092619
5.322014 1.1420362140693834 0.3658158927181899 1.3091982312821884 -0.5412728631383247 0.6308254662516922 -0.3930211271207165 0.3932140795993158
5.32701125 1.1412623013402126 0.365736277462265 1.3084824872825316 -0.541886069714461 0.6315217681661913 -0.39215440049886247 0.39211563339280314
5.3320105 1.1406570233158198 0.36533249397788053 1.3077517977234596 -0.5424357805248458 0.6317843179229892 -0.39175638963008896 0.3913296958026349
5.33700875 1.1400983405308147 0.3650382016287704 1.30694775514469 -0.5424107696442619 0.632058740411061 -0.3917369429312524 0.39094049826895555
5.34200625 1.1397549646359697 0.3646485633448204 1.3062107533237217 -0.541929930283018 0.6320607798645898 -0.3922644876190492 0.3910750477509079
5.34700325 1.138825891869429 0.3643206443106104 1.3049809275308355 -0.5432332858505771 0.6326639528202482 -0.3909909834075333 0.3895638212666237
5.35200375 1.1386157418924219 0.36393424846943834 1.3046998877952605 -0.5422518486653245 0.6325452045270649 -0.3920392786574548 0.3900701229761052
5.3570025 1.1381212895167903 0.3636932853496792 1.303898523064222 -0.5421154021815714 0.6331282033572634 -0.39208931004581643 0.3892628183874137
5.362005 1.1377029188287202 0.3630215145191787 1.3029177712917512 -0.5412179237113519 0.6334620711341703 -0.392831957625722 0.389219753553084
5.367004 1.13675387569296 0.3627332938027254 1.302317073567537 -0.5421636161807417 0.6336584495848582 -0.39183011263431067 0.3885932904625589
5.372005 1.1360955003224027 0.3621678009530096 1.3016086790976829 -0.5419284765392574 0.6335841172917868 -0.39229699865272194 0.38857143163065005
5.377004 1.1361496747117241 0.36143624279388953 1.3014826313044978 -0.5397246772227335 0.6340724755932863 -0.3935215763467423 0.38960253777586284
5.38200475 1.1344679405549078 0.3611252081243847 1.2999070476131278 -0.5435881093614727 0.6336085567736675 -0.3912435749237829 0.3872733262501667
5.38700125 1.1341618138361125 0.36075748952827086 1.2993777596672742 -0.5429422880733968 0.6351525444542467 -0.3911031419155802 0.3857891256615228
5.39199975 1.1344095755900643 0.35977695078294997 1.2992941419291442 -0.5403815233948059 0.635207503223848 -0.39356049718213604 0.3867937073937266
5.39700125 1.1329015977728598 0.3597392648357582 1.297889864616259 -0.5428312452504853 0.6356605304336304 -0.3908207487144755 0.38539469586762626
5.40200075 1.1323115108895148 0.35904928091490707 1.2978389278334466 -0.5424439613503313 0.636183633646065 -0.3909950318222391 0.3848997507998358
5.407002 1.1315623493433709 0.35844991128505665 1.2971357417373426 -0.5420534225151664 0.6367844040685189 -0.3910218431691068 0.3844289635801785
5.41199925 1.1309128903379662 0.35767749409460553 1.296408297518074 -0.5418194700582494 0.6372794954650461 -0.39126601706563274 0.3836892107099313
5.41699975 1.130221355607365 0.35706993966128725 1.2958723801703442 -0.5420799329672312 0.6375726396437207 -0.39119829967758 0.38290255389766054
5.42199675 1.130293353003858 0.3565452311054483 1.295704621901441 -0.5407775903613693 0.6373720321038033 -0.3925217981927408 0.3837227233281299
5.426997 1.1297123702357017 0.355942494398888 1.2950789098526485 -0.540263395686514 0.6379702931990074 -0.39248778029046544 0.38348756250954563
5.43199875 1.1296806451124637 0.35510049825212836 1.2945922287709313 -0.5378340855825322 0.637288902419009 -0.3957514684171995 0.3846792514352789
5.43699775 1.1283095347016017 0.3545382327608764 1.2940849851336629 -0.5400891339558965 0.6380957261677108 -0.39333206290767364 0.38265841153444574
5.4419975 1.126317079922954 0.3529839998713285 1.2928462929629043 -0.5425865676736222 0.6395199061534828 -0.39135002591581963 0.37876016610684604
5.446995 1.125919430970866 0.3526182577690644 1.292421901015176 -0.5420047429350257 0.639761421028642 -0.3914665174880085 0.37906483414471526
5.45199375 1.1254425021625585 0.35182755762426166 1.2917428753076405 -0.5407807429061628 0.6401874635125854 -0.39204519837610746 0.37949540457483727
5.456992 1.1262416665572739 0.35128334739519773 1.2916452847484814 -0.5380474382601298 0.6412900538046308 -0.39319396980956356 0.3803294929115564
5.4619925 1.1243144783261496 0.3500330234438632 1.2913076803050267 -0.5403510183282629 0.641132756247307 -0.3926789665476151 0.377852874925463
5.466991 1.124308275480646 0.3493318683125302 1.29127793383562 -0.539354336518479 0.6411871302047066 -0.3939108545466508 0.3779023715311817
5.4719915 1.1229070287554443 0.34823905315071657 1.290442547276421 -0.5401086483260288 0.6419819792883836 -0.39316393356482 0.3762497941743452
5.47699 1.12300189476861 0.3476605019756656 1.290424340164407 -0.5381059469311169 0.6422389747461323 -0.3944551317364024 0.3773277597013242
5.48198925 1.122161583577486 0.3466425847555952 1.2899770345153403 -0.5382124173249934 0.6426080166055501 -0.39469932229828575 0.3762908128146929
5.486989 1.1210161861185515 0.3453023206826933 1.289452091015675 -0.539430915354088 0.6428058152107414 -0.39430341156966825 0.374619528476594
5.49198825 1.1207721058053863 0.34454784646574654 1.2891300518675268 -0.5380945158814515 0.643212773835548 -0.3951432308410596 0.3749579265378658
5.4969875 1.1206189586014428 0.3433245735590149 1.2888069548022068 -0.5364184909588733 0.6428802036282292 -0.3975293758449404 0.37540730104869297
5.5019885 1.1195931809185105 0.3425121031777407 1.2881333860250774 -0.5365932281694223 0.6440980617377722 -0.39666682353831045 0.3739797126214068
5.506989 1.1186337480490611 0.34101192673393455 1.2879274749479142 -0.5362105222110215 0.6452245312178932 -0.3969146048797738 0.37232026082120023
5.5119885 1.118567506292986 0.34020836517370634 1.2880211609738068 -0.5355751623158173 0.6449045121429414 -0.3979456517928131 0.3726884408554334
5.51698675 1.1173268463977626 0.33939183543308005 1.2876374518263949 -0.5359898030459624 0.6452667619787513 -0.3971620074093302 0.37230105665549623
5.5219855 1.1160030084171026 0.33795587724867354 1.2872643904016607 -0.5366673849633705 0.6464941201257934 -0.396237301413633 0.37017492017665815
5.52698575 1.1157518946931781 0.3372124931201067 1.2871839176823368 -0.5362811321346649 0.6463734677927555 -0.3967859755082807 0.3703576340375231
5.531984 1.1156262932266352 0.3357770200335114 1.286829451626793 -0.534389319395529 0.6461335731078499 -0.3993659858114442 0.3707374682922125
5.5369835 1.1146965837065579 0.3348547215116385 1.2867783839271831 -0.5345801129950357 0.646821943060315 -0.39892835727358994 0.3697318521968161
5.541981 1.1131859383784624 0.33356662747784177 1.2859210581552167 -0.5367895388446328 0.6477668168757434 -0.3959895336885893 0.3680318344256742
5.54697875 1.1127597164252465 0.33214265279671595 1.285646082341757 -0.5364856430174807 0.6474086099919918 -0.39750249043862923 0.36747383123080285
5.55197875 1.1125358647924506 0.3312400531621603 1.2862141264256306 -0.5336072284393326 0.6484967340146827 -0.39926170112980097 0.3678388312026358
5.556976 1.1114206686699661 0.33012044388275597 1.286049422549241 -0.5335858064178655 0.6495985797187593 -0.3983851427807505 0.36687484300279855
5.5619775 1.1108178622392295 0.32890756028127366 1.2861224066087311 -0.5334497298642566 0.6497343526810258 -0.3987270054456728 0.3664606824507189
5.566977 1.1100965652281491 0.32731426187176393 1.2860875815957238 -0.5321400903870045 0.6506400313012904 -0.3997774514820603 0.3656124494019253
5.57197875 1.1094710611435474 0.32631545048392807 1.2859719036344057 -0.5320663418371671 0.6507769432857605 -0.3998151854700157 0.3654348032676061
5.57697725 1.1086689082667356 0.32510255670273497 1.2858587227036637 -0.5322042192723426 0.6510415764274893 -0.3998471615263353 0.36472699676725157
5.58197625 1.1080265666432885 0.32382797046370676 1.2857981675167836 -0.5315999312152492 0.651533668163413 -0.4003944858618734 0.3641286147405559
5.58697625 1.1064855141520105 0.32271367263889883 1.2853268586605713 -0.5332192589540239 0.6524229280582934 -0.3986788675209638 0.362045170409117
5.5919755 1.105502942817953 0.32137046313549694 1.2852308693843153 -0.5329997482466461 0.6528707067704103 -0.39890776705599496 0.3613083198495669
5.59697425 1.105241303556497 0.3197045721231119 1.2851422384165263 -0.5325332089616854 0.6525617214350928 -0.39991344811431284 0.36144268575800365
5.60197375 1.1051135152467872 0.31859814521711727 1.285757652519362 -0.5296773349399014 0.6532727167142305 -0.40191973659785674 0.36212871162182314
5.60697575 1.105058343566579 0.3168627346462351 1.2857484215307546 -0.529244664156607 0.6526179895198359 -0.40300681226664964 0.3627331725711355
5.611976 1.1043161326861801 0.3154626544956681 1.2858182923586559 -0.5286001801646132 0.653122700490765 -0.4035536097612176 0.36215614268196483
5.61697625 1.103480252429524 0.3141469149324072 1.2858103754685286 -0.5285767369324104 0.6534054841268438 -0.4036944640011907 0.3615227326485038
5.62197875 1.102153341535559 0.313233446708756 1.2859861695400745 -0.5274440660725324 0.6545110562838976 -0.40386105235990066 0.3609906989851186
5.62697825 1.101376450002679 0.31192892473874034 1.2861484317468077 -0.5274757714876089 0.6552889116944528 -0.40357334162331454 0.3598531792757194
5.6319785 1.1006547592335079 0.3104577544582128 1.286146044661979 -0.5271606284370711 0.6558356678430636 -0.4038517366640239 0.3590056035831847
5.63697875 1.0994985877645178 0.3087367416378452 1.2862714466787826 -0.527355191106098 0.6561709938413219 -0.4039654411843539 0.35797772498225805
5.6419775 1.0981788775263346 0.3079001780172865 1.2859417928134373 -0.5284799254266705 0.6570764910472155 -0.4024554889734297 0.35635520583998326
5.64697575 1.0985867938907754 0.3063900458724848 1.2867202243238216 -0.5254671832096223 0.6569014142952139 -0.4052057717818888 0.35801264472269273
5.651975 1.0978221737925655 0.30493535520597653 1.2867624866988898 -0.5253000419744903 0.6572873982218405 -0.40537469063683024 0.3573576670948258
5.65697325 1.0971400074436388 0.30356321620623083 1.2869726311635823 -0.5246221471580789 0.6577765935293218 -0.40585330205318904 0.3569098666732698
5.66197625 1.09661978218942 0.30199203986579715 1.2868990278822552 -0.5235577671879489 0.6574738659102005 -0.40799822578647216 0.3565849517539348
5.66697625 1.09590212631527 0.30069361522081395 1.2872388431810433 -0.5228169423585899 0.6579473894615883 -0.4076216131277085 0.35722863546286554
5.671975 1.0940619784824843 0.2993496785325667 1.2868768206226793 -0.5244863848077419 0.6588772983781155 -0.4059207774209225 0.35499726800533976
5.67697225 1.0944192238681314 0.29779355457005857 1.287622206076943 -0.5215791664860033 0.6587767314500977 -0.40805772305102594 0.35701160463786596
5.6819765 1.0944478385802763 0.2960059548679024 1.2879752572724783 -0.5221375943185017 0.6579999327706989 -0.4088064000259797 0.3567712829963226
5.68697625 1.0921532795540696 0.2950080860570081 1.2873159973413533 -0.5227386687937433 0.660385938427121 -0.406181232272202 0.3544735575826654
5.691976 1.0913931382725033 0.2935825726731048 1.2876666193996167 -0.5222049552280109 0.6607243820169463 -0.40697702450447076 0.35371595563265606
5.696973 1.0916663326732634 0.2920699085724953 1.2887911770223832 -0.5200206537563326 0.6599307161054352 -0.40947500728180364 0.35552804111486175
5.70197225 1.0900417600411583 0.2907664683380437 1.2884775001917297 -0.5221957005198485 0.6610328593021324 -0.40752360576494484 0.3525219426160159
5.70697275 1.0893064916982382 0.2893360207082752 1.2887323770744052 -0.5218545984029563 0.6614097042090599 -0.40784322782969196 0.3519501141031653
5.71197425 1.0887836656092311 0.28784952341276615 1.289038993554472 -0.520807601807799 0.6618507631785087 -0.4085599073156506 0.35184060498109315
5.71697175 1.0880738453686445 0.28633369823364246 1.28931781587374 -0.5204838286719539 0.6622121029629847 -0.4087887395021827 0.35137370595498757
5.72197475 1.08740315832182 0.28507548697006274 1.289612293892748 -0.5204661720714636 0.6623441872067444 -0.408831069490631 0.3511015494438349
5.72697475 1.0867904490484412 0.2835177011345521 1.289906228057922 -0.5196973427616972 0.6627530436305683 -0.409372933712623 0.3508373928593834
5.731975 1.0861593583260234 0.2820780324886718 1.2902279163172106 -0.5194050936156387 0.6629495833712407 -0.409728942246402 0.35048308449862836
5.736974 1.085774097530936 0.28089388633431966 1.290231272310289 -0.5177126129347154 0.6633084327233517 -0.4099798009530649 0.35201155705017084
5.7419735 1.08497819554061 0.27953817720597535 1.290764404599327 -0.5178404434931588 0.6636889580156783 -0.41004766260301273 0.3510258629854467
5.746974 1.084394945998727 0.2779234996825086 1.2911588953024293 -0.517265643346018 0.664108467326021 -0.4108614880824172 0.35012717039729274
5.7519735 1.0835345785379162 0.276541388129086 1.2914024157552875 -0.5176933673501981 0.6641526614349714 -0.4106811780231099 0.3496223530153755
5.75697525 1.0827573851210015 0.274767956276418 1.29168022559043 -0.5171009540394486 0.6642492645115927 -0.4115455876191279 0.3492989367841346
5.761974 1.0826413581860825 0.27366419494391675 1.2919162541200107 -0.5154117263509406 0.6645379751281779 -0.4117666429789825 0.3509818566283787
5.766973 1.082065863229295 0.27248464910786774 1.2923019931974602 -0.5154332788461894 0.6643421113785454 -0.4119210530614544 0.3511397729561625
5.77197375 1.081420814463907 0.2708060531434098 1.2927804802423952 -0.5153424328774894 0.6644582349237605 -0.41297856549102907 0.34980871253141016
5.776975 1.0808450451192297 0.2695553548881096 1.2931950929236464 -0.5150730381980958 0.6641801514962496 -0.4133596415985046 0.35028316884680244
5.781976 1.080174529965122 0.2682451408902439 1.2937344810517803 -0.5149754915307234 0.6643827309929875 -0.41364216401689746 0.34970843574098615
5.78697525 1.0796273895648214 0.2667924827993033 1.294101710171354 -0.5144033711299302 0.6646978839648091 -0.4140003374522871 0.34952770335448485
5.79197425 1.0790191762090147 0.265579431675113 1.2944933302000339 -0.5143977697231121 0.6648737786595574 -0.4140092279657209 0.3491907102345044
5.79697175 1.0784655691835985 0.26421344872491137 1.2948859766827994 -0.5139431721749109 0.6647552828898547 -0.4145668873015964 0.34942399115957223
5.80197175 1.0779610994926943 0.26280986017111463 1.2952604787554782 -0.5130496035588097 0.6650300179017224 -0.41514032608564644 0.3495335309169725
5.80697125 1.0774414809956874 0.26160804500575524 1.2957064231115591 -0.5130887552005124 0.6648621575348287 -0.41526441277557774 0.34964797761044736
5.81196925 1.0769473458895538 0.2602890190717006 1.2961641365287442 -0.5129636811997734 0.6649400081212948 -0.41564167674646235 0.34923494086505513
5.8169675 1.0764624785849906 0.2589487048491774 1.296466920767444 -0.5129034623842267 0.664964931630957 -0.41566005184701144 0.34925406121310676
5.82196875 1.0760222836060245 0.2576569598588828 1.2968983896000623 -0.5123310684755591 0.664945749345806 -0.4159561352696755 0.3497778155245868
5.82696775 1.0756011819283415 0.25611915972315624 1.2973752100118892 -0.5114090584459706 0.6649998750557015 -0.41687616012898965 0.3499288616725068
5.83196875 1.07506721827442 0.25509110760523446 1.2977320572416498 -0.5117027481518095 0.6648534401895092 -0.4167768604148305 0.3498960548860441
5.836968 1.074530245215057 0.2536787951552794 1.2980570535501685 -0.5110033996254513 0.6643248132741574 -0.4176970835056447 0.35082362302211895
5.8419665 1.0742899102675296 0.2521674019509394 1.2987637503349392 -0.5095091527487235 0.664193662858061 -0.4190574095110996 0.35162208266591644
5.84696525 1.0735826968329116 0.2512123462287351 1.2989070132005376 -0.5109457486624768 0.6642270572400166 -0.4181671797889176 0.35053254927523064
5.85196525 1.0731736571850832 0.25007542496246143 1.299392550342809 -0.5108356256033633 0.6649408358049654 -0.417697934528228 0.34989867673980546
5.85696525 1.0727226075362635 0.24889321141263154 1.2998142351910384 -0.5106883246951965 0.6648507556650626 -0.41796060773139737 0.3499711960953497
5.86196425 1.072281231333214 0.24771584108498987 1.3001660698446529 -0.511001007702566 0.6648419142771705 -0.41802524562749455 0.34945399291652496
5.866966 1.0719454394930892 0.2465071494919518 1.3006008244031941 -0.5106627182244748 0.6646892099820618 -0.41839402077888616 0.34979749245168984
5.87196525 1.071485697114979 0.24519862584839014 1.300930760284221 -0.510522806119251 0.6643371120149111 -0.4188258045333434 0.3501536969515108
5.876964 1.0710586143152194 0.244081659175943 1.3013408654020986 -0.5105777434401386 0.6642095394604856 -0.4188982553846181 0.35022893545363876
5.88196375 1.0706569523890996 0.2429960080505016 1.3017524113904497 -0.5105489713739518 0.6640828424710887 -0.41902219792902573 0.3503628459286849
5.8869635 1.0703158896085043 0.24167177966706702 1.3021244424697027 -0.51003718553528 0.664104694970186 -0.4195325458810208 0.3504560834632436
5.89196275 1.0700467042779238 0.24074284580436753 1.3026185172537605 -0.5103012095696677 0.663844278685658 -0.4195880896811101 0.35049862220244077
5.89696175 1.0697212031063446 0.23959822357971283 1.3030551896414815 -0.5100798977172013 0.663481723235439 -0.41994062647380365 0.3510845640499325
5.9019635 1.0694066091737737 0.2384584354527947 1.3034684073536518 -0.5099665685057598 0.663255896595243 -0.4202233641094679 0.3513374999834521
5.9069625 1.0690318909920924 0.23718859438831444 1.3038101001570124 -0.5092538864555416 0.6626938640684963 -0.42108544339020143 0.35239802925210717
5.9119615 1.0687295969125856 0.2362552216480757 1.304277398068738 -0.5100057175654886 0.6628743663413951 -0.4205242540717224 0.3516405753541909
5.9169615 1.0685288575620397 0.2351988449883744 1.3046378134338477 -0.5100372932475369 0.6625646991772424 -0.42064246309543923 0.3520367837909819
5.92196125 1.0682612378898118 0.23416674777745022 1.3049705093604635 -0.5098842225706172 0.6626310132807977 -0.4207478470978002 0.3520077683440905
5.926962 1.068897050919411 0.2329961534272108 1.3059527078003472 -0.5077227402494868 0.661710546783978 -0.42285638733287273 0.3543292917614807
5.931964 1.067651624493987 0.23197037846473365 1.3057620080335341 -0.5098023913987725 0.6619689898383866 -0.4212245689807955 0.35280085133596506
5.9369625 1.0674136716478522 0.2309312418322991 1.3061684549900772 -0.5099825127623562 0.6615885318789345 -0.4214055493884492 0.3530379782792333
5.9419615 1.0674074800466309 0.22972691615307633 1.3064499923164232 -0.5093696372966043 0.6607730261329076 -0.4229079690913195 0.3536529799316573
5.946961 1.0669134595422731 0.22875463802554843 1.3069489212228278 -0.5098397412357236 0.6610043657750582 -0.4219099980941521 0.3537352402450116
5.951963 1.066637022511907 0.2278012506759113 1.307278354943413 -0.5101192009852413 0.6607723377420667 -0.4217853549517945 0.3539144427813761
5.9569615 1.0664251570876722 0.22673891976074603 1.3076976613885576 -0.5102758845088285 0.6603829921209551 -0.4219522436736945 0.3542162185231536
5.96195975 1.0669425413670204 0.2253914471388747 1.308586041612319 -0.5080076800162877 0.6597101988585137 -0.424213012630481 0.3560252385456696
5.966961 1.0659551603099586 0.22464699036299673 1.3084310357086497 -0.5105750150401027 0.6596592317931009 -0.42230174258159286 0.3547169154966882
5.9719595 1.0656744630524604 0.22362045983622642 1.3088021790024398 -0.5108428846150438 0.6592490625350913 -0.42243486545471487 0.35493521272626793
5.9769605 1.0654377643575235 0.22273689930449508 1.3091546129489373 -0.5108275175411068 0.6590352180908615 -0.42234431366541975 0.35546182545135047
5.98196025 1.0661546740567913 0.22167144771739708 1.3101390831723854 -0.509090633671041 0.658092841087071 -0.4241921766898675 0.3574934075664576
5.98696075 1.0660067840761376 0.22071826367193859 1.3105092042173663 -0.5091584726902405 0.6577324196743491 -0.42446859770943823 0.35773191548371874
5.9919585 1.0653973002543111 0.21952452213854534 1.3106245532099219 -0.5097646712302665 0.6576913638470678 -0.4242128936283675 0.3572470724385708
5.996959 1.06472012225048 0.2187627150907035 1.310625048853222 -0.5116689790504951 0.6574563821227148 -0.4227833609901252 0.3566513579862389
6.00195775 1.0645057201897443 0.2176767655828289 1.31084596763362 -0.5119526501346168 0.6570983131319493 -0.42294676423052213 0.3567104225085389
6.00695675 1.0644305760748027 0.21686592909997354 1.311313574724183 -0.5117373867460561 0.6568507909191934 -0.4231232327424038 0.3572654690685418
6.01195475 1.0652417120391449 0.21592095790188787 1.3122527925024732 -0.5098976704407236 0.6559417839428894 -0.4249619292605323 0.35937737885975707
6.01695425 1.0650729201412703 0.21495169513575405 1.312521706194638 -0.5102489436171773 0.655551477334085 -0.4250350069956083 0.3595045464676303
6.02195625 1.0645741221680063 0.21371659604273519 1.3126338513230484 -0.5109216184938603 0.6556233424655928 -0.42479862148279873 0.35869661798819924
6.02695725 1.0639392078140641 0.21303467940946025 1.3125968826524184 -0.5127163709548352 0.6554256565426401 -0.42359533098934343 0.3579191630306789
6.0319565 1.0639676058116243 0.21203228032113636 1.3129553944201973 -0.512958049809218 0.6549755305927226 -0.423838897550588 0.35810847851427285
6.036957 1.0639668276978809 0.211092389716791 1.3133095443041811 -0.5129411865431551 0.6546847244491866 -0.4240513899938169 0.35841270815207493
6.0419555 1.065012407663985 0.21017801782071044 1.3143905502046762 -0.510438164957274 0.6539709701486659 -0.426112715600381 0.36083625588559193
6.04695525 1.0649464995360969 0.20928629512372843 1.3147438370739772 -0.5105606669910862 0.6537444666442899 -0.4262175174864378 0.3609495885041126
6.0519565 1.0646979724172778 0.20823009726391833 1.3149412626498407 -0.5112679536326965 0.6534477613053037 -0.4262423015347255 0.3604561044228571
6.05695575 1.0639715293300926 0.20709770893663507 1.3148794828764303 -0.51245687550336 0.6536350292003664 -0.425550988958191 0.3592430307581144
6.0619545 1.0640203028563828 0.20621742606997626 1.3152145251864757 -0.5124621380094313 0.6534010553779084 -0.42571769746277005 0.3594635725700665
6.06695325 1.0648742773486566 0.2055063641157801 1.316073333521757 -0.5112043884947909 0.6527821835688261 -0.4267732421380035 0.36112337752324947
6.071953 1.0649151008362656 0.2045413590978196 1.3164253390169944 -0.5113418258126043 0.6525304588519805 -0.42690063834260517 0.36123314137511275
6.07695275 1.0649407200677568 0.2035672978943052 1.3167271285433133 -0.5117255257637046 0.6521836515091715 -0.4270623557484141 0.3611249303061739
6.081955 1.065060039178774 0.2025790062077957 1.3170592654622377 -0.5118002898518712 0.6518814807627312 -0.4273293708541358 0.36124867771597163
6.08695825 1.065106166199496 0.20158555550122056 1.3172525045709365 -0.5119994328229625 0.6517590303116131 -0.42736599390109775 0.36114409098468936
6.0919575 1.0645256266484413 0.20054556235036575 1.317136405658222 -0.5131652188227873 0.651999593095548 -0.4265798588410484 0.35998279517909154
6.096958 1.0654243373165495 0.19977674184050695 1.3179904159106486 -0.5120389915058676 0.6513839890962178 -0.4276340187693277 0.3614472519164402
6.101958 1.0655337554064201 0.19879662637989326 1.3183016324467176 -0.5121954666406949 0.6511569917602701 -0.4277455140172752 0.36150262968965174
6.106957 1.0656864594622764 0.19782698493802534 1.3186396931044608 -0.5123454846617468 0.6508590481460476 -0.4279148077311544 0.361626217409012
6.11195525 1.0658414235688594 0.1967359044386842 1.318862640020683 -0.5123117561388457 0.6506787048458343 -0.42815208911075947 0.3617176746748376
6.1169525 1.0660367849454198 0.1958054123702833 1.3191913024839064 -0.5123648211262524 0.6504781994756725 -0.4283491713085658 0.3617698018331761
6.12195225 1.0662255062624906 0.19486695103708723 1.3194192127613986 -0.5125620547227533 0.6503619205138493 -0.4283811606790805 0.3616615732686716
6.12695075 1.0664182805675315 0.1939188261567719 1.319656744010303 -0.5127714238819373 0.6501791406832359 -0.4284174404301617 0.3616504508579635
6.131955 1.0666455600872802 0.19292737433673401 1.31988989515438 -0.5130405347668644 0.6499557529728521 -0.42847366185161173 0.3616037195094834
6.136956 1.0669000859838864 0.19190227930850284 1.3201643571033685 -0.5131251549526358 0.649730980060915 -0.4288242923444687 0.3614719286461701
6.141956 1.0671394998881651 0.1909358279486657 1.3203829664313544 -0.5133072275352925 0.6495327986104216 -0.42896292458104013 0.3614050954596875
6.14695625 1.067376270140188 0.18999198304072462 1.320558298915889 -0.5132847305486263 0.6495484382637644 -0.42890837174935387 0.36147367867943986
6.1519535 1.067691953078944 0.18908978556912767 1.3206990151319098 -0.5132153246038449 0.6494167023081664 -0.4290879518538208 0.361595778361487
6.1569515 1.0679895162014479 0.18804594030413854 1.3208467118842826 -0.5134458660060984 0.6491847532254809 -0.4292973128583727 0.3614364619589445
6.161952 1.0673427858314288 0.18703209767104947 1.3204752491491845 -0.5158743377980392 0.6493934066211461 -0.42770660413018735 0.3594842581001852
6.166953 1.0676083330454782 0.18606227352724333 1.3206337981737803 -0.5161025806698666 0.6492132952278238 -0.42780026932990617 0.35937049557051015
6.1719545 1.0690220588771886 0.18507289084419065 1.3215402177460889 -0.513541839711378 0.6485086723631697 -0.43003320976550025 0.3616389348983233
6.176956 1.0693145645039333 0.18401943579384505 1.3215433019105478 -0.5138546859851463 0.6482325806082244 -0.43029708838964026 0.36137556482488736
6.18195775 1.0699046983920002 0.18298242000755732 1.3216724199440697 -0.5132976428685053 0.6481961744630343 -0.4307851810895722 0.36165090486648616
6.186957 1.0701104678529938 0.18198919389028415 1.3217459927144848 -0.5139835884753908 0.6478706277989188 -0.43042936493166056 0.3616836770133847
6.19195725 1.0704247340915338 0.18107823730247163 1.3218629798477128 -0.5142545506164825 0.6477030430823019 -0.43036546810397086 0.36167470054707374
6.19695625 1.0706369652406396 0.1801753649705197 1.3218742578114764 -0.5147610423968498 0.6475007293142921 -0.43021548236634677 0.3614948319136252
6.20195525 1.0700410521633485 0.1791359973326425 1.3213121382854058 -0.5173468756331687 0.6477869123468808 -0.4283666122154513 0.3594806976789578
6.20695275 1.0713821723370445 0.17809060825882345 1.321992501972699 -0.5153647468358615 0.6468912527672805 -0.4304423543316369 0.3614557571950189
6.21195125 1.0717660103362536 0.17711591526665946 1.3220532191817385 -0.515551889936104 0.6466269344563624 -0.43051875892151925 0.36157081551966164
6.216949 1.0721361024190188 0.17622905036110853 1.3220680485615308 -0.51565751718832 0.6464459578512615 -0.43046829634821404 0.3618038064808174
6.22195175 1.0726404731233279 0.17518990233128948 1.3220650964377811 -0.5157273936742883 0.6461242633292583 -0.43057582888575313 0.3621507246030241
6.2269515 1.0729793817806097 0.17418311853833068 1.3222924682150297 -0.5159521471291739 0.6458819927876621 -0.4305370583146087 0.36230881121391023
6.23195225 1.0733713921609742 0.17313948892601305 1.3222456579425264 -0.515725734959185 0.6450531957222838 -0.4312668182814246 0.3632385888623264
6.2369515 1.0736891446554566 0.17224872788107867 1.3222688636532045 -0.5165365238011213 0.645345046527271 -0.4303892054423939 0.3626084973367737
6.24195475 1.074064331951864 0.17121719080412046 1.3222080976772124 -0.517051079297857 0.6451390632839656 -0.4301941887658402 0.36247307537817103
6.24695425 1.0744764796801172 0.17022494220540035 1.322273205128945 -0.5174924843822725 0.6447441105071757 -0.43021453569723583 0.36252174258792536
6.2519555 1.0748961387918206 0.16928678329167446 1.3222534685479095 -0.5178188992263587 0.6444081702701081 -0.4301814730227891 0.36269215315619524
6.256955 1.0753322115238801 0.16835226613950724 1.3222681182050149 -0.5180550403349012 0.6441763911585702 -0.4300007824738579 0.3629808250161358
6.261958 1.0759314555551551 0.16736484110778138 1.32220098708821 -0.5182005224414835 0.6438595771322545 -0.43001950487974033 0.36331293522173225
6.26695975 1.0763585711824315 0.16639332704082568 1.3222350129005107 -0.5183471366787951 0.6435248024733 -0.43004696190225516 0.3636642477027884
6.2719605 1.0765944236427825 0.1653272399689516 1.3220925029468482 -0.5188931988189174 0.6433754787045163 -0.4298412862203154 0.3633927768705246
6.2769605 1.0771175642755637 0.16442451236535702 1.322198535231261 -0.519036131078547 0.6430732897577283 -0.42977689385115664 0.36379947793645584
6.28196125 1.0765594688771283 0.163415149951781 1.321444706551005 -0.5214526379419203 0.6427611360267153 -0.4281840969641818 0.36277217024466885
6.28696175 1.0780446371515378 0.1625300959925803 1.3221582713547766 -0.5197116795813591 0.6422907855502327 -0.429588193858237 0.36443970777291174
6.29196275 1.078522825100944 0.1615900680917718 1.3221117810968117 -0.519736085034636 0.6421072581762496 -0.42971070522428934 0.36458384594753074
6.29696325 1.0789257819996807 0.1605294921538336 1.3219440474783635 -0.5202356698255461 0.641836168893919 -0.429433622581788 0.36467512108316946
6.301964 1.0784340167705497 0.15962994700453334 1.321158312294279 -0.5229910246161295 0.6421528064353675 -0.4272285381045395 0.3627615436994533
6.30696575 1.079893426373056 0.15868876751602418 1.3219163218489869 -0.521080715602487 0.640993946401156 -0.42910134313309123 0.36534050668608975
6.3119665 1.0803756410164733 0.1577150106471403 1.3218109134075837 -0.5214107171919191 0.6407704676161197 -0.42884842517232974 0.3655586137073515
6.3169645 1.0809414520112153 0.156817695136962 1.3217833573952238 -0.5215392120827212 0.6407537501419172 -0.4285078111545672 0.36580396077506533
6.32196475 1.081499376925458 0.1557790186675287 1.321594373659947 -0.5217027499879504 0.6404659371827501 -0.42838152586438005 0.3662224628033312
6.3269645 1.0809810519141485 0.15481575913972986 1.3208525878056216 -0.5236257875596345 0.6411727990485688 -0.42645382737374443 0.3644867754542827
6.331965 1.0829726843612477 0.15454567702069477 1.321694907472272 -0.5214538138710763 0.6397088142747615 -0.4273234409582628 0.36912495140003465
6.33696375 1.0822650349800673 0.15268870397304424 1.3210214440868298 -0.5239870341457287 0.6405057886087743 -0.42632372633211635 0.3652916686322233
6.3419615 1.0833884460116898 0.15145209502090665 1.3213772733608697 -0.5223766696354676 0.6401703033184671 -0.4276183002081897 0.3666704066280203
6.34696175 1.0840870378771283 0.15098000755334273 1.321603505110468 -0.5226024760999798 0.6393446800751122 -0.427341552525208 0.3681089913587647
6.35195825 1.0836535924830857 0.15005183052341536 1.3208638448630385 -0.525236456469304 0.6397023252417322 -0.4251030786354651 0.3663263195711435
6.35695675 1.0853227389415065 0.1488857753725836 1.3214830974944698 -0.5222562846340841 0.6383429449473031 -0.4278773785440628 0.3697128706529805
6.36195775 1.0858384330448614 0.14804406882370189 1.3214571859379822 -0.522956602753737 0.6385267249455253 -0.4272051778074504 0.36918254186935245
6.36695625 1.0864675574538247 0.1468867439277489 1.3212884598679904 -0.5229767785060345 0.6381312476334252 -0.42725394111380743 0.36978084014721163
6.371954 1.0869684422125496 0.14616502328873868 1.3213006350667893 -0.522930254420372 0.6384270195094244 -0.4268656549960486 0.36978453504297953
6.37695275 1.087999778008764 0.14604897872603967 1.3211963469485637 -0.5218502406848569 0.6386410800150158 -0.4255068513383161 0.37249673378240933
6.3819505 1.0882133665506015 0.14419625616116727 1.3213219673838879 -0.5231110309658601 0.6380657636225834 -0.4266754517956314 0.3703714208865992
6.38694825 1.0889449573034145 0.14311193717505938 1.3211218007336671 -0.5230435513146686 0.6378042826589712 -0.42667686814290573 0.37091507200675483
6.391947 1.088785492642448 0.14216943635543544 1.320597435136049 -0.5246106043509164 0.6388443900993578 -0.42493011794637364 0.36891185112873087
6.39694725 1.0902289162184995 0.14134026606169436 1.3211155058112933 -0.5228328634576296 0.6380823258491781 -0.4265461248877679 0.37088427530811774
6.4019465 1.09083124556546 0.14035476158846938 1.3209786889591688 -0.5230102181431547 0.6379552522130677 -0.42669610480918524 0.3706802423009347
6.406944 1.0916067084010925 0.1394356531249761 1.3209717746661538 -0.522907804814415 0.6380862149663759 -0.4265552464648405 0.37076142146584345
6.41194225 1.09139118188255 0.1385403441632439 1.3203044518410332 -0.52493977862295 0.6386615089677558 -0.4247259617824347 0.3689953430198044
6.4169405 1.0931107596643157 0.13749134102669142 1.3207285001581477 -0.5210932101598512 0.6381733939730558 -0.4270374277069713 0.37260652287315776
6.42193975 1.0938770869567556 0.13684974717682982 1.320651479256563 -0.520626817120105 0.6392625902047462 -0.4267448088363241 0.37172560604746724
6.426938 1.0940094262116147 0.13570063406422045 1.3199667034794704 -0.5223578761351109 0.6398604158821336 -0.4254882042342591 0.3697035102406584
6.4319375 1.0956785019828372 0.13498668862480984 1.3205753745912514 -0.5205286228818079 0.6390112133333086 -0.427318517551506 0.3716362557025951
6.43693925 1.0966010601640368 0.13388929070760497 1.3206359375330547 -0.5207138594605647 0.6387633432872483 -0.42822412783399366 0.3707594424677487
6.4419395 1.0965832284377448 0.13295398831283645 1.3199300914561258 -0.5221935600278911 0.640066754888366 -0.426772181369196 0.36809501539881234
6.44693975 1.0972877953891294 0.13179848589208287 1.3198613544612734 -0.5223609092802541 0.6401591638714765 -0.4268296983975688 0.36762988715978867
6.45193925 1.098213686138205 0.13096048421099668 1.31977134613712 -0.521860827759151 0.6403989861933916 -0.4271772194620071 0.3675187588487401
6.4569405 1.0991245781453574 0.13003996203225388 1.3197209007531452 -0.5214748400695632 0.6407596885627813 -0.4273967899411618 0.3671825113418959
6.46194 1.10093032566072 0.12939094102633006 1.3202805421207815 -0.5194018207536222 0.6402390262504812 -0.4291033436044125 0.36903395287042523
6.46693825 1.1011759769931917 0.12836654098448694 1.3195992895818698 -0.5202703411596595 0.6414228138626191 -0.42815525958699774 0.3668495872345531
6.4719385 1.101914393905476 0.12757601703112234 1.3194397239573843 -0.5204098468438301 0.641694467736087 -0.42783523886371183 0.36654987351152124
6.4769375 1.1038195938066664 0.12689302819881854 1.3200198388401292 -0.5176352606200444 0.6414274086685247 -0.42994055282261595 0.36847759417661163
6.4819355 1.1051889764432927 0.12629627789005954 1.3199401122503684 -0.5162495171072292 0.6417996898922468 -0.4302179254985232 0.36944841415347274
6.486935 1.105046246243822 0.12522793193362047 1.3191759768407532 -0.518597464669604 0.6426528796548898 -0.428230000462789 0.36697821817265436
6.49193375 1.1061971179056536 0.12439825274479654 1.3191289361685437 -0.5177839333251378 0.6431349440203644 -0.4286982251847333 0.36673570032617675
6.4969345 1.1082658523461875 0.12367020491208071 1.3198816779718399 -0.5141379863136218 0.6419261019333026 -0.4315386188766116 0.3706311253850054
6.50193575 1.10798448329932 0.12296846630183413 1.318952613403605 -0.5173588592081688 0.6439054296166922 -0.42842873247053526 0.366298279688365
6.506936 1.1091030194075426 0.12205557161315095 1.31915521302413 -0.5185082020737013 0.6429657645924096 -0.42905061977594816 0.3655951799658616
6.511937 1.1099812548184604 0.12135727183577111 1.3189910759850405 -0.5172462761787553 0.6440942581359216 -0.4290950751900482 0.3653440746244486
6.516938 1.1123914547704667 0.12064731151426818 1.3198060177450284 -0.515033644288732 0.6430229269893614 -0.43157225812805505 0.36743332270080487
6.52193775 1.1129926495938207 0.12011702666360738 1.3194184981433885 -0.5166143453022712 0.6426248533117467 -0.42931050636293444 0.3685585506542513
6.526938 1.1143251861701005 0.11953390649182144 1.3196048087594607 -0.5150040544609791 0.6438108511605396 -0.42985760891527236 0.36810439806437945
6.53194 1.1153083767283365 0.11877159480057291 1.3196578851487253 -0.5153155561914371 0.6436843081663535 -0.4303795673672346 0.3672789361783559
6.536941 1.1164837470172468 0.11815308095765244 1.3197030196099078 -0.5138143647851554 0.6446401726744057 -0.430592218574897 0.36745637512157525
6.54194025 1.1177222121477843 0.11764047517350526 1.3196759156884186 -0.513584115361767 0.6446029341807051 -0.430016807981404 0.36851588642442673
6.546939 1.1189431499197535 0.1170413679803071 1.319642320423463 -0.5133930947035898 0.6445224426312742 -0.4299533908323325 0.36899652161919666
6.55194 1.1198997813934046 0.11630819835968088 1.3198792135950204 -0.5134340978909305 0.6445997236515781 -0.429933236905597 0.3688279208453601
6.5569395 1.1209568161183194 0.11580749011651152 1.319762353806127 -0.5128385044486937 0.6452133232649742 -0.42921278267079827 0.36942228279867645
6.5619405 1.1219359788142682 0.11491664274918892 1.3202127999600377 -0.5140462707937183 0.6446372604241349 -0.42942241672749326 0.36850457523327473
6.56694025 1.1227543087557197 0.11432060177241452 1.3203093249815052 -0.5147082083873994 0.6448167694698985 -0.4282251164032353 0.3686597939977625
6.5719385 1.124018963899432 0.11371756553783996 1.320336045671667 -0.5126290465751465 0.6462471359372417 -0.4284220818315113 0.3688232906142485
6.5769405 1.1251570541726768 0.11312536155408023 1.3204562757882705 -0.5125792722113054 0.6464700145501137 -0.42788903182384724 0.3691205581266842
6.5819415 1.1261793016088504 0.11245509879246805 1.3206691008057077 -0.5140861870489264 0.6457142390380122 -0.42738344181691706 0.3689334729321577
6.58694175 1.127233220199859 0.11183856707372544 1.3208421063961506 -0.5139404393423207 0.6459752331497594 -0.4270714684041065 0.36904089724703526
6.59194175 1.1281548599889126 0.1112235277173875 1.3208709058357204 -0.5140921452958962 0.646232546061207 -0.42592399339949605 0.3697046312976605
6.59694275 1.1297284079176013 0.11062571950608428 1.3211451977954256 -0.5126871584614199 0.6468459239468426 -0.42651482461598095 0.3699017877827969
6.601943 1.1308687502544652 0.10980375045753328 1.3214619643869387 -0.5125978378732077 0.6466907115158085 -0.42697689683228435 0.36976385683076557
6.60694325 1.1315987729370494 0.10928346657878685 1.321393565553958 -0.5131001463560934 0.6472570008909733 -0.4257666899355574 0.36947170439466276
6.61194175 1.1328701492311513 0.10876595336720071 1.3215650558185428 -0.5130807339086267 0.6473470589644458 -0.42498582813518637 0.37023910061758364
6.6169415 1.134066145677318 0.10812717632219633 1.3218949221717824 -0.5132686273320056 0.647140666036576 -0.4250908593176268 0.3702189026549794
6.62194 1.1351905919116811 0.1074404594394036 1.322040193582847 -0.5128633523685491 0.6477971061773351 -0.42490710306680973 0.36984327057408417
6.62693825 1.136337460876263 0.10682416254183356 1.322173393926223 -0.5115993209386883 0.6484187119116489 -0.42451031964068153 0.37095861949343834
6.63193725 1.1373899374628262 0.10630853671617427 1.3223764864112255 -0.5125520578707243 0.6485510978012032 -0.42335229941195596 0.3707353396911997
6.63693625 1.1384535803726268 0.1055233302841977 1.3226013445807288 -0.511743243182929 0.649083870236826 -0.4233876189321427 0.37087990858224096
6.6419355 1.139529671035785 0.10483767345056878 1.3228736912164172 -0.5115738833205863 0.64960372286353 -0.4235138573165748 0.37005834378780483
6.64693525 1.1407866171213532 0.10440013388618573 1.323067207862239 -0.511104296542292 0.6499085379463964 -0.42266344248663157 0.3711427013235424
6.65193675 1.141595961236598 0.10370083481412411 1.323202171830653 -0.511833422589983 0.6496354945671431 -0.42208109103121066 0.3712786343330709
6.6569345 1.1424474900563195 0.10281478565002308 1.3234117435724548 -0.5117141770930934 0.6501355413963745 -0.42236134952124416 0.37024757825781174
6.6619355 1.1435120843916555 0.10219681665287994 1.3236602232927628 -0.5114094467711884 0.6503937428356898 -0.42196748347081675 0.3706639986924487
6.66693425 1.1446104605671787 0.1015035189577481 1.3240239108095235 -0.5117300392745453 0.6501295817901179 -0.4219292581132883 0.37072846523223557
6.67193575 1.1457790740982297 0.10083813046988963 1.3243767552820067 -0.5108375521955738 0.6506351861735865 -0.4221632591771965 0.37080592279598784
6.676936 1.1466761581648097 0.10011400830420983 1.324663614432313 -0.5107837597373913 0.6510048731978613 -0.42188205674620843 0.3705511247544128
6.6819355 1.1475235463538074 0.09944448686976673 1.3249061900471681 -0.5111321041995102 0.6509101714610285 -0.42142043981526844 0.37076236817004665
6.6869335 1.148580858717208 0.09880093334174431 1.325210901030959 -0.5107117720276767 0.6511211343175319 -0.4214336678994582 0.37095608623961157
6.691931 1.1495130979497108 0.09820365040248097 1.3255484268474267 -0.5104003889264016 0.6513345877281996 -0.42129081679713537 0.37117212381200815
6.69692925 1.150368775347817 0.09782760107431696 1.3256134973954816 -0.5094205837056492 0.6522859684006074 -0.4201120664618881 0.3721821273755626
6.70192825 1.151180412936939 0.09680571450455275 1.3260000316687428 -0.5103939968197665 0.6516388449487623 -0.42092251222860394 0.3710647146568206
6.70692725 1.1527148442460875 0.09701858282742423 1.3264001406808419 -0.5082187936446125 0.6523852173550001 -0.4200530687208179 0.3737146042387261
6.71192625 1.1529863089761456 0.09543184308150363 1.3267246415032907 -0.507998058358069 0.6526609872516549 -0.42162695284172597 0.37175572767817344
6.716925 1.153769546496207 0.09484188941726712 1.3270577568985722 -0.5098453796072185 0.6521919276059934 -0.42060043161057525 0.37121241276087114
6.72192475 1.154639609187785 0.09421507067747098 1.3274222170650698 -0.5096734495048362 0.6522767522093355 -0.42042271167370954 0.37150068224164473
6.7269235 1.155547087952558 0.09372727188754353 1.3279132321782363 -0.509387555698416 0.6525799762368767 -0.42006647468444464 0.3717631632645353
6.73192175 1.1562212787297388 0.09295707530971123 1.328462712527754 -0.5097193141930582 0.6528522765212417 -0.4195181887358996 0.3714493439209993
6.736921 1.156938128309518 0.09237206791116907 1.3288718808491151 -0.5093447427609229 0.653210881963477 -0.4194127148167543 0.37145181565897034
6.7419195 1.157672122457361 0.09176004509627966 1.3292251395324308 -0.5093229467325351 0.6532256959676798 -0.41943572414183755 0.371429669483793
6.74691875 1.1585747841367773 0.09136918008706738 1.3296844127619765 -0.5090191701688707 0.6533580780251471 -0.4191029396991308 0.3719884839822691
6.75191775 1.1595196913495371 0.09089156614721253 1.3302041435738794 -0.5087491864479307 0.6533290973510583 -0.4189271845111132 0.3726061861008373
6.756919 1.160355303526561 0.09042110494716452 1.3307683115444309 -0.5085987032466325 0.6533422893909399 -0.41880255048806075 0.3729284591633421
6.76191925 1.1611399615420188 0.09010424779501672 1.3312905176795644 -0.5085684892829228 0.6533248265333236 -0.418234795625505 0.3736367466828987
6.76691725 1.1619010087612058 0.08965159155020896 1.3318358193996223 -0.5084712021999392 0.6533586306661439 -0.4181027784209863 0.37385773088711405
6.771915 1.1627234329424836 0.089243047715595 1.3323674020377556 -0.508195447148357 0.6533586807129033 -0.4181439787258428 0.37418636384841425
6.77691325 1.1635053727742575 0.0887249643387934 1.3329820024728067 -0.5083022457550033 0.653233068217825 -0.418180043755107 0.37422030483676766
6.7819115 1.1643067793059376 0.08801325602770012 1.3335268092621746 -0.5073714366635955 0.6526785378322425 -0.4197740582983098 0.37466610667479944
6.78691025 1.1648374100203525 0.08768932885215938 1.334227098608566 -0.5085573148703694 0.6533820606519467 -0.41843865659835744 0.3733234937346129
6.79190825 1.16552660069832 0.0872509958659127 1.3347165837786386 -0.5086125171976751 0.6535315421660026 -0.41824489428919626 0.37320375017540997
6.79690625 1.1664606915905145 0.08705782639342793 1.3354588734261723 -0.5088983742025767 0.653159116313628 -0.4181509558454647 0.3735711333011414
6.80190425 1.1671261307088279 0.08648005511154204 1.3357011269972456 -0.5091342685103221 0.6530686121465614 -0.41811905160547086 0.3734436277967065
6.806904 1.1679953598641133 0.0864260527880277 1.336689317042805 -0.5082933021254376 0.6536305494830051 -0.418333242044293 0.3733662041450381
6.8119035 1.1689593883189027 0.08636462047833798 1.3372828881591998 -0.5078200319961014 0.653626251266018 -0.41791220065416546 0.3744875582763776
6.81690425 1.1697423651661516 0.0860864984257306 1.3379573384522716 -0.5079425225367816 0.6534340404982365 -0.41820685904283794 0.374327893118645
6.82190275 1.1702801606999726 0.08560314924742346 1.3385762357896462 -0.5083544431482049 0.6534848419385683 -0.41880260172881933 0.37301166506313843
6.82690125 1.1710323600492818 0.0854412612286651 1.3391830016717643 -0.5085787490086303 0.6534056735332002 -0.4182950861948345 0.37341384912278963
6.83190125 1.1719310775047076 0.08532480057912012 1.3398359642039828 -0.5082334048938819 0.6534837634008044 -0.41865926205223924 0.37333925512778254
6.8369 1.172827883192908 0.08528890346809358 1.340526976191492 -0.5079673472846471 0.6533557731208938 -0.41880382749654016 0.37376297555596144
6.8419 1.1734789701105113 0.08503435095305836 1.3412455579768183 -0.5079112529552938 0.6534747625004494 -0.4195852965526538 0.37275336727276714
6.84689925 1.174237549434918 0.08493906825033833 1.341886126931016 -0.5080723137053299 0.653293636743249 -0.4196578772435058 0.3727696531430198
6.85189875 1.1749566980342234 0.0848546901415508 1.342531274013898 -0.5081116932060465 0.6531885850667646 -0.42002799727572526 0.3724831017245025
6.85689825 1.1759116791622404 0.08504949646800251 1.3431818610588082 -0.5078643526399469 0.6528500610123369 -0.4198888147174056 0.3735692444902386
6.86189675 1.1765565441177124 0.08495135647557958 1.3437402558520872 -0.5080376281070083 0.6527803021775449 -0.42023273877522427 0.373068480011207
6.86689575 1.1773241932198784 0.08482211354622618 1.3443585436357037 -0.5083109391035593 0.6524981329278806 -0.420923816486213 0.37241014544178064
6.87189575 1.178086428278377 0.08488786032689746 1.3449706465095213 -0.5082757497068939 0.6522537599990123 -0.4213181886292231 0.37244030227304387
6.87689525 1.1788880756142 0.0853076340434641 1.3455640935840698 -0.5085404223659633 0.6520411717233594 -0.42088418299469305 0.37294162237857775
6.88189475 1.1799498974862355 0.08606221545432946 1.3463246403864464 -0.5084652910898327 0.6516834519582441 -0.420355868309511 0.3742628356896733
6.88689425 1.1791929776397727 0.08568093167490085 1.3461042724604098 -0.5108807741769925 0.6528359800459912 -0.41907324365693976 0.37038309111588513
6.89189325 1.1801951061973466 0.08541001729861473 1.3468813393620518 -0.5097239287030737 0.6516258458199224 -0.4210566010684787 0.37185563363170204
6.89689325 1.181612948858754 0.08582991750410388 1.3481016094561407 -0.5102544327656788 0.6507238654167966 -0.42222027346670943 0.3713878101037985
6.90189275 1.1822784850931423 0.0863209522601315 1.348537199072046 -0.5092043395408958 0.651287381129141 -0.4218764217233584 0.372231074157653
6.90689125 1.182945591388971 0.0865914608707902 1.349101232555631 -0.5095278988592663 0.6509008235942618 -0.4220826774977399 0.37223064286099805
6.91188875 1.1836805719972523 0.08672738509415832 1.3497903222398042 -0.5109811411371008 0.6496837419546477 -0.42287610508354323 0.3714634687171879
6.9168865 1.1843594147875 0.08708471170085566 1.3502670965469348 -0.5113746378457804 0.6492829056880184 -0.42308684063354196 0.3713828394421968
6.92188375 1.1840313212583904 0.0875262269756002 1.3500144001709786 -0.5122094692293391 0.6506345033415111 -0.4211812716437007 0.3700304570031218
6.92688125 1.184776034456506 0.08795709218925452 1.350548493195432 -0.5129383558570445 0.6496946978887833 -0.4213742094072917 0.3704521808172472
6.93188125 1.1862929412817846 0.08850635554923764 1.3516878938831711 -0.5117178005165404 0.648293138134275 -0.4232852890178272 0.3724116858848853
6.93688075 1.1867953784910112 0.0889772020959356 1.3521045307082014 -0.5116565775045048 0.6483708381038218 -0.42351356430711257 0.3721008785810773
6.94188175 1.187937767434897 0.09007641492609292 1.3527232979932744 -0.5119061404128888 0.6472725369501799 -0.4233518882771996 0.37384962887474854
6.946879 1.188151478516323 0.08976229851940282 1.3531755633757765 -0.5131053225289607 0.6466823959874025 -0.4247283196657449 0.3716593348570115
6.9518765 1.1885732932383208 0.09032029260667335 1.3534918671061278 -0.5132599234450239 0.646734218360928 -0.4245892363769349 0.3715145786360731
6.95687325 1.188344670200242 0.09071126830526721 1.35328445842823 -0.5151438040855456 0.6472319514506888 -0.42318752239786517 0.36963493208889553
6.961877 1.1898207319574587 0.09167748616788948 1.3541464002994232 -0.5136764592502673 0.6460868180159003 -0.4241193277560179 0.3726004758746037
6.96687625 1.1904039527863346 0.09223046253421205 1.3545334969562501 -0.5138000540210104 0.6456513221713815 -0.42444818969720133 0.3728104195554656
6.97187825 1.1907893692877478 0.09280027608249314 1.3548227152884689 -0.5138722961918485 0.6455981427351247 -0.42471551027922866 0.3724983713141967
6.976878 1.1912954636998143 0.09333539090418046 1.3551674913982046 -0.5148195237941071 0.6447823256034005 -0.4250492325485198 0.3722227295851147
6.9818795 1.1918507758625676 0.0939636114331447 1.355466279586742 -0.5150052238768698 0.6443199689961546 -0.425417341440754 0.37234591784228105
6.9868795 1.1925169620968241 0.09468830479972852 1.355713802066917 -0.5151099634492843 0.6437599119522721 -0.4255139668675768 0.37305866203467053
6.99188325 1.1929192540962323 0.09531965684428804 1.3559043090763354 -0.5152166224178482 0.6436601733172695 -0.42571863967436774 0.37284990693754066
6.99688225 1.1932669224669592 0.0958572013393331 1.3561002012883936 -0.5158885272733206 0.6433148319099095 -0.42600095172754265 0.37219382531111034
7.0018825 1.1937935298607918 0.09651148398454913 1.3563755443002234 -0.5166950955913635 0.6424792789841405 -0.42645755912917865 0.3719953017572048
7.0068855 1.1941846115874024 0.0971925171022942 1.3565072389866268 -0.5164159725885147 0.6425704090629509 -0.42656383229344985 0.37210362754380133
7.01188775 1.194518260260013 0.09788971940442513 1.356478491652994 -0.5169588620895079 0.642210698293516 -0.42665851486762685 0.37186215940241474
7.01688775 1.195021183802305 0.09872049974179037 1.3566960460824358 -0.5171775567447627 0.6418289123476214 -0.4267683769787384 0.3720910835872321
7.021888 1.1954014318844923 0.09945481671447029 1.3567672463226175 -0.51744794301757 0.6414537038223034 -0.42687492400198157 0.3722399379134871
7.026889 1.1957763196992035 0.10017630092885504 1.356822963509116 -0.5175833767026037 0.6411169089683154 -0.4270208859327991 0.37246438779192126
7.031887 1.1954394131480088 0.10071432268027052 1.3564564178490557 -0.5188280423435506 0.6413284795173627 -0.42621902344506357 0.3712850493777564
7.03688525 1.1963275696001339 0.10155814951718037 1.3566566950067278 -0.5182142609254532 0.6405773307178615 -0.42686290579826214 0.37269655592362244
7.041884 1.1958427600978037 0.10192533650509909 1.3561703322313754 -0.5194048365766488 0.6409104864955202 -0.4261862962222647 0.37123793576789593
7.0468845 1.1961256358381493 0.10266722148180574 1.3561353453101848 -0.5195614362116133 0.6405820872270083 -0.4261973150345267 0.37157280872391035
7.05188725 1.196483712872852 0.10355973048950301 1.3562153770111771 -0.5194707034330202 0.6402388658300073 -0.42640828677875803 0.37204886227740785
7.0568885 1.197104564125686 0.10556912416469016 1.35605213303803 -0.5204504308784105 0.6393154051418103 -0.42435302822482196 0.3746086880776572
7.06188975 1.1970122847510218 0.1055130966249559 1.3560244464729942 -0.5217488618498122 0.6386360273238655 -0.4253657049146814 0.3728084854786071
7.06688975 1.1971289183855363 0.106143770756543 1.3558542308908639 -0.5220236821255524 0.6384550407092137 -0.42538864362517126 0.372707577287897
7.071891 1.1980991195896746 0.10690620482693036 1.3562405979314356 -0.5200939841354919 0.637835901056679 -0.42701975664071273 0.37459543300445036
7.076892 1.198377699049136 0.10752176361608395 1.3559217666056993 -0.5199968149195617 0.6372288585749981 -0.427626116775305 0.3750714578908791
7.081895 1.1975799223971013 0.10824674503886628 1.35524484555219 -0.522952177232545 0.6374747304075933 -0.42495034459590497 0.3735829132165026
7.08689525 1.1985807553262904 0.10913780076901802 1.3555342088167923 -0.5211280517325148 0.63670474353306 -0.4264179728073965 0.37576633128422277
7.0918955 1.1986380876235756 0.10985562448120115 1.355233174161013 -0.5208951621016304 0.6367157046363926 -0.426458569578364 0.37602450718227615
7.09689575 1.198799053452553 0.11050529710151444 1.3549544802974025 -0.5214054351504285 0.6360493233412114 -0.4265707407371508 0.37631772961121296
7.10189525 1.198993157940174 0.1111249139505572 1.3545755078573174 -0.5213466558428266 0.6355099064944457 -0.4271050053932697 0.3767043105101629
7.10689375 1.1990951936518228 0.11178555055192209 1.3542476280591695 -0.5213948299772345 0.6352332597570437 -0.42709146227881356 0.3771193707833047
7.11189525 1.1990030814997237 0.11245810954607721 1.3537987514875762 -0.5218988326017933 0.6352277221819147 -0.42637231386167257 0.3772452776015956
7.1168945 1.1979961461860236 0.11305049888007115 1.352671037516633 -0.5245157291119461 0.6357248890227956 -0.4241548522017787 0.3752729363340837
7.121896 1.1979204445955198 0.11368017308220638 1.3521980846277595 -0.524182145818556 0.6360073049032179 -0.42400075264104 0.37543461198274053
7.12689625 1.1988644203342873 0.11430786208547995 1.3524450398025125 -0.5219406053265007 0.6352422996623432 -0.42582264619886956 0.3777834025143191
7.13189525 1.198904140400114 0.1148200909883832 1.3519157718647004 -0.521810547815947 0.6349252159715744 -0.4262824888953443 0.37797746225490947
7.13689475 1.1989436404860578 0.11540816714146948 1.3514651807506897 -0.522139895553361 0.6344760515208897 -0.4262526955488628 0.3783103343226498
7.1418945 1.1986942822611069 0.11613741294818278 1.3510005276484418 -0.522159132875321 0.6349940280032329 -0.4252996110622065 0.3784873382102209
7.14689525 1.1987545802618516 0.11670984780774342 1.3506463836296112 -0.5220295521855217 0.6347201910706459 -0.42523817316321433 0.3791937786634148
7.15189375 1.198651096533212 0.11721911527980902 1.350104003818475 -0.5217994570671441 0.6347469198857328 -0.4252383109047796 0.3794654835935129
7.15689575 1.1976656044141412 0.11755679827763302 1.3487489640995878 -0.5239776585299244 0.6353743155730084 -0.42335636442401203 0.37751328608846657
7.161896 1.1977498889376743 0.1180276742028305 1.348181754774787 -0.523136926382591 0.6352088605425973 -0.4237658427763824 0.378496988414932
7.16689725 1.1983122382164113 0.11873092497523642 1.3482543992183857 -0.5215520098860881 0.6342306805358262 -0.42528853251174586 0.38061083663612433
7.1718965 1.197253843608817 0.11915262716759825 1.3468995607711283 -0.5234020445278009 0.634999206192299 -0.42278308349709914 0.3795797310552199
7.1768955 1.1969438714407685 0.11960757791867965 1.3463185285562895 -0.523655056944963 0.6347891242620102 -0.4230450502613925 0.3792901719053286
7.181897 1.1968128851944184 0.12007939931177254 1.3457295387092783 -0.5241027491096535 0.6343109907485273 -0.4229183313651491 0.3796129086143451
7.186897 1.1970850230591141 0.12055344523594616 1.3457755618582186 -0.5211362160726905 0.633871960901841 -0.4248189919187906 0.382298581719833
7.19189775 1.1972190154635207 0.12099678309012048 1.3449748950414353 -0.5215150919744268 0.6341524131627931 -0.4239368187489175 0.38229608869534465
7.19689825 1.1969496777217308 0.12133935398098354 1.344307303845115 -0.5216200252008572 0.6340386659636981 -0.4237580336834906 0.3825397342252602
7.20189825 1.1958513385605904 0.12142389490758934 1.3428321564566283 -0.5234699453034382 0.6344168020900426 -0.42238318053891627 0.3809028568909513
7.206898 1.1964003593054064 0.12184728387977434 1.342639246224524 -0.52153420133294 0.6339107924766312 -0.42353963374750686 0.38311011819931023
7.211899 1.1959755025731096 0.1221867757814454 1.3419561991872913 -0.5217515610796589 0.6341608813300214 -0.4226522064202072 0.3833802257678399
7.21689775 1.1948602633952001 0.12252789509352258 1.3406972922415108 -0.523702676621512 0.6344147891414788 -0.42098051626162464 0.38213713081318457
7.22189825 1.1949041223493155 0.12230719188908923 1.3404022667360072 -0.5228296554526644 0.633878463192292 -0.4220585613772019 0.3830323955600012
7.22689675 1.1950773131227375 0.12307297239385893 1.3397282656464196 -0.5214564776525394 0.6339476816166955 -0.422074348454203 0.3847684021122103
7.23189525 1.1946157822168875 0.12316483921847546 1.3385633045696084 -0.5214949848358257 0.6340298351557437 -0.421710209611264 0.38498006186435957
7.236898 1.1943985470939833 0.12364536545487213 1.338058004241095 -0.5212720270955992 0.6340468463775358 -0.4215840783971825 0.3853919241607754
7.24189725 1.1942039798372914 0.12341099173132611 1.3369658118924783 -0.5210347868089171 0.63486947567615 -0.4215286602911686 0.3844178564307452
7.246897 1.1936773250178463 0.12404411500262548 1.3364684507387055 -0.5213093498685929 0.6341775584660301 -0.4210603273526166 0.3856988291495804
7.25189675 1.193369657591669 0.12419352058052915 1.3356154297844909 -0.5212562511254214 0.6340532079947075 -0.42092084433422783 0.38612704243455
7.25689725 1.1929229625049085 0.12432729794150815 1.334597978896984 -0.5210810978890505 0.6343115315599284 -0.4205154698618272 0.38638078363154427
7.2618975 1.1924940726813296 0.12442012704735038 1.3337412069676082 -0.5210361423387704 0.6346740028405323 -0.4200194888747332 0.38638565897366905
7.26689775 1.1912826284300495 0.12449409412695936 1.3323385547937934 -0.5230763445510845 0.635315008835059 -0.4179999649243202 0.3847622728949022
7.27190025 1.191004422006714 0.12447634004788027 1.3311486488773092 -0.5218337539725578 0.635961550068962 -0.4174142593932666 0.386015253719282
7.27689975 1.1904908319350798 0.12452881953131448 1.3305369902649304 -0.5224829671850584 0.6359617687767679 -0.4172290716089592 0.38533631993383116
7.28190075 1.1908904974044954 0.12450565811936057 1.330009328954019 -0.5203719666406704 0.6354167381354027 -0.41858329699577823 0.3876165743463895
7.28690175 1.1904639233885852 0.12473707017629673 1.3292564953972092 -0.5200548319533851 0.6359641659774309 -0.41774353520408997 0.3880501129361467
7.29190075 1.1892210731407062 0.1246101001883057 1.3277995671227383 -0.5215930283006517 0.6369387768350848 -0.4157660966481501 0.38650777517398366
7.29689975 1.1887414878346072 0.12440787019893276 1.3269355230764672 -0.5217356363835618 0.6369624829691571 -0.4158151133645423 0.3862233971613305
7.30190075 1.1891934741636638 0.12442488323805784 1.326481665366828 -0.5193042345097162 0.6363864310199295 -0.4173109393970393 0.3888277282982204
7.306902 1.1886108256961065 0.12416437398911256 1.3257078724192313 -0.5198068646932524 0.6364646184858123 -0.41714106800895273 0.3882099202929139
7.311901 1.1881926550494115 0.12391535846576018 1.3246996086608418 -0.5196230300490232 0.6364407238258086 -0.41732601748979203 0.3882964161885382
7.31690225 1.1875170014511574 0.12388812171290337 1.3236664742803534 -0.5193155949696997 0.6375432452877742 -0.41618255053209513 0.3881262782159951
7.32190375 1.1871265471190668 0.12370682305664521 1.3227745615015638 -0.5193187127423323 0.6374438306793859 -0.41600894949406286 0.3884713519235151
7.32690375 1.186850788392817 0.12315697358562173 1.3214886055263182 -0.5183830754701477 0.6373818132881175 -0.4171100305999983 0.3886420377783787
7.331905 1.1863097150888566 0.12299738721921805 1.320343609035992 -0.517463042091944 0.6383245479469156 -0.41649443162029876 0.3889809249649665
7.33690425 1.1856609397009519 0.12271105446353892 1.3195645529872961 -0.5182804921622202 0.638653765981176 -0.41610165815027444 0.38777069090731997
7.34190675 1.1852660756208733 0.1224344220049783 1.3187517349640008 -0.5181112020334987 0.6386086345081636 -0.41589558012801 0.3882919786565359
7.34690625 1.1847462168950182 0.12200949374626915 1.3176829210143413 -0.5166423673558945 0.638981469165654 -0.4162611005658943 0.38924290934000283
7.351906 1.1842167141206503 0.12163482040242252 1.3166325565508576 -0.5169656265289942 0.6398878542097176 -0.41552456620291456 0.38811004870300264
7.35690675 1.1837607842413362 0.12118310827239769 1.3156219296456462 -0.5164250362207912 0.6403334092950537 -0.41563730078631755 0.38797415004094304
7.36190975 1.1821686787701666 0.12073333034012335 1.314004284129466 -0.5187494952735888 0.6416595192872263 -0.4127150783278711 0.38579565391836895
7.36690825 1.1816502901122132 0.12012350893218414 1.3127726035599832 -0.517981815395119 0.64221439093416 -0.4124007443083159 0.38623974561273433
7.37190825 1.1809441750376648 0.11980626395630249 1.3119718586479068 -0.5182231874487783 0.6427603161434171 -0.411809106265261 0.38563864430143674
7.3769095 1.1805926824748336 0.11906760158292999 1.3108878518173157 -0.51806721532689 0.6426868698972387 -0.41196546815680596 0.3858035778883799
7.3819105 1.1799106750266521 0.118522401441474 1.3097109124312232 -0.5170557185777209 0.6437371627162927 -0.4118833958641436 0.38549697461260984
7.386912 1.1802423115141245 0.11806504427927461 1.3096125425283853 -0.5150856074571194 0.643537406613025 -0.4133904726400673 0.38685234962545356
7.3919115 1.1786653205067235 0.11738125580334526 1.3078408356818696 -0.5166412338015292 0.6452476429834838 -0.4112368940544525 0.3842154756497184
7.39691375 1.1787278173764943 0.116817455329171 1.3072733022458494 -0.5146247843036382 0.6450943566457338 -0.41229797741665025 0.38603753732299134
7.4019135 1.1783857120292824 0.11615852009674567 1.3065442444930555 -0.5137395877158886 0.6450003297338328 -0.41224364141687697 0.3874292074277691
7.406913 1.1768446581756025 0.11546796188060904 1.3048562225218412 -0.5163769825569742 0.6465986132746527 -0.4098002088038596 0.3838343836356557
7.4119115 1.1764112195228564 0.11452212475321707 1.3036210487194386 -0.5151462313495456 0.6468939508638102 -0.4110196796640808 0.3836865903195042
7.41690975 1.1763024968325033 0.11432538720384178 1.3038271437173123 -0.513771305682705 0.6478436121710613 -0.4105457064263114 0.38443454912528463
7.42191175 1.1747970181413054 0.11334540810734577 1.3018579646982196 -0.5151013644659844 0.6491929575154453 -0.40869613402304683 0.3823435082125057
7.426913 1.1744895278496026 0.11232906774380935 1.3009037760925581 -0.5143513253774181 0.6492354731797312 -0.4098540618180856 0.38204144076107843
7.43191225 1.173366077549375 0.11194299054310697 1.2998523367020423 -0.51439878383393 0.6510552419716232 -0.40758297909070595 0.38130968811058313
7.436913 1.173655275507718 0.1111813911375233 1.2996181292926414 -0.5118508643225355 0.6511648471038294 -0.4092387183421576 0.382775007018729
7.44191025 1.1720893730417357 0.11000082777876705 1.297783500781571 -0.5130121545913447 0.652430484063439 -0.4082810252635424 0.38007840916848146
7.4469085 1.1716236346612179 0.1091306062082209 1.2969993672729 -0.5130401517703146 0.6526279131774599 -0.4079996192681602 0.3800038424676291
7.45190825 1.1707941893605687 0.10829518421469903 1.2960151880429776 -0.5122554884986761 0.653727991409468 -0.40746739437227725 0.3797424788908824
7.45691175 1.1701895068650818 0.10710504212593833 1.2951891362028094 -0.5122240958195721 0.6538363575915568 -0.4083318822409507 0.3786681490418623
7.46191175 1.170267544823159 0.10647656809814733 1.2949438130096167 -0.5094649216343686 0.6546627878841988 -0.40882745452243185 0.380423763995474
7.46691 1.1685861115558418 0.10557812771425662 1.293282900079547 -0.5111631025008854 0.6563043159141435 -0.4060918928083782 0.3782410635420828
7.47191175 1.167817536992699 0.1044963663557799 1.2921693380755717 -0.5107609188012144 0.6570750581346582 -0.40606507907329764 0.3774742419819812
7.47691225 1.1681589844804874 0.1032337658923504 1.2921243902643424 -0.5085817857130676 0.6561914558654052 -0.4091872809154809 0.3785803872721653
7.48191375 1.1673366132022054 0.10217339461894515 1.290861088465037 -0.5079022429666711 0.6573382984401055 -0.40852671843096794 0.3782163313783742
7.4869105 1.1659847883928067 0.10104799640059511 1.289365761992281 -0.5086725667432779 0.6590402712527322 -0.4068212804444298 0.37605130831774175
7.4919075 1.1648079827673687 0.10001903660400902 1.2883983495692393 -0.5086469591094965 0.6602345060668937 -0.40624327441105906 0.37461322718645174
7.49690625 1.1640295418791562 0.09903114068933817 1.2877312047488072 -0.5091381483000568 0.6605258105612851 -0.40560318932790707 0.37412571728628424
7.5019055 1.1644464211674586 0.09775729348759742 1.2872895560472495 -0.5058453174036963 0.6601363154415673 -0.40895891155166536 0.37562370606560846
7.50690425 1.1625176308800593 0.09669881315083768 1.2857118475106009 -0.5080085540953567 0.6620040119383884 -0.40577780170371813 0.37285704068439024
7.51190475 1.1627902500210716 0.0958768065655231 1.2854680183930494 -0.5046852862622289 0.6624500108165573 -0.4070896140141754 0.3751410283631276
7.5169025 1.1619861524979416 0.09424534199109844 1.2843821133925364 -0.5051221972661786 0.6625148455368124 -0.40792695140121515 0.37352543098540414
7.521901 1.1610641850875971 0.0930410633026319 1.2837610921045368 -0.5042064360545797 0.6640456687683015 -0.40777519788658595 0.37220774793084815
7.52689975 1.160422775675465 0.09184531090224933 1.2826698680137794 -0.5031042842098535 0.6649436943645195 -0.4077349978729684 0.37213993879196305
7.5318995 1.158608927666552 0.09080736593235177 1.2812300596988868 -0.5055191644706066 0.6662315184842325 -0.4055303844782787 0.3689594088731617
7.53690075 1.1586871152557814 0.08949831790231046 1.2810405569406358 -0.5022776157445575 0.66719075031901 -0.4072271640328085 0.3697833639910198
7.54190025 1.1579530225551018 0.08818326492702148 1.2803149923313386 -0.502127997105167 0.6676698262808067 -0.4073197939841376 0.36901905509882593
7.54689925 1.1570958193119167 0.08673565921815288 1.2794540303907813 -0.5011953175791679 0.66871683237491 -0.40755895750532656 0.36812599458929096
7.55189875 1.156265651902944 0.0856148123451478 1.2785881319427166 -0.5004320922617815 0.669850903911318 -0.4072922267288878 0.3673969646171703
7.55689775 1.154502162570492 0.08435544582150911 1.277142223808397 -0.5019539480536518 0.6712433821451734 -0.40559646869061466 0.36464511589402054
7.56189925 1.1536306495433977 0.08288815716854815 1.2762809795994126 -0.5022201055456177 0.6714208679940524 -0.4057986088831054 0.3637258206897033
7.5668985 1.1531526594262598 0.08111750193647108 1.2758157689937428 -0.500711198843047 0.6717018023218272 -0.40724646808041454 0.3636692155610584
7.57189675 1.1523767160485976 0.0798968633935818 1.2750122783565025 -0.49852423063535 0.6731377543518102 -0.4076979917996968 0.3635127268998
7.5768995 1.150858971877921 0.07839976422668858 1.273836575651092 -0.5004776368360007 0.6732903719709917 -0.40703839044817586 0.361278228986434
7.58189875 1.1504869415409529 0.07687296667116729 1.2737651704011315 -0.498958162946062 0.6738807955796651 -0.40809750699598574 0.3610842696131608
7.586899 1.1487645912870978 0.0758131996393751 1.2722187460707157 -0.49903197157499446 0.6757937732170128 -0.4065703582187939 0.3591245066058961
7.59189925 1.1486454758280367 0.0744288979482292 1.2718656323133726 -0.4961683006754832 0.6761976185832068 -0.40796220658438076 0.3607501019071321
7.596898 1.1476477003753573 0.07271588729300356 1.2715113656139028 -0.4964497152470833 0.6764175229773093 -0.4088816828433282 0.358904979452137
7.6018985 1.1470514693930995 0.07092626318107689 1.2706363202312556 -0.4942776919808473 0.677596933487568 -0.40987279614427125 0.358547416556315
7.60689775 1.1458465445920427 0.06951887583626029 1.2699553266698451 -0.4947770821696964 0.6782623698799236 -0.4098824808412533 0.35658399916980404
7.611895 1.1447370303831883 0.0684139260142543 1.269290689233964 -0.4937632351889962 0.6790900566266341 -0.410259183469416 0.35598028729908515
7.61689525 1.144014690241171 0.06706157575027334 1.2686420801121263 -0.49322380739708505 0.6792333369153097 -0.4109484393328671 0.35565957044552765
7.621894 1.1429267312588536 0.0671235740300658 1.2674444454244658 -0.49298205433167397 0.68096685520749 -0.4078122758891946 0.35628918570428053
7.62689375 1.1414089768867655 0.06442123372419647 1.2667994380285075 -0.49387587847246606 0.6810010900008543 -0.4100652680006697 0.35237850113228697
7.6318945 1.1415658750194257 0.06353117903459961 1.2668279269398703 -0.49030174321945297 0.6814374235570031 -0.41128139743730124 0.35509836734907674
7.63689475 1.1401725249346426 0.06098465041953847 1.266240105222865 -0.49065892556862517 0.68191621403672 -0.41323079274642655 0.35140348279410766
7.6418945 1.1394785296545367 0.060260371245022704 1.2653383799897073 -0.489061990593702 0.6828158966630343 -0.4128267087143058 0.3523562532337066
7.64689675 1.1381414654394124 0.05819470129930959 1.2649316096323242 -0.48899173961349157 0.6837905037091565 -0.4136671040699003 0.3495670931843724
7.651897 1.1367652846978402 0.05727967474590838 1.2638245381244158 -0.48855630881626216 0.6852594639489521 -0.41240963464923486 0.34878430789344395
7.656896 1.136056581487641 0.05633693875393939 1.2631834942091724 -0.4877552022227892 0.6858242126737455 -0.4126349359270312 0.3485289394979103
7.66189325 1.1345126380735329 0.05418629288443372 1.2627916946366493 -0.4886140887942696 0.6862436134512105 -0.4133254287845587 0.3456704574435483
7.6668945 1.1343560721354466 0.05203188455781637 1.2627146243252874 -0.48558746490301397 0.6860639539824375 -0.41727624249883055 0.3455453695552948
7.67189425 1.133865898530391 0.0518245771730091 1.2622159316448176 -0.48405988710280656 0.6870868922696935 -0.41573303082983587 0.34751068364329657
7.6768945 1.1316110767099574 0.04977374767022299 1.2611962553170317 -0.4854512615300074 0.6885397319913965 -0.41497710254285797 0.34357548590269726
7.68189725 1.1312614097929774 0.04777889452727746 1.2613418616878116 -0.4836460394637477 0.6877157385832116 -0.41867017254224576 0.3432912146260445
7.686896 1.129400507728195 0.04637014799191247 1.2603525792527897 -0.48491758481655256 0.6888398368662089 -0.4174288467053238 0.3407459068280639
7.69189725 1.129274518449667 0.04474698065076632 1.2606373707483998 -0.4821348328339624 0.6894288276149094 -0.41955650772403247 0.34089035106337723
7.696896 1.1285394141967895 0.043415528059610964 1.2602473658642321 -0.4801631856682185 0.6905149710094203 -0.42059933383415454 0.34018905085124784
7.701897 1.1271015343144617 0.04153744098307877 1.2596537818627693 -0.4803819397913812 0.6911263558757107 -0.4207105361478655 0.3384969673577677
7.70689725 1.1261667718093684 0.04025194035953951 1.2591010141473054 -0.47895069311561783 0.6919793346056711 -0.42079779632595316 0.338673956261747
7.71189725 1.125257854298504 0.03836640904886341 1.2592191280072476 -0.4779629078623851 0.6920353539898798 -0.4227777802308816 0.337487001348027
7.71689475 1.124232396878653 0.03692986040248683 1.2589113981811988 -0.4776090113713852 0.6925308685590769 -0.4231907258841976 0.33645243033044736
7.72189525 1.1228103593580214 0.035633790578661825 1.25819452885165 -0.4760937346287675 0.694086210733728 -0.4229025972380098 0.3357565802272135
7.726896 1.121608068870419 0.0343053332872393 1.25790424298465 -0.4760247643762779 0.6947790781800912 -0.42294895187383974 0.33436004595727675
7.731895 1.1210822753045626 0.032294571404135185 1.2577979702295305 -0.4746978310525591 0.6944897628581499 -0.4246418299591407 0.3347017399539162
7.736896 1.1198845160683166 0.030890640300746904 1.257509436536544 -0.474342029611978 0.695236557025998 -0.42468845512782105 0.33359479132529996
7.74189525 1.118897372768234 0.029299426290759056 1.2573280569861105 -0.47350498370046024 0.6957872262480961 -0.4254316214196279 0.3326876939369323
7.74689425 1.1180113135952137 0.02761689168447931 1.2571619122431665 -0.4728662677126164 0.6958078275258575 -0.4265436801427827 0.3321286632369125
7.75189525 1.1169645278098288 0.02602866661888325 1.2570213778435326 -0.47220264404056506 0.6962431814178187 -0.42720926913009427 0.33130399282173534
7.75689475 1.1167462336721012 0.025015940269677198 1.2570632967244646 -0.4697189400009806 0.6966463504837627 -0.428642827194768 0.3321344704430512
7.761893 1.1156701598625371 0.023281898121537106 1.2569260696504894 -0.46890233856135666 0.697218729950343 -0.4293593739255846 0.33116033506498266
7.766893 1.1141671688381916 0.02122541662671122 1.256816199220213 -0.4694794040029651 0.6977372619810387 -0.42936902741553323 0.32923250258208575
7.771892 1.113797465485858 0.020100890539736294 1.256889677173784 -0.46729650258197203 0.6981148909004131 -0.4307756390380738 0.329699752182346
7.77689325 1.1126522569473039 0.01841027472504387 1.256639620696971 -0.46689425512223287 0.6988751099071844 -0.43104913490591457 0.32829861191138027
7.78189325 1.111225000924119 0.016250553121352942 1.256610712968231 -0.46685373402391456 0.6994433432015513 -0.4315010574423662 0.32654775777072004
7.78689425 1.1108775849484316 0.015160985342798031 1.2566866986587868 -0.46482048199983345 0.6998206165574506 -0.4327568912630852 0.32697782374176765
7.7918945 1.1093143644226426 0.01296981754913444 1.2565608001308475 -0.4653687094619836 0.7003654871941536 -0.43293558208049804 0.32478751572313275
7.7968955 1.1083472114166477 0.011110764351396196 1.2565053977850753 -0.4643865287299299 0.7011036299614145 -0.43367094975447573 0.3236176128212815
7.801896 1.107335529736868 0.00939786165026328 1.2563874984734908 -0.4634734933305472 0.7011791048748796 -0.4346760227496332 0.32341450046867415
7.8068975 1.1065855625135668 0.0077901280112110186 1.2565998629639286 -0.4626004363615719 0.702054760979097 -0.4352263177326199 0.32202174028715924
7.81189675 1.1055878201622233 0.005810555400220747 1.256837146016606 -0.4626765307955558 0.7019259191546723 -0.43667896976016174 0.3202216564179591
7.81689775 1.10467358190668 0.004390884982315881 1.2566753348976445 -0.46122961351854014 0.703117577761572 -0.4364045178934077 0.3200687617035757
7.82189725 1.1038790483675593 0.002861683736762063 1.2567781396893936 -0.46006334328543746 0.70379056174555 -0.4368033530653224 0.31972393734877025
7.826896 1.1029397835704584 0.0010270373566048738 1.2569138357018144 -0.45962601804744607 0.7041720775786654 -0.43762321392013703 0.31838896232533653
7.831896 1.1021273824029414 -0.0006357939043924194 1.257067926468658 -0.4587544048194726 0.7045486707605259 -0.43839606920292273 0.31774904106186364
7.83689875 1.1011606071614761 -0.002305180785363613 1.2571521977571423 -0.458114853708746 0.705113824013763 -0.43883118753989053 0.3168161372759155
7.8419 1.1003323076332885 -0.003994811813154385 1.2574060730662655 -0.45742826752771026 0.7056032086835996 -0.4394291316435376 0.31588847751225857
7.84690075 1.100011780184429 -0.005408502776371043 1.2577092096101272 -0.45448538657175175 0.7055806917250442 -0.4411767439334462 0.3177451832362153
7.8518995 1.0986760755141882 -0.007513120820320556 1.2577750566337322 -0.45478363566295776 0.7062254319764899 -0.4413603958139122 0.315623961336571
7.85690125 1.0982372988026723 -0.008858860911732594 1.2579853141446806 -0.45412861001875393 0.7071829789329452 -0.44150068786459234 0.3142237777206746
7.8618995 1.0970343297975638 -0.010741508276005809 1.258223949155993 -0.45422553676734956 0.7076749337677635 -0.4416726937767121 0.3127308450364746
7.866899 1.0965615898914474 -0.012137810388536403 1.2584884487236343 -0.4527370149331924 0.7080300898898509 -0.44260318968826495 0.312769889212062
7.87190125 1.095383606745394 -0.014044799650889795 1.2587221072169335 -0.45253540778386603 0.7087664714130429 -0.4426147446491631 0.3113743430691591
7.8769015 1.0948466710685456 -0.01559771763235998 1.2590265076674871 -0.4514542860281117 0.7090616914302172 -0.44355483808867435 0.3109335153712081
7.8819035 1.0938092135317876 -0.018139241115460083 1.2592703548032702 -0.4500717070047828 0.7099332385001488 -0.44493100376439837 0.30897679090135016
7.88690175 1.093005970583112 -0.01931504975047919 1.2596692460115033 -0.4503752303815226 0.7100639892974574 -0.44459657575015693 0.3087153507569811
7.89190175 1.0925289371715892 -0.020890086372552012 1.2599522862148445 -0.44893240383762456 0.7103104632866277 -0.445583706564363 0.30882665522016056
7.89690525 1.0915994220145127 -0.02254868774387245 1.2601860692254545 -0.4486962618626609 0.7107757017039535 -0.4458659811757403 0.30768993042984266
7.901907 1.090395656653446 -0.02442558464768818 1.2606846382043781 -0.4489771603943483 0.7113651825920828 -0.44609499168802547 0.30557870480585
7.906906 1.0890610771360196 -0.02573138749875575 1.2604414561134343 -0.4492199027192487 0.7125724376706726 -0.44478454400873835 0.3043167913275944
7.91190625 1.0883227902445893 -0.027363631373378994 1.260996699008124 -0.4482505514127137 0.7131536026520436 -0.4451410441491071 0.30386318137683604
7.9169045 1.0877826125903367 -0.028753430676732594 1.2615100150320315 -0.4470477142139415 0.7135812709947308 -0.4459939981891649 0.30338006605721124
7.9219035 1.0870773445326285 -0.030332142204625392 1.2620131293727788 -0.44632335087181796 0.7139203257468164 -0.44657019709537116 0.30280074969906057
7.9269025 1.0863500438846152 -0.032115021099654986 1.262503325092427 -0.445376997114691 0.7142333139494159 -0.44742564571683624 0.3021926459078839
7.931902 1.0856482628096706 -0.03366598184748557 1.2629926025458198 -0.4447224931650546 0.7145719659757072 -0.44792461388984434 0.30161622931517584
7.9369015 1.0848966266234994 -0.035203087816188305 1.2635631556168985 -0.4440638706810728 0.7150293484917131 -0.44834781156869746 0.30087297886786024
7.94190275 1.0839966718623104 -0.03688541274137194 1.2641726688673065 -0.44345956765090977 0.7154298675050718 -0.4487949284912981 0.3001446796147388
7.94690425 1.0831304173182252 -0.03870224482466117 1.2648078236979223 -0.4436116804724018 0.7155604695711114 -0.4492490393406198 0.2989267334768711
7.95190375 1.082537748132715 -0.04048272625688172 1.2654735982903211 -0.4422075376804963 0.715911823170825 -0.45048885329579036 0.29829942695054223
7.9569035 1.0818185794309108 -0.04174966552370028 1.266059294273939 -0.4420668734778299 0.7161648523309013 -0.45048264585954834 0.2979096665749122
7.96190275 1.0814300908174956 -0.04306214396851152 1.2666400878317745 -0.4394833011700342 0.7169043463202595 -0.4516051097666152 0.2982539371952933
7.9669015 1.0808764406965874 -0.044636106664826945 1.2673142142483251 -0.4388866327205655 0.7168778000244856 -0.45250288740213135 0.29783532420448533
7.97190175 1.0800821405352528 -0.046050960526129205 1.2679350244231726 -0.43837928999910775 0.717275026176624 -0.45285330760787207 0.29709260628937134
7.9769015 1.0795890430140689 -0.04735266927886599 1.268692181355763 -0.43722918315449255 0.7176418480077045 -0.45354100142189707 0.29685245394869936
7.98190075 1.0787410888488231 -0.04888899799015996 1.2695026679738204 -0.4371620224269374 0.71769131640864 -0.45411957505207357 0.29594586000440587
7.98690175 1.0780935679475034 -0.05025633256267639 1.2701615803851216 -0.4366751242773066 0.7180190738594252 -0.4544600998518028 0.29534634423696776
7.991904 1.0774046024339543 -0.05169139044558149 1.270781007534445 -0.4361485085256239 0.7181242171458461 -0.45527396551282484 0.2946144999584485
7.99690425 1.0769659086802412 -0.05296110655092823 1.2717189116597316 -0.434881948683069 0.7182229179510514 -0.4561636666078251 0.2948698697839419
8.001903 1.0763588871595193 -0.054255621816486806 1.2725495615888052 -0.43423899483741735 0.718336710298744 -0.45681743765506894 0.2945279182930289
8.006901 1.0757356543354928 -0.055514904908538824 1.273404120817227 -0.4337668955010874 0.7184532691693394 -0.45747469048010725 0.29391850563951816
8.01189925 1.0751867290178991 -0.0566193933362391 1.2741800158761032 -0.43250842567749687 0.7188499596539771 -0.4579724301017344 0.29402797569306327
8.01689825 1.0746880412810031 -0.05788941424302176 1.2751105854913067 -0.4320669263735869 0.7187362247503488 -0.4587085438291828 0.2938075597798807
8.021899 1.074124689948076 -0.059125556938430045 1.27600682517603 -0.4313450423835257 0.7188913112365897 -0.45943432793565103 0.29335445344157945
8.026898 1.0736878142527913 -0.06049299692531324 1.276939037961717 -0.4303449766713625 0.7181729262444146 -0.4611320977445161 0.2939184197919574
8.03189825 1.073091788057842 -0.061401489884057886 1.277928321461016 -0.43006987601189844 0.71886251568128 -0.4609342603632432 0.2929440098702852
8.03689675 1.0725174372733175 -0.0626823831855967 1.2788505099565846 -0.42988414093438293 0.7188103390547781 -0.4616496203749207 0.29221729902378163
8.041895 1.0720394460597276 -0.06362686317138373 1.2797384443876254 -0.4290758194312703 0.7190431614615332 -0.4620053618640287 0.2922702837164177
8.046894 1.0713513406616728 -0.06491691733742283 1.280779679225595 -0.42895429002744745 0.7190540124335489 -0.4624133895242074 0.2917762866632511
8.05189375 1.070970183690425 -0.06612227442734783 1.281927117253664 -0.4284068367454477 0.7184217334360726 -0.4639920514785168 0.2916319106703261
8.056894 1.070634238804278 -0.0670272592363657 1.283012835075342 -0.4273440401309121 0.7182976770644042 -0.46502221236257707 0.2918558899489345
8.061894 1.0701585330624164 -0.06795704636029806 1.2840854042044363 -0.4271909291565434 0.7181809120502108 -0.46555003801396194 0.29152572736946436
8.0668945 1.0695290369607093 -0.0688277256009339 1.2850135257293476 -0.42706728002042305 0.7183980591908641 -0.4656360501346573 0.29103407996616537
8.071895 1.069293617085452 -0.06950168709736436 1.2864077392007218 -0.42626778251820535 0.717508958524572 -0.46716413392399053 0.2919492147601088
8.076894 1.0692839277398674 -0.07061296360803447 1.2875721661224724 -0.42485569924994376 0.7174562900846299 -0.46851399745840805 0.2919738700952253
8.08189525 1.0690302090561175 -0.07151725693960334 1.2887469033642165 -0.42419371314832366 0.7170021309078364 -0.46969760824495815 0.2921502948963521
8.08689825 1.068651393028918 -0.07241382600756542 1.2898302747091042 -0.423080836478828 0.7163608061853844 -0.4712213356565019 0.2928826624911478
8.0918965 1.0682834658677391 -0.0730326848944505 1.2910099512380715 -0.42324095922795896 0.7165963705916619 -0.47131520788578507 0.29192243302328436
8.096894 1.0678932092737856 -0.07378638833172246 1.292204270844176 -0.4230231959715395 0.7164690733437229 -0.471879952344599 0.29163805167925316
8.101893 1.0675165483712654 -0.07459758844973442 1.2934389217198388 -0.4230310323714695 0.7159721410190274 -0.47282715096699657 0.2913127601801739
8.10689375 1.067232445643453 -0.0751630785100243 1.2945125455323538 -0.42186680904159324 0.7159575547571556 -0.47365530200109 0.29169132675051346
8.11189225 1.0662366229806506 -0.07592861085642182 1.2952073837859774 -0.42277565399803413 0.716427140308883 -0.4731902811122373 0.28997216569231693
8.11689175 1.0661200079167545 -0.07670939468949645 1.2964316455742704 -0.42124931759204315 0.7163935320054463 -0.47440824898988976 0.2902862949216623
8.1218925 1.0664146726296642 -0.07742408803636944 1.2980284920198972 -0.41974263824435887 0.71542408631068 -0.4765698563911309 0.29131712333045395
8.126891 1.0655735194711689 -0.0781842131003815 1.2988461092596104 -0.4207955200871084 0.7153849621442363 -0.4765398820200285 0.28994004045120575
8.13189125 1.065344069912941 -0.07856719872797482 1.3001366816247233 -0.42034560395428405 0.7152382894952164 -0.4772479434278535 0.28978986001954876
8.13688975 1.0651563879285346 -0.07899063022286361 1.3012568993919629 -0.4195748983498041 0.7151640568876753 -0.4778478858431761 0.29010114513031554
8.14189125 1.0649288621032733 -0.07963290612000072 1.302517559069236 -0.4195135786327956 0.7145110722277771 -0.47908236695129824 0.2897626109127247
8.14689 1.0647265612100025 -0.08004353856444438 1.3037432464926653 -0.4192368431859595 0.7142900087448031 -0.479604829310419 0.28984385524786316
8.1518895 1.0646057870441958 -0.0803224078541437 1.3049880534256244 -0.41888176475559075 0.7138884404236483 -0.4802580710942359 0.2902646153660084
8.156889 1.0643533927415516 -0.0811305737900636 1.3060528994837313 -0.41864157446403927 0.7129803896394166 -0.48204724645952374 0.28987695372465727
8.1618885 1.0643133637506648 -0.08146512009097474 1.307536848564326 -0.41820466113130284 0.7132196259457231 -0.4821386690460682 0.28976702777297
8.16688775 1.0643586907903746 -0.08189473034063065 1.3087278606042643 -0.4173618246167458 0.7129172127255756 -0.4831355903482076 0.2900657795932954
8.17188575 1.064825755473325 -0.08238166256650199 1.310463584806941 -0.41671120019145724 0.7114413197728955 -0.4853618465880014 0.29090703331387724
8.17688725 1.0640778540389086 -0.0829276178432101 1.3110828158411707 -0.4177483117430719 0.7114773534170847 -0.4851917065306571 0.2896123815107059
8.18188525 1.064234743680125 -0.08306612020201037 1.3124103416676254 -0.4165654765703958 0.7115956469025252 -0.48558804097414354 0.2903602822390644
8.18688325 1.0639840521067265 -0.08341457279545951 1.3138127083519402 -0.4170802554172613 0.7110884168443411 -0.48644373174968825 0.28943016396415566
8.191883 1.064050857801517 -0.08374319329605882 1.314951634458642 -0.41678608461015665 0.7105478985010178 -0.4871072092178084 0.2900648381640919
8.196881 1.064124368987037 -0.08390235562646202 1.3161317230383298 -0.41607627925193796 0.7103650351439623 -0.48763282406832453 0.29064802696720843
8.20188025 1.064089872485817 -0.08415262826513725 1.3173970439347098 -0.41599804759912173 0.7100680395884921 -0.4881448418932855 0.2906262494711274
8.20687925 1.0640862295571727 -0.08446240709835372 1.3187174186982036 -0.41648601843266103 0.7092748652301769 -0.4890100563275967 0.2904095845754825
8.21188025 1.064179446285869 -0.08459973475196574 1.319859961203404 -0.416202458573253 0.7088150079951272 -0.4897510894162213 0.2906899866422504
8.21687975 1.0641826621756063 -0.08495679988442138 1.3212303732130477 -0.4162178075061264 0.708355939258656 -0.4905116889973905 0.29050453178686836
8.22188125 1.0643540772110798 -0.08481767379554583 1.3223315545167418 -0.4160218508608224 0.7079744895899093 -0.49077788906601283 0.29126449371688223
8.22688 1.0644600404244495 -0.08531119585949887 1.3236345157161837 -0.4161296257487037 0.7073852314462699 -0.49189228803955415 0.29066173788987654
8.23188 1.0647659986857638 -0.0850614022843252 1.324953639237636 -0.41497125523678 0.7076870862490899 -0.49198380108436246 0.2914271517104521
8.23687975 1.0654842414313714 -0.08548971781521686 1.3266713522759215 -0.41453904475556935 0.7060106776955374 -0.49411970537903294 0.29249276932800555
8.24188025 1.0655919784913546 -0.08561625132590704 1.3278503657705871 -0.41471779544146326 0.7056040189904583 -0.494635044364759 0.29234960477989114
8.24687875 1.0652702698678163 -0.08553743712392364 1.328643877803351 -0.41587939671375507 0.7058031945315678 -0.4938962415445602 0.29146643128530997
8.251877 1.0649774915344727 -0.0858744090617701 1.3297082360017771 -0.4169033572866285 0.7053259674821836 -0.49447585225173524 0.29017322725982103
8.256879 1.0657871499895148 -0.08531987625416688 1.330872789749768 -0.4150829395136087 0.7055604977876374 -0.4946373931837714 0.29193216087092266
8.261878 1.0664079878532544 -0.08538071320376635 1.3325348593847983 -0.41504317646302363 0.7044042338207089 -0.49586934154046813 0.2926899949898635
8.26687775 1.0664419031039785 -0.08520032030563787 1.333418920173746 -0.415058872376608 0.704341858521952 -0.4958412989314259 0.29286530192103255
8.271879 1.0667208713371525 -0.08551372562483035 1.334984369329739 -0.4162476139866678 0.7033120252262726 -0.4968653188553498 0.2919160391984253
8.27687775 1.0671637163189867 -0.08529561497631326 1.335963084740833 -0.415986695810254 0.703185294556195 -0.49680722115450704 0.2926911263388786
8.28187925 1.06753762291937 -0.08521904305955445 1.3372197128218561 -0.4159307505273309 0.7026722226104755 -0.49734942226240275 0.29308174715031254
8.2868775 1.0683841117787958 -0.08533363975988166 1.3389838527463491 -0.4157934404159939 0.7011765269774276 -0.4992352878525794 0.2936518692017069
8.291875 1.0682803954118352 -0.08500599325048212 1.3396737575168727 -0.41611652290982043 0.701724847498983 -0.4982098785357175 0.29362594349511345
8.29687675 1.0685674731215185 -0.08488111190583787 1.3406865043372944 -0.41660357702824136 0.7013253568244693 -0.4984188456530451 0.29353510485151685
8.301876 1.0690109739765399 -0.084730876173167 1.3418337084904595 -0.41647394095044704 0.701250271598531 -0.49849990108825365 0.2937607218591203
8.30687425 1.0696887350547448 -0.08447538837002389 1.3430578023770943 -0.4161795886529908 0.7006635254533905 -0.499077272016956 0.2945964199442464
8.3118745 1.0699445214303143 -0.08434963703027432 1.3441292558727695 -0.41635853098343734 0.70033214572737 -0.49938283478430007 0.29461371940391406
8.316873 1.0701997462110693 -0.08446464165168985 1.345377104093483 -0.41804826726145894 0.6997143698791065 -0.49971255230819006 0.2931259317938474
8.3218735 1.0707702814479663 -0.08424720405083373 1.3465946200939625 -0.4180166077831597 0.6988896578062653 -0.5004796142524709 0.29382906178014295
8.326873 1.0712470062255697 -0.08408280350078841 1.3476935173275573 -0.41828419790005356 0.6984670966833102 -0.5007550313635291 0.2939837464929096
8.33187225 1.0718757169687887 -0.08374922157104453 1.3487387922642897 -0.41767105963202034 0.6984546583448227 -0.5006640207409193 0.29503815773187514
8.33687225 1.0724881057084175 -0.0834400622676519 1.3500629550643455 -0.4175977924511529 0.6980910737390728 -0.5008564707890071 0.29567504489647556
8.341871 1.0728090561691033 -0.08337365914811767 1.3510882822719776 -0.418886743292622 0.697310716231326 -0.5014112602185925 0.2947514367202632
8.3468705 1.0735005733110978 -0.08286121154620336 1.352050047464096 -0.4183672658157529 0.6973154704099045 -0.5011070950430261 0.295992643351831
8.3518695 1.0741439798907388 -0.0826061181793082 1.3533170261797565 -0.4184406652073868 0.696880765820604 -0.5014404941602797 0.2963478340504322
8.3568695 1.0747641372378247 -0.08228169673716658 1.3544191524682554 -0.41883243077239923 0.696448167803491 -0.5015578125608742 0.2966127191399503
8.3618695 1.0753614138030194 -0.08188545104938019 1.3553036911498246 -0.4185207715729419 0.6963917379440009 -0.5016028891802032 0.2971084863335215
8.36686925 1.0757898632016387 -0.0818475903524529 1.3565322554268082 -0.42012357004548506 0.6953800088973354 -0.5021915976910696 0.2962202361869781
8.37186825 1.0765521828949547 -0.08125241554930357 1.3576157260405388 -0.4196672957029834 0.695285158389286 -0.501974477189783 0.2974550952513241
8.376867 1.0770683164615815 -0.0809218752813353 1.3584765828123242 -0.42032697317892415 0.6947890818953049 -0.5021539446510379 0.29737986342172823
8.38186675 1.077768283506912 -0.08046892677902275 1.35952443576336 -0.42052327112858684 0.694320506255604 -0.502348752971791 0.297867325196909
8.38686775 1.0784754809405772 -0.08002303096517505 1.3607045190202764 -0.4203458312632066 0.6939800746991788 -0.5026205726375655 0.29845200287760143
8.39186825 1.079118770800862 -0.07957993222887287 1.3617090669908225 -0.4206303887222474 0.6933739332121496 -0.5029363609345386 0.29892755255280146
8.39686725 1.079697835836252 -0.07921677214116629 1.3626034309182162 -0.421074499303045 0.6928445696183769 -0.5032471513567388 0.2990066438030159
8.40186575 1.0803508910933615 -0.07870260128953202 1.3636647566253213 -0.42113659970696243 0.6925612772589188 -0.503210383614931 0.2996366991055447
8.40686275 1.08102516189727 -0.07815301579336009 1.3646671259000192 -0.4215526723113226 0.6920955484979826 -0.5032824106456307 0.30000651884781127
8.41186175 1.0816933918212364 -0.07749831930044455 1.3655619462868533 -0.42141092803114477 0.6918863259043885 -0.5032447067342386 0.3007505725787165
8.41686125 1.0823144008098082 -0.07710217670971453 1.3665358749303753 -0.42197747202603975 0.6912106615918765 -0.5036634881757778 0.30080878491633367
8.42186175 1.0829605393001192 -0.07656610771694422 1.3674729010196158 -0.42250694706475067 0.6906973605339907 -0.5037811135449014 0.30104754685740576
8.42685925 1.083602386671089 -0.0759356015820246 1.3683718330778063 -0.42304972938536134 0.6901773274483649 -0.5038817359394804 0.30130944115613245
8.43186025 1.0843035745569767 -0.07534150941332109 1.3692341231114615 -0.4231421056450117 0.6898371599320557 -0.5039832911576285 0.3017884912336885
8.4368625 1.0850157952238664 -0.07472630293878561 1.3701611016751147 -0.42340853703918013 0.6892244564668901 -0.5042928327639794 0.3022972017620115
8.441861 1.0857622182846325 -0.07411314601728304 1.371055661280962 -0.423830295687557 0.6886885723991938 -0.504448630041769 0.30266732620674636
8.4468605 1.0862097927143952 -0.07353515734679207 1.3717049238476677 -0.42466803263928593 0.6885305922614133 -0.5041453555813405 0.302357645876848
8.45186075 1.0870272681033626 -0.07275318399461543 1.372766512412332 -0.42450414682120924 0.6876758192681426 -0.5047964944223239 0.3034447167844889
8.45686 1.0876366324919995 -0.07178777011612276 1.3734403716677344 -0.4257725961989685 0.6869081365819794 -0.5044684835135883 0.3039514062559393
8.4618635 1.0883983751645503 -0.07105933166395016 1.3743356317897202 -0.4260129470353051 0.686481856461403 -0.5045810686384024 0.3043904973538562
8.46686125 1.0891135782939259 -0.07034410045504848 1.3751738254279389 -0.42633148282471733 0.6859679390573364 -0.5047420724370841 0.3048358470551416
8.47186175 1.0898605402885932 -0.06983860353474611 1.376060111342504 -0.42600948204133293 0.6855354463587021 -0.5053270698908837 0.3052894125778757
8.47686075 1.0906239730597616 -0.06900288797156223 1.3768496197534694 -0.4266718988232278 0.6848111514931478 -0.5054433092680872 0.3057970546969594
8.48186175 1.0913155754273471 -0.06823604626655176 1.3776424607214424 -0.42691223452918253 0.6844313231093432 -0.5054373861859771 0.3063213290020486
8.486865 1.0920240914354824 -0.06738694101512316 1.3783438707156264 -0.4276489678722944 0.6839150469712776 -0.5052649628875654 0.3067309669437759
8.49186675 1.0933407593840374 -0.06712192455889511 1.3795646300362172 -0.4260622776302237 0.6828734436053193 -0.5072719139529797 0.30794480173180333
8.4968685 1.094077669890789 -0.06597669047450042 1.3803695955143642 -0.42710248637466103 0.6820058861573085 -0.5070473016906091 0.30879519301251945
8.50186875 1.094793647613565 -0.06501796974299925 1.3809804893305526 -0.42681887614416253 0.681829142274033 -0.5070996057929695 0.3094909651629679
8.506873 1.0955842157302789 -0.06448719826280087 1.3817122748370458 -0.42637323641745717 0.6813821220287586 -0.5078111031969322 0.30992281380434644
8.51187525 1.0963731266720422 -0.06359030175297702 1.3824269185868285 -0.42688752677458686 0.6806341167380893 -0.5080486724872831 0.3104686538128235
8.51687425 1.0971405942203178 -0.06275249711275141 1.3832602802127176 -0.4280222444724139 0.6797374398716755 -0.5081593875559568 0.31068956839947576
8.52187475 1.0970924536245248 -0.061218156421954106 1.383276585568349 -0.42969142123021875 0.6802783587304501 -0.5059886672718904 0.3107444380139024
8.52687475 1.0977850078962932 -0.06028807356460544 1.3839068122531057 -0.43002536947664194 0.6799000110868022 -0.5058592361661551 0.3113207184175794
8.53187325 1.0991927397699273 -0.059875487061147176 1.384951786140258 -0.42858892368364926 0.6788010468185655 -0.5076790612332319 0.31273414287387186
8.5368725 1.100053833910284 -0.05903201823184143 1.3857299280049167 -0.42980525693744437 0.6777504735328703 -0.5080398050834003 0.3127575629552839
8.54187125 1.1006173426150725 -0.057755241769022726 1.386326628628202 -0.4303932843230468 0.6770507992487689 -0.5078442371505042 0.3137802843380171
8.5468705 1.1014166340709517 -0.056755582891255645 1.3869593033408787 -0.43146326303796123 0.6760807243191722 -0.5077573370591851 0.3145421967165354
8.55187 1.1021017639871493 -0.05555902265290105 1.387425955867669 -0.43123855341053924 0.6760959705340728 -0.5073608944936583 0.3154559738197561
8.55686925 1.1020654270454457 -0.054542733570516054 1.3872911911319545 -0.43284266194252363 0.6767803773981907 -0.5056139706194223 0.31459507861016334
8.56186975 1.1026826642119196 -0.0534005767267258 1.3877830936090332 -0.4348591404281388 0.6756632264078833 -0.5052223902718421 0.31484451533129204
8.56686975 1.1040129542631552 -0.05267423226024543 1.3888227596100529 -0.43306778268665597 0.6745776929398433 -0.5070202500244758 0.31674547802918956
8.57186825 1.1041164480528463 -0.051593017165901554 1.3888072049329185 -0.43515161757449794 0.6746087462663892 -0.5056110069539189 0.316075337269823
8.57686725 1.1048704640346998 -0.050429091113678735 1.3892115224062747 -0.4347777153273801 0.6743185748109759 -0.505637783038498 0.3171643584697225
8.5818675 1.1063145252119702 -0.049408813275520415 1.390247688521923 -0.43397996845919595 0.6726577141140838 -0.5072333685275305 0.3192292224580719
8.58686675 1.1070364720459653 -0.04847681427375554 1.390722858862987 -0.4351949021190466 0.6716392779577874 -0.507288518054644 0.31963172077229535
8.5918665 1.1070765753524994 -0.047409003845335716 1.3905330904417226 -0.43687216406981344 0.672035104268905 -0.5058116905725878 0.31885116366627975
8.59686575 1.1077626952753117 -0.04629076121888271 1.3909227468810996 -0.4376347217496083 0.6715263339392651 -0.505602713973675 0.3192085975779595
8.601863 1.1091124884282135 -0.04520051959388954 1.391858965091424 -0.43678321319069807 0.670152408558722 -0.5068470811935651 0.3212821349893523
8.60686175 1.1098606410687424 -0.04411744158278966 1.3921875976062696 -0.43696752523073024 0.6697140684857853 -0.5068460519347794 0.3219464676061451
8.61186325 1.1099663828920454 -0.0429457108837449 1.3919312897206777 -0.4390110034008662 0.6699713205799834 -0.5053508216730207 0.32098024164686617
8.61686375 1.1105781985740681 -0.04182982675902165 1.3921208094240918 -0.43963758412850884 0.6695786186549172 -0.5049769674507242 0.3215299836812913
8.62186325 1.1113165855273837 -0.0408200142683389 1.3923240764255518 -0.4396030696921783 0.668632388378782 -0.5053504248299899 0.3229563723666834
8.6268645 1.1127905155193234 -0.03985289813654003 1.393281484696283 -0.43759746384045617 0.6671660900465037 -0.5071984725788734 0.3258029732002442
8.631864 1.113414002293805 -0.03861592909712189 1.3934202347414748 -0.4392640082272029 0.6672849587708867 -0.5063214848790276 0.32467902430585877
8.63686425 1.1136191928822212 -0.03722557667941611 1.3930159555979587 -0.44070728747335197 0.6677449036587214 -0.5047409486534132 0.32423819201034554
8.641863 1.11489393687027 -0.03632028640375155 1.3938722102938732 -0.44048695712278707 0.6661670125994615 -0.5060183638987082 0.3257885316064563
8.646862 1.1148887078168013 -0.035137322744490496 1.3933819975122297 -0.44241845831669424 0.6666900203672798 -0.5042213044488901 0.32488644265837757
8.651864 1.1160954335446285 -0.033933928364003836 1.3937583929840756 -0.441201107193479 0.6661138149852182 -0.5049843946294026 0.32653442341943434
8.65686425 1.1169134344124452 -0.03289745258686145 1.3942733177690234 -0.44195926640815475 0.6649102075846404 -0.5053228601495067 0.3274373675927022
8.6618645 1.1179170452788176 -0.03152754370469376 1.394484450504832 -0.44182387471035567 0.664242258214615 -0.5054129901038439 0.3288336898375353
8.6668675 1.1181761514149904 -0.030751322600042423 1.394445113728931 -0.44300624734078625 0.6640489531447461 -0.5048824920711288 0.32844805045006376
8.6718675 1.1182939508947938 -0.029694025730201575 1.394132708739754 -0.44529464472870245 0.6639261234090943 -0.5038866148304734 0.3271285090382629
8.676869 1.1191215635490597 -0.02831208374547715 1.3941631625196726 -0.4451372223137639 0.6635413576560347 -0.5037948459705136 0.32826281111987
8.68187075 1.1205886406467496 -0.02700507332179934 1.3947836024919977 -0.4440153137402791 0.6620743186208565 -0.5050564916877416 0.3307959159223708
8.68687425 1.1212254500173242 -0.025806629022447014 1.3948233384844098 -0.4444502459422108 0.661826899794965 -0.5042420589797917 0.33194740478803864
8.6918745 1.1219514081730881 -0.024535879601409395 1.3946338003521075 -0.4442280715923587 0.6615738290087273 -0.5040786714503018 0.3329957689955899
8.69687525 1.1226273654416448 -0.023372844296540317 1.3945477202656196 -0.44454988592755573 0.661161504016023 -0.5039114098703129 0.33363776094977804
8.70187825 1.1232512203675238 -0.02215800736968534 1.3945265192895306 -0.4455945750863243 0.6606610824167994 -0.5032760626991172 0.334193975929512
8.70687875 1.1239185679424506 -0.02096440362386028 1.3943422522947122 -0.4460535472467035 0.6603539242758935 -0.5028139612948661 0.3348836335341356
8.711878 1.124196594280162 -0.02029196515816654 1.3943115616750705 -0.44752997942451705 0.6596601780734883 -0.5031675451617033 0.3337480913447904
8.7168775 1.124795587410042 -0.019200510140134595 1.3941045764253355 -0.4482687711239438 0.659155236018307 -0.5027084004434862 0.3344454331998433
8.721879 1.1253510204796722 -0.01803756854537915 1.3939748292677634 -0.4487637547443248 0.6588441830795859 -0.5024223138510695 0.3348242126766016
8.72687875 1.1263573845230976 -0.016699620351877522 1.3941001110911757 -0.44888653867070594 0.6582152071473522 -0.5025705691348803 0.33567311408518224
8.731879 1.127094349227959 -0.01554946058936887 1.3939191531332042 -0.4491703310382624 0.6578491005071464 -0.5023626469591139 0.3363217887933356
8.73688075 1.1273907563798855 -0.014775446402172918 1.3934003016415013 -0.4499765550901858 0.657734386343673 -0.5017738885611017 0.336347352670646
8.7418825 1.1280066072939825 -0.013640855246815334 1.393129890867267 -0.4505569508219324 0.6574124699694601 -0.5013953393834151 0.33676400050968436
8.746883 1.128668591337211 -0.012405402334121284 1.392867633207731 -0.4511135331592234 0.6570529911616886 -0.5009741835937958 0.3373467272386231
8.7518845 1.12960330459266 -0.010982122717927745 1.3928473504064527 -0.4509832417076352 0.6566550897978597 -0.5008217882304382 0.3385199332020252
8.75688525 1.130896295656077 -0.01025239739823935 1.3924406436234489 -0.45098707085205303 0.6554520044333535 -0.5013019984380082 0.34013179529506476
8.76188475 1.131621620675641 -0.00902194567884559 1.3921236475172987 -0.4511718959818773 0.6551813014597954 -0.5009678634607986 0.34089966599146065
8.76688425 1.131754440267488 -0.007465269288586367 1.3918729040406121 -0.4510612555268453 0.6550949722476347 -0.5003412650915551 0.3421300038654882
8.77188475 1.131966388241176 -0.006473917101562019 1.391190346682276 -0.45309383858655433 0.6554597180188991 -0.49883297509941726 0.3409460286364262
8.7768865 1.1324297630726536 -0.005467352171957764 1.39072367452244 -0.4537866969658964 0.6553367278176037 -0.498346101352126 0.340972975611315
8.781889 1.1333809181658765 -0.004071555615450186 1.390417710575406 -0.4534016832158736 0.6551061108294322 -0.4981766905489605 0.34217376025147445
8.78688975 1.133628310134859 -0.0031297866840814194 1.3898371804137832 -0.4547866628171625 0.6550130413950657 -0.4970514286588653 0.34215038242590823
8.791889 1.1341695969759729 -0.002084194473146361 1.389336456520553 -0.45511358810866737 0.6548837069909081 -0.4966427529613742 0.3425564598247247
8.7968895 1.1352853269760372 -0.0006661004538112724 1.3886947623781603 -0.45470693961688874 0.6541611327315217 -0.4967370048863804 0.3443358236724196
8.80188975 1.1358227406442387 0.0005630631282948731 1.3883533894309548 -0.4554492834013006 0.6540627751429497 -0.496141245488738 0.344400494985749
8.8068895 1.1363732697868154 0.0016448295639896393 1.387807073309292 -0.45579777971103164 0.6539502228754466 -0.49560553042424543 0.3449241195169598
8.811889 1.1369523968163155 0.0028213865015300184 1.3873681167875604 -0.45637119428079215 0.6538317314808438 -0.494870647502034 0.3454452810220498
8.81688875 1.1375610832060492 0.003949481338883241 1.3868007794481647 -0.4567269042337511 0.6536953625811023 -0.4943459323992714 0.34598411381060573
8.8218895 1.1381955940677433 0.005090283167062143 1.3858096565507847 -0.4566606222696757 0.653667106602915 -0.4936206366779509 0.34715854715000233
8.82688975 1.1387146528934302 0.006194487606786014 1.385063165499028 -0.45736628190130185 0.653583108530288 -0.4928525484901484 0.34747887686941537
8.831892 1.139311525904551 0.007198841864751379 1.3844001793668959 -0.4576387321193032 0.6534740769119082 -0.49254428468254796 0.34776220222290277
8.8368915 1.1399580324607146 0.008274356009651904 1.383706161535552 -0.457998897058038 0.6532911158448669 -0.4921087488437071 0.34824805464391434
8.84189275 1.140396142728874 0.00931544990165565 1.3829631358444676 -0.45877311237934454 0.6533298491907853 -0.491192106052925 0.3484503615515516
8.8468915 1.140970296060639 0.010422734375186355 1.3824160013713678 -0.45927189802028034 0.6532834592476269 -0.490730785996556 0.34853025871150084
8.8518895 1.1416331162744031 0.011619878076144534 1.3816894108767244 -0.45964717808817307 0.653082112758781 -0.4901990210810241 0.3491606297985383
8.85688925 1.14219245910891 0.012634857215243423 1.3809034007766046 -0.460080201875337 0.6530083473089067 -0.48971798216401496 0.3494032113940068
8.8618895 1.1427537270215447 0.013741017436753959 1.3800348119731713 -0.46067578237647316 0.6529181610350542 -0.48898073861473434 0.3498192901859706
8.866889 1.1433204733531883 0.01479501052203614 1.3792256905171396 -0.46117783836160886 0.6528436910209636 -0.4884342616352044 0.35006012134933506
8.87188975 1.1438025740488404 0.015787634786464316 1.3783490474712465 -0.46176574514475655 0.6528312476244001 -0.4878422976494148 0.3501337620970259
8.87689025 1.1443710766058526 0.016883218729765833 1.3774338099156471 -0.46213835604768216 0.6528349805582416 -0.4871188719560892 0.35064202915978737
8.881889 1.1449117731107579 0.01798335023145323 1.376410316123128 -0.4626295124772296 0.652884312419507 -0.48632838051077815 0.35099959414699083
8.886888 1.145455973211437 0.01897002576611583 1.3754981220325457 -0.4629046904363685 0.6529477525503026 -0.485837273688282 0.35119883756449993
8.8918895 1.1460289148777365 0.020009006372830106 1.3746529446027425 -0.46322083634128364 0.6528550408516623 -0.48526183639464904 0.35174948834752956
8.89688925 1.1473884669675376 0.02049357702078171 1.3736272922984543 -0.4627061716038478 0.6509235474429831 -0.4863351977127227 0.3545132008962151
8.90189075 1.1470331691316675 0.022130390168044616 1.372500694012973 -0.46411851822963923 0.6530757667340786 -0.4834666836299463 0.3526272958250409
8.90689225 1.1475314907227765 0.022978233898494013 1.3716323261266408 -0.46465850503162043 0.6528195552657245 -0.48343385743551354 0.3524355365871336
8.91189325 1.1479770039514157 0.02404238578414763 1.3704977449843065 -0.46519376802618084 0.6528690013278289 -0.48268524923295153 0.3526638278413747
8.91689275 1.1484209153888263 0.02504853178795223 1.36943519578496 -0.4656070465352988 0.6529582791664054 -0.4820103711171239 0.35287613410410107
8.92189175 1.1485588773428845 0.025799324250049573 1.3683133377018573 -0.4665811805968641 0.6530679285229543 -0.4811738533698969 0.35252802084478185
8.92689225 1.1489147542286462 0.026655818824920467 1.366955209567005 -0.4673983708500918 0.6531261909253384 -0.4802912301717062 0.3525411690486482
8.931891 1.1498188727301748 0.027893969538311192 1.3661795616312649 -0.4670553173396625 0.6529283266819202 -0.4801350967805893 0.35357349957341094
8.93689375 1.1502971904324408 0.028807170623174054 1.3652343082681404 -0.4672891427825116 0.6530163032940368 -0.4795278934281877 0.3539259302369644
8.9418925 1.1503150556015989 0.029604471073046104 1.3638925576713807 -0.4683667082435828 0.6533899611530997 -0.4783677697007712 0.3533814683665959
8.946893 1.150736294023726 0.030498896630717972 1.3626657960668542 -0.4685350113182675 0.6534745884078957 -0.4778667369192572 0.35367963925035834
8.95189075 1.1514963379447098 0.031654225831637225 1.361775855143109 -0.46858966883766495 0.6532803415208234 -0.47764999027131294 0.35425838654131886
8.95689025 1.1527887287228924 0.03219544223427651 1.3606751444408904 -0.4682188806785827 0.6520480496360255 -0.4783851352703613 0.3560225878990105
8.9618925 1.152334478468499 0.033438551993508155 1.3595914188491647 -0.4687594464709622 0.652846589566822 -0.4769955474268891 0.3557121864234185
8.96689125 1.1523353023166405 0.03413008233420449 1.3582236990074394 -0.47001029663959776 0.6537368973656809 -0.4756674484626335 0.35420173425393964
8.9718905 1.1530586104282827 0.03521553879814154 1.357191057458776 -0.4698894895271676 0.6535015239491313 -0.4754428492144428 0.3550967797078897
8.97689075 1.1530121106718467 0.035877012587094866 1.3558565093054522 -0.47087716343792585 0.6537705863446713 -0.4744862881073923 0.35457224902869405
8.9818905 1.1537157917650385 0.036989074886636164 1.3548536492367709 -0.470726741120984 0.6536796562078304 -0.4739840116047485 0.35560989721420894
8.98689 1.1535666767787391 0.03760477922134885 1.3532895354264638 -0.471855718392885 0.6539804597177381 -0.4728143443185235 0.3551173540309666
8.99188875 1.1543604507232226 0.03884245075445722 1.3523463797642943 -0.47100358892936234 0.6540885567007008 -0.47233994613982305 0.3566773815221305
8.99688875 1.1545285120972908 0.039502162024874554 1.3512441123027812 -0.4718394331841889 0.6539580036546425 -0.4720375775908797 0.3562120212606422
9.00188725 1.1548562503700317 0.040465778501316545 1.3499084568805944 -0.4717990031005664 0.654309652754886 -0.4708275178857295 0.3572198586118296
9.00688925 1.1545271060060658 0.040908536747034444 1.3481330633220279 -0.47300382314128653 0.6548237388695366 -0.46950582556850445 0.3564232512952609
9.01189 1.1552167717125965 0.04173202044296266 1.3474049941098378 -0.47308744014009796 0.6542106068541659 -0.4701100500555198 0.3566416923159572
9.01688925 1.1555345667103074 0.042682079203862286 1.3461973789014734 -0.47270183885836004 0.6545971249316114 -0.46914041618987284 0.3577189475948766
9.0218915 1.1557422837839595 0.043340692305467984 1.3450709945409958 -0.47308031628606134 0.6546455437269704 -0.4690193432781714 0.3572885137420631
9.02688975 1.1558978862770928 0.04390779757056534 1.3437216632282638 -0.4737635801414892 0.6545479788434053 -0.46871707903301374 0.35695841963216307
9.03188925 1.1561232740572176 0.04468316680120431 1.3425459633261285 -0.47390936963473795 0.6547528531974742 -0.4679455562709265 0.3574011289412292
9.0368885 1.156328208465548 0.04548943064225353 1.3412118936882604 -0.47370902821675825 0.6551959946934133 -0.4668962211521786 0.35822602333925874
9.04188825 1.1563220635934892 0.045932594205740564 1.3399873035431649 -0.47458478420744377 0.6550890827269981 -0.4668008188650272 0.35738574649475624
9.04689 1.1564022850454716 0.04649133959258884 1.3387053243084082 -0.47468093893970664 0.6554292126325586 -0.46628213728871043 0.3573115193786157
9.05189075 1.1566468006835298 0.0471742923135629 1.3374665417446863 -0.4748694000217039 0.6556121291423324 -0.46575214812869026 0.3574167393365837
9.056892 1.1567787015751336 0.047828564973985334 1.336149232826904 -0.47508663635498044 0.6558345797223212 -0.4652346697137705 0.3573938920766218
9.061892 1.1568321208634156 0.04822781452809224 1.3348961538241257 -0.47468906854839044 0.6561290433574645 -0.46518071428810354 0.35745191245521385
9.06689275 1.1569155389254762 0.048973487484522134 1.3336276058934093 -0.4755870171890961 0.6562250708815582 -0.46402242560731677 0.3575875193028614
9.0718935 1.157036644262028 0.04939670187911268 1.3323147510868414 -0.4754728619179275 0.6565583885711817 -0.46375342682401083 0.35747643151035224
9.07689325 1.1572068123571624 0.05003676363661651 1.330913264610347 -0.4747856710529246 0.6571301737174299 -0.4628597905093767 0.3584959074836705
9.0818945 1.1569621396669332 0.050405567784625474 1.329759113649091 -0.4762058467512455 0.6570734202735165 -0.4622779441437901 0.3574655427424901
9.08689525 1.1569319978213721 0.05081023395671722 1.3283718836215797 -0.47643343436125263 0.657296686978758 -0.46181886854972315 0.35734518404610427
9.091898 1.1570613628776798 0.051354100503677634 1.327198058733496 -0.476099192691331 0.6577130244800484 -0.46123781563719213 0.35777480846784304
9.09689875 1.1570290782739645 0.051739996295039226 1.3259459719766806 -0.4763204826274878 0.6578877586414974 -0.4608361565999967 0.35767657405724435
9.1019005 1.1569410837463163 0.05215206730189151 1.3245716547499347 -0.4766808165983163 0.6580041948429619 -0.4603296882472816 0.3576345296170214
9.10690125 1.15696671070637 0.052477346576430974 1.3233355456104148 -0.47648152329178795 0.6582493284733322 -0.4599476990478229 0.3579403493133428
9.11190075 1.1570395278723582 0.05303850281433673 1.3219893437586516 -0.47595240128906374 0.6588545837323718 -0.45899339618499263 0.3587548068815016
9.11690175 1.1568384792573612 0.05317881250354586 1.3207023734564576 -0.47683300645677007 0.6587273792705844 -0.4591050658043739 0.3576745200674306
9.121904 1.1568641752524207 0.05368638945979706 1.319344075464726 -0.47607370282785694 0.6594011069649272 -0.45812369592631824 0.35870139230286296
9.12690375 1.1567821129415126 0.05397577006234944 1.3181429023166178 -0.4761730837785711 0.659700919949394 -0.4576623023561448 0.35860717715182705
9.131904 1.156704774691092 0.05422468501008842 1.316824678785984 -0.47623319878794973 0.659929741032408 -0.4574243101541647 0.35840992976350794
9.1369055 1.1564877136265799 0.05428709277257921 1.3156416093764929 -0.4767742146713552 0.6600429848505919 -0.4574527456825282 0.3574445297406996
9.14190725 1.1564056721710532 0.054480644793057434 1.3143922157692969 -0.476645077701973 0.6603932163001911 -0.4571764526358781 0.35732332826509344
9.146906 1.1563809836781398 0.054893262097816344 1.3129456431934736 -0.47605621816780463 0.6610579133052993 -0.4561605839029529 0.3581765404008587
9.151906 1.1562709346472408 0.05503431899845326 1.3116976469689192 -0.4759958934698626 0.6612230910513943 -0.456090780550685 0.35804068645467324
9.156909 1.156065609939176 0.05501205066252153 1.3105248683592126 -0.47655601387712215 0.6613446828903241 -0.4560759226697562 0.35708868479857425
9.161912 1.155888212022129 0.05517878035904519 1.3091214948317822 -0.4764591252085675 0.6618902335545724 -0.45550334719900903 0.35693797979629344
9.16691375 1.1557967063509849 0.05527129214278526 1.3079451495135792 -0.4762132803573162 0.6622729172903166 -0.45532986897329353 0.35677752879891556
9.17191675 1.1565050910327177 0.055066709557880594 1.306510392441205 -0.4754980305590951 0.6615938352010954 -0.4553723153939533 0.3589307377908413
9.17691775 1.1554455296384074 0.05538987388598259 1.30533941123455 -0.4765489260211813 0.6629666192191307 -0.4543211641155058 0.35632662368387025
9.18191625 1.155312833886757 0.055424935626256194 1.304075617659033 -0.476416573226479 0.6634471794168659 -0.45386018309138054 0.3561966073437565
9.18691875 1.1553192293653107 0.05560768706958814 1.302730649328258 -0.47555218515346254 0.6641659381362385 -0.45312388215702887 0.3569488383988945
9.191921 1.15468723222705 0.05511449101175664 1.3007608835574735 -0.47838650970754887 0.6642178903521617 -0.45195570745586594 0.3545376989320326
9.19692025 1.1556183367762098 0.054943234763453065 1.300156924187438 -0.4758112752738675 0.6635115359191985 -0.4538264265194491 0.35692806924783743
9.2019235 1.15354197258648 0.05530581918917382 1.2979795702938817 -0.47786500921531944 0.6663402219439145 -0.4497544117739635 0.354057496287303
9.206922 1.1546424232131918 0.05517474557922446 1.297769291657366 -0.4760154370642621 0.6654973046139084 -0.45224625443384875 0.35495910550188287
9.21192175 1.1539138470887211 0.05502103749635778 1.295744561459514 -0.47634802184723596 0.6674421962022475 -0.44990072116290813 0.3538401021761681
9.21692525 1.1534130810446392 0.054856464943565594 1.2944014398479924 -0.47647466991569704 0.6680998664317988 -0.4493543657602124 0.35312194972102395
9.22192675 1.153501129810679 0.05470564735727221 1.2931699907947918 -0.4764651633359041 0.6685493454091028 -0.4489843089419116 0.35275460479532283
9.22693 1.154011031717995 0.054829195971313374 1.2926343092713464 -0.47517059070784856 0.6680596097516863 -0.4496775237883865 0.35454110078286255
9.231933 1.1531303420691268 0.054197426147531744 1.2909259442676253 -0.47655723675588557 0.6693833098142553 -0.4485421019468905 0.3516093960899976
9.23693325 1.152577080116287 0.053981801314545455 1.289386847474376 -0.47637746747705517 0.6703723173385528 -0.44738827837263184 0.3514387471538365
9.2419335 1.1533823142932105 0.05412384622874877 1.2889046958535129 -0.47521521645803266 0.6697218256185419 -0.4480693079354898 0.35337949802319285
9.246934 1.1526242393582302 0.05360951306292811 1.2871866869082862 -0.4756309900153584 0.6713461717436614 -0.4465939219269703 0.3516011204760695
9.25193575 1.1528586223417125 0.053338489801602385 1.2866485676566226 -0.47541772393929266 0.6706158187949223 -0.44770355673171985 0.35187204582939824
9.256937 1.1522222283304966 0.05292181087098474 1.285045711053682 -0.4755953613939048 0.6716697171202393 -0.44608642643221436 0.35167562252330675
9.2619385 1.152591475840408 0.05290972982326173 1.2842485398341916 -0.47460929957038855 0.671976935432737 -0.44593978450977684 0.35260561481506003
9.26694175 1.151802018328694 0.05217813783022638 1.2827687375362493 -0.47489924304569653 0.6734214625961398 -0.44479441676613607 0.3509019371322609
9.2719395 1.1521532729226043 0.052140430757248155 1.2820495591158532 -0.4745084796406675 0.6732118656221496 -0.44472878225286677 0.35191447394292974
9.27693925 1.1517727636251083 0.051515739718576425 1.280737612479485 -0.4740605543491561 0.6741321190627232 -0.44439903888956295 0.3511722812128058
9.2819415 1.151754769434641 0.051055455514948375 1.2796782351402203 -0.47372107458982143 0.6745194690108697 -0.44409851474214496 0.3512667627581353
9.28694075 1.1513965895452294 0.05060358291468245 1.278800238826902 -0.4747433598333802 0.674768901273287 -0.44365290840779215 0.34996824003023747
9.2919395 1.1511755014687364 0.050172949505973036 1.2774379519487145 -0.47421840057356807 0.6758232241106329 -0.44250104204562196 0.35010385044825615
9.29693975 1.1509626871578458 0.04968220387406689 1.2763642596807652 -0.4740083543829076 0.676415926679869 -0.44205195018429116 0.3498108738265391
9.30193975 1.1514077237550222 0.04857881172505006 1.275318274541923 -0.4742536841714621 0.6756868071944211 -0.4428961308702024 0.3498196662473524
9.30694 1.1497641575675985 0.048110339544853074 1.2741926859273627 -0.47598874093576343 0.6774419130330493 -0.4406395077012227 0.3469063234092644
9.31194 1.149032039702155 0.04720634739634058 1.272827231143332 -0.47528249268290673 0.6791937294567848 -0.43946587964188316 0.34593665698548426
9.3169415 1.1492398646142856 0.04690511353913043 1.2720387090269767 -0.47483822969867856 0.6794458238920955 -0.4391556802643109 0.34644525758596667
9.32194275 1.1489077233845124 0.046352596256704424 1.2711751588355313 -0.47425611861195266 0.680102131073637 -0.4393265633987665 0.34573746681615614
9.3269435 1.148454116801924 0.0457411231028302 1.2699785374685029 -0.47459932078227646 0.6808583997253757 -0.4385251809472068 0.3447941268519843
9.33194325 1.1480315062587574 0.04489485190834361 1.268705635325023 -0.473253375329065 0.6823169917754852 -0.4377639438589778 0.34472814641559696
9.3369425 1.147608819825665 0.04399948489369497 1.2678234519161766 -0.4733776179153971 0.6828203604609424 -0.4382653938171482 0.34291898573720475
9.3419405 1.1476037828759054 0.04339180710006901 1.267155131187477 -0.473471136456491 0.6832339589759211 -0.4376668807418742 0.3427304213902908
9.346938 1.1474307819499772 0.042669596269525 1.266352209339766 -0.47306322340543394 0.6831636355087761 -0.4380495076599421 0.34294498482785096
9.35193875 1.1471657384581504 0.04206940124636997 1.2653530043193952 -0.4728402114606332 0.6844184973467524 -0.4370755399614891 0.3419918526556586
9.3569365 1.1468582526048803 0.04130271768839972 1.2644423765111303 -0.47260287270778367 0.685229557577069 -0.4366157828080507 0.34128234108139544
9.361934 1.1464466076558895 0.040653103381763055 1.2634081974323372 -0.4721097238442214 0.6863309019976078 -0.4359411546267534 0.3406135806417238
9.36693525 1.146115504924044 0.03982229700673898 1.2623740671223913 -0.4714640593987925 0.6868189080102084 -0.4355627848597603 0.3410080479110235
9.3719355 1.1459549993504452 0.03892593996736858 1.2620160886739218 -0.4712344851445013 0.6876181786151221 -0.43560901975340965 0.3396528851019706
9.376936 1.145319162875967 0.03820293066529816 1.2608945646279286 -0.4712540186183037 0.688621037957426 -0.43489734194059865 0.33850408858910214
9.38193525 1.144554231057712 0.0371094348350524 1.2597724273419828 -0.47110359380106 0.6896037592233837 -0.4344530050090962 0.3372812559441596
9.38693425 1.1446523388756087 0.03688427858120001 1.2590453878459194 -0.4692049277322971 0.691070981220153 -0.4330072320129499 0.33878071334069204
9.39193375 1.1448023763334643 0.03564215756980875 1.2589395518892144 -0.46968085863090175 0.6903442169340905 -0.43471340016370114 0.33741519364058037
9.39693325 1.1439090848330808 0.035046512167910326 1.2575064018255957 -0.46841507301647534 0.6924800499096532 -0.43254495839830087 0.3375848912678211
9.40193175 1.1435275104928893 0.034181660704148284 1.2567964045970585 -0.4679145774542533 0.6932149014585959 -0.43225245012342345 0.3371451734251196
9.40693125 1.1430954312051849 0.033199133599327316 1.256107172482757 -0.46746088813121917 0.6939389148677111 -0.4320509486880312 0.3365428326938011
9.4119295 1.1426114793929125 0.032076410219770944 1.255492576271528 -0.46771188874762026 0.6943012506785087 -0.43201790655313743 0.33548754201585035
9.41692825 1.1420397402779021 0.030822627345853358 1.2549825609263205 -0.4682464515654574 0.6945119354789405 -0.43249776536961343 0.33368265616292475
9.421929 1.141838905234229 0.029798302821102574 1.2545616243421218 -0.4670944552324018 0.6951648762919823 -0.43274558260673124 0.33361628466766957
9.426928 1.1408338455299996 0.028737087396414653 1.2535796570160407 -0.4671898365613143 0.6963277109842301 -0.4319141774597496 0.3321317793264339
9.4319275 1.1404219302754726 0.02773619381092779 1.2529691090948862 -0.467015748079592 0.6968748884615482 -0.43169438892468265 0.33151415572839216
9.43692675 1.1404795281089148 0.026992139560396616 1.2525107864130032 -0.4651748799560616 0.6977312139279909 -0.4314854497056675 0.332571482332346
9.44192625 1.140401182157305 0.026030921633548414 1.2517320300438421 -0.46398568784201355 0.6982428836615331 -0.4318222723701654 0.3327216283605062
9.44692625 1.1400090597135395 0.02483351746499887 1.2514817426150668 -0.46363140961873006 0.6985764149038217 -0.4326359467505245 0.33145594901034764
9.4519315 1.1395615672768111 0.024050121738575795 1.2508504908645106 -0.46209151407496124 0.6998524958150302 -0.43184242480898327 0.3319488467467249
9.45692975 1.1383400085223703 0.022343705423091824 1.250431545599166 -0.46362369190541297 0.7001952162934687 -0.432007048496357 0.3288611278841018
9.46193075 1.138338673786297 0.02147187369066449 1.2500108485069876 -0.4618530505007237 0.700869025922999 -0.43266276040963036 0.3290551686262368
9.4669305 1.1371561657812697 0.020712831111876835 1.2492323772904927 -0.4611857209791925 0.7027935470490052 -0.43083475525459236 0.3282839847691256
9.47193 1.1374330123821335 0.01960948120055349 1.2488102148859583 -0.4589786245818735 0.7031055795146389 -0.43185144446117085 0.3293713651019403
9.4769295 1.1368848566134577 0.018256817000100192 1.2483429253092626 -0.4580280199439665 0.7032167293895586 -0.43269783295637876 0.3293465497127845
9.48193075 1.13568128991978 0.016612617892240326 1.2478680129130542 -0.45961987313746394 0.7042477211706647 -0.431688632415246 0.32623556533045533
9.486929 1.1355800481600236 0.015847144261575616 1.2474853870819202 -0.45793445051902426 0.7049159887393739 -0.4321785523385781 0.3265136853884705
9.4919275 1.1349122580721913 0.014640636953176276 1.2470370877754757 -0.45731625773902834 0.7056613868319228 -0.43212097378246384 0.3258455332812053
9.4969285 1.1343153299514204 0.013458317579842222 1.2466654531399572 -0.4565895233862642 0.7063822813857562 -0.43216408756304925 0.3252449555319121
9.50192875 1.1336500713740212 0.01213042588094549 1.2462552008920031 -0.4558849223465903 0.7071265193043111 -0.43229065726433136 0.32444693081548087
9.50692725 1.1324951856202545 0.010440750965139418 1.2458394974752187 -0.4566346573464061 0.7077219584228539 -0.43191274890729703 0.32259230711161196
9.51192575 1.132089360831385 0.00920775843100324 1.2455897711369681 -0.4560133239094313 0.707839007451482 -0.433183587922096 0.32150858013762657
9.5169255 1.1309390838056124 0.007573210348093133 1.245266085741245 -0.45656266221532416 0.7085720250835048 -0.4325618465550674 0.31994760453047194
9.52192525 1.1302863431213166 0.006295229244944625 1.2449673531387002 -0.45590008950138217 0.7092415393058653 -0.43269238626680856 0.31923164971915513
9.526923 1.1295392743429857 0.004947152708531839 1.2446587393684727 -0.45522879843053343 0.7099758269299683 -0.43272901271558845 0.318506935260117
9.53192475 1.1289712383220898 0.003924677007930701 1.2442400361889925 -0.45356258859119963 0.7111188039955613 -0.43224003116269305 0.3189977747490522
9.536925 1.1282823266331883 0.0025541612182819595 1.2439786826671793 -0.45301962558215014 0.7117408472749481 -0.4324249960567821 0.31813017452457953
9.54192225 1.1274999844169757 0.001212437826129729 1.2437502456831009 -0.4525512531188114 0.7124141795991887 -0.4324767243403654 0.3172180368617712
9.5469195 1.1267357567122918 -0.0001408119390827814 1.2434895283035443 -0.45202258225271214 0.7129783297761538 -0.432509346860492 0.3166593615882951
9.55191925 1.126059579614212 -0.001376603259942823 1.2432917005387583 -0.4509730431582623 0.7137822022555738 -0.43258518226614256 0.31624095587309276
9.55691775 1.1253268556851863 -0.002806517360214481 1.2431080529821223 -0.4501343330116876 0.7144596339763325 -0.43292025175048576 0.3154466187595363
9.5619185 1.1246549411193683 -0.004895145534439319 1.2429023418204668 -0.4485812792893754 0.7153625322821798 -0.43422922071152076 0.31380928469087715
9.566917 1.12384608610463 -0.006356695164727141 1.2426767276568835 -0.44798134126279743 0.7159443571170202 -0.43459956903649205 0.3128252067624619
9.57191575 1.1230484072650182 -0.007879507872605858 1.242612719292844 -0.4476045643493868 0.7163182993536477 -0.43505241042113946 0.31187761729795543
9.57691475 1.1223250646387881 -0.009141618808929402 1.2425832721079109 -0.4464023824856517 0.7172109658603713 -0.4350067474067882 0.31161269722418916
9.58191675 1.121489966174508 -0.0106371410241582 1.2423809049742607 -0.4458368177905624 0.7176795404650131 -0.4355187504805713 0.3106268292986845
9.58691525 1.1206487666182923 -0.011561224133298477 1.2424595540048498 -0.4461556041986103 0.7181980184601295 -0.43468507474359025 0.31013814489236236
9.59191425 1.1189873437050606 -0.012700484001235763 1.2418493644573572 -0.4471452444406523 0.7195931568818905 -0.4328137204245389 0.30808943888931534
9.5969135 1.1181609198471067 -0.01412918601677919 1.2418334805301972 -0.4463225289761608 0.720234763115346 -0.43313930038173115 0.30732463714015873
9.601912 1.117307287637276 -0.015531328701655122 1.241813294431686 -0.44578313264946534 0.7207526052579508 -0.4333444194549116 0.306603481367044
9.6069105 1.1164817189750327 -0.017028229782389385 1.2418362813184805 -0.4449821520210614 0.7213136774889257 -0.4336797190833436 0.30597281628585826
9.6119095 1.1156325695082407 -0.018402278270578824 1.2417156460876022 -0.4430789725381475 0.721882763715613 -0.4344464792013783 0.3063046787993525
9.616908 1.11521354031332 -0.019311497635815095 1.2419199891355732 -0.4417741887420118 0.7228387724978813 -0.4347373684569861 0.3055210231754736
9.62190575 1.1139601888175688 -0.021320047699268187 1.2419940099241757 -0.44269886743256 0.722816034616375 -0.4351179136943913 0.30368914049999907
9.62690325 1.1131400583364428 -0.02282846875487367 1.2420858576966856 -0.441697442720357 0.7234566002852277 -0.4355783340940898 0.30296110553312755
9.631902 1.1123181473715111 -0.024289048962837484 1.2421532476602413 -0.44096629960763656 0.724008715690542 -0.435932022421738 0.30219757451338547
9.63690075 1.11190196851534 -0.025183820784157804 1.24225987890389 -0.43865942194370056 0.7248979477176815 -0.4366159636028169 0.30243574071510754
9.64190275 1.1111742307141497 -0.026750532023089236 1.2426171343276384 -0.4375607322819452 0.7249474216764933 -0.43802596621184253 0.3018693331454428
9.64690075 1.1109915373874775 -0.02870368604444929 1.243116319324714 -0.4350055974621125 0.7251215213110618 -0.4403162797080362 0.30181199998051156
9.65189925 1.1092707485917908 -0.029670585062274164 1.2428200760665913 -0.43658277723055794 0.7263815930561777 -0.43801656948438533 0.2998445343039503
9.65689925 1.1084636826624232 -0.031444415242428365 1.2431174818206547 -0.43498849116773347 0.7269806431846776 -0.4391824714860799 0.2990032001932252
9.6619015 1.1083194152905864 -0.03293463531454177 1.2437266604877355 -0.4328985124044992 0.7268676881370739 -0.44101090048351527 0.2996191374978507
9.666901 1.1069863215829576 -0.03463703920005783 1.2436756301811396 -0.4331474522530196 0.7274823989747452 -0.4406875450101708 0.29824005676900006
9.67190025 1.1058983362680335 -0.035694619932171705 1.2436960546475455 -0.432215190171643 0.7285195858020588 -0.4406785769624191 0.2970717662351382
9.67690225 1.1050552933870232 -0.03718037595997183 1.24404478564794 -0.43116328529347026 0.7288889919115746 -0.4414299545272761 0.29657824284852213
9.68190275 1.1041828114264551 -0.03869643865414567 1.2444652119749369 -0.43061709810913834 0.7292411650010688 -0.44192936282831974 0.2957611812833186
9.686904 1.1032094216927415 -0.040009082730407236 1.2444738803506683 -0.43036002828903547 0.7298311422427326 -0.4417490751237943 0.29494830816772133
9.6919035 1.102390831156348 -0.04127924072343674 1.2449516740749818 -0.42946187296119054 0.7302304764617018 -0.4420725974538209 0.29478427620823705
9.69690525 1.102236145919689 -0.043087007133388734 1.245726120281336 -0.4268033220401325 0.7302018545917138 -0.44444143593887236 0.2951541730467685
9.70190975 1.100635325508481 -0.044497635022862136 1.2456783083450547 -0.42710588783910797 0.7312431902842276 -0.44364560915291396 0.2933300712771399
9.70691075 1.0996149415176126 -0.04567920580074066 1.2461188564918624 -0.4265936322551569 0.7318646523865935 -0.4436684340045167 0.29248987020815326
9.711911 1.0991236879602078 -0.047793917588466676 1.2468582513491677 -0.4255627624797178 0.7315905883254276 -0.44553910516341605 0.29183291801040595
9.71691075 1.0980447308291938 -0.0488957471477954 1.247006014195234 -0.42456877342275856 0.7326655901382019 -0.4453378255333964 0.2908895165022639
9.72191325 1.0971138388381436 -0.05023085905222343 1.2473622446163546 -0.4242604494640629 0.7332301917465743 -0.44530687323194423 0.28996266239676816
9.7269135 1.0962458355956128 -0.05156209334709593 1.2477980630635903 -0.4231697524629443 0.7338407671461006 -0.44564432219774214 0.2894930520198854
9.731913 1.09544768099219 -0.05295505644763542 1.248226078300731 -0.4223013826683152 0.7342170082877985 -0.4460988505406152 0.28910680117161863
9.73691375 1.0947792232439015 -0.054696321283368696 1.2487343551895134 -0.42130852784517686 0.7345020362159448 -0.4472792129424273 0.2880055361085331
9.7419115 1.0945326218414844 -0.05616264452393852 1.2495317759903515 -0.41957507571400093 0.7341729608105185 -0.44918244211408814 0.2884128172441903
9.7469115 1.0929213710133852 -0.057592953988961616 1.2498160299242176 -0.4202877714994727 0.7350122888060252 -0.4485019155978799 0.28628858890491543
9.7519145 1.0921394158476918 -0.05874402805208284 1.25035400704277 -0.41939759774672275 0.7354414542187567 -0.4487024062460271 0.28617769488536987
9.75691275 1.0914727355434062 -0.06032758073919696 1.2509016393922345 -0.4181328062774334 0.7359680270271475 -0.44948252429641516 0.28544961001978747
9.76191175 1.090890160616642 -0.0620802935355577 1.2518183047363816 -0.41686131963025796 0.7358710728773922 -0.45097699606802116 0.285201951809345
9.7669105 1.0897131709989454 -0.06323630563210426 1.2519716728577581 -0.41574164700510213 0.7370292808165079 -0.45090014278465923 0.2839644051661412
9.77191175 1.088985118971055 -0.0645171431526428 1.252535133576095 -0.41562127541599714 0.737121684453098 -0.45115651732384854 0.28349316500900584
9.776912 1.088307368894169 -0.06589150332655411 1.2531663915368385 -0.41483290408611007 0.7374068995842517 -0.45173360098030574 0.28298671325415886
9.78191125 1.087592862547468 -0.06751191151950466 1.2542089617067882 -0.4142737108184294 0.7371628597666818 -0.4528734884001464 0.28261955737283695
9.7869105 1.0871172675520964 -0.06863579526999179 1.2547612125340062 -0.41267802191112424 0.7375464561220286 -0.45366392567053926 0.28268554586068506
9.7919095 1.086123265712272 -0.06993069073907146 1.255065888489164 -0.4127105344958947 0.7380367437067896 -0.4536938678617074 0.2813070456271496
9.79690975 1.0857286960448294 -0.07146353767412345 1.2559811704420583 -0.41124004722277135 0.7377907503606587 -0.45505936394720087 0.2818996408767455
9.80190825 1.0846175042019064 -0.07287176669511336 1.2567606404924636 -0.41133091505016844 0.7383553146732487 -0.4549793435636014 0.2804141660975659
9.80690925 1.0843177890529179 -0.07414185833177918 1.2574703321632934 -0.40909568542667146 0.7385069782379372 -0.4565961574231898 0.28065657356550616
9.81191075 1.0833660832431717 -0.07573674363314553 1.258128910219667 -0.40892031310173105 0.7386639157609171 -0.457023446001899 0.2798023711301964
9.8169095 1.0826362067057027 -0.07672453531728335 1.2585576438128827 -0.4087242903238719 0.7389633034858136 -0.4570091193760275 0.2793212405237532
9.821909 1.08214968655022 -0.0779364042806924 1.259236010720537 -0.4074457302566141 0.7390803694344676 -0.4579416842892324 0.27935210434612207
9.82690825 1.0811255843983416 -0.07936565080882099 1.2604407240814561 -0.40773964129190804 0.7395043263102873 -0.458040928179825 0.27763329123085845
9.83190925 1.0804919013025494 -0.08069247014695088 1.261128485575754 -0.4062475624921066 0.7398908079058466 -0.45887998088062953 0.2774052513790048
9.8369085 1.0798206528136864 -0.08217233351497391 1.2618273490030028 -0.40667332794988165 0.7393044479433807 -0.4601493521962414 0.27623959031731943
9.84190675 1.0792974280087062 -0.08294452119054604 1.2623461460404437 -0.4043757456527058 0.7404283518910293 -0.4598551027261248 0.2770909535522542
9.84690575 1.0781307978723855 -0.08387957569348217 1.2627765862515143 -0.40504328235537757 0.741050527532271 -0.45920258195317504 0.2755304770628153
9.8519035 1.0777994460613805 -0.08552602415255685 1.264126384591234 -0.4045209095514079 0.7403938121291006 -0.46098827736549214 0.2750811604385797
9.856901 1.0772715043479784 -0.08718908099863197 1.265113911635915 -0.4037728175333233 0.7399936439230295 -0.4629191807986503 0.27401231874392973
9.86190225 1.0768156900462258 -0.08795008537712919 1.2657071841227667 -0.40280472238036236 0.7403693984585987 -0.46298428210016634 0.2743119829360823
9.866901 1.0761954101000604 -0.08876324548430667 1.2663506470848822 -0.40155853055784185 0.7410398180113512 -0.4629059797556642 0.2744609053478817
9.871899 1.0755323035619482 -0.09025450229234405 1.2672835891200602 -0.40195350018775583 0.7405982075417427 -0.4643725687427304 0.27259089506446776
9.87689925 1.0752951300570561 -0.09140913143295483 1.268281669821375 -0.40046747748098477 0.7404961629555395 -0.4656416786314222 0.2728901963234503
9.88189875 1.0743087012982306 -0.09264381161641508 1.2694434549945222 -0.4011247706232304 0.7408109816828192 -0.46564521393880853 0.2710581903327768
9.88689775 1.0736779453589307 -0.09361748888086802 1.2701598808395136 -0.4004345167083519 0.7410620615907818 -0.4661147773900145 0.2705849829499526
9.8918985 1.0734982607988703 -0.09458773214037945 1.270892589597972 -0.3990580411139617 0.7409907278150585 -0.4672050752662704 0.27093327362993985
9.896896 1.0732313621352148 -0.09521663074055921 1.2716101568570375 -0.39712669060990125 0.7416307453623776 -0.46725351439824103 0.27193451862712253
9.90189475 1.072641112877537 -0.09612564715604219 1.2723096901972353 -0.39696963699734905 0.7417287011946518 -0.46766799412492854 0.2711831270515438
9.906894 1.0714441845827671 -0.09686814396552575 1.2728188312788327 -0.3983709748337698 0.7421316059485814 -0.4669434012699846 0.2692677215571699
9.911895 1.0707706661702703 -0.09799160080433376 1.274205452131626 -0.3993961969472338 0.7418731532320537 -0.46735785583444767 0.26773781385423306
9.91689325 1.0712561362365725 -0.09873089360334664 1.2752809101436138 -0.39522557170011674 0.7419488932675695 -0.4693591554833476 0.270204682448886
9.921894 1.0707526377430412 -0.09967913070217939 1.2762183781788319 -0.39519579824387824 0.7416590522375838 -0.4701365311466218 0.26969199722248816
9.926895 1.0699224347690806 -0.10016622322803186 1.276664574120575 -0.39623131589974864 0.7418896804456773 -0.469286742052551 0.26901747170447315
9.931898 1.0699246000693752 -0.10157404830389857 1.2782650296542446 -0.395390911571796 0.7407267554139556 -0.472024583473142 0.26866837077956374
9.93689825 1.0698045589535428 -0.10204205861228406 1.2791326425644383 -0.3939796676041304 0.7408613035633853 -0.4724446440760845 0.26963050398781363
9.94189675 1.069475187946591 -0.10270405339743305 1.2800942354487492 -0.3929171794870614 0.7412632711351675 -0.47278650894349206 0.2694768448140743
9.94689625 1.0691230028386476 -0.1033441851740981 1.281046771358655 -0.392635642332875 0.7412523143442543 -0.47316782793161655 0.2692479627770906
9.951896 1.068645416425356 -0.10396882383831214 1.2818173298642137 -0.39274172791656 0.7413110042037795 -0.47322287531922613 0.2688345968697161
9.956894 1.0685234084410877 -0.10466376489588022 1.2830726119105238 -0.3924160715666829 0.7407371359826 -0.4742507347690483 0.26908058778641974
9.961895 1.0680853817144078 -0.1054357051726404 1.2842336490267834 -0.3927230952141264 0.7405545480700372 -0.4746622313658008 0.2684088261087147
9.9668935 1.0679920677525023 -0.10598914601554107 1.285205110110052 -0.3918726100733747 0.7403324558250025 -0.4755528749120883 0.268687877451234
9.9718935 1.0676475133344439 -0.10665065014133082 1.2862306404044141 -0.39157043914191586 0.7402964338640805 -0.47603794582630066 0.26836850659458633
9.97689275 1.0673525837000974 -0.1073369575990367 1.2873390126773119 -0.39232392443215974 0.7396872023815215 -0.47673509233347383 0.2677096051488275
9.9818925 1.0672184855796176 -0.10771564633140565 1.2883427754326688 -0.3916161681564783 0.7397309125012037 -0.47715030856919066 0.2678853056083882
9.9868935 1.0672219670108098 -0.10809704455392519 1.289387638058333 -0.39106956763455475 0.7393995194706859 -0.4779061326654395 0.2682511365071995
9.99189325 1.066924664561331 -0.10865504307606558 1.290468927436584 -0.3911175188231218 0.7392034608069976 -0.47837765962299716 0.26788084062550344
9.99689325 1.0668004526306982 -0.10909921834710459 1.291514811371377 -0.3909246395913291 0.7389871948341477 -0.47893763072497675 0.26775846934708264
10.0018925 1.0666237593604344 -0.10952380229342103 1.2924969183673325 -0.39099962792098 0.738556268658871 -0.47960459978564357 0.2676440861569588
10.00689375 1.066646088240438 -0.10984553919527734 1.2935479862290709 -0.39020828936052393 0.7385267056894229 -0.4802054884487218 0.2678030708591422
10.01189275 1.0664895554136056 -0.11029198688077166 1.2947455220715902 -0.39037319822198846 0.7383374407212417 -0.4805891383651891 0.267396091640376
10.01689375 1.0664121992426796 -0.11061974615054282 1.2958074406483073 -0.38973414403686174 0.738272241034315 -0.48121093705064377 0.2673900318876276
10.021894 1.0664649725458706 -0.11081547961169382 1.296924025411524 -0.39049477778271 0.7375956474283226 -0.48163098285433015 0.2673912597187826
10.02689425 1.0665243142299887 -0.11118423538809574 1.2979231170755143 -0.3898626637660736 0.7372287934547377 -0.4825204341409112 0.26772157204633246
10.031895 1.0664569373741184 -0.11153550317829132 1.299136052853195 -0.3899652787254851 0.7369148373229438 -0.4831268481333283 0.26734257523748434
10.03689175 1.066518818757771 -0.11169930931417994 1.3003015931939708 -0.38962454372595373 0.7367679553430588 -0.4836711248040753 0.2672600567550476
10.0418895 1.0665570969658291 -0.11189532048504347 1.3014171198985485 -0.38955197109162804 0.7364543927255067 -0.4841773882679435 0.2673133852689863
10.0468875 1.0667298077969154 -0.11202382520420213 1.3024834263936187 -0.3889738227833776 0.7360690150238701 -0.4849616757030308 0.2677945918243748
10.0518905 1.0666996307220775 -0.11222685508479138 1.3037417190022662 -0.3894047822668791 0.7356621995260789 -0.4854406248249598 0.26741810616652123
10.056891 1.0666815973388406 -0.11236280826134952 1.3047791612812893 -0.3893345799511426 0.7353517293174753 -0.4859623057262722 0.26742673100733744
10.061891 1.0668507216428698 -0.11244993115168457 1.3060285398241567 -0.3893780040383178 0.7349923025092838 -0.4863547089885908 0.2676381554783628
10.06688975 1.066997621421284 -0.11247568143829348 1.3071022762419697 -0.38900684335075425 0.734573378792487 -0.4869875785650619 0.2681766681107977
10.07188925 1.066951545227076 -0.11269476724020809 1.308533892393184 -0.38987056050066493 0.7340501519322279 -0.4874292005470393 0.2675520415867626
10.07688875 1.0673866002742718 -0.11242256302380238 1.309571933827336 -0.3888483447516217 0.7337505987518378 -0.48817864680194945 0.2684932632709073
10.08188875 1.0674735055186249 -0.11245984883238533 1.3107013762133453 -0.38901393001129675 0.7332854256072503 -0.48853801183415496 0.2688703364863647
10.08688875 1.0675564586356323 -0.11247484099591232 1.3119153037206062 -0.38943720159284 0.7328209267047013 -0.4888201070287918 0.26901126066312003
10.0918865 1.0666932727891867 -0.11175666944967387 1.3128845206245643 -0.39153475740850274 0.7337613331748944 -0.4867111198888691 0.2672211171576629
10.09688875 1.067121091275074 -0.11191960863250681 1.3139228884907486 -0.3915438721787133 0.732754479686122 -0.4876241904251632 0.2683037785261781
10.10188875 1.0681613278622846 -0.11222209612975632 1.315596988898262 -0.38981279504330396 0.7313127168115342 -0.4901637497828857 0.2701244036532808
10.10688775 1.0677167582064009 -0.11175019769550298 1.3163452777621156 -0.3917089373379258 0.7315818800555863 -0.4886605329231437 0.2693751004588132
10.11188825 1.0679050081926262 -0.11163968998457904 1.317697550400049 -0.39208688454175955 0.7311564843466103 -0.4888424528833817 0.2696500076528851
10.116889 1.0687271404753391 -0.11177871773449607 1.319358357244998 -0.3907760260397175 0.7298410606691045 -0.4910402434368311 0.27111916745132564
10.1218895 1.0689528948633922 -0.11164489656925149 1.320580857806034 -0.39115393762921835 0.7292141325667355 -0.4915598491540478 0.27131948076345513
10.126889 1.069194678659918 -0.11148114568289184 1.3218162607568837 -0.3914149816838764 0.7286673788932567 -0.49197669165536345 0.2716562127360341
10.13189075 1.0689561213993135 -0.11084605319712196 1.3225752891363205 -0.3932029471756244 0.7287617441207362 -0.49068450132333535 0.2711576714746891
10.1368945 1.0693723986755894 -0.11020565248375198 1.3237442703821025 -0.39281508230673556 0.7285537528355651 -0.49097890631605445 0.2717452003150341
10.141895 1.0702450934175922 -0.11026193262564994 1.325449199796867 -0.3917456731807013 0.7272963217182138 -0.4929653387043454 0.2730578011986943
10.146894 1.0705492755515735 -0.11003641513135448 1.3266874337625585 -0.3923070853296642 0.7266516157479328 -0.4933026902116381 0.27335880443297
10.151897 1.0708101543491246 -0.10977455340534738 1.3277502135380455 -0.3927603342476861 0.7261836787848102 -0.4935209799945296 0.27355735561933725
10.15689725 1.0712237856864444 -0.10973723397960967 1.329318751030426 -0.3941348767903745 0.7248866178468432 -0.49452181396742134 0.27321285781304705
10.16189775 1.0716624535580916 -0.10910444872331154 1.330346081162479 -0.3931202139654255 0.7250795310754573 -0.4942300094034408 0.2746868558781945
10.166899 1.0721048058534113 -0.1087104874100828 1.3315391656549767 -0.39336551456534197 0.7244501851928468 -0.4946368669608848 0.27526327573418424
10.17189875 1.0725688328253895 -0.1082794039546467 1.3328558168269167 -0.39364805460527996 0.7236859786783231 -0.4951551929243961 0.2759368556207749
10.1768995 1.072929951197862 -0.10784393023760468 1.3339647854612486 -0.3942268195745039 0.7230560800806044 -0.49547778186186425 0.276182706677824
10.1819 1.072948366748337 -0.10683619696248532 1.3348082997034831 -0.3960322083687543 0.7234030599958728 -0.49374990303192806 0.27578530776518284
10.1869 1.0740352599392682 -0.10678102547020175 1.3364331302095023 -0.3943596874137902 0.7220979583921576 -0.49605981740174143 0.2774520372751413
10.191899 1.074545316286406 -0.10627523099486737 1.3376182473022697 -0.3951927208419335 0.7211979657845567 -0.4963420685899967 0.27810206487829225
10.1968975 1.0748818407278404 -0.1057555335427343 1.3386668311346452 -0.39552543992871403 0.7207867129324976 -0.49655325574888654 0.2783181723034683
10.201899 1.0754446840111889 -0.10510280140758617 1.3399206469424203 -0.39569192541031434 0.7203834970237472 -0.4966741922244881 0.27890906073318456
10.20689825 1.0760241910538157 -0.10450102158972363 1.3410835871294484 -0.39626102412841363 0.7196077297270302 -0.4969700462232755 0.27957590960353806
10.211901 1.0763682176548948 -0.1041456327628844 1.342311515274078 -0.39805235951019086 0.7184563103158816 -0.4976268169911562 0.27882324197761893
10.2169025 1.0768884664688874 -0.10351180823842285 1.343480717247412 -0.3983429557159244 0.71777442553985 -0.49795201007758866 0.279582830896549
10.22190325 1.077571951992204 -0.10252658304934556 1.3444481974064613 -0.3975691320613881 0.7177314020273152 -0.4976292475824854 0.28136373562765427
10.2269025 1.0778050770238743 -0.10179398473039564 1.3452467149461838 -0.39877575819496475 0.7175668409624572 -0.49703896735422154 0.2811191710976679
10.23190625 1.0780879518069206 -0.10078986603600242 1.3461939378871544 -0.4001641099255034 0.717044056826296 -0.49638219355556373 0.2816402379252372
10.23690975 1.0794143526053699 -0.10029294235822223 1.3478378994277571 -0.39896068114163175 0.7155620936842689 -0.498380756375542 0.28358047651369384
10.24191025 1.0800072143598745 -0.09957450705254746 1.3489266021705102 -0.39951649035783127 0.7148686065595411 -0.4985874366350288 0.28418307007542176
10.2469115 1.080460490784583 -0.09891019869339703 1.3497889592275945 -0.4001675337263922 0.7144546781358084 -0.49856540598000626 0.28434660856283595
10.2519105 1.0810645519333868 -0.09833714088983955 1.3509554925165816 -0.40120367704862586 0.7131448477628043 -0.49958231372098083 0.2843897808452694
10.25691275 1.081783687194365 -0.09726683103272532 1.3519929955837688 -0.40087641806610536 0.713242115456315 -0.4989414228022126 0.2857293103445872
10.2619145 1.0824037273754807 -0.09634849472693648 1.3529112575216433 -0.401816169693591 0.7125861027394413 -0.4988421689863921 0.2862189763036989
10.26691375 1.0830225854124818 -0.09568804946178432 1.3540240686628018 -0.40283061338298165 0.7114373464266135 -0.4994496014088446 0.2865911629542959
10.2719155 1.0836746994777884 -0.09463458998102034 1.3548803680871198 -0.4024538156160609 0.7113548940485309 -0.49927844290991 0.28762158725438636
10.27691575 1.0842085461200066 -0.09410841155689835 1.3561814106240722 -0.40419796858714896 0.7099256665211996 -0.5001904610491077 0.2871220174071186
10.28191625 1.0848708687865734 -0.0932964996080008 1.3571204687179093 -0.4044728859277307 0.7094304387781449 -0.5004169441724702 0.2875639390977745
10.286916 1.0849818879331354 -0.0918930314636166 1.3573999843417632 -0.40594293308080015 0.7096115850444291 -0.4987297247201203 0.287976379470753
10.2919145 1.0856459780521535 -0.09092108431480404 1.3583049545921573 -0.4065510180009519 0.7089538860270223 -0.4988248865376526 0.2885730233758375
10.29691375 1.0863525005525765 -0.0899508658839611 1.3593118906757178 -0.4066459614895653 0.7084531805924374 -0.4989543130450373 0.2894438570887987
10.30191425 1.0870588046811185 -0.08919243210820926 1.3604803414636457 -0.40793412843661164 0.7070825016577943 -0.49984917520314964 0.2894389136843013
10.30691425 1.0878300941567725 -0.08788915794575473 1.3611438068873778 -0.40766118197269474 0.7067001875823026 -0.49965429389723 0.29108897638664466
10.311913 1.0885361882764588 -0.08675295056114968 1.3619298320235886 -0.4079708858504283 0.7062221730055658 -0.4994941550534753 0.2920883217814919
10.3169115 1.089083605457939 -0.0860934672111422 1.3629406403320694 -0.40982672410239385 0.7049086610887151 -0.500204368632015 0.2914471227084981
10.3219125 1.0899995330164438 -0.08460898430727282 1.3637097801061628 -0.4093739812434715 0.7048267047285509 -0.4995435018953224 0.29340850276793284
10.32691175 1.0905364628347922 -0.0838421736093696 1.3646504665669406 -0.41108895302504944 0.7034966580341104 -0.5001144468998979 0.29323005445829714
10.3319135 1.0912025404926593 -0.08273207094033357 1.3654374488828893 -0.41167820853995996 0.7028673293055627 -0.5000419591476973 0.2940350474006925
10.336913 1.0920015788891846 -0.08106723133258434 1.3659755920263352 -0.41180999931112183 0.7025189991569626 -0.4991960600052439 0.2961129412337704
10.34191325 1.092733114618882 -0.08013382112866087 1.3668400798733529 -0.4128202722943511 0.701435927114797 -0.4995522215581813 0.2966726156417355
10.3469115 1.0934762501334352 -0.0790100409892667 1.3676403442621643 -0.41347681257450475 0.7008166051810604 -0.4993691940070867 0.29752885480644403
10.3519105 1.0940845822188447 -0.0780317500785937 1.3684173337803378 -0.4149152228193319 0.6995652309618346 -0.49986512998893934 0.29763853467459495
10.3569095 1.094967764704213 -0.0766527882525616 1.3690381907328266 -0.41474337281774337 0.6991452515514065 -0.49946072435185873 0.2995377050836829
10.3619095 1.0957616789476172 -0.07539347729798909 1.3697879603713452 -0.41552970412125895 0.6983793389573755 -0.49935655228424186 0.3004070531814351
10.36690975 1.096404884262887 -0.07406285762537668 1.3703001248149647 -0.41660993479781727 0.6976891491036445 -0.4988798706636014 0.30130530711797826
10.37190925 1.097158137370593 -0.07286739724694032 1.3709581311436152 -0.4173762646550962 0.696899218537665 -0.4988487021017427 0.30212332798967645
10.3769095 1.0979534842618717 -0.07162756501749584 1.3716633253885309 -0.41789037624724973 0.6962849420284153 -0.4987535366750513 0.30298485539469877
10.3819065 1.0987810119532833 -0.07034725016013851 1.3723488194383273 -0.4185040358829428 0.6953846057114145 -0.4989110895024079 0.3039446444022156
10.38690675 1.0994773906218718 -0.06915405346140652 1.3727753438829944 -0.4194420714515463 0.6946259546915226 -0.4987584068216195 0.30463614918470633
10.39190875 1.1002568566433486 -0.06765115847285032 1.3732606268102725 -0.42075636546676604 0.6938181477877864 -0.49833376818642716 0.30535866485927454
10.39690825 1.100897374642651 -0.06640579102483701 1.3737545424891333 -0.42192952054282695 0.6930429374227114 -0.49821518948108184 0.30569362367136443
10.4019095 1.101858695893265 -0.06480201813543784 1.3743255332046453 -0.4214336829472064 0.6928489816949319 -0.49778763872872395 0.30750838390315555
10.40691 1.1027403001145946 -0.06373735006764802 1.3748061094225492 -0.4215979331323689 0.6921838983793828 -0.4981870765610505 0.30813352681976836
10.41190975 1.1034588243666432 -0.062239070339366036 1.3753638711162934 -0.4236751804220418 0.6908446646613777 -0.497835141472872 0.30885783577229214
10.4169085 1.1042039879439827 -0.061118031702201515 1.3756568764017663 -0.42439390240698904 0.6899651689311951 -0.49782324847274145 0.30985463453297213
10.42191225 1.1051402061050306 -0.059622964599417974 1.3762029718528508 -0.4248504115911532 0.689496394153388 -0.4976807254773439 0.31050079824156385
10.42691325 1.1059751619506009 -0.058307573346013865 1.376620353824226 -0.42546387254727175 0.6888541078483258 -0.49762353807199444 0.31117732181872815
10.43191425 1.1068671945167825 -0.056913911151560824 1.3770656171649798 -0.4263947117778202 0.688015908235443 -0.497448301033346 0.3120366125663876
10.436915 1.10829068886061 -0.05622326342122398 1.377768452551959 -0.42520807110976677 0.6867194409918792 -0.49937065094274985 0.31343812563873996
10.4419165 1.1083650293573848 -0.05387713414477191 1.3774919270627375 -0.42842026970170494 0.6867778203170104 -0.49631940433630295 0.31378232408565004
10.44691525 1.1090063592139743 -0.05286117309654161 1.377683164486812 -0.42937372939855956 0.6858783906356651 -0.49622962740428245 0.31458733389570787
10.45191375 1.1099533838801263 -0.05137118367228563 1.378134845886986 -0.4299361007954731 0.6853311476832654 -0.49608538256368984 0.31523873565055527
10.456915 1.1116036257914408 -0.050190711567490325 1.379083495837922 -0.42886701307039815 0.68375645734128 -0.4977921960550331 0.31741632234477896
10.46191625 1.1118772623942301 -0.04876415011306654 1.3788547329312624 -0.43109561701427856 0.6837690355854293 -0.49623572954595513 0.31680684286745453
10.46691425 1.1132266441000804 -0.04736495069955404 1.3795026305118654 -0.43066502532752327 0.6821921330396236 -0.4971740174420557 0.31931101759729297
10.47191225 1.1130680010833112 -0.04579646225960383 1.3787722124773876 -0.43352666681715885 0.6823940192860593 -0.4947535034480005 0.3187663759353409
10.47691425 1.1140403121437932 -0.044416900245358035 1.3793150618453447 -0.4350030762417506 0.6812489272427189 -0.4950606837331797 0.3187273791384968
10.481914 1.1155308648400435 -0.043116753083498646 1.3797789870884007 -0.4334594255629685 0.6803248038977052 -0.49588163054091083 0.3215159344173442
10.486915 1.1157188687842337 -0.041730672939974144 1.3795265454731789 -0.4360368522179634 0.680010733288875 -0.49483170491518014 0.3203105523246347
10.491915 1.116461503554535 -0.04032032995986546 1.3796336031145024 -0.4372796771481131 0.6793992815005798 -0.49429950737858064 0.32073524479706067
10.49691375 1.117236225976236 -0.0387184070169801 1.3796244088992542 -0.43887857003803205 0.6785307961920701 -0.49357938904075616 0.3214979721467643
10.50191225 1.118860758229639 -0.037600107141580894 1.380281016629709 -0.4375214561839971 0.6771748965812933 -0.495225589437549 0.32366765421490834
10.506914 1.1191763563590909 -0.03594175993336137 1.3795913933270605 -0.43910301529878715 0.6776354808004394 -0.4932219628690969 0.32362137206838726
10.511916 1.1197582433304043 -0.03415977375120464 1.3794420652985249 -0.4408271013712398 0.6772405338210703 -0.4916917621868533 0.3244317139922808
10.516916 1.1208117106328679 -0.03327078592780844 1.3796430782291056 -0.4414575446040324 0.6761404297421678 -0.49266042354270145 0.3243995416997095
10.52191475 1.1214703696399748 -0.03153547031319947 1.3793801485257922 -0.4424185420487794 0.6754854962684644 -0.49189768580532633 0.3256099578970878
10.5269155 1.12226945768076 -0.03019421378615018 1.3792544815747474 -0.44288783435270934 0.6751922099618045 -0.49155344203661094 0.326099769106361
10.531916 1.1235387444975342 -0.029117407114393003 1.379576602527377 -0.44278347192932477 0.6736606383912197 -0.49248047834661385 0.3280047556302156
10.53692175 1.1243744266258713 -0.027738802814427713 1.3794431472733766 -0.4435088463331113 0.6730994968007193 -0.4921540621254836 0.3286660155298639
10.54192 1.1256580006813781 -0.025733151722656614 1.3793752471776943 -0.44288671179494665 0.6729272762180344 -0.49164756021031486 0.33060991814596496
10.54692125 1.1263827832466895 -0.02456118207816283 1.3792730256623946 -0.44471285596694576 0.6719470542788356 -0.49141158965668846 0.33050307341204
10.55192075 1.1271703039049132 -0.02314771942394649 1.3790333447348826 -0.4455516364905549 0.6714622944801599 -0.4908996161250774 0.3311188505661964
10.55691925 1.1280498051015686 -0.02161544460502192 1.3788264400578474 -0.4464966482181445 0.6708225113032865 -0.49028581099996876 0.33205078676434036
10.56192175 1.1280448319189675 -0.02004401097676542 1.3778808724471414 -0.44919758098859575 0.6712382507600174 -0.48798861553205813 0.33094992833014986
10.56692025 1.128842490798318 -0.01854172008052392 1.3775278003658926 -0.44999274503014647 0.6708230607070529 -0.4873365691564454 0.3316715529054011
10.57191925 1.1296671861267917 -0.017077151928694884 1.3771770881329053 -0.45064805500015204 0.670538145461462 -0.4865089923642339 0.33257168603839526
10.57692175 1.1313261181710692 -0.01591702339152028 1.3776595466926764 -0.4493820807584998 0.6688779083058685 -0.4883538736095886 0.33491578554024176
10.5819225 1.132097808329985 -0.014323446043300637 1.3770114406435316 -0.44962013414128793 0.6690834681439389 -0.48703350130874556 0.33610625735649907
10.58692425 1.132860119401088 -0.013121438136630203 1.3767605197519064 -0.45109375471913504 0.6680888625133866 -0.48715707829380106 0.335931060349009
10.5919235 1.133762821572615 -0.011542981640081952 1.3762857671851545 -0.4512151849192001 0.6679541990650845 -0.48619596779593266 0.3374248445930297
10.59692375 1.1345121956366897 -0.010224756431423858 1.375861759444591 -0.4525688074203762 0.6672356343473695 -0.4857465361878033 0.33768089283925
10.60192375 1.1351796530628548 -0.008915959703049255 1.3753949048704868 -0.4536519225171534 0.6668270289209696 -0.4851115732250492 0.3379473453365788
10.6069255 1.1361232854060928 -0.007510231999508962 1.3748403495677468 -0.45431231587503695 0.6661341465530117 -0.4845320031083711 0.33925559155913815
10.6119275 1.1367968554372494 -0.006211521152730311 1.3742866314854958 -0.4549129913997891 0.6660217459287037 -0.4838864031146248 0.3395926281393158
10.6169285 1.1374646484059014 -0.0048169196021710685 1.373981260066185 -0.45591118762131705 0.6659439923577244 -0.48283186731963695 0.3399073049303411
10.621929 1.1382487142354802 -0.0035645014819150255 1.3732024425676317 -0.45683894432251915 0.6650744100216762 -0.4825782299430725 0.34072343633747393
10.62692925 1.1389270984478779 -0.0021415492664415463 1.3729771838747278 -0.45816177982585127 0.6647469834087816 -0.4817503925766259 0.34075767167886334
10.63192975 1.139711514454314 -0.000751700187146937 1.3724058193053494 -0.45926430207600527 0.6642478425100715 -0.4809054233352202 0.3414397141021054
10.6369315 1.1405062337180598 0.0005497331878950218 1.3718650541047939 -0.4598825229707533 0.6638402951724347 -0.4803777084731817 0.34214234577655567
10.64193175 1.1412096412257802 0.0018441025589866246 1.3712652653506998 -0.46079609632491614 0.6634928577289407 -0.4795524694016411 0.34274424057187364
10.64693175 1.142139792086443 0.003274212548022723 1.3705524752170462 -0.4614117002190293 0.663081639699613 -0.4784438773316025 0.34425780781001875
10.651931 1.1427556293969077 0.004444058424386279 1.3699468196929023 -0.4614825807204296 0.6623600590318128 -0.4788074633932816 0.3450454939422872
10.65693025 1.1426156596099373 0.005593600715484319 1.3685899627911313 -0.4638388780064473 0.6630447055400135 -0.4766276629555374 0.3435859202741282
10.661931 1.1444516174264259 0.007179297263635664 1.3686271912973238 -0.46381046319449737 0.6618256147451879 -0.47654146381853313 0.34608516749515517
10.66693075 1.1447685252865751 0.008353717083028199 1.3678576522101593 -0.4648725064925408 0.6618407677948154 -0.4760536775465697 0.3453016751863485
10.67193075 1.1456511367362647 0.009744740923127231 1.367055044114991 -0.46556295799598446 0.6614721600189911 -0.47485767312112626 0.3467216519628229
10.676933 1.1463346583883705 0.011039703948918489 1.3660036714902155 -0.46533305569724276 0.6616113513770688 -0.47406496252565994 0.34784763663135626
10.681934 1.1469783737037318 0.012343084944881653 1.365277528643158 -0.4661842780216496 0.6613433188720664 -0.4732791311250778 0.34828737782211544
10.68693425 1.1483904670507503 0.013380018234557062 1.3646998582266516 -0.46719235812718896 0.659915442118302 -0.4731068002645296 0.3498754997207161
10.6919345 1.1481901030603878 0.014864014659965178 1.3640353300791166 -0.4684661545856825 0.6607980830919062 -0.47187834215099206 0.34816114889314814
10.69693275 1.1489252234340988 0.016189307987568558 1.3631610454460967 -0.4688686382407955 0.6607660896226581 -0.4707637728742042 0.34918740674349624
10.701932 1.1494876245355972 0.017364791162730483 1.362314259663167 -0.4698346976456233 0.6605341708757061 -0.46990675860869185 0.34948190826945774
10.70693125 1.1500043447134214 0.018470330390789068 1.3615769017064614 -0.4710723376973284 0.6600134677520896 -0.4694582255714892 0.3494024176869761
10.71193175 1.1506423671813173 0.01978074942409627 1.3607928696882494 -0.47196777049323313 0.6597355591672016 -0.46855337547724446 0.3499330649065149
10.71693275 1.1512846281745475 0.02107782774834011 1.359819211234722 -0.4722795965289658 0.6598120970263824 -0.4672475140510678 0.351112147231027
10.72193375 1.1518436891301957 0.02213527989900973 1.35896978684016 -0.4732860450170269 0.6593684475888636 -0.46694576020621503 0.3509917761740761
10.72693425 1.1532140807214992 0.02294639360870942 1.3580118556844143 -0.4736624027083996 0.6578439558407274 -0.46739636377834176 0.3527405521783866
10.73193325 1.1538156416819638 0.023964786743527457 1.3571813416577712 -0.4739581227525842 0.6571470972665207 -0.4671589325959394 0.35395468936977637
10.7369355 1.1536447244243626 0.025696715294203983 1.3562374142933764 -0.4756887929000277 0.658613180385673 -0.4642449573399379 0.3527399474343994
10.7419345 1.1542571947616649 0.026983773749424934 1.3553090536112151 -0.4763744714130749 0.6585219804481419 -0.4629822560952201 0.35364331577671704
10.74693525 1.1545765576452025 0.028195229533361517 1.3542641107555025 -0.47711039508793474 0.6589067187354349 -0.461510762910981 0.3538579130409007
10.75193575 1.1550813029976057 0.029232400274415583 1.3534464835409912 -0.4782712173819027 0.6584644949245555 -0.46109496414876555 0.35365602721349376
10.75693475 1.1547615787186913 0.030072944245284068 1.3518559669296284 -0.4798612870612254 0.6591596303950223 -0.45928116713752487 0.3525656482844503
10.76193425 1.1552512115811362 0.031690195216216216 1.350585503336567 -0.4814826271233491 0.6590280691382012 -0.45706348001493907 0.35348190774494476
10.76693375 1.1567108903379617 0.03261158944762487 1.3505103879892995 -0.4800867731831532 0.6572295703425245 -0.4591899877554453 0.35596423588209314
10.77193475 1.1573621114479635 0.033645258528046965 1.3496048429518297 -0.4811160086570843 0.6572504812614486 -0.45798032679205036 0.35609438547513933
10.77693675 1.157668466501752 0.03497268027605502 1.3484451164004183 -0.4816573958316144 0.6577752889268281 -0.4561873988151343 0.3566943782570969
10.78193725 1.1581290074886206 0.03588259936616235 1.3475038373565156 -0.48266602068016146 0.6574324857609599 -0.45578174676942185 0.3564814700075696
10.7869435 1.1586268291419775 0.03690887524316568 1.3464802036063486 -0.48327314954141587 0.6572905435684258 -0.4550668433141006 0.3568338162001793
10.791945 1.1582335374535284 0.03809104729879811 1.3444828551023427 -0.48545144081058733 0.6583118551163992 -0.4518876350203282 0.3560336575997614
10.79694325 1.1594715299759761 0.03889728834135291 1.3442196303385545 -0.4850775459138976 0.6574224666289789 -0.4528703122763994 0.3569369063017949
10.801946 1.1600340444052433 0.03987251523567998 1.3431578322428575 -0.4855421851593871 0.6570738305162771 -0.4524678383181705 0.3574571624250883
10.80694475 1.1604560991119586 0.04087084664084685 1.3420611399618385 -0.48628785984218004 0.6570527879485459 -0.4514836304326819 0.35772654733816
10.81194625 1.160113374836847 0.04188694639231368 1.3405044236491377 -0.48845039113810346 0.6578210002625111 -0.4489478540410501 0.3565579495153616
10.81694675 1.1614127510376475 0.04296389750627882 1.3397921566324562 -0.4871148481410028 0.6574789432077093 -0.44904402248416664 0.3588872104579387
10.82194675 1.1606514987826215 0.04348907418176469 1.3379502442701625 -0.49048268952092483 0.6575691747276228 -0.4471352381538262 0.35651029512410176
10.82694575 1.1618709394578912 0.04428652589083514 1.336895375193201 -0.4904895169167239 0.6567771926353927 -0.44713701373304593 0.3579556452672103
10.83194525 1.1634625961113418 0.04517705798746046 1.3363520200759564 -0.48823662902380227 0.6552931517219399 -0.4485876635066698 0.36191848189257697
10.836948 1.1629510290124472 0.04645067219619088 1.3353584459174435 -0.49018263663642997 0.6569876931530965 -0.445992915399886 0.359414069283105
10.84194775 1.1623635959475764 0.047352434854419506 1.333641465362425 -0.49295260981919403 0.6579138126520612 -0.44294901686676524 0.35769163821766964
10.84694775 1.1627919898818322 0.04817999475371718 1.332598910695753 -0.4934565913118393 0.6575854144147014 -0.44259647300722643 0.35803683793921126
10.85194775 1.164023729714589 0.048816620886933136 1.3320403098047937 -0.4913790636653973 0.6569970277184808 -0.4440265615025562 0.3601970766686146
10.85694825 1.164430623131408 0.04961978165246145 1.3309096808583927 -0.49182144370635417 0.6569727081900467 -0.443218923312801 0.36063210370330956
10.8619485 1.1638952141776766 0.05059706115522112 1.3291368687988232 -0.49521244357873123 0.6574719044026095 -0.4401487481030953 0.3588375819075615
10.8669515 1.1643253864347802 0.05150799153225899 1.3277966319918 -0.4948721053464059 0.6580065909587165 -0.4388061694361569 0.3599695421416522
10.871952 1.1645591842703609 0.052125527615137675 1.326806251392341 -0.49618786552889543 0.657813420634603 -0.43813221930488316 0.3593316909790442
10.87695175 1.164811410561234 0.05275193447292178 1.325700767649168 -0.4970528039905467 0.6578148271665674 -0.4372038808681288 0.35926442874128417
10.881953 1.165608099994003 0.053008307822491524 1.3249395915451163 -0.4956006979592037 0.6574458461948377 -0.43800013622355866 0.3609720046923974
10.88695325 1.165099529000227 0.053911566883655414 1.3231158535486371 -0.49840306323527833 0.6580764736276049 -0.4350368166537024 0.35954514260571024
10.89195225 1.1657349658551015 0.05452922445133611 1.3222114815220598 -0.49804184810256347 0.6582659563225776 -0.43486226940207684 0.35990978721866
10.89695175 1.1658984013003966 0.055453645535023514 1.3209485995533004 -0.4993444168052286 0.6583511506145074 -0.4332046370391753 0.35994813284382604
10.90195525 1.1669612581923774 0.05582471740710449 1.3204932105714908 -0.49752306376416616 0.6580274704762649 -0.4343013291279038 0.3617360980591541
10.906956 1.1664404972795164 0.056782505973501575 1.3185846537059385 -0.4998818553427809 0.6590270381244283 -0.4307326442272483 0.36093057908274445
10.9119565 1.166652582403646 0.057136517703778505 1.3174151809378076 -0.5008503332123773 0.6586518728480217 -0.4307172317414101 0.3602906054782172
10.91695575 1.166760530257874 0.05767978067272804 1.3162898175780051 -0.5015880545526639 0.6588516688450788 -0.4295254527646026 0.36032178315707153
10.92195825 1.1669373925843904 0.0580912916383875 1.3151425595476416 -0.5015425157114434 0.6584714325737356 -0.4295541554050408 0.36104529493180043
10.92695825 1.1670354248459798 0.058715267522845824 1.3139162405049105 -0.5025463122960091 0.6590987047165543 -0.4278312677403955 0.3605502846792501
10.93196 1.1671976405528843 0.05916962477869991 1.3128060485319035 -0.5029182810922832 0.6591899683891624 -0.4270977061567845 0.3607344418182037
10.936961 1.1673638763874694 0.059601939685116 1.311687130143759 -0.5032472767073648 0.6593178308187346 -0.42650945999666484 0.3607379339415982
10.94196175 1.1674443915383217 0.06009929567645841 1.3104307833964115 -0.5037688294654409 0.659361181967673 -0.42552204254186143 0.36109664839792577
10.94696575 1.1673957087234226 0.06050033370289077 1.3092354254512761 -0.5045154779725249 0.6594155552040395 -0.42446246960208683 0.3612019794248094
10.9519645 1.1684306275404899 0.06097654744174755 1.3087245442902518 -0.5021915030293457 0.6592423165778852 -0.4251430026093332 0.36394599826137736
10.9569645 1.1675490898776515 0.06125153425911367 1.3068975553659543 -0.5050870824098487 0.6598248644112458 -0.42313557742650365 0.36121250061885607
10.96196625 1.1675427250822454 0.06164205068246505 1.3057174835550205 -0.5056189500561136 0.6599450164558822 -0.42229005936780895 0.36123836778273033
10.96696675 1.1674220581918326 0.0621373801953032 1.3044403305012096 -0.5060244523495528 0.6603355265632356 -0.4204684431495986 0.36208083945183056
10.97196825 1.1683984850932698 0.062343526075462945 1.3039576000696493 -0.5040851640345588 0.6596901299279133 -0.4219692246049047 0.36421017745565565
10.976969 1.167589374869641 0.06252976369980667 1.302154078454153 -0.5064689140994251 0.6604070161724839 -0.4203938453398882 0.3614150340556518
10.9819685 1.1683888873379227 0.06289233825972185 1.3015238360880836 -0.504540607341746 0.6600636006600475 -0.42074171292818324 0.3643229743361977
10.9869695 1.1681714426018648 0.06317788031155071 1.3003654398559208 -0.5053207241669915 0.6600574911513243 -0.41978285855726816 0.3643589243642256
10.99197025 1.1671163786087289 0.06332724833461088 1.2985608828989474 -0.5082401982152498 0.6605024261510329 -0.41774411123111055 0.3618263443952807
10.996972 1.166944099185148 0.06351104924966991 1.2973447233979782 -0.5087533284664106 0.6605588897185716 -0.4170593086636924 0.36179211855025195
11.001971 1.1669525776022922 0.06384787360375722 1.2960867714606614 -0.508331469868899 0.6611457829121136 -0.41612628760380405 0.3623869247689947
11.0069715 1.16756104508565 0.06382018261420874 1.2954894160940356 -0.506192265333551 0.6607755777753754 -0.4174395701163397 0.3645397531589553
11.0119725 1.166391958220089 0.06405520078716777 1.293692056960689 -0.5091603729314051 0.6614518827626837 -0.4150762414772233 0.3618685330160596
11.016971 1.1662087155978527 0.0641033913877798 1.2925629579196476 -0.5102085365299306 0.6610794768524627 -0.41466697755385656 0.3615417987768634
11.02197325 1.1669862496502161 0.0641956302835681 1.2920504271024424 -0.5081376737372305 0.6607331909812121 -0.4159838386713247 0.36357282740734415
11.02697075 1.1666932217803114 0.0640855100358411 1.2907656222783528 -0.5080202407169532 0.6610276212537084 -0.41563864496353653 0.36359652882615356
11.0319715 1.1663757182030443 0.06412500022247125 1.2895908831586984 -0.5079692672288717 0.6615402467398722 -0.41515055721328786 0.363292912592317
11.0369705 1.166281476121877 0.0642507615689031 1.2880681147445365 -0.5083614167112781 0.66149558441115 -0.4138324469332097 0.36432810441842867
11.04197 1.1659383992486378 0.06409975037595281 1.2872036227681765 -0.5090044863878019 0.6615557788633207 -0.4138796307277115 0.3632657918911831
11.0469705 1.1658360686703715 0.06417504357539529 1.2861539141192733 -0.5087275717980355 0.6611583271173254 -0.41391322545205 0.36433743421692866
11.0519715 1.1655317510262246 0.06410541583345183 1.2848785613368787 -0.5094883349939218 0.6619080380488834 -0.4126940894406236 0.36329461076676295
11.056972 1.1652970534937737 0.0640121887758541 1.2837397638683046 -0.5096712295382789 0.6621280479824423 -0.4122272788570446 0.3631671191366533
11.06197075 1.164929868567059 0.06387952134564366 1.2826064583138248 -0.5101359473356921 0.6623140812191679 -0.4117007910968313 0.3627724240690968
11.066972 1.1645830081347206 0.0637059516437348 1.2814016974072162 -0.5104473988662684 0.662623299743256 -0.4110976436047771 0.36245350467421283
11.07197225 1.1633555224131698 0.063600686780101 1.279675118095598 -0.5127811578935872 0.663548401650808 -0.40853574208830934 0.36035753108867336
11.07697125 1.163120378081411 0.06338121698123886 1.2785306746161598 -0.5128363186359661 0.663696086668216 -0.40824003636215245 0.3603421811837105
11.0819705 1.163596446381673 0.06286969925100658 1.2778882182589575 -0.5106760285058981 0.663373941747937 -0.41017724584936177 0.36180054492313857
11.08697075 1.1633375955262872 0.06257132449233556 1.2768043502810604 -0.5105864305861074 0.6637808144528085 -0.4097602209001731 0.3616532712883235
11.0919695 1.163035464169849 0.06224212814491552 1.2756921204361669 -0.5107820421504478 0.6639333863853 -0.4094653988866037 0.3614308384382838
11.09696875 1.162735453705181 0.06213668488236614 1.274480246842944 -0.5113226584918806 0.6641919272036948 -0.4086888099514491 0.36107018621135945
11.10197225 1.162379077134277 0.061721589071539795 1.273379994507023 -0.5116087068545273 0.6645455560791867 -0.408178730371852 0.36059098579701915
11.10696925 1.1620037261422427 0.061308778279959134 1.2722990055201258 -0.5116916716521266 0.6647931281085319 -0.4079714127084469 0.3602513794480174
11.11196875 1.1617783616401043 0.06092252471243795 1.2712465062544838 -0.5112345564081366 0.6653076642593808 -0.4075922152613545 0.360379697361331
11.1169655 1.161449236350252 0.060466844254446143 1.2701835353304807 -0.5113262032576914 0.6656515146007357 -0.4071895184924081 0.36006981406630234
11.12196525 1.160984182897486 0.05987387981973904 1.2690670578871326 -0.5118555183976604 0.6659733937682666 -0.4067680335499429 0.35919790361380477
11.126965 1.1596419651921994 0.05941587492018938 1.267285373064021 -0.5141935268637581 0.6669935052556983 -0.4042898142299665 0.35675541619998635
11.13196525 1.1604558357743182 0.05858017496033775 1.2666252913576335 -0.5117469841784871 0.6664481477760985 -0.4064746013456124 0.35880397011593423
11.13696475 1.159856266292115 0.058004471189089336 1.2654727590251782 -0.5118357377493724 0.6672321049806473 -0.40591169319728565 0.3578563859586173
11.14196525 1.1595598932304212 0.057627250986571676 1.2647481366835411 -0.5117878957126146 0.6678227548690503 -0.4054662704047677 0.3573276108072451
11.146965 1.1593099758893584 0.056999965588905285 1.263709712715349 -0.5116469105816775 0.6681401540340542 -0.40511832461689234 0.35733082223505047
11.151965 1.1579663338466846 0.05659302496944607 1.2619368854119253 -0.5134465579676604 0.6696915225546769 -0.4018880730701288 0.35548821844547734
11.15696725 1.1574047607966507 0.055655159804706096 1.2608940095750512 -0.5144786037467738 0.6696535717573322 -0.4021857910428347 0.3537265180936635
11.16196425 1.1581170451924336 0.054727964472129395 1.2604486885163082 -0.5118337788854537 0.66934173154692 -0.40469783459213016 0.35528508535829106
11.16696325 1.1577065644696687 0.05407580245404632 1.2595852875917528 -0.5118873667791429 0.6700314583982004 -0.40400842376722823 0.35469192549847467
11.17196375 1.1573487560276516 0.05332228755730782 1.2585771888766217 -0.5118097507788097 0.6704965164638294 -0.4037806037659166 0.35418416740452197
11.17696275 1.1559590482576467 0.052593683431037555 1.2568917796193633 -0.5140216675881961 0.6716280222614466 -0.4012089641899789 0.3517511791261433
11.18196275 1.1564559285109048 0.05160827840531891 1.256504206090397 -0.5120898941748464 0.6715339235014968 -0.40296216309891614 0.352743001321533
11.18696375 1.156093926540475 0.05067814016246042 1.255574381752351 -0.5118470197028165 0.671949230391422 -0.4029344437368486 0.3523360530064965
11.1919625 1.1548734663313553 0.04993903969918602 1.2538771843618328 -0.5134998876691182 0.6730507092569781 -0.40078476543518304 0.3502744351612704
11.1969635 1.1544333338886912 0.04904739474526095 1.2528256256748886 -0.5124238800867251 0.6742856440810546 -0.400467245976906 0.3498379942240909
11.2019635 1.1550545293196144 0.04801118378779995 1.2526569301259372 -0.5108896762197566 0.6737116278098826 -0.40227954951234035 0.3511061738704959
11.2069645 1.1546774443978105 0.04693831346495805 1.2517151872349612 -0.5108182031735125 0.6741669118311279 -0.40209719359950236 0.350544697860442
11.21196475 1.1530303714469938 0.04590047677472929 1.250028186794875 -0.5123212188725546 0.6761976588648596 -0.3994286586658828 0.3474772531763721
11.21696625 1.1525888690868369 0.04487422249230284 1.2491500045630628 -0.5126329591200782 0.676603926769328 -0.399017818526727 0.34669778770896414
11.221967 1.1531292939849622 0.04374179449131918 1.2487952667559874 -0.5102374093965528 0.6766115967612958 -0.4006020015806036 0.34838566203280835
11.22696625 1.152946029001299 0.04290320344953648 1.2479236517710284 -0.5096247980010875 0.677161015979986 -0.4001882885802017 0.34869020259042716
11.2319635 1.1511841230983089 0.041529252956730774 1.246583270155214 -0.5122451540124305 0.6786109367427942 -0.3977576341869604 0.34479118777869167
11.2369625 1.1508009936840007 0.04045457544729632 1.2456856634933227 -0.5119691947835889 0.6791416894212796 -0.39771111947011795 0.34420920198693017
11.24196225 1.150504546699528 0.03926964731033 1.244829276713176 -0.5119559292451731 0.6793794957676536 -0.3977045714423975 0.3437669284486499
11.24696275 1.1511687574197833 0.03831202008523297 1.2444974984364856 -0.5088394184148276 0.6798194850545032 -0.3987481541062198 0.34630596819051845
11.25196425 1.1492327676710206 0.036579595096163035 1.243051156735615 -0.5119155346968988 0.6808543683133188 -0.39633551622143526 0.3424879166717395
11.256963 1.1496398400305858 0.035231739905609204 1.2427816442450021 -0.5097735488574474 0.6809891562161372 -0.39816143304748336 0.3432960402260586
11.26196225 1.1488703321310092 0.03443800772012638 1.2414942092267756 -0.5098104628387311 0.6821708461884765 -0.39681535306237786 0.3424526305412724
11.26696075 1.148414205629694 0.033285372252717195 1.2407714612367684 -0.5095257507108093 0.6829586126382093 -0.396328697665664 0.3418692823178436
11.2719605 1.1486515340128787 0.03168554400255917 1.2406196125779292 -0.5070124836229253 0.6833402082105122 -0.3984257195208767 0.3424053844751837
11.27695975 1.147274060202558 0.03047777923885299 1.239273926431058 -0.5093595107777434 0.6842650021935812 -0.3960983782509821 0.3397651693452673
11.281958 1.1467107728277193 0.029106235037226504 1.2385238560807534 -0.509265182037647 0.6849803800205692 -0.3958037602080741 0.3388070789641031
11.28695775 1.1462253046064517 0.027811111109883168 1.2378299776382986 -0.5089801053302306 0.6857609999668268 -0.3955664287535448 0.3379323952297143
11.29195775 1.1455854616810894 0.026000861183932876 1.237330092086204 -0.5095322915944206 0.6859507175366221 -0.39636551377737983 0.33577200065152163
11.296956 1.146062174660769 0.024561003664535508 1.2370154920061927 -0.5060553119525917 0.6865888531285151 -0.3981086011228429 0.33765856973612907
11.301958 1.1446689323601926 0.0230608180892588 1.2361042912105196 -0.508559910439816 0.6872243431595842 -0.3967312595278436 0.3342062647165295
11.306959 1.144305899165118 0.021956727841979457 1.2352327993314132 -0.507093885469872 0.6886163152882268 -0.3960988138210432 0.3343188468027138
11.3119585 1.1435873911006607 0.020400156035749874 1.234524958043836 -0.5073239430155477 0.6894602463707127 -0.3955093620768865 0.33292541210776866
11.3169585 1.1425238005626248 0.01838896129004212 1.2338455757696003 -0.5081635856802155 0.6898611391665697 -0.39526235525878894 0.33110277765628043
11.32195775 1.1423306407474758 0.01706371907105171 1.2335006678396174 -0.5076527800950318 0.6901427830089001 -0.3964237391996246 0.3299087948532195
11.326957 1.1421114422838838 0.015214894636172403 1.2330098850151725 -0.5059967732698079 0.6908395126108796 -0.3975532169242163 0.3296353636509771
11.331957 1.14157585886964 0.013365836512456635 1.2326259871421552 -0.505561894415973 0.6912590928985416 -0.3981729159060601 0.3286736473136899
11.33695675 1.1401904153220848 0.011678474786989477 1.231862647294785 -0.5072001707045142 0.6922223367273572 -0.3965047439560679 0.32612913300311247
11.341956 1.1400965024251564 0.011015295615569128 1.2313699796214579 -0.5049381197448654 0.6936349514318385 -0.3962917799219987 0.326895816043774
11.3469555 1.1390956076095424 0.008666331107920672 1.231017133070637 -0.5061882834857686 0.6933860048258488 -0.39707414922739137 0.3245325715374688
11.35195375 1.1384845473825076 0.00734229918663051 1.2305597738694285 -0.5051713792828934 0.6946390274513403 -0.396102388634601 0.3246250095307485
11.3569505 1.137934553331793 0.0057098081174342 1.2301864324241703 -0.5046463161213063 0.6953178200434359 -0.39638919949941576 0.3236368756422096
11.361951 1.1372405067543656 0.003972054092673935 1.2301496896374053 -0.5045991985878732 0.69572940418421 -0.3967755280334131 0.3223498492193948
11.366952 1.1365296288338966 0.002101952560248971 1.2295912680104442 -0.5038898252119275 0.6964338603085616 -0.3973792746154397 0.3211925191683565
11.371952 1.1359445035880849 0.0005027280893285264 1.2293839527348547 -0.503025586579691 0.6972358102097393 -0.39770248008382064 0.32040633817467495
11.3769525 1.1352344597785367 -0.0006520320382643451 1.2290184685002528 -0.5028910972713602 0.6979197015284638 -0.3962483013391074 0.32092977142904544
11.381953 1.134775125749026 -0.0024430262500001586 1.2289931392243347 -0.5016493124047365 0.6986622971806602 -0.39686512698208165 0.32049498100218987
11.3869545 1.1340749874537264 -0.004217572681011415 1.2286963862981386 -0.5013278106503698 0.699290810714078 -0.3972295430024839 0.31917311679618665
11.391957 1.1333506781002736 -0.005702370975333966 1.2285046176719578 -0.5008512301223959 0.6998374216378601 -0.39726329388618364 0.3186808809622165
11.39695575 1.1327478450456043 -0.0075326866586328915 1.2284084009005278 -0.4997367216801713 0.700606176959413 -0.3978762814682858 0.3179758771599506
11.401956 1.1327528601703973 -0.009212305250629233 1.228893753874096 -0.4983605086436827 0.7006327429225723 -0.39948752611239646 0.3180570380447508
11.4069565 1.131215949317499 -0.010797781992035177 1.228406696105287 -0.49936641534614035 0.702043196645169 -0.3974674198169573 0.3158926771114348
11.4119575 1.1315753294320767 -0.012440830305125947 1.2289270741512632 -0.4964200230690314 0.70197304816906 -0.4000175051355066 0.3174696771749168
11.41695675 1.1300684738112705 -0.014099369141870563 1.2284529993864817 -0.4971378347062748 0.7032086570285434 -0.39876314989169925 0.31518170675361074
11.4219555 1.130201058737238 -0.01590238741413414 1.2290003880553797 -0.4949575033033716 0.7032998821774263 -0.40079169092684597 0.31583597980108363
11.42695625 1.1287157657047162 -0.01755044250194241 1.2286731072616588 -0.49599355732343064 0.7043782373032984 -0.3995037256884616 0.31343015660300666
11.43195475 1.1286895271013742 -0.019590068319016052 1.2291646533430716 -0.493588848801325 0.7043933535273219 -0.402007585615504 0.3139903707967958
11.43695425 1.1279318015570088 -0.021277170260147624 1.2292484823383711 -0.4928426467908575 0.7050207995316929 -0.4022834815737089 0.3134003800010614
11.4419545 1.1273665343983177 -0.022831632065992293 1.229495480136994 -0.4918921961369235 0.7055776623774686 -0.40286126935809136 0.31289779063574197
11.446953 1.1266076488048657 -0.02465666498216646 1.2296842601043174 -0.49110918291114497 0.7063096353430656 -0.40320734974052197 0.31202932970654784
11.4519535 1.125700532700461 -0.025708379788610177 1.2295740849201116 -0.49081718957625214 0.7075960872650299 -0.4021274065999265 0.3109659347338662
11.456955 1.1252924805668905 -0.027906257457303914 1.2304396374951363 -0.4901799179873319 0.7072202956076545 -0.40375673672826734 0.3107146585359229
11.461955 1.1247383316163726 -0.02940942857658966 1.2307212144616537 -0.48878821305990455 0.7079634192000006 -0.40404963004700806 0.3108340012084031
11.4669525 1.12357874937382 -0.03053877832799789 1.2305511804570268 -0.4888412952908488 0.7092503507379576 -0.402973809340996 0.309209050614072
11.471952 1.1224034242548673 -0.032695330585555314 1.2309527709388153 -0.48935483928005147 0.7096047516108394 -0.40300077862447503 0.3075439971655779
11.47695275 1.1231371238335368 -0.034207918993229974 1.2319386661845781 -0.48495487723315517 0.7096628436866472 -0.4064710212714568 0.3098043321273855
11.481954 1.1225956769142718 -0.03562721362653793 1.2324601436684466 -0.4843931239549615 0.7098473650162513 -0.4068549221344283 0.3097565046607196
11.486954 1.1218122649886821 -0.03750996207090491 1.2329302474819193 -0.48341406850102814 0.7103820191801457 -0.4077341647947491 0.30890302047722157
11.49195525 1.121101020638534 -0.039106535002792944 1.2333849313841845 -0.48272786289266273 0.7109258294893006 -0.40806659061325196 0.30828547318566474
11.4969535 1.118839678150486 -0.04079415727955675 1.2332947286420015 -0.48539823810723925 0.7120563219463669 -0.4054555255363923 0.30491008778098444
11.501955 1.1197704372145585 -0.04237498219763501 1.2344567632730354 -0.4815441880455466 0.7115221737453554 -0.40879176723378646 0.30779974377851127
11.5069535 1.1191419247771803 -0.043986266925541195 1.2350822841930025 -0.48029495949908985 0.7120844627026783 -0.4100005340619771 0.3068420308987985
11.51195525 1.1184389409851883 -0.04573356495783131 1.2357040986548975 -0.4796921557482428 0.7124849787990224 -0.41040931298646827 0.3063083193668356
11.51695425 1.1177228646572277 -0.047293422275690514 1.2362324981037984 -0.47930965506701817 0.7127414030164664 -0.41099362450458227 0.30552608334189985
11.521955 1.117230385580085 -0.04884785633786743 1.2370896488601615 -0.4779419265045615 0.7132705055333115 -0.4117609930529022 0.30540069650452734
11.52695425 1.116660988162496 -0.050282425632071096 1.2377669816149626 -0.4768252088376411 0.71388758159231 -0.4120637757736329 0.3052960624711691
11.53195525 1.116050585310254 -0.051820730347659896 1.2385814573805556 -0.4766486899359572 0.7139198472743606 -0.4127590620643324 0.3045561273950372
11.5369555 1.1145855510467197 -0.05294857776221712 1.2386553244475274 -0.47772989612686645 0.7151653776231389 -0.4106803564004995 0.3027445686755178
11.541954 1.1149005040541027 -0.05489716639352289 1.2402044682994462 -0.4748718738115034 0.7145967824501241 -0.4142494641127402 0.3037194815236404
11.54695375 1.1142657928106958 -0.05638861583619141 1.2409300223444888 -0.4738346464265939 0.7151718327545644 -0.4149303573878272 0.3030557308454537
11.551953 1.1138178007766475 -0.0577330302879914 1.2418074751794335 -0.4729089298564753 0.7154076896333854 -0.41553591266309986 0.30311530308229173
11.556953 1.113147673996601 -0.05936365260560063 1.2426827797146782 -0.47214897408001516 0.7156100972316468 -0.4165661005079221 0.3024073724678781
11.561953 1.1126950237370068 -0.06088784038877183 1.2436614022350658 -0.47124819872793144 0.7156465106760905 -0.41771966546231293 0.3021348838496964
11.566953 1.1121447837327898 -0.06226955048232373 1.2445498857964485 -0.47066188002339443 0.7159595787510332 -0.41826784431293074 0.3015481498887048
11.57195475 1.1116775712130411 -0.06362559346827701 1.245575386234328 -0.46981925458606494 0.7161706237692463 -0.4189621038017494 0.301397181884926
11.57695475 1.1110913443103898 -0.0649556575640309 1.246415298349381 -0.46882398601109837 0.7166896205960998 -0.4194587029628719 0.3010223486374213
11.58195425 1.1106492316156158 -0.06637503221508434 1.2474680518896202 -0.4682273923082099 0.7167330607255822 -0.42046815278034694 0.30043861478291267
11.58695425 1.1101830343746009 -0.06778374234804893 1.2485208675374169 -0.4672231572172702 0.7170271428217367 -0.4213755274680761 0.3000287697335433
11.5919525 1.109689300884552 -0.06914909400454924 1.2495341601677548 -0.467000407969387 0.7170064862374315 -0.4218358906518828 0.2997779161442866
11.596953 1.1094066182978335 -0.0702474901577311 1.2506967484670422 -0.46596605619051196 0.7172585815421495 -0.422885223280803 0.29930561239834746
11.60195375 1.108574579746541 -0.07188320040806678 1.2517270974762966 -0.46571201281218694 0.7176383028730791 -0.42311305232985763 0.2984676403229992
11.60695225 1.1069545985552605 -0.07299372702291687 1.2522485963308523 -0.4682440856332405 0.7183582904942518 -0.42110974995503647 0.29559333761178225
11.61195175 1.107552803530932 -0.07463311855620322 1.253949042723028 -0.4651812591512824 0.7178003744557899 -0.42448113915687397 0.2969592245841804
11.6169545 1.1072951544080365 -0.07572372354527417 1.2550681809481181 -0.46410573319150444 0.7179660866796831 -0.42523904366904686 0.2971570671144675
11.621955 1.1068134209979548 -0.07692779475332592 1.2561684516576865 -0.46315354138150644 0.7179251192197008 -0.42605675251737696 0.2975700991926006
11.626956 1.1056043990995403 -0.07771291170903276 1.2567600446445106 -0.464937732390883 0.7191632133333082 -0.4238728237697282 0.29490508109697133
11.63195525 1.1052256699318908 -0.0790382669507666 1.2580043936599847 -0.4644650996500134 0.7191719951331321 -0.42479538716124726 0.2943003426261326
11.63695475 1.1059371718402233 -0.08096834390027756 1.259597164981823 -0.46074016028442144 0.7187375550946082 -0.4289454096551886 0.2951959808897355
11.641954 1.1048006474296292 -0.08127735887052473 1.2603667416017554 -0.46279644308646184 0.7193724493148939 -0.42648625771284976 0.29399354315239407
11.64695375 1.1053670820970702 -0.08268758516016342 1.261983026159756 -0.45940402636778543 0.7187446368421984 -0.429596266584103 0.29631256352818325
11.651956 1.1052883054705709 -0.0836903209463199 1.2634164099567382 -0.45903305602145134 0.7190627260543601 -0.42989352679027887 0.29568396152428517
11.65695475 1.1049641149572726 -0.08507226111363389 1.2646720151072868 -0.4584906864490331 0.719068766055425 -0.43107461081301235 0.2947898913386157
11.66195325 1.1047434063586807 -0.08594500673307512 1.2659657318998503 -0.4582516576141912 0.7190100855126623 -0.43148139159378024 0.2947095586051034
11.66695075 1.1035608012778593 -0.0864808530567486 1.2667305121678472 -0.4600653602321133 0.7198361491257723 -0.42945605378152313 0.29281953588631376
11.6719505 1.1042761618490669 -0.08775345905941279 1.268595625597476 -0.45784549395866986 0.7188426230919445 -0.4324135490741238 0.29438292998262405
11.67695025 1.1041150876819203 -0.08882982371379992 1.2697240671320646 -0.45671706141163865 0.7192239406221348 -0.4331428354478601 0.29413216952872334
11.6819505 1.1032932537912112 -0.08937574239094205 1.270476948116191 -0.4575198044337428 0.7199994149555697 -0.43172946171905413 0.29306337693120715
11.68694925 1.1032335897886512 -0.09060166016211998 1.2721373843142814 -0.4565445473746842 0.7199282450655079 -0.4331577361786832 0.29265128362592435
11.6919495 1.1038312961049708 -0.09157470824745347 1.2737332036091826 -0.45483322598938714 0.7193381694912679 -0.4350874184870494 0.2939018079619689
11.69695175 1.103238420202855 -0.09226756111432077 1.2745994434595083 -0.4552056908129497 0.7202007029416659 -0.4340330897313251 0.2927695400005182
11.70195325 1.103069245707105 -0.09304036778778307 1.275974851542059 -0.45519191213082044 0.7203532090631658 -0.4341909908061279 0.2921810411814552
11.70695075 1.1030029472972094 -0.09397962024920087 1.2773782788102919 -0.45509144954670194 0.7201990757814203 -0.4348650391146627 0.29171469203465344
11.71195175 1.1032012940177507 -0.09490979547111078 1.2788751524023059 -0.4537476198303534 0.7199473134719618 -0.4362203738184983 0.2924051107426874
11.7169515 1.1031354959344186 -0.0955751296597592 1.2801122861630663 -0.45405213254459614 0.720033447384046 -0.43596606389609854 0.2920994466117553
11.72195225 1.1033575873130934 -0.09617195877363939 1.2815504064884822 -0.4534162308904075 0.7200925561960625 -0.4365030678530584 0.2921395280187629
11.7269505 1.1034552588931228 -0.09696596884143559 1.2828270044664674 -0.45290247702253345 0.7201474344597691 -0.4370516669559002 0.29198092293664496
11.73195175 1.1037383177598774 -0.09739807358924378 1.2843477753379318 -0.45225220260626947 0.7204140640342517 -0.4370523255286084 0.292329927187529
11.73695025 1.1038120258098116 -0.09825350482071626 1.2857043726239932 -0.45202254340347475 0.7202819422046773 -0.43771904080597135 0.2920129882467765
11.741952 1.1038971270278082 -0.09894526107506973 1.286988513300164 -0.452050739900789 0.7202096031930486 -0.4381525089260013 0.2914972297389995
11.7469515 1.1042551781796717 -0.09937861877219717 1.28851028087195 -0.4509697845350503 0.7205593212168548 -0.438258226017302 0.2921476431054736
11.75195075 1.104432624799983 -0.10004647754935217 1.289908227375332 -0.45097268642070365 0.7203207122083541 -0.4389404884035298 0.2917069682167605
11.7569525 1.104679005897341 -0.10061958140749623 1.291316362399624 -0.45052784457159384 0.7202433991814657 -0.43948438038902965 0.2917663219003738
11.76195325 1.1049588215370532 -0.10108473877485577 1.2927575152484005 -0.45016326876580603 0.7202136300078881 -0.4398899344098863 0.2917913710338457
11.766952 1.1053751571515122 -0.10145185541863336 1.294227357437978 -0.4492253740107625 0.720142392838752 -0.4405376123175906 0.2924347953217658
11.77195325 1.105688875151767 -0.10204023844374184 1.2956858824008592 -0.44906550135675316 0.719825161857759 -0.44139810300831983 0.29216369813567833
11.77695175 1.1059073460354907 -0.10245242075001881 1.2970819940712586 -0.4493889240666555 0.7197903936520905 -0.441421196102183 0.2917168349000455
11.781952 1.1069829875341295 -0.1030565788319077 1.298431098896896 -0.4484899972352391 0.7189974803816671 -0.4425894028903228 0.29328137689586947
11.7869535 1.1066953943692053 -0.10297297333979868 1.299869339801088 -0.4481216897991948 0.7199676748325555 -0.4419604604967652 0.29241143904643113
11.791952 1.1070882546692424 -0.10329849818356825 1.3014359213604947 -0.44822184996739417 0.7196550847306235 -0.44253005900119013 0.29216584179806027
11.79695175 1.1074129920876563 -0.10359485137160715 1.3028265488158912 -0.448069139386299 0.7195768665681311 -0.4427557280034469 0.2922508250625635
11.80195175 1.107829481939884 -0.10383501224074919 1.3042385047523655 -0.4478240157116277 0.7194541683826318 -0.44307463768730504 0.2924452358767891
11.8069505 1.1083436467610404 -0.10391407225575179 1.3057371003843645 -0.4476384343357646 0.7192436604947298 -0.4435157614215277 0.2925784652264239
11.81195025 1.1087863056653702 -0.10421254639835334 1.307224194681118 -0.4474584509933907 0.718873238645558 -0.44412875837594085 0.29283416361020326
11.8169495 1.1092354018358066 -0.10411793506576672 1.3085326141698577 -0.4470307939069162 0.7190682511060781 -0.44393925007377166 0.2932955195602821
11.8219505 1.1096606742495716 -0.10428452313798912 1.3100106885489666 -0.44732650904878085 0.7185879307398807 -0.44445221483787284 0.2932449638491967
11.82694975 1.11006214369442 -0.10433543888831188 1.3113177990362808 -0.44744040627795634 0.7184967169914859 -0.4444881100591059 0.29324029484086617
11.83195175 1.1107154285568326 -0.10423856373346452 1.3127906788685675 -0.44612541447492793 0.7181085950132388 -0.44530174104119263 0.2949551148113364
11.83695125 1.1112266208320642 -0.10415516155467858 1.3141990196898181 -0.44652903882351613 0.7181782456320605 -0.4452160882264396 0.294303346519454
11.841952 1.1118173200177877 -0.10407057748669613 1.3156196989778717 -0.44638059998575735 0.7178229811218481 -0.44568485223544513 0.29468549373453673
11.846952 1.1125447810586802 -0.10389616515415041 1.3172795564681887 -0.44587961211486216 0.7172714409416375 -0.4464854826637406 0.29557362074504123
11.85195125 1.1129485313669343 -0.10389894232492367 1.3185669217982137 -0.44654566894658304 0.7170650932762656 -0.44644683707515276 0.29512681886833203
11.856954 1.1136982637883976 -0.10351370530723436 1.3200897516099883 -0.4459536089293078 0.7168824229502412 -0.44674342169535114 0.2960156845841911
11.86195125 1.11425747683685 -0.10326826714009665 1.3214260415228132 -0.4460553768602645 0.7166337381793071 -0.44691934400265204 0.29619889607059463
11.8669525 1.114928543379592 -0.10309043635341977 1.3229874633866425 -0.4461667113486316 0.7161496883093956 -0.44738101774753447 0.2965048306147519
11.87195325 1.115712427658265 -0.10284850197335829 1.3244762781348591 -0.4460690656440896 0.7157444528039754 -0.4479015955346539 0.2968441134219409
11.87695225 1.1163132779675522 -0.10223951456586082 1.3257986058379125 -0.44546965387209125 0.7158058240841355 -0.4477664528240383 0.29779861217220094
11.88195275 1.1169271494023805 -0.10188472079480881 1.3271428400273966 -0.4457394692927948 0.7154712316863499 -0.4479628098844575 0.29790361378173397
11.88695475 1.11766321320002 -0.10142735602599066 1.3286653594798987 -0.44559953771747157 0.7151163368547763 -0.4482679045498232 0.2985055485244666
11.89195525 1.1183538231463257 -0.10092510522319967 1.329988109248904 -0.44575638985780575 0.7147607525698063 -0.448535667141255 0.29872071034484576
11.8969535 1.1192016050895117 -0.10039308260631744 1.331528204597193 -0.44541513675772587 0.7143826177929239 -0.44897371107784045 0.29947527127196577
11.90195325 1.1199190215103494 -0.0999275237553043 1.3330257884742172 -0.4458857540605695 0.7137332647904236 -0.4494732432544177 0.29957390516497834
11.9069545 1.1206939694089864 -0.0991791097122757 1.3343480542113775 -0.4454380465937272 0.7136811308846704 -0.44950489047053677 0.30031573969576275
11.911956 1.1214814232495307 -0.09847656519246678 1.3357043222598697 -0.4455833068864238 0.7132008161053123 -0.4498985049173137 0.30065170514075185
11.91695525 1.1223187780209951 -0.09777299767107642 1.337102045151846 -0.44526356761337066 0.7128658680185885 -0.4502640289922408 0.3013717202492502
11.92195875 1.1230460172556467 -0.09713478706347561 1.3386043820662599 -0.4457058941753076 0.7121791799926253 -0.4507713394230256 0.3015829422185425
11.92696025 1.1237367027365257 -0.09638476758981862 1.3398350488009205 -0.44604632277919126 0.7118064290413665 -0.450896325108929 0.30177274481603356
11.93196 1.1246416380522435 -0.09549729641701268 1.3413007959530925 -0.44589439937779995 0.7113997115465426 -0.45122552347612005 0.3024634886704652
11.93696225 1.125576873419948 -0.0943930843271989 1.3427337791930285 -0.4455406186406579 0.7108759283759114 -0.4516443175190165 0.3035891665553428
11.94196325 1.1264470874051855 -0.09359105086592734 1.3440716978859302 -0.4453306663361956 0.7104316394370103 -0.45214421738611776 0.30419252126194185
11.94696375 1.127219049119983 -0.0925705147830419 1.3453460582178898 -0.44559796327141427 0.7101226513724292 -0.4520911912190454 0.30460109973258953
11.95196325 1.1280176316487711 -0.09173572580153597 1.3467130090219588 -0.4460447024722463 0.709418994446957 -0.4525827361073745 0.3048568199858359
11.9569645 1.128868519613659 -0.09066000002154925 1.3480148044582028 -0.44631478380884404 0.7088752502722306 -0.4527401259453175 0.3054920157126294
11.96196375 1.129664285226363 -0.08960894311633745 1.3491634436714535 -0.44662435402957373 0.7084153880618357 -0.4528222732432456 0.30598417148552653
11.96696225 1.1306771257151291 -0.08832199116087336 1.350603642308528 -0.44597809609492317 0.7081556189888235 -0.4530061097663409 0.307253350856373
11.9719645 1.1315919489909865 -0.0870471508936945 1.352056692004944 -0.44686104326030873 0.7070818131973672 -0.4532902045360666 0.30802355093966927
11.97696425 1.1323568470117438 -0.08606858530316813 1.353140260674715 -0.44698305811329425 0.7068417277510316 -0.45333449564514705 0.30833221162860036
11.9819635 1.133267527141844 -0.0848104498160866 1.3544116159724204 -0.4470089630044731 0.7063604617991682 -0.4534675431248229 0.30920069911445586
11.98696375 1.1341767868767494 -0.08347560850579872 1.3556695845287958 -0.4474290687160874 0.7057136776927593 -0.4536243667207358 0.3098392607505159
11.9919635 1.1350116277187348 -0.08216666122549288 1.3568775005469849 -0.44793535000769086 0.7048897933363291 -0.45386967836399894 0.31062294912886745
11.99696675 1.1369367123550809 -0.08093199856384772 1.3587257573198035 -0.4453570094376878 0.7035184111350953 -0.4564131255168575 0.3136973672101885
12.001968 1.1376629446164899 -0.07950577850928083 1.3597557940824427 -0.44578034534997113 0.7031234868620253 -0.4560985240485578 0.3144382010560658
12.00696775 1.138738576672989 -0.07822720035896144 1.361061987074285 -0.44578370427891534 0.7023468031297336 -0.45669325908313346 0.3153048116360383
12.01196675 1.1395792716023383 -0.07695381583905858 1.362069179313089 -0.44653279784439026 0.7014669441917911 -0.457058092374427 0.3156746534813037
12.016967 1.140452141144029 -0.0755741881582 1.3631609573146326 -0.44691576804001026 0.7005872202374068 -0.4574084142609337 0.31657761399146483
12.02196775 1.1415080929231747 -0.0737942618997814 1.3644048970155258 -0.4470456881768977 0.6999115236969804 -0.4574531546532367 0.31782168424513907
12.026968 1.142289824675673 -0.07228594299818009 1.3653428070184863 -0.4478157593027459 0.6993335927107404 -0.4571364421733792 0.31846482547285837
12.03197025 1.1424988292672693 -0.07069868033377481 1.365881205665828 -0.44983957736790253 0.6995368189363805 -0.4556399900075102 0.3173086716303108
12.0369685 1.1441720327474376 -0.06930734851522694 1.3672891565547407 -0.4485309414599867 0.6979470528211729 -0.4574443763255922 0.3200539776027584
12.0419685 1.1453628603579358 -0.06771643527147894 1.3684661216859357 -0.4482886533647527 0.6972688852791338 -0.4578710340725373 0.32125924273607454
12.04696775 1.1462658191841517 -0.06622875886972052 1.3695284685845794 -0.4489345108552886 0.696511780152166 -0.4582734176050866 0.32142591648611224
12.05197 1.1472440633018708 -0.06465832568790648 1.370446041893 -0.4496659364427955 0.6956226544294425 -0.4582893627829405 0.3223050235531034
12.05696975 1.14807174055732 -0.06322284216214724 1.3712604401380855 -0.4503118546263904 0.6950082695130912 -0.4582917590070107 0.3227249641995778
12.06196875 1.1492861824824254 -0.06146222691397385 1.3723246900162993 -0.4504424080025516 0.6942100767208027 -0.4586649632540998 0.32372898840739506
12.066967 1.1494020814572061 -0.05975316682582972 1.3724522631847762 -0.452596482697672 0.6946725255660586 -0.4567081247374192 0.32249681373960815
12.07196675 1.1506223426944588 -0.058069269926734 1.3732527448446143 -0.4525558463147865 0.6940014478046147 -0.4571298465788334 0.32339990689271775
12.07696625 1.1516059950229194 -0.05615075060745645 1.373790674283132 -0.4524233297733958 0.6939752189416873 -0.45631040948266727 0.32479583798033923
12.08196675 1.1535736531206442 -0.05477119778714805 1.3755079796261995 -0.45124149529625524 0.691937126319995 -0.4591173957137742 0.32682616647971824
12.086968 1.1537897000500261 -0.05298823997607401 1.3754999576500722 -0.45352373756684283 0.6923843471763501 -0.4570876433430858 0.32556262308754824
12.09196975 1.1557475743096168 -0.051510647203984954 1.376759735290258 -0.451617736276389 0.6909416145508579 -0.45955877255150984 0.3277908481538088
12.096969 1.156129436609583 -0.04950720054376269 1.3767436681463554 -0.45357300380383536 0.6913550315662871 -0.4573561740874771 0.32729968006768595
12.10197175 1.1581441811159747 -0.04799822482496166 1.3781263980605656 -0.4516432984036964 0.6899513891099135 -0.4597724572175277 0.32953709845249146
12.10697525 1.1593699836672136 -0.0462269634860496 1.378773856114026 -0.4518031041263101 0.6894182044463723 -0.4598615767723892 0.33030868091556786
12.1119745 1.159635094652318 -0.044376579699531196 1.3786122139088286 -0.45419911333501456 0.6899574770686016 -0.45760780312968113 0.32902422980328316
12.11697425 1.161767843796469 -0.04271566437769004 1.3797245469762547 -0.4518930692847278 0.6885970492989796 -0.45998094734812045 0.33172923553086575
12.12197625 1.1628024241389796 -0.041076931449140215 1.3803087499843079 -0.45251558408255854 0.6882141216719899 -0.4597244143173093 0.33203076931856684
12.12697625 1.1640976075726006 -0.03898139323766049 1.3806804157488948 -0.4521225550488638 0.6882083851984238 -0.45898266388942505 0.33360055156973634
12.13197575 1.164360809245775 -0.037274018118037884 1.380437134558442 -0.4549696622164638 0.6884582588374356 -0.4571845711864758 0.33167770526552076
12.1369765 1.1655902822322488 -0.03539088985403125 1.3808077464444308 -0.45451615753814023 0.6885109436708402 -0.45661415143025036 0.33297336184128296
12.14197725 1.1668796482007693 -0.03352213966821796 1.3811224934493322 -0.45440753717711063 0.6881367805153403 -0.45654807856291707 0.3339841514490227
12.14697725 1.1679160110578266 -0.03183470303584347 1.381438972526109 -0.4551388510703601 0.6876585915281171 -0.4563915980585287 0.3341870688184999
12.1519795 1.1692658208902644 -0.029885304303720776 1.3816617922150691 -0.45462074816169673 0.6874883353778324 -0.45637652129748896 0.3352614425619486
12.15698 1.1705762703147067 -0.028088255817364783 1.3820205555670733 -0.45468228851877535 0.6869555737949855 -0.4563442617264516 0.3363123115924708
12.1619785 1.17176590505068 -0.026298774062868655 1.3823099094916838 -0.45492694484655044 0.6865444337000608 -0.4561759885177135 0.33704848747314314
12.1669785 1.1729521582065958 -0.02452749007537859 1.3825071813004575 -0.4552771180075202 0.686231327019448 -0.4558342422731502 0.33767507341697145
12.171979 1.1741159898464995 -0.02258662661049815 1.3826041618437037 -0.4560003084561248 0.6856342552461786 -0.45561276483711566 0.3382105782473639
12.17697775 1.1751845334206792 -0.021027709747230082 1.3828938719044863 -0.4565743926082705 0.6853929286383988 -0.4553016022968163 0.3383442157519752
12.181978 1.1764071622871448 -0.019141281862320506 1.3829989735079058 -0.4569894895854103 0.6849909115125037 -0.4547968602569915 0.33927551260607963
12.18698025 1.178530141028528 -0.017611792438934768 1.383898437612247 -0.4548410994323685 0.6839301989871968 -0.4566795797664926 0.3417642734470463
12.1919785 1.179743219525452 -0.015877652183757487 1.38380976425311 -0.454929686956593 0.6836864881853428 -0.45631731096865585 0.3426168085612622
12.196979 1.180923458660087 -0.013985233150313853 1.3839545876543453 -0.4552528621775548 0.6835265111631582 -0.45597544800224593 0.3429617046193589
12.20198325 1.182176593678882 -0.012127135329139596 1.383971714267892 -0.45589414941889 0.6830354629419831 -0.4553687778831418 0.3438929441242887
12.206982 1.1832927899226355 -0.010554503498253149 1.3838329402089034 -0.4558708286848905 0.6828408838309092 -0.4552995541398741 0.34440155476304907
12.2119805 1.184668230323796 -0.008681157696374783 1.3840240641013029 -0.4560839124218893 0.6822862755724183 -0.45514051726486077 0.34542728980110343
12.2169825 1.1851588961510695 -0.007016154427179365 1.3833938701468105 -0.45683481301906065 0.6830326523055186 -0.4539522606777179 0.34452241512551535
12.2219815 1.186175680431495 -0.004931204814776926 1.3830584913882669 -0.4588740135934285 0.6827164889930247 -0.45219861322971056 0.344745195033697
12.22698125 1.1882400985575619 -0.003397437777464842 1.3834550423986611 -0.45679413980712763 0.6819067111482091 -0.45372601308172017 0.3470951687676822
12.23198 1.1895303364269207 -0.0015721173498959868 1.3833986142089998 -0.45707031244185137 0.6814198683085738 -0.45362066016190655 0.3478246529976138
12.236981 1.190939703848658 6.249479105667304e-05 1.3831591049319163 -0.4571285086718477 0.6805574559408906 -0.45431490501589616 0.3485298305785497
12.2419805 1.1918652400489287 0.001884901613365627 1.3829715703425312 -0.4578162491240655 0.6808806419353816 -0.45284267189818794 0.3489116621492388
12.2469805 1.1931403449636098 0.0037074953387280733 1.3825110727983358 -0.4574274271461451 0.6806498703500473 -0.45284872403633036 0.34986273883566005
12.25198225 1.1942958438004028 0.005400999642113304 1.382162909181926 -0.45778397349021843 0.6803398982896588 -0.4524889997470215 0.35046420861289634
12.256983 1.1953512968252298 0.007009640231064344 1.381862285901435 -0.45806102452684316 0.680068919839311 -0.4526138993343622 0.3504668603553773
12.26198025 1.196514085506811 0.008784636579372394 1.3815543414145037 -0.45837777638594435 0.6798572293114129 -0.45205379506136856 0.3511856036899865
12.26698125 1.1975689213958913 0.01051646832467884 1.381209367482302 -0.4589830803716707 0.6797047637957281 -0.4514293207999568 0.3514932920099841
12.271981 1.1988106450569904 0.012147809071735632 1.3809302566263406 -0.4592279253850857 0.6791329431960358 -0.45145177014220433 0.352249140875986
12.27698275 1.199045787753527 0.014034341670910035 1.3797681714625467 -0.4617379430202255 0.6797933028823109 -0.4489408670066783 0.3509006059600097
12.2819835 1.2010702763297687 0.015576188717818601 1.3798817389729443 -0.459830561014779 0.678741327138491 -0.4504820430969442 0.35345720368711736
12.2869825 1.2022401015618969 0.01747933527461018 1.3793045940592055 -0.46027206787692987 0.6786062521286733 -0.4496154408933869 0.35424445431709406
12.2919815 1.2034322625842124 0.019195244559173708 1.3787738949603487 -0.4602587046957777 0.678601493738903 -0.44903788358314506 0.35500269936194057
12.29697875 1.2043231133834302 0.020822766062892586 1.3782877836287444 -0.46119880265258334 0.6785914743783705 -0.4480550923380184 0.35504353192641397
12.30197725 1.205575517619129 0.022761566795401977 1.3776923680666553 -0.46134554181190857 0.6785005202918368 -0.44727513373182115 0.35600883382180976
12.3069765 1.205940547711141 0.02454440584982709 1.3766494914407865 -0.4629113432187219 0.6791808425205151 -0.4452121993683514 0.35526408347334665
12.311974 1.207804519374845 0.026149699850573672 1.3764738906271972 -0.46159095674625283 0.6782924081307885 -0.4463629293017467 0.3572300842137717
12.3169765 1.2089263050003354 0.02799790791507313 1.3759377537891861 -0.4620987436459426 0.6780178389994541 -0.4456847029697681 0.35794092621283397
12.32197825 1.2100551094032226 0.02950718576040266 1.3753033371187617 -0.46137384121178804 0.6776403471840415 -0.4459177157528516 0.3592981064402238
12.32697775 1.2101754178249362 0.03124940000574397 1.3739224412826576 -0.4650479077840428 0.6783276694315739 -0.4435726707219649 0.3561534811535574
12.3319775 1.2122593605990313 0.033103028095398605 1.3738000187930282 -0.4630300154291959 0.6774782856584286 -0.44444435493608286 0.3592987512341287
12.336978 1.2125037261079987 0.03484047695974951 1.372412280851019 -0.464955186668186 0.6783734736475246 -0.44210948125118654 0.35800183132150326
12.34197775 1.213424882447365 0.03653254101056026 1.371642136699398 -0.46499787185373037 0.6790282110600985 -0.441263101100292 0.3577492744414413
12.34697775 1.2154100482664147 0.03818583162453236 1.3716517141519935 -0.4634292981117086 0.6779816342595318 -0.4427045520094296 0.35998176188328446
12.3519785 1.2166595285405621 0.03990214985321469 1.3707623362057213 -0.4642389026709087 0.6774841718127784 -0.4419127541261878 0.3608469979515857
12.35697725 1.2169878602161017 0.041482736361586066 1.3692917615370153 -0.4651907806857599 0.6776620052884902 -0.44084037901752104 0.3605988136156911
12.36197575 1.217909874353938 0.04327460847167183 1.368398982999445 -0.46631217622793336 0.6782887535436714 -0.4393305144093834 0.35981386886351097
12.3669775 1.2198542479352137 0.044948301446109555 1.3682217515435933 -0.46494290442258185 0.677385265092399 -0.44080616292733127 0.361479217920031
12.37197575 1.2206862641018146 0.04680197086415507 1.3676093503045537 -0.4658816219080031 0.6775908955094411 -0.43946656234494974 0.36151629738062224
12.37697475 1.2207943686877072 0.048492349919398395 1.3662102957257196 -0.46807515450219506 0.6783301639625643 -0.43733145097340487 0.35988198119072745
12.38197325 1.2229300351502457 0.05006206300245965 1.3662319095763595 -0.46498186803384567 0.6769736782631224 -0.43997769320384894 0.36320535626787454
12.386973 1.223201888837041 0.05154075763204943 1.3645708597911645 -0.4664153243907224 0.678014232912014 -0.4381259186481139 0.36166161608743685
12.3919715 1.2247068669556422 0.05347179312567507 1.3642285274686614 -0.4665813936424744 0.6764715062603398 -0.43862828775175644 0.3637214999260777
12.39697075 1.224613358216846 0.05497243565374875 1.3632019773778306 -0.46882257506896674 0.6781067780486082 -0.4366207384041583 0.3601928948017247
12.40197125 1.2265645613635585 0.056960957696492405 1.3629996829323794 -0.4671280373216703 0.67658370716099 -0.4382012012871895 0.3633257369672012
12.40697 1.227441688182491 0.05893258182809351 1.3619946121511297 -0.46792802914965 0.6772877356112686 -0.4362490408037042 0.3633338094982801
12.41197175 1.2275433471708261 0.06010267319304856 1.3607609033481824 -0.4688149875246603 0.6774925818117956 -0.43605249232071913 0.36204217020000495
12.41697 1.2291559610439282 0.06219676900413296 1.3602109228342318 -0.46880641145693286 0.6771652052681454 -0.43604498049521867 0.3626742454820134
12.42197 1.2300665710135725 0.0639036963527908 1.3592421222154911 -0.4691500951200135 0.6767672309642206 -0.4361755902320638 0.3628155975528264
12.42697275 1.2298063439022235 0.06588942171079294 1.3577795710758187 -0.47215315260463175 0.6776708079859075 -0.4326777720621169 0.3614189010726991
12.43197325 1.230900620686878 0.06742534310174293 1.356904208596756 -0.4712381945601076 0.6773130663349669 -0.43366945900073767 0.36209442758714555
12.43697125 1.232460234629483 0.06941274986586257 1.3565652330420983 -0.4697691832852846 0.6772023656695776 -0.4335038912577047 0.36440121656140567
12.4419705 1.2324239637472951 0.07070971572975883 1.3553374579760433 -0.4714674709507963 0.6776118846104705 -0.4329221584742453 0.3621311397434732
12.44696875 1.233078520253668 0.07277201554155684 1.3542319555060498 -0.4727714206802659 0.6774802996636331 -0.43170891995404637 0.3621257182081215
12.451969 1.2346670813332017 0.07447738483056719 1.3538703059815682 -0.4699225557918186 0.6772011987364845 -0.4327697605444309 0.3650776114010136
12.456968 1.2355516500422243 0.07622405836490281 1.3531630168912248 -0.4710773668914002 0.676315496408305 -0.4331649392986462 0.36476238715505366
12.461969 1.2363593825333443 0.07770329866631129 1.352190243040663 -0.47041601102301506 0.6759907762557593 -0.4340447150109673 0.3651717847279262
12.466966 1.2361018658131324 0.07980685228683543 1.3503391771832558 -0.47251641461863625 0.677260342136043 -0.4302497087958192 0.36459821031764816
12.47196575 1.2364517563538295 0.08170286739790505 1.3495353401202141 -0.473570783049789 0.6774300396970063 -0.42885077935730076 0.3645631136063522
12.47696475 1.237102533770885 0.08344175678023175 1.3489336009890334 -0.47363158403896854 0.6770201750214596 -0.42915041967731804 0.36489275479986116
12.481965 1.2375596516408285 0.08467877224187856 1.347994683580884 -0.47265457828813245 0.6772657634848519 -0.42974145481255893 0.36500824271533083
12.48696625 1.2381239850319854 0.08698468002800439 1.347476102890363 -0.47513530773110546 0.6769092647080158 -0.4282120188516708 0.36424545791361296
12.49196575 1.2393537434154673 0.08839435881008247 1.3471512514484307 -0.4733008044033719 0.6760972406183337 -0.43028228105391236 0.36569936886797894
12.49696625 1.239846777487361 0.09015067637844465 1.3463376796832973 -0.4731910843729094 0.675962553275513 -0.42996135327179824 0.36646699569254987
12.501968 1.2395578540920003 0.09230579073607176 1.3447269774541277 -0.4751856183733248 0.6764991595411949 -0.4275302858901759 0.36573948361898584
12.5069685 1.239900671657747 0.09347234662064113 1.3441790391132873 -0.47510452510568774 0.6761597997535638 -0.4285121669462838 0.36532306004455767
12.51196925 1.241159391422377 0.09560568329923667 1.3438685394747016 -0.47452865891148027 0.6751068515242851 -0.4290988744881383 0.36732471576202397
12.51696775 1.2406131657441435 0.0974911081563965 1.3425460542081167 -0.4769495120520039 0.6756825742433636 -0.4268216981520429 0.365780617042269
12.521968 1.2418917437388468 0.09915953938883153 1.3425281038956558 -0.4749673076539836 0.6750168124509603 -0.4284067358429912 0.36773091827153254
12.5269685 1.2420033074230679 0.10066846285342328 1.3417222931711632 -0.47500926409979444 0.6751274588982757 -0.4281481611925955 0.3677747480841066
12.53196875 1.2414952065655933 0.10273573502387302 1.3401658473660556 -0.4779625496547887 0.6751390375384558 -0.42593906119872993 0.3664901052747343
12.5369685 1.2425516705039077 0.10437839656116728 1.3400623997165284 -0.4765775557908503 0.6742889120596637 -0.42717961306552715 0.3684099273513142
12.541971 1.2428461374815956 0.10593341696603004 1.3393065883437596 -0.4757378259391963 0.6742761065054863 -0.4276249887433299 0.36900152055068286
12.54697025 1.2424597844388714 0.10756860608880976 1.3382658393036166 -0.477740855224424 0.6741881706510489 -0.42615787903658475 0.3682708893446069
12.55197225 1.2430530727330542 0.10973092645491908 1.3379272919586451 -0.47730586532161945 0.6740597388970525 -0.42584454859517606 0.36943064269141024
12.5569715 1.2423959020057231 0.11143223905824434 1.3366398959382169 -0.4793843853893981 0.6741745440847685 -0.42437858106687204 0.3682147676079706
12.56197125 1.242514521380545 0.11323628517740614 1.3359414529750744 -0.47958586739620224 0.6741012843213132 -0.4238796046760237 0.36866100283307174
12.56697275 1.243575757536067 0.11491272694805701 1.3361626805125357 -0.4773263788850869 0.6731877595621961 -0.4258681211236494 0.3709637607727928
12.57197375 1.2435251738713669 0.11658322571725718 1.335272798395121 -0.4772067452994319 0.6733712446788183 -0.42497790737469027 0.37180460906751983
12.576975 1.2435081013281413 0.11849611185689578 1.3345000295992384 -0.4785887641854532 0.6726414841344815 -0.4244375262983919 0.3719664163422617
12.581978 1.2436366077402223 0.12024257897818656 1.3342359448108259 -0.4786525602318287 0.6724741782070505 -0.4246166576591389 0.3719823924148149
12.586978 1.2436271003500632 0.12191227401900173 1.33362045221764 -0.47873247986770423 0.6717258854177536 -0.42474969304894017 0.3730780693558447
12.5919765 1.243451330362081 0.12357924084736699 1.3327900544362712 -0.47942816307352504 0.672140079792825 -0.4235730415946765 0.3727763780368528
12.5969765 1.2425036804040441 0.1253712396272431 1.33163615391721 -0.48182189471149284 0.672528727218418 -0.42167228990763983 0.3711404757859874
12.6019765 1.2433093051364439 0.12685147858961393 1.3318279855301736 -0.4795216585198327 0.6715575293158894 -0.42384360804482196 0.3733979910886971
12.60697825 1.2423305174215407 0.12864761412960685 1.3305299980818157 -0.48240035359169053 0.6718998049147172 -0.4211729341976576 0.37209395387390054
12.611978 1.2422966658909214 0.13052993108029887 1.330080410580253 -0.4824926734940707 0.671508394230882 -0.4205777539826977 0.37335191087883246
12.61697825 1.2420912667341122 0.13233663606746798 1.3296195370181005 -0.4822677959090485 0.6720275427621011 -0.41975994563515134 0.3736286161933206
12.6219795 1.2420261740032164 0.13370468818975131 1.3292183125281083 -0.4831744667842726 0.6708493785556509 -0.4204971771314743 0.373745461462333
12.6269795 1.241814171159821 0.13539690364052573 1.3285257525806347 -0.48309463528582963 0.6700746058406335 -0.420477005228262 0.3752581565267341
12.63198075 1.2416180295478405 0.13721868066463455 1.3282317104991817 -0.4829703564355009 0.6710163246166329 -0.41922019160099766 0.3751415171059763
12.63698125 1.2412583863468594 0.13888892720123475 1.3278708301009996 -0.48361637727072726 0.6709679542896871 -0.418526755180717 0.3751700403147217
12.6419795 1.2410555213030108 0.1402515587223156 1.3274474116091586 -0.48441905642804844 0.6700006883938816 -0.4190993416936957 0.37522392929155635
12.64697975 1.2407939783747264 0.14194174149690778 1.3270936640497237 -0.48450383511785877 0.6703577193068813 -0.418134294605382 0.37555328995579695
12.6519865 1.2413338921778798 0.14334058324703755 1.3272881740574132 -0.4825114258543053 0.6695413594660274 -0.42015904250199254 0.377310841201572
12.656986 1.2409834443851013 0.1449018901433121 1.3267933633838815 -0.4825827480484652 0.6697294670638239 -0.4193716540786593 0.377761496168849
12.6619865 1.2408210085913334 0.14644095086882158 1.3266451951114064 -0.48224177696480847 0.6688503850260196 -0.41993150007909025 0.3791300123199089
12.666989 1.2397489304664464 0.14818749850155957 1.325446179984703 -0.48557753612285254 0.6693820474845324 -0.4174975559407383 0.3766137566549913
12.671991 1.2394275165138298 0.14980206435541074 1.3251836814651108 -0.48572462501081376 0.6695731771904967 -0.4165995394440931 0.3770784703216262
12.6769905 1.2390825724935906 0.15118764280758273 1.3247191539070862 -0.4860209951997106 0.6695410058698494 -0.41611798815216733 0.3772853742461613
12.681992 1.238707813556091 0.1527769692295046 1.324471025189045 -0.48657664019129143 0.6694414056342669 -0.41578594367316823 0.37711195510933404
12.68699125 1.2385926475580484 0.15406183112308042 1.3240570257086213 -0.4861764362156609 0.6687441294856757 -0.41702798406225605 0.37749360611281346
12.69199175 1.2382916844688245 0.15544306681611708 1.3237095786692799 -0.4854235140855839 0.6682204929826999 -0.41745754516635675 0.37891236812017604
12.69699275 1.2377659161795185 0.15684202307129225 1.323347953117613 -0.48593665977916534 0.669529128996012 -0.415632380575581 0.3779497748717214
12.70199475 1.238200178776957 0.15826842363001956 1.3237202091211075 -0.48459446461511096 0.6684841430706053 -0.41741638100438166 0.3795533166720553
12.70699425 1.2378710864735263 0.15969293597124262 1.323457388443718 -0.48473524417197844 0.6684912038286387 -0.41708695895311887 0.37972321779489504
12.71199475 1.2365889940908597 0.16142108062376592 1.3226837474278175 -0.48733894281094803 0.6694067556782962 -0.41375584376797997 0.37841967710468266
12.71699575 1.236405209167636 0.16250751094871824 1.3221999196730732 -0.48659300758199 0.6689861238607142 -0.4146497590595816 0.37914428436409453
12.7219965 1.2359247800900657 0.1639119089850074 1.3218001159782253 -0.48668188332151263 0.6682724312087027 -0.4150285107963482 0.3798737123824186
12.7269975 1.2353265225793175 0.1655182104389843 1.3218046545757436 -0.4878448486744215 0.6692189286722909 -0.41338821736065917 0.3785017977182122
12.73200075 1.2346753098289736 0.16705510613289057 1.3215943067968672 -0.48804496533712655 0.6690714882014109 -0.41282798495485445 0.37911543139675385
12.737001 1.2342619661601728 0.1683857125472161 1.3214698286059827 -0.4879487622211317 0.6689871532649497 -0.4126144108143773 0.37962026052573705
12.74199975 1.2339625880665384 0.16958572522503254 1.3212111501464618 -0.48787161911462396 0.6692746963834668 -0.412679791007476 0.37914120606618285
12.74699925 1.2335926790328318 0.170679014457176 1.3206324451034142 -0.4871399611866827 0.6683621175995466 -0.4139478614361305 0.380307646498649
12.7520015 1.2334835978183694 0.17207782514300107 1.3211914104341727 -0.4865986760495762 0.6690014697106348 -0.4130601351331508 0.3808412881445413
12.7570025 1.232939609824703 0.1735760658586509 1.321172991338925 -0.4862875317535527 0.6687607185967738 -0.41341457416606386 0.38127670737937325
12.76200275 1.232334369045753 0.17494250441354287 1.320958246956206 -0.4865159092053794 0.6688853120049686 -0.4130519283990186 0.3811598272640114
12.7670055 1.2317597499472592 0.17631699891450242 1.3207541116900892 -0.48698578707667595 0.6696109574811443 -0.4119969314945418 0.38042678302871563
12.772006 1.2305040635561788 0.17752030919536366 1.3198805989609206 -0.4889553828194272 0.6699748356253231 -0.41062150966632865 0.37874309107899773
12.77700725 1.2299064750582889 0.1789058117182525 1.3196522000573145 -0.48898668260870237 0.6700542696542572 -0.41039463039221546 0.378808061285228
12.782007 1.2292434749697707 0.1800383929964864 1.3194815542819314 -0.4893156574855333 0.6700144855528414 -0.4104946825732621 0.3783449379441177
12.7870065 1.2282540794697447 0.18131857564472276 1.3191908809048996 -0.4892730202500309 0.6704456499945105 -0.4097331535905109 0.378461735063964
12.7920045 1.2284664363807756 0.1825559695704087 1.319730550665091 -0.48689756620909813 0.6698144237152306 -0.4116995035875128 0.38050350398976074
12.797005 1.2271239103399094 0.183899762155579 1.3186921336674478 -0.48927707995725206 0.670627507498897 -0.40990485467490223 0.37794800611759943
12.8020045 1.2264852144598555 0.18490765485176525 1.3183865481350032 -0.48869267568667707 0.6706028782692562 -0.4104249847548719 0.3781832628186347
12.807004 1.2258830529193174 0.18625223415655923 1.3187663505914877 -0.4883272873572304 0.6705122755680252 -0.41094555506599484 0.3782505776683215
12.812004 1.2248432435114938 0.18754714011767823 1.3184695679666203 -0.48775432371707644 0.6710549759186442 -0.41053741354725587 0.3784705682983221
12.817003 1.223910408267954 0.18882624051681904 1.3179648493019975 -0.48949033308994 0.6711320356872965 -0.40983581695099824 0.3768495822338571
12.82200375 1.2230965824331306 0.18996097746235804 1.3175140628429387 -0.4892060478977376 0.6710644831324873 -0.4099275906285036 0.37723901259004755
12.8270025 1.2228140671074392 0.19124960308696534 1.3180664179770845 -0.48762909056838794 0.670972280478927 -0.41119537502999043 0.37806405861216275
12.83200275 1.2218553915059698 0.19254521652450993 1.3178659159227066 -0.48786431311349937 0.6711939695145243 -0.4106349206108408 0.3779762284225793
12.83700325 1.2210310419956614 0.19318408640454632 1.3172237344556583 -0.48844990350192385 0.6697709673063001 -0.41197681466804126 0.3782838184465714
12.84200325 1.2195276691378096 0.19486865117662183 1.3170625230300317 -0.48828703671956997 0.6714030550266962 -0.4103825432078614 0.3773325796995116
12.84700325 1.2185630762623587 0.19624679067693043 1.31690442280653 -0.4883840769133986 0.6712915009988454 -0.4107940975553415 0.37695745584595775
12.85200125 1.2171630381042178 0.19733335930235882 1.316174449315192 -0.4896788579430727 0.6714336676799475 -0.40986274041706927 0.376037205615657
12.85700025 1.2168930686423636 0.19847603734316405 1.3164335569390295 -0.48853223385800565 0.6708985828840965 -0.41028068461449063 0.37802262868521896
12.862001 1.214752952955426 0.19998350346620192 1.3160909312079507 -0.4903881341946836 0.6718381576654486 -0.40902885976735665 0.37529769466807167
12.86700025 1.2136296807386169 0.20125156115140624 1.315834385872399 -0.49022373391938034 0.67186157435048 -0.4090609270171097 0.37543557849694786
12.87200025 1.2124556802854443 0.20251815316084779 1.3155892546789223 -0.4906454896789447 0.6718527749394635 -0.4089613132306125 0.3750086619593527
12.87700275 1.2112768637133107 0.20361722866135293 1.3154264933078674 -0.4902897308014876 0.6718239862879949 -0.40923308870865266 0.3752289839880295
12.882003 1.2099457338520971 0.2048631500030735 1.3152513096377594 -0.49067100585838597 0.6718349686317894 -0.40897892189780505 0.3749879736428244
12.88700525 1.2090189795569761 0.20602458154990091 1.315332391243907 -0.4898548507256983 0.6713797982557316 -0.4099093330216457 0.3758533363113151
12.892005 1.2074060939609434 0.20734669568855887 1.3147885659544292 -0.49079561868474386 0.6717410816508204 -0.40905310053741584 0.3749121775071761
12.8970065 1.206104001635166 0.2084971726920147 1.3145847776710342 -0.4909550072162249 0.6717850767429774 -0.40894042874801445 0.3747475380708171
12.902007 1.2047899229082217 0.20959510673137716 1.3142831992937605 -0.4905360327997769 0.6712502156837247 -0.40967458162951476 0.3754521083124868
12.907006 1.2040217258176051 0.21040170987466372 1.3139093660655439 -0.4904592609015217 0.6700955659928245 -0.41073395277437813 0.37645619382741485
12.912004 1.2018337486723347 0.21180631449754717 1.3137328659393595 -0.4917094053255205 0.6714081874561129 -0.40914379657064537 0.3742115180737739
12.9170055 1.2012115017003469 0.21326829531218933 1.313966792626028 -0.4894216495901598 0.6705227973197192 -0.4111181304555368 0.3766264860544593
12.9220075 1.1998853383277812 0.2143934779416531 1.3137648641906454 -0.48958448822166967 0.6703800386640612 -0.41118871145430896 0.3765919226776415
12.92700725 1.1988032153430033 0.2154412232263811 1.3134037061053883 -0.48889977817695157 0.6696345310595903 -0.4130596380872434 0.3767603178339851
12.93200825 1.1980032899184514 0.21619161118187688 1.3131190501688392 -0.48877053937513765 0.6688989533282285 -0.41352743477477544 0.3777202811127981
12.937006 1.195372270829632 0.21834374495437361 1.3126151707622313 -0.49200126477719075 0.6709284022868129 -0.4091556577764272 0.3746751688757188
12.94200425 1.1939727798718816 0.21909443668300907 1.3123795686234878 -0.49114816698094677 0.6706235434131352 -0.41030988011491015 0.37507778309486006
12.9470055 1.1936426640470175 0.21985522791212278 1.3122643080778005 -0.49026316250517177 0.6693780855841798 -0.4127878291107392 0.3757408923289149
12.9520045 1.1914239043357349 0.2215347397760573 1.312146379563622 -0.49061687904987583 0.6702366239617836 -0.4110360142059036 0.37566919080142086
12.9570045 1.1901108470018826 0.22284745714534598 1.311714591683096 -0.4899408465847987 0.6704361681511398 -0.4105670433549611 0.37670680136327916
12.9620045 1.1884603777649532 0.22372780381502183 1.3112420227481212 -0.49131891556838103 0.6705849292396245 -0.4105332251710705 0.3746785914781322
12.9670055 1.1869836678632393 0.22499555996608012 1.3112148336754044 -0.4920564477185403 0.6706200880047853 -0.41036298962922846 0.37383334062871815
12.9720085 1.186472561719825 0.22575009267428386 1.3110840170210656 -0.4905209013354873 0.668790268220241 -0.4126788632374904 0.3765700178239524
12.97700875 1.1844670648895124 0.2274427518096801 1.3109415320631004 -0.4913528131434551 0.670099809338133 -0.4111096021800226 0.37487004886546266
12.98200925 1.183236897832222 0.22841023352681478 1.3104991238716388 -0.49108131865318017 0.669414797629054 -0.41281032012949403 0.3745805744825687
12.9870095 1.1820746522079129 0.22935462789108454 1.3103061767469875 -0.49184567954767855 0.6691836503125059 -0.4118511392423003 0.3750462755041455
12.9920105 1.1799589724862622 0.23037628547257566 1.309967374893838 -0.49224737299317517 0.6694835808495888 -0.41202568830163283 0.37379016965898904
12.99701025 1.1795839801891421 0.23157724367212415 1.3099532879749656 -0.49068948865953155 0.6683898499990326 -0.41304654098348226 0.3766581860505603
13.0020115 1.1774957687371859 0.2332248309913838 1.3096925945605022 -0.49178778323271904 0.6697405032892764 -0.41140642048876574 0.3746160590491228
13.0070095 1.1753216252321954 0.23450912555510323 1.3088003563712916 -0.49407630495269356 0.6699258026055972 -0.409908728827926 0.37291132715192904
13.0120105 1.1747587566060573 0.23540808984731382 1.3091905065540594 -0.49142559228112925 0.6690765083351938 -0.4123955304053031 0.3751898715941778
13.01700825 1.1731960623940891 0.23659355375080665 1.3088471873949594 -0.4924087090430365 0.6694860413992845 -0.4115432418090921 0.3741046160519127
13.02201175 1.1713602927514017 0.23744861842057732 1.3084638911765805 -0.49348685057248204 0.6696146693407052 -0.4110096088933926 0.3730389045570061
13.0270125 1.1703486596766957 0.2390643766069278 1.3084675340195469 -0.4931090375491689 0.6695467053852097 -0.41131334768319955 0.37332561713976026
13.0320125 1.1681741679329267 0.2403648709015459 1.3075986323864806 -0.4954391094313842 0.6699798070524766 -0.4090328440838937 0.3719667719681479
13.03701475 1.1667282389749023 0.24171746125553353 1.3073417830348113 -0.49513005466056637 0.6701051372967669 -0.40862346977035413 0.3726019241672569
13.04201475 1.16544435767208 0.24285572575845044 1.3070526985972444 -0.49478635474772625 0.6699707376629601 -0.40943181501373277 0.372412758488974
13.047014 1.1644511374539854 0.24372588100863812 1.3076056167440708 -0.49387874735341875 0.6697813711490965 -0.41044598204689947 0.3728415127045409
13.052014 1.163238545951751 0.24455075092273362 1.307174501412101 -0.49357430863452717 0.6692431543877406 -0.41181550829652824 0.3727009381361513
13.05701175 1.1618840442048226 0.2458633021697647 1.30691172715122 -0.4935384702664498 0.669285719694729 -0.4119721979794484 0.3724987407653126
13.0620135 1.1593878659544468 0.24762114033137714 1.306042042385457 -0.49630899957869484 0.6704663951140294 -0.4076359399376636 0.3714634981140555
13.06701075 1.1578982166873102 0.2485753793153948 1.3060031275900137 -0.4967106875498998 0.6697612605210002 -0.40855631591850816 0.37118739674472134
13.07201075 1.157013493269685 0.24935225881177842 1.3056844401813925 -0.49747878922171657 0.6693322236118836 -0.4086679945109658 0.3708095184480191
13.07701075 1.1561800648145824 0.25057752541614997 1.3061191501891325 -0.4943202813104522 0.6691795168188287 -0.411962573386903 0.3716625779974558
13.08201075 1.1546330644412968 0.2517699811443517 1.3060662598113373 -0.4944893728799923 0.6694036825648857 -0.411059608388356 0.3720335579338683
13.0870105 1.1537229302706886 0.2525070987072847 1.3057347081596726 -0.4953929512226828 0.6689290131475022 -0.41105205044742066 0.3716934369495382
13.09200925 1.151749001561787 0.2541533962173918 1.3056757052506467 -0.49544132120000767 0.6698991681822078 -0.41020935960967536 0.3708116543543321
13.09700975 1.1495133820806216 0.2557644853465684 1.304721161618592 -0.49725737766791756 0.6705411377003249 -0.4077510581648769 0.36993074699435724
13.10201125 1.148642065789427 0.25648447877407454 1.3047654686162808 -0.49822211602015937 0.6700284267069642 -0.40834827873998586 0.36890149601631583
13.1070085 1.1471968268510686 0.25780799533624466 1.3047055043986309 -0.4971243532052765 0.6701417861899368 -0.4098858410900739 0.368471113014683
13.11201025 1.1459658067734027 0.2589199702195298 1.304385913392656 -0.4980614903014277 0.6703884582089293 -0.4079270299947571 0.36893035274782165
13.1170125 1.14407620122847 0.2606025117738555 1.3043894523823014 -0.49794021644524594 0.6714556472588711 -0.4074608263984486 0.3676663291101396
13.12201475 1.1429482333010927 0.2616262372358362 1.3041929905851306 -0.497513497292754 0.6712319990178642 -0.4082731160775743 0.3677512558704895
13.1270145 1.1413148059064653 0.262712069226856 1.3042904135171336 -0.49903328860729135 0.6710388352164995 -0.4079860928680141 0.36636048711531055
13.13201425 1.1399742908190222 0.26384935135182663 1.3040521685193676 -0.4989430567250412 0.6711239898068903 -0.40833083463891695 0.3659430911147783
13.137012 1.1386304910112124 0.26503118493563976 1.304040387274213 -0.4989078987506908 0.6713480676539259 -0.4082680158842335 0.3656499799363615
13.14201375 1.1372553627189361 0.26619839799399897 1.3038497830062847 -0.499110527608664 0.6716409397067042 -0.4080460972463682 0.365082883551261
13.14701425 1.136711660194838 0.26702913921235366 1.3037319272239711 -0.4988662589789098 0.6706881493408048 -0.4091617645187523 0.36591872382005075
13.1520115 1.135027967154704 0.2683583491531857 1.3036052340897748 -0.49838868106152656 0.6711850403979146 -0.4102601981047826 0.3644254848207326
13.15701425 1.1334245390055115 0.2696587946891481 1.3035938438924624 -0.4991274644953366 0.6719447736840589 -0.4088138648550437 0.363638858219824
13.1620135 1.1336227405586632 0.27022726123822477 1.303919570018018 -0.4967715563029201 0.6707739610623425 -0.41092763315471104 0.3666316875543862
13.1670115 1.1316493597050317 0.2717565421163421 1.304220365348285 -0.4974298004603704 0.6717647243997397 -0.410514723834862 0.36438085869167836
13.172013 1.1309791379754564 0.27257177625480605 1.3037726703789745 -0.4972044773029201 0.6710601326052582 -0.410619332762741 0.36586578104439427
13.17701025 1.1290527705545115 0.27412673566881285 1.303985036668763 -0.4976332248312303 0.6718830186328384 -0.4102644031046612 0.36416686060385983
13.1820125 1.1271391776295896 0.2754996446991598 1.3034299313626803 -0.4996316000074225 0.6723695467827335 -0.4089210552849746 0.3620373287077274
13.187015 1.126655046655289 0.2763499242678841 1.3040306063432907 -0.4977337423712782 0.6719315002885983 -0.41075409839465415 0.36338719195506897
13.1920135 1.1253772678893659 0.2776720421643458 1.3040154414052634 -0.49779393889293794 0.6720841345644839 -0.4105791668271204 0.36322012366567785
13.1970165 1.1240314466124253 0.27868009453872167 1.3039194922435458 -0.4984226507528198 0.6719163998410964 -0.4102178001628011 0.36307653362714687
13.20201925 1.1215255834310656 0.27979159274643534 1.303350158760439 -0.5021432619179714 0.6723052539600349 -0.40740719952109183 0.36038474410897814
13.20701925 1.1209710935945862 0.28134484231879325 1.3031415116626877 -0.5003173038925246 0.672399339929067 -0.408260393651281 0.3617805606501976
13.21202075 1.1210692976830599 0.281871074804688 1.3036610674785556 -0.49851842565145543 0.6711116175844123 -0.41060085121040735 0.3639993365577974
13.217021 1.1186386200220577 0.2834183331355862 1.3032591692728457 -0.5010246690145728 0.6719882285485661 -0.4091371905405797 0.36057296216932194
13.22202475 1.1173786625911366 0.28465436615248163 1.3033353357609825 -0.5016831720845094 0.6720005981818362 -0.40855799220329636 0.3602909350751005
13.22702525 1.1166021322961068 0.2853953228895398 1.3032666023102057 -0.5022961114355501 0.6714201544704764 -0.40858979341094975 0.3604829723134846
13.23202675 1.114902680669638 0.28693411868309354 1.3033331326327087 -0.5023366177184929 0.672396479369792 -0.407871885437218 0.3594181716331863
13.237028 1.113693984131287 0.2880034890460419 1.303265167801459 -0.5027843623742515 0.6722144659285663 -0.4076189059380716 0.35941956578647666
13.24203 1.1125845314615672 0.28910750793367107 1.3032610005046519 -0.503194015568504 0.6720828791788583 -0.4075324513129575 0.3591903218873698
13.24703075 1.1116385027849063 0.29021491964643786 1.3032509784947832 -0.5029210722719955 0.672124056793659 -0.40790392307516726 0.3590738599284396
13.2520325 1.1107979070517233 0.29122382089727805 1.3033200202933377 -0.5025794247701492 0.6717495030896559 -0.409073263945646 0.35892282126017316
13.25703425 1.1111746355119263 0.29157602377840114 1.3039857047540988 -0.4985273328748338 0.6706158733747886 -0.413507992114093 0.36160197622834606
13.2620325 1.1092408096780448 0.2931831200298116 1.303923719911663 -0.501250670584874 0.6716666397267155 -0.4098966377479207 0.3599950509095735
13.2670325 1.1079615349800422 0.29410176233448065 1.3032478307858157 -0.5034884572038963 0.670412076935305 -0.40912999659348 0.3600828605323363
13.27203425 1.1065982605171327 0.2956495129291177 1.30338874920998 -0.5037716430372496 0.6715642182490084 -0.40851171817165144 0.3582370842830118
13.27703625 1.1056027077650796 0.29666764558055436 1.3032180154801307 -0.5040164174564038 0.6711658546115328 -0.40870603150184254 0.3584176702563614
13.28203875 1.1049623265837711 0.29763710713076014 1.3032018508371677 -0.503448642253487 0.6708584747236075 -0.4093026303044545 0.35910963274533675
13.28704175 1.1042236581569056 0.29839005723265766 1.3031657351432389 -0.504334814095196 0.6700635108789541 -0.40932269256175463 0.3593274551632943
13.29204275 1.1024236315723868 0.30005125108239317 1.3033778845116724 -0.5051291944332698 0.6714881193407447 -0.4071118984348135 0.3580615934001127
13.29704225 1.1018497307543043 0.3009703984274872 1.303409828144525 -0.504798053869811 0.6707932369390739 -0.4085863383382764 0.3581515911026648
13.30204 1.1005648464426205 0.302248022839183 1.3034864515844804 -0.506342704077323 0.6706482035749145 -0.4071133927341753 0.3579200169393626
13.307042 1.0995136562448768 0.30332106645583135 1.3035526264666424 -0.5070539083493404 0.6703849958294846 -0.4066798597433815 0.3578991241585599
13.31204325 1.0986143998842004 0.30427962734974884 1.3035694688391042 -0.5066766289247417 0.6696676284945235 -0.4072899707725702 0.3590806883641325
13.317043 1.0977988486675458 0.305434901597501 1.3036455857915032 -0.5073225343023225 0.6700398434824426 -0.40669240541134644 0.35815044564515824
13.3220455 1.0974537765074615 0.30627649627580317 1.303731257344864 -0.5063163059149648 0.6693718927321636 -0.40868864405104105 0.3585507771690172
13.327045 1.0965841863050816 0.30724467823757085 1.303626673155713 -0.5069521887254411 0.6690196551170002 -0.40856221240848173 0.3584537599265788
13.332046 1.0958127014350958 0.3080301042356451 1.3036984556852658 -0.5080474739147123 0.6677734132103235 -0.4076227038464705 0.36029177643572025
13.33704775 1.0944316801385732 0.3096898848199508 1.3039081982344285 -0.5090536190194402 0.6693080382276583 -0.4057577495926589 0.35812262086128466
13.3420475 1.0936036507686975 0.3106885551135281 1.303907266625097 -0.5093835770350345 0.6688394169225464 -0.40594985923417765 0.3583112021768961
13.3470475 1.0929571891346233 0.3117223651852377 1.303988133363081 -0.5093789079835022 0.6687023150168712 -0.4061975547637738 0.35829302044073214
13.352049 1.0927651217840424 0.3122239171564312 1.3040262405218876 -0.5094646173651736 0.6674990149474921 -0.4069444200997102 0.35956516467365907
13.357048 1.092612321693432 0.31357162669946875 1.3047063568909063 -0.5077652095825265 0.6672596859349124 -0.4086539710269485 0.3604732104159209
13.3620505 1.0916948286157973 0.31466623037393116 1.304852108828599 -0.5085943860133655 0.6672870689940797 -0.40769973696418305 0.36033407075700435
13.3670505 1.0900052795996629 0.3157553193254166 1.30439280051505 -0.510883266146104 0.6676960536866644 -0.40577360388616635 0.3585080900793964
13.37205075 1.0899288262579723 0.31653178180112856 1.3044684919194927 -0.5096118934021995 0.667180032325799 -0.40800313045089875 0.35874777784822315
13.37704975 1.088679134871645 0.31781708517537893 1.3046027640511748 -0.5114470851207304 0.6673661249739617 -0.4054938737938281 0.35863498529064586
13.38205075 1.089241594237713 0.318767069358065 1.3054374844613348 -0.5091440997873612 0.6665413298277457 -0.407775588172783 0.36085178532677203
13.3870495 1.0886557798562533 0.3194851040910972 1.3052586430343551 -0.5085420776105091 0.6657587466671235 -0.4086043183517001 0.3622054079664606
13.392049 1.0875067344576437 0.32046003314774263 1.305041587295449 -0.5117398724245315 0.666179957346043 -0.40626582305951425 0.35954783884084773
13.39704775 1.0862944567288013 0.3218719524089255 1.3051660592212535 -0.5126403260446464 0.6663380317174313 -0.40525854872060346 0.3591086636223756
13.40204725 1.0867070255059945 0.32275646581754985 1.3058866190902014 -0.5107251124567802 0.6655111891983803 -0.40740921602830316 0.36093274616328536
13.4070475 1.0864353496066574 0.32350813888511304 1.3059156876865772 -0.5104613346454181 0.6646685726888997 -0.40893633820932795 0.36113153504459505
13.41204625 1.0856617713344052 0.32462076815169755 1.3061414915872338 -0.5113074199517286 0.6650518795360886 -0.40735393557739624 0.36101730013592037
13.41704575 1.0851969530334102 0.3255581403634997 1.3062795929817643 -0.5116074853724595 0.6647332166529478 -0.4074486958831787 0.3610721421159356
13.42204725 1.0838455726409317 0.326521087022906 1.3058231590907836 -0.5136643335751553 0.6650084985256215 -0.40591448896733795 0.3593689983121455
13.427047 1.0840321758691953 0.3271270086533427 1.3058903712710896 -0.5123748057549331 0.6645678500075168 -0.40817845185935936 0.35946068297058276
13.43204825 1.083172542337541 0.32820963122396407 1.3058624463955883 -0.5135849627755616 0.6645326207217165 -0.4063213676742624 0.35990252594121847
13.437045 1.083285559720846 0.32880772951441156 1.3062043487916368 -0.513899128763677 0.6636461852774177 -0.4070495583983912 0.36026668348646906
13.442043 1.0834196321351768 0.33007966975279746 1.3068551564090287 -0.5122525642222742 0.6638151596590091 -0.4082620708106052 0.3609277293199092
13.44704175 1.0819781078815591 0.330983208998462 1.3063629651293793 -0.5149090747574457 0.6641244374339691 -0.40609384604518867 0.35901972722911984
13.45204175 1.0816063378486032 0.3317814947099512 1.3063142486949306 -0.5149774783904649 0.6641253244217837 -0.406184521881023 0.35881734127065756
13.4570415 1.0819589664048552 0.33234484957558913 1.306289699750865 -0.5131311424616016 0.663070353452037 -0.4096002516048542 0.3595299304568147
13.4620395 1.081673206161565 0.3329810517666276 1.3064285393675958 -0.5151213642106348 0.6623450938029205 -0.40778480292965397 0.3600840337318472
13.467039 1.0804516618241857 0.3337840364335525 1.3067436694276195 -0.5167476771527999 0.6633620002184863 -0.4063124029868074 0.35753730714766113
13.4720405 1.0808286187827965 0.33506954205681555 1.3069055309629305 -0.5156622608542776 0.663123442718981 -0.40699234859107797 0.35877146017416145
13.47703925 1.0806696094699855 0.33590753048152244 1.3070173634938123 -0.5159365571317207 0.662817320634777 -0.4070899120201068 0.35883209445792813
13.4820405 1.0815681335997482 0.3366859053608969 1.3077567297689692 -0.5139588578001352 0.66191180461786 -0.40927456868694595 0.36085091495300736
13.4870395 1.0814352506603573 0.33753246664131964 1.307874318870237 -0.5140028249213331 0.6617950415474011 -0.4093627990069379 0.3609023659459278
13.4920395 1.081334985300708 0.33826676342640116 1.307992149340691 -0.5143721745906592 0.6615205740363227 -0.4092755994955452 0.3609782262008231
13.49703975 1.0813501604634093 0.33895654158815236 1.30814071824828 -0.5138518744000641 0.6609234095124227 -0.4099382410085007 0.3620595758889297
13.50204025 1.0807914872390116 0.33937550162305596 1.3075522085937294 -0.5169437632357194 0.6608817294254248 -0.4081426305908416 0.3597555815518919
13.50704 1.0807471478243686 0.34014932299301065 1.3076449760142836 -0.5170597395612688 0.6607848007620815 -0.40813964289294696 0.3597703499537824
13.5120395 1.0803971952285085 0.34108679482251236 1.307632113160222 -0.5169677400414703 0.6610163627387464 -0.4079226306905047 0.35972329827047733
13.5170405 1.0807845412005632 0.3415484608923575 1.3078701302756068 -0.517656571078165 0.6601547810030283 -0.40821906232849275 0.35997852254000734
13.52204375 1.0803859959080417 0.3425337712357115 1.3078459457685465 -0.5175392272039822 0.6605029052701668 -0.40787103284300896 0.359903155032505
13.527045 1.0804237143090956 0.3433162426750169 1.3079511423374877 -0.5177139207288185 0.6602503000424227 -0.4079785796561646 0.3599934945512541
13.53204675 1.0807092324546805 0.34384187432995117 1.3084317812505408 -0.5168397292051179 0.6594978706613221 -0.4093328103727471 0.3610898825233284
13.537049 1.0808243172643572 0.34463119197383335 1.3085696573608998 -0.5174029121349922 0.6595756672310445 -0.40897409444913463 0.3605473003372265
13.5420495 1.081182918677132 0.3457405963865975 1.3084260859496744 -0.5184856084456185 0.65828288767437 -0.4088808163881767 0.3614592530557318
13.547049 1.0812364111755954 0.3461395495389091 1.3087149570207353 -0.5179306187529648 0.6590587487111573 -0.4091431301362176 0.360543116655682
13.5520495 1.0816429583281053 0.3472490936548438 1.3087669506955355 -0.5190211640423694 0.6585265338638441 -0.40828017708827624 0.3609253835214987
13.55705225 1.0822018938553668 0.34742644838594455 1.3092896548623536 -0.5171891121443879 0.6573221968675002 -0.4104440261040574 0.3632886637648839
13.56205125 1.0813662896472835 0.3480109007716517 1.3086180295391403 -0.5196138481265115 0.6575256372741425 -0.40868416693496434 0.3614398108386312
13.567052 1.0816829556074619 0.3487571274514155 1.3087742341444746 -0.5198594200470883 0.6576446176316029 -0.40835168045277037 0.36124596241326556
13.572053 1.081944846965777 0.3493339473651698 1.308876995288483 -0.5201701949172514 0.6572932844619555 -0.4083813866211895 0.3614044127875558
13.57705375 1.0823150193921658 0.3499304049087649 1.3090062107069007 -0.5205670043808239 0.6566336801270777 -0.40876024772039643 0.36160373885830616
13.5820555 1.08263805489332 0.35058522781916496 1.3090485332581876 -0.5207672374838679 0.6563549949038137 -0.40881566909685474 0.3617586954436982
13.58705675 1.0829625620311256 0.3510091543467547 1.3090043422538926 -0.5207950356219886 0.6554798490121491 -0.4094631609103964 0.3625722248983903
13.59205725 1.0834166242893082 0.35171215931411254 1.3090942075959673 -0.5211759222085233 0.6556208188900454 -0.40908158390853183 0.3622005765524516
13.59705525 1.0838428545601846 0.3521751473637069 1.3091831156315386 -0.5217075623313635 0.6551384320461555 -0.40913547228643643 0.36224718022273944
13.60205525 1.0842717853993802 0.35261637297708326 1.3091701980765542 -0.5212208647749731 0.6544002770499798 -0.4098983454087608 0.36341771276493795
13.607055 1.0847607971011808 0.35310000878660314 1.3091920370642647 -0.5213759416210657 0.654179785453529 -0.4100425681935574 0.3634295365981607
13.61205675 1.0857770321804139 0.35339810121583687 1.3091375081834773 -0.5222504158103359 0.6537383932387835 -0.40978007584770443 0.3632642369264479
13.61705575 1.0857875422050722 0.35430154766129557 1.3092420637286792 -0.5226633636645849 0.6540995173095786 -0.4090979387221933 0.3627887901678476
13.6220585 1.0863802400330544 0.354798738151133 1.309308705461918 -0.5231213965691569 0.6535784689383656 -0.40919730446588437 0.3629555832461747
13.627058 1.086973762276437 0.35523397231295517 1.3093289533685402 -0.5234178072925966 0.6532077252410511 -0.4092638346140261 0.3631206140822148
13.63205875 1.0876110144900177 0.3555302863865847 1.3092974788797982 -0.5230860002819178 0.652346382933258 -0.4101542254679852 0.36414110494932833
13.63706 1.088423641876447 0.3564192391445422 1.3091816736204027 -0.5240807072966688 0.6520206368728545 -0.40920282191181284 0.3643645864662889
13.642062 1.0891337257267897 0.3568521897865047 1.3091991507176988 -0.5241959414286932 0.6516352972900866 -0.40934277468089203 0.3647307872004981
13.64706375 1.0896652547853924 0.3569663862402042 1.30932883419053 -0.5240956400087526 0.651821106586652 -0.4097276602868409 0.36411021618163825
13.6520645 1.0905569703250424 0.35733210161269063 1.309462506066078 -0.5238718352397445 0.6513275549984432 -0.4102293097156887 0.364750092244651
13.6570665 1.091127313025307 0.35762422884835793 1.309222152721301 -0.5243087612319279 0.6507078172311319 -0.4102860028025251 0.3651644224100474
13.662069 1.092899406084894 0.3579894511000573 1.3098455439245713 -0.5220231053629318 0.6500931687311332 -0.41218235448577706 0.36739142081289394
13.6670715 1.0930594759086287 0.3582545236385903 1.3091362570830427 -0.5240123764698247 0.6500427973361358 -0.411511994181966 0.36539467645580126
13.67207025 1.0937875983134433 0.3585674245822141 1.3089473597672616 -0.5249169400490176 0.6498289958963283 -0.41105321334718137 0.36499279162594794
13.677071 1.0948799797032065 0.3588078094667283 1.3088360844689018 -0.5246594389593094 0.6493369379395696 -0.41133520821102726 0.3659198827942489
13.6820725 1.0953747067925728 0.3593657180553212 1.3090665558729688 -0.5258657297455763 0.6498440965406137 -0.40953339808247724 0.3653084728356093
13.6870735 1.096328010507772 0.3595435779362268 1.308934212285842 -0.5256131607949905 0.6490575041363471 -0.41036872780102757 0.3661320373394844
13.692076 1.0972101377116643 0.3597952563487834 1.3086648501160982 -0.5262525689339677 0.6489130058378891 -0.4101371416183672 0.36572895648273573
13.69707825 1.0983398640394866 0.36019293059411017 1.308688650100807 -0.5265878062096574 0.6489859500022298 -0.4097895348060267 0.36550657478965237
13.7020785 1.100633387280324 0.35995763010337617 1.3085470381920388 -0.5249159822390154 0.647942281179384 -0.41157820844884135 0.36774636664438687
13.707079 1.1017324929115337 0.35985945722839147 1.3089481992387042 -0.5223702427367904 0.647591955833886 -0.41483377713223357 0.368329914061502
13.71208025 1.1026670711295214 0.3603913736588792 1.308813900366537 -0.5229356003586044 0.6486085560348986 -0.41311363012597824 0.36767163001793646
13.717081 1.1026848566468943 0.36115476408446867 1.3080675939943642 -0.5270992961683566 0.6482275206069751 -0.41023818372726467 0.3656118790722093
13.722082 1.1043368239849183 0.36089255563976297 1.3076391953027995 -0.5271544872663547 0.6464880829429233 -0.411604395504096 0.3670737347855857
13.7270825 1.1063797050783162 0.36077996170458254 1.3082487170567059 -0.5228205486023556 0.6466817171593583 -0.4157270337452619 0.36828313030102466
13.73208275 1.1061043105025676 0.36184913302226535 1.3075918000746083 -0.527719959555861 0.6477076213243156 -0.41026925321882973 0.36560309274952973
13.737083 1.1073421567196584 0.36195339014343747 1.3073576107945284 -0.5279049831944974 0.6473175831999525 -0.4104211127989568 0.3658562359280708
13.7420845 1.1091171351960445 0.3617474412879127 1.3070746218933404 -0.5278202543891746 0.6463408442328648 -0.4113075937983927 0.3667088155698891
13.74708575 1.1098931795260225 0.36221411601618786 1.3070090848385505 -0.5275329037708987 0.6462665895625286 -0.4116095290799279 0.36691433090690506
13.7520855 1.1113431439448855 0.362529097251983 1.3068692386525405 -0.5279496240556262 0.646463820949073 -0.411104883745965 0.3665330779393102
13.75708775 1.1134532926584677 0.36209327635241506 1.3072596139081374 -0.524906034988203 0.646196365090275 -0.41401141028364846 0.3681011604600341
13.76208725 1.1139995290037104 0.3627674681181377 1.3064736646131798 -0.5277629157160032 0.6459550224369274 -0.4118218402418444 0.3668939706281264
13.76708575 1.115210703784827 0.36294560207666077 1.3063356814575098 -0.5278408106889635 0.6452523065241498 -0.4117890124110589 0.3680534590980056
13.7720865 1.1175546920018993 0.3625687155802244 1.306662870069839 -0.5251542345879976 0.6451718222018306 -0.4150877991659707 0.3683320088108208
13.777085 1.1177683783431176 0.36345322647148315 1.3058860136311492 -0.5287280393787482 0.6453136633551413 -0.4109979492091664 0.3675562841358202
13.78208575 1.1193817540241562 0.3640763328927132 1.3056587354174216 -0.5294697686536055 0.6449306863387985 -0.4101657462242879 0.3680899815598584
13.78708575 1.1205407988259206 0.3636847542629114 1.305456061667814 -0.5291132815811708 0.6447724132097696 -0.4112061457896706 0.3677188818688251
13.7920835 1.1219129890169937 0.3638691061768112 1.305186199110875 -0.5296798208512162 0.6445320969220646 -0.41096417049785694 0.36759504075446675
13.797083 1.1249141236741595 0.36298341700115977 1.3054345217911758 -0.5261405190618192 0.6433336864347867 -0.41496626567603573 0.3702714145737862
13.802085 1.1252807333127945 0.36347672404720416 1.3048442237535334 -0.5275507157408599 0.6433077423861386 -0.41428143191876093 0.36907490577753566
13.80708575 1.1265997209539065 0.3641352090735689 1.3045411276696526 -0.5288114554316139 0.6430379976560403 -0.4134863035929868 0.36863214037277964
13.8120865 1.1293580364453601 0.36344193302452554 1.3046842929096518 -0.5263472924001281 0.6424088556890265 -0.4157114485732375 0.3707470585729709
13.8170865 1.1300316420859693 0.36405375830721126 1.303766816217612 -0.5295649295774719 0.6418375931994924 -0.413580935938856 0.3695352469595156
13.8220865 1.1310550704345932 0.3644866342985566 1.3035030400687293 -0.5295841753806438 0.6426098491895376 -0.41316002578300676 0.3686352886064876
13.8270865 1.1329488780943064 0.36420762451699573 1.3029794221308277 -0.5297037437033919 0.6419866853824849 -0.4135449730833624 0.36911731866129327
13.8320865 1.1340304270895734 0.36476340154122966 1.3028497775439902 -0.5304250424762802 0.6422898828340218 -0.412927077207077 0.3682447686421566
13.837089 1.1365197409056942 0.3643389884752971 1.3028294279507182 -0.5277573422029544 0.6417884857084765 -0.4166575878383888 0.36874948387704864
13.84208875 1.1376133273557008 0.3645103286589611 1.3022628546928887 -0.529101172656034 0.6419001982996466 -0.41460699338271584 0.3689405447426842
13.84708975 1.1392932293406803 0.36455541902654487 1.3019725953936052 -0.5289817115289446 0.6412083164260313 -0.41568217435983384 0.3691050984929409
13.85209075 1.1406951840773754 0.36517947938457485 1.3016736565544522 -0.530652411918999 0.6415380339919999 -0.41385917150921 0.3681814156417171
13.85708975 1.1429102995054792 0.36476010228055744 1.3012045663776666 -0.5303938230246702 0.6395022983076959 -0.4155637819996715 0.3701701582334521
13.86208925 1.1446725354451428 0.36506386217760606 1.3010833353061526 -0.5293921458353809 0.6403214320626937 -0.41688366619098866 0.3687010013983584
13.867087 1.1464132729250012 0.3651569116693859 1.3008255941694087 -0.5293211171238636 0.6401205256296312 -0.4171159072004749 0.36888912642515553
13.87208875 1.1478277205762664 0.3654035888101875 1.3005725233470784 -0.5305282785073359 0.6399496820882474 -0.41586831187313555 0.3688599968537959
13.877089 1.1494931765598477 0.3654130110249558 1.300274336379888 -0.5309650072031483 0.6400539878238645 -0.415487477021347 0.36847959269810954
13.8820895 1.1566954710660124 0.36254783840081894 1.2999056892287328 -0.5190677230925542 0.6360790448182357 -0.43306878063778764 0.3720531935402947
13.8870895 1.1530407700244663 0.36535853926428447 1.2998593948903527 -0.5308235425899023 0.6388253985985367 -0.4165190660031942 0.3696489475077048
13.89208925 1.1557198443500123 0.3648131098450715 1.300316700189002 -0.5267140088314202 0.6394833706908871 -0.4188878539987989 0.3717073274537872
13.89709 1.1567755125589785 0.36556073630405633 1.2995485475510817 -0.530805041039393 0.6388755350728674 -0.4159623152032244 0.37021535816778167
13.90209025 1.1593071388480234 0.36505906131763277 1.2997536964913998 -0.5283063564419732 0.639605040611414 -0.41762571358046396 0.3706569156563608
13.90708925 1.1611885699310265 0.3650861593211401 1.299456135951113 -0.528058850295746 0.6387541042197779 -0.41832277310797056 0.371689524288729
13.91209025 1.1630632192183172 0.3650939486039392 1.299298196116207 -0.5287316911008778 0.6386214913964524 -0.4183124615952183 0.3709717968071507
13.91709225 1.1638474300994168 0.36571351508905575 1.2984853562793106 -0.532559879281838 0.6387600475706084 -0.41478335380775566 0.3692158528705099
13.922091 1.1656406092089189 0.3658071263568295 1.298136444144643 -0.5319966923992587 0.6381133581835973 -0.4155208164322799 0.37031515293780765
13.92709325 1.16806788547114 0.3656003678206869 1.2980791479046438 -0.531495647469549 0.6379059034382862 -0.41661282958104634 0.370165078455522
13.9320925 1.1705957592400562 0.3652449997013175 1.2983470631851992 -0.5291848125230354 0.6372032300345457 -0.4183139306115459 0.37275854555572646
13.937093 1.172429013941998 0.36496508416713985 1.2970186451093648 -0.5312904374476249 0.6357540848562254 -0.41882284139205134 0.371664690539232
13.9420915 1.1737845098080737 0.36542528370151406 1.2975029972964656 -0.5316355712569606 0.6373682045942185 -0.4165147337962626 0.37099982166741824
13.947092 1.175498715963786 0.3655350577932717 1.2964584658698153 -0.532746581951407 0.6361656732066143 -0.4162233272864176 0.3717962580167955
13.95208975 1.177378356925049 0.36555781507810997 1.296392701062722 -0.5327764140634055 0.6373372521993363 -0.4156290920085386 0.37040920271086164
13.95708975 1.18116123134848 0.3651092226575924 1.2967015250522604 -0.5307465445465346 0.6344788154266672 -0.4189894074429394 0.37442304239629925
13.96209125 1.1826079991463727 0.3654820395520479 1.2963699427411213 -0.5298779621089502 0.6356556016716152 -0.4192090437157483 0.3734100681579042
13.967093 1.1853914209065204 0.36439445626074113 1.2961788041274627 -0.5293755695270266 0.6351569570288557 -0.4206805698538313 0.37331622583707275
13.97209525 1.1866006088128747 0.3647337365337836 1.295965453387346 -0.5297845331017761 0.6358665534419419 -0.41918344706747673 0.37321215468500907
13.977094 1.1874756238737891 0.36525457820520346 1.294911579220584 -0.534470540075439 0.6367289704537654 -0.4146785025524295 0.37007999067395037
13.98209375 1.1906515713289745 0.36463458968196427 1.295380657085761 -0.5302215397181796 0.635647447924115 -0.41889896423746625 0.37328420610470536
13.98709375 1.1917100445702222 0.3651316487231556 1.2944432292465309 -0.5340692067809703 0.6354613437794447 -0.41572015529668666 0.3716661343335796
13.992094 1.194869198876343 0.364815604679494 1.2948227221987032 -0.5316413714179368 0.6355292927366598 -0.4177350732185562 0.3727698738814393
13.99709525 1.1958693563369147 0.3649220481178619 1.2938076530190854 -0.5345703743572698 0.6352196780423494 -0.41562448214250536 0.3714656987274552
14.0020985 1.1990940178677472 0.36473269435919753 1.2942666822002094 -0.5311122778750935 0.6351254542787972 -0.4180431454700189 0.3738653957549609
14.0070985 1.1998861168706096 0.3641389627278941 1.2932059336848905 -0.534789157881414 0.6358729937226701 -0.41512586327419443 0.37058954398028
14.01209725 1.2033841280870645 0.3645196077817755 1.2936199491698221 -0.5320215280970585 0.6354672055794985 -0.4171998796388141 0.37293268119543166
14.01709625 1.205201200492891 0.36419571098633413 1.2925280868687417 -0.5329459437012237 0.6349631173526701 -0.41753706350104886 0.3720930814958973
14.0220985 1.2122201701336552 0.3615054261352493 1.292316148464005 -0.5221499532037456 0.6332220521456908 -0.4316811042744001 0.3742201000189069
14.027098 1.2101149138135108 0.3637996590172752 1.292522394791655 -0.5322077291238985 0.6348777169761486 -0.417219090242429 0.37364883016706524
14.03209775 1.2123603783199588 0.36362916879676704 1.2923733562272834 -0.5321423990312206 0.6349515873183719 -0.4173628536633765 0.37345575011926146
14.0370975 1.2135424864579056 0.3633182257073829 1.2912974777266135 -0.5342755668386336 0.6348657467726422 -0.4156956705900033 0.37241403263947975
14.0420975 1.2161463374116261 0.36279738936045974 1.2912682964205096 -0.5335612106110608 0.635582310247482 -0.41604151914668275 0.3718292831096727
14.04709675 1.2194395657430173 0.3626825697532351 1.291179888905399 -0.53064914715784 0.634124248501103 -0.4196104313211509 0.37446629489187183
14.05209625 1.2222456294467052 0.3619957094780999 1.2907286111213503 -0.5320433985516957 0.633347867058685 -0.4184735184954526 0.3750736136651203
14.0570955 1.2240684110805233 0.36144509653987134 1.2903396921923946 -0.5305090639813245 0.635537738551669 -0.41878452412714856 0.37319088716350957
14.06209475 1.225682793234219 0.3612921179363531 1.2892882627624143 -0.5336862691142897 0.6339717770967644 -0.41712959013146783 0.3731777820830094
14.06709375 1.2279814483103957 0.36124836781807385 1.2892386444424289 -0.5330150632532233 0.6341100458067366 -0.4181543394665107 0.37275506775557954
14.0720965 1.2308914326537346 0.3608264623287433 1.2893980317308766 -0.5308613836369656 0.6350146088701475 -0.4185335158060501 0.37386138344521086
14.07709425 1.232384788383739 0.3603286744118817 1.2883044102014496 -0.5334251136984045 0.6347239600146315 -0.41724246215224475 0.3721449589022017
14.0820945 1.2344235052701293 0.359989629777527 1.2879129414684964 -0.5333479933138143 0.6356871642788456 -0.4164260488593978 0.37152535987547053
14.0870955 1.2371605613092242 0.3594268205670844 1.287711965661612 -0.532838651389484 0.635291952432346 -0.4170072004733808 0.37227960125890247
14.092097 1.2400164187133171 0.358962957613419 1.286949117098665 -0.5310038545783877 0.6349229042959227 -0.4191203348228805 0.37315674583381403
14.097096 1.2420177014210718 0.3585600555762274 1.2869171973152276 -0.5329072161166877 0.6356483184180913 -0.41678153391936307 0.37182558718683895
14.10209725 1.2446477764126256 0.3581104426157523 1.2863404709400375 -0.5318364242782714 0.6355140494269711 -0.41843887501259197 0.3717268064991177
14.107097 1.246857001521499 0.3574039214995532 1.2861690087549358 -0.5322128283210048 0.6358842333974091 -0.41729722506706834 0.3718383695081382
14.1120935 1.2491560864309077 0.3571836804958121 1.2857481835124094 -0.5329499258061036 0.6366619208691456 -0.4160076442324589 0.3708956929362197
14.11709525 1.251540287688079 0.3565199047260595 1.2851776600538984 -0.5327378976621167 0.6362045261485946 -0.4166813262154755 0.37122877809499477
14.12209675 1.2549754818719774 0.35546673800051143 1.2854067010587462 -0.5287308697479138 0.6365852743936258 -0.4196762472036436 0.3729272091626906
14.1270975 1.2574766061922866 0.3549629392448371 1.2849281562758703 -0.5287674668691152 0.6364408237471262 -0.4195989944381442 0.37320869190762024
14.13209875 1.2590209769058562 0.3547555814543167 1.2838846319231876 -0.531516554277165 0.6363351607864193 -0.4178416749662127 0.37145127585954174
14.13709825 1.261481994880088 0.354006684412095 1.2831984656621784 -0.5312105958089058 0.6363638913482788 -0.417580119523052 0.37213323483335503
14.14209875 1.263685362363119 0.3537533365919406 1.2829936930759092 -0.531977425252785 0.6366791187563962 -0.4168080922223121 0.37136334366627094
14.1470995 1.2654196761663818 0.3532952185711398 1.2823568309382625 -0.5313285377606654 0.6377220652652923 -0.41649849738707406 0.3708497729663494
14.1520995 1.2685614130115141 0.35232529142341606 1.2818443137793443 -0.5308129270693853 0.6367222505142078 -0.4172867930288332 0.3724166276092749
14.157101 1.2707547224521922 0.35188888093716897 1.2816923858531932 -0.531710454752413 0.6376002324960314 -0.41621351439128196 0.3708318301684027
14.162101 1.2730623883501462 0.35117829555256697 1.2811918499639319 -0.5309930670665362 0.6372878650062289 -0.4168723729078641 0.3716557070048061
14.16710175 1.2755270336494722 0.3505227295108332 1.2807286905875404 -0.5307317690291278 0.6372429332647346 -0.41703173125489906 0.3719271010210352
14.1721035 1.277811751494206 0.34984599865621585 1.2802077753812948 -0.5306198789694444 0.6379188962372487 -0.416571090062797 0.3714438756929442
14.1771035 1.2803907594199302 0.34900709245504463 1.2796734885957881 -0.5300485268862922 0.6374887764030048 -0.4170807355703129 0.37242486372689754
14.1821015 1.2824459042509961 0.3484421099992662 1.279327440208702 -0.5299583564847994 0.6381796616135843 -0.41680792008418754 0.3716746125978944
14.18709975 1.2848350659048837 0.34771262677338094 1.2787917341836013 -0.5302246660808626 0.6373110935816362 -0.41724100346182463 0.3722986952802634
14.19209875 1.2873262225424866 0.346959561750003 1.2781408798475915 -0.5290972226601537 0.6373613617820316 -0.4179872201493665 0.3729789635790081
14.197099 1.289458085033407 0.3462468395775413 1.2778147510392113 -0.5301032531909871 0.6378751025358979 -0.41694619756890283 0.3718356664630003
14.202099 1.2918589757562862 0.34515807967891604 1.2770743204575825 -0.5289760544578542 0.6379458150466921 -0.4176226500455872 0.37255978452258376
14.20710025 1.2938786207062951 0.34470945167415973 1.2768002290245344 -0.529354675050813 0.6386862917832952 -0.4168650212223802 0.3716005957627302
14.212096 1.296346351466168 0.3439717716230863 1.2763917549691146 -0.5292795824372412 0.6378869364876607 -0.41780984987096254 0.3720192323311394
14.2170945 1.2987747048783378 0.3430942174081311 1.2756825607401518 -0.5284599376358146 0.6371576416160821 -0.41847370775033 0.3736843453583177
14.22209675 1.3008191081681328 0.34238963232233444 1.2754722723693528 -0.529086316156271 0.63801200732574 -0.4178096535488009 0.3720798865375514
14.2270975 1.3030227604028493 0.3415959117748909 1.2750919453895886 -0.5285740058698738 0.6376818691966494 -0.41812507911482644 0.3730184609798318
14.2321005 1.3051857199182415 0.34088736695113836 1.274566182509451 -0.528816363277586 0.6382963359003118 -0.41757349804801663 0.3722410713960079
14.237103 1.3076520543994472 0.339945581222058 1.2737846338361243 -0.5273855698267149 0.6378711207742441 -0.41868492098491783 0.3737483524520396
14.2421015 1.3096221167538005 0.3393245793561372 1.273523522586327 -0.5278404340435333 0.6389081583961659 -0.41779886226000923 0.3723237193864982
14.24710225 1.3113072129691077 0.3383580157481906 1.2728971763005115 -0.5283747318959908 0.6383075277583387 -0.4182884460069023 0.37204625873405595
14.25210225 1.3140439914231148 0.33767995612985086 1.2726845947948342 -0.5276763803946111 0.6383232983290441 -0.4184985167778666 0.3727733840266732
14.25710175 1.3162793875547805 0.33685772321830587 1.2721005403904944 -0.527464856533731 0.6384742908087372 -0.41869316430643283 0.37259554380211957
14.26210425 1.318493450750318 0.33592282249817673 1.2714285952445163 -0.5262952417367281 0.6394144933005906 -0.41922164343779883 0.3720425217038219
14.26710175 1.3208886467190324 0.3351547596723518 1.2708074990731877 -0.525997550110581 0.6383406857043644 -0.41979864982064424 0.37365336859302195
14.27210225 1.3229230068478943 0.33444456130637995 1.2705324636107882 -0.5263957415141529 0.6384361792852573 -0.42002089098409 0.3726784397202753
14.2771035 1.324840642853339 0.3337959286108947 1.2700913864266314 -0.5269193457661245 0.63878075463191 -0.4193532183804863 0.372099487776072
14.2821015 1.327370679749189 0.3329107532562994 1.2694066461751243 -0.5254934242022039 0.6390631453634686 -0.42050503936249584 0.3723311284718733
14.2871025 1.3294638885819747 0.33202003220697623 1.2687189880926115 -0.5251739902399891 0.6386553685139635 -0.42073998942775154 0.37321503391481514
14.29210125 1.3317306385987904 0.33115962811216554 1.2681545534404748 -0.5245201139604226 0.6384911866510706 -0.42168056036572005 0.3733539334592648
14.297102 1.3346293837150458 0.3304819117761163 1.2683531753622685 -0.5221689231164485 0.6383928572659155 -0.42287028215192035 0.3754662434840502
14.30210075 1.3355764917145834 0.32987559649412557 1.2673734308893818 -0.5252826494229361 0.6393745282615684 -0.42067223999599385 0.3719048498235413
14.30710275 1.3378736022901316 0.3289776432556375 1.266559256125272 -0.5240590713310966 0.6392649060351484 -0.4215774182921568 0.3727934415377789
14.3121015 1.339933188556237 0.32833615197605637 1.2662419086333456 -0.5244002694391552 0.639441917226937 -0.4214289501784399 0.3721774198642072
14.31710325 1.3418517018266882 0.327528956708786 1.2657678452760885 -0.5245881280356486 0.6396101717938447 -0.4214020388849158 0.37165366362453406
14.322105 1.3440298698100623 0.3266565626956848 1.264928064942329 -0.5239377213344305 0.6392590283613582 -0.42186836576893116 0.37264492588096265
14.32710425 1.3459757147920968 0.3260812332398901 1.2647341766833846 -0.524585262272496 0.6400471248630195 -0.42114853073728736 0.3711925317391272
14.33210475 1.3480431479110302 0.3253799783824238 1.264260741094415 -0.5245047138373183 0.6393575301121122 -0.4219767664202703 0.37155398322836614
14.33710525 1.3500588686078372 0.3245961725684869 1.2637038290137674 -0.5234224232554381 0.639796879331837 -0.4222664865081788 0.37199453544734484
14.342106 1.3522913356610389 0.32381399452052423 1.2632108423072037 -0.5236040608632624 0.6389190213306692 -0.4233738219699122 0.37198908384514434
14.347105 1.3540615197493104 0.32299960219434637 1.2625663133054905 -0.523866983918533 0.6396772073340234 -0.42258226782200303 0.371215140450733
14.35210625 1.3555862355542867 0.3222188496220468 1.2618430469515503 -0.5232726548801024 0.6398171338288213 -0.42334101729493023 0.37094763375643036
14.357105 1.3580133705810482 0.32173535128085534 1.2615883698319852 -0.5238026586845159 0.6394903896696055 -0.42280943742436894 0.37136908312369954
14.36210825 1.3611451881220962 0.3212605213274006 1.261911219447445 -0.521591212665601 0.639082965520297 -0.42455808317891697 0.37318360636455417
14.36710925 1.3620161432142084 0.32038723493468857 1.2605325058423238 -0.5235813657813467 0.6395127127174808 -0.42326604643485716 0.37112248330527453
14.37210925 1.3639263297839974 0.3196133916607055 1.2599081740640745 -0.5232400388909602 0.6397788999638669 -0.42356765601272817 0.37080083824378557
14.37710825 1.3656663698841798 0.3188189703586376 1.2591588883115978 -0.5241010794209168 0.6382899554743248 -0.42436153368916907 0.37124288547444334
14.382111 1.3678875964501553 0.3185935805712774 1.2587303048662213 -0.5231112964377781 0.6394612189238321 -0.4241025487526526 0.37091906013729964
14.38711475 1.3699520606626647 0.31787246996911733 1.2579308679452368 -0.5225325604471905 0.6391618569540417 -0.42476241130606907 0.3714952729564915
14.39211275 1.3715893833067456 0.3172147283764089 1.257554283846874 -0.5229882684886605 0.6398650054373114 -0.42458143415139304 0.3698467947865557
14.39711275 1.3735913696795001 0.31669633268229047 1.2570452117295114 -0.5233509674142885 0.6398370631726229 -0.42450963842425354 0.3694642937850296
14.4021125 1.3754526370135307 0.3161412888312022 1.2563766057165724 -0.5232315101115257 0.6394293214935758 -0.4251410871381361 0.36961329206033905
14.407112 1.3772953457009094 0.3156158402005341 1.2554367741940702 -0.5221797215601977 0.6394276085956246 -0.4258021252225472 0.370342033683671
14.41211275 1.3791584636704293 0.3153277094258747 1.2552824797769278 -0.5233990296751417 0.6397889218681118 -0.4249262845071379 0.3690003305214214
14.41711125 1.3809099466089207 0.3147345715915126 1.2545462986080216 -0.5233891707664703 0.6391086654935603 -0.4258703735353377 0.36910474740959254
14.422112 1.3829036245437991 0.3141286151776786 1.2536629005741695 -0.5226815228900495 0.6386532702699061 -0.42672687600005166 0.36990566270622194
14.42710975 1.3847265626926009 0.3136321129278516 1.2530825785621151 -0.5225644786122442 0.6384695210595981 -0.427177350360702 0.3698682842708345
14.43210975 1.3862699533524732 0.31320589188485803 1.252711975349819 -0.5234061790579679 0.6386875435846717 -0.42676996138735634 0.3687703803875127
14.43711 1.3890462265996348 0.3130451871960876 1.2528680616031878 -0.5214518522154903 0.6377108290991167 -0.428607442966982 0.3710909916773199
14.44211025 1.3893882299315579 0.31243338176342855 1.2513941637839137 -0.5246615306138082 0.6382632870894862 -0.42630305703698657 0.3682607204259232
14.44711025 1.392813448731818 0.3120813327937178 1.2516020300666002 -0.5210126994408133 0.6371035024047553 -0.4306046503344499 0.37043829358657987
14.452111 1.3927224855013143 0.3116750625595624 1.2501935713933232 -0.5244381223764195 0.638139395244143 -0.42721064782579665 0.36774152664609194
14.45711075 1.3949881252509235 0.31102257959810553 1.249620920591078 -0.5240616327273717 0.6368971599044108 -0.4288876929934642 0.36847898122899864
14.46211 1.3965442413187177 0.3108484313752156 1.2489468512416688 -0.5242856430507885 0.6373713038971328 -0.4276511711071101 0.3687775227830556
14.46711025 1.3981183335950644 0.31075198563947176 1.2486554772414318 -0.5256409933605772 0.6365188530583916 -0.42771318113270757 0.3682481914218654
14.47210825 1.3998312073719716 0.3101448314549551 1.2479976476642813 -0.5251732210269163 0.6362659604689882 -0.4286082915050314 0.36831188946031546
14.4771075 1.4015062596326495 0.3097487044648728 1.2474282812787107 -0.5253347067230124 0.635758548146027 -0.42910437587011485 0.3683801690925037
14.4821095 1.4030623744138018 0.3096758824960467 1.2469932890555757 -0.5259053784460345 0.6359169750218038 -0.42826276242467287 0.368271829116809
14.4871095 1.4046327393535916 0.3093659887729461 1.2463428484301482 -0.5260498267921481 0.6359617899785688 -0.42847998841745855 0.36773506896267094
14.49210825 1.406377827645039 0.3086581221320129 1.2455442920773203 -0.524704040781241 0.6353544680651637 -0.43123675125765665 0.367485011751789
14.49710975 1.4079452636517602 0.3088114672705418 1.2453211698978996 -0.5262259866663572 0.6356896400397971 -0.4288827451531423 0.3674839906893859
14.50211075 1.4101043173560364 0.3082764137476674 1.2446532237456842 -0.5255111946791873 0.6352330702725746 -0.43059620317797054 0.36729258161259876
14.5071115 1.4112460929363608 0.3082436335731688 1.244007498762382 -0.5266831944389264 0.6349978879553164 -0.4299211472247699 0.36681098968928555
14.51211075 1.4136099193042075 0.30785048183944363 1.2435479583297082 -0.5256878354557704 0.6339143887590447 -0.4324406546555992 0.3671510963882726
14.51711025 1.4146050574948266 0.3078153069326838 1.2429574822452594 -0.5271715910445721 0.6344757410479114 -0.4305823131965836 0.36623697134439787
14.52210775 1.415930692615914 0.3077204912909551 1.2423332592191518 -0.5272934139754922 0.6348863950102772 -0.4302458733604093 0.36574500607016236
14.52710475 1.4177496610077844 0.3074930903945206 1.2415896161155875 -0.5272427892375201 0.6342932730635592 -0.4314337426466638 0.36544768524270255
14.53210325 1.419141467878422 0.3074171378905683 1.2410285681787392 -0.528005209474604 0.6344244824522877 -0.43087047481328034 0.3647830982474448
14.53710325 1.4208048881291964 0.307301593865746 1.2405725227526416 -0.5280024404358192 0.634388363591019 -0.4311507591491324 0.36451865510458453
14.5421 1.4224208649200742 0.30713007895332656 1.2399662021271378 -0.5277529231113678 0.6339647190085732 -0.43197315871391173 0.364643356377863
14.54709975 1.424112883848819 0.30701580270696655 1.23919120742217 -0.527569930082808 0.6338419498061008 -0.4322497106117147 0.3647938311080804
14.55210075 1.4255058994819931 0.30690286170234016 1.238799924251322 -0.5281730039421102 0.633571010944001 -0.43251713133559744 0.36407414505755503
14.5571005 1.4278575727346223 0.3063323330681781 1.2382474220763153 -0.5269476416362026 0.6327575769903495 -0.43530119037938414 0.3639462946502372
14.56210375 1.4285524982846758 0.30693398467260524 1.2378653310827463 -0.528928307510264 0.633391132704732 -0.4323115285468079 0.3635344011381411
14.5671025 1.4300092636987163 0.30684647861636233 1.2373461149527478 -0.5290500396748886 0.6331368539321831 -0.43266516051079684 0.36337946914076247
14.57210825 1.431578447496445 0.3067691832852393 1.236822120763181 -0.529418912591191 0.6326646315989725 -0.4330057570382714 0.363258989271031
14.57710625 1.432934864067531 0.3065306059112144 1.2361092768372035 -0.5297790349798399 0.6320200484118551 -0.433451641614167 0.3633242448327522
14.58210775 1.4344031837251519 0.3065584206643476 1.2356878011775105 -0.5299919021179842 0.6320841706509617 -0.4331304829381055 0.36328524557384745
14.587108 1.435900767498535 0.3064971148275632 1.2351775554502398 -0.5300690621278545 0.6317712025165341 -0.4333906630595027 0.3634067558790751
14.59210475 1.4378207802595795 0.30590167620019204 1.2346072641834556 -0.5295197675949121 0.6301773003372954 -0.43564234713387123 0.3642816647177291
14.5971085 1.438666685118774 0.3058958231314599 1.2335994592423885 -0.5314254840762385 0.6297905437536744 -0.4337756413801608 0.36440296214220985
14.60210975 1.4411372210778033 0.305401148178998 1.233201469670563 -0.5288855305782902 0.6296351455895962 -0.4370694607632517 0.36443101603926203
14.60711075 1.441750646528728 0.3057018081667616 1.232902885135761 -0.5312373339215914 0.6296001896604776 -0.4348365372862175 0.36374122954141713
14.6121125 1.4428499326623596 0.30572553428276483 1.232357418574292 -0.5335401444256226 0.6289772252702113 -0.4332314266335836 0.36336358562010795
14.6171125 1.4443158265988036 0.3057333984948112 1.231990482943755 -0.5334342545728171 0.6290231724299142 -0.4331784373433808 0.3635026630099099
14.622113 1.4459452855790018 0.30585780038793076 1.2316514007815025 -0.5325502479512119 0.6300696938605606 -0.43319471962087747 0.36296659512708834
14.62711325 1.4476052251709794 0.3056747846932421 1.2308643509683488 -0.5319974128183949 0.629089180789278 -0.43378476128808646 0.36476888058419576
14.63211275 1.4486997668468362 0.3053737079904207 1.2301680986507746 -0.5336218591987937 0.6279252281687078 -0.43353575317751214 0.3646976417956475
14.63711425 1.4500024441831483 0.30536050784655805 1.2300247742110264 -0.5343590085717199 0.6286480222023112 -0.4328052298699666 0.36323786578023026
14.6421155 1.4516143314436563 0.30558273664235475 1.2296969150365968 -0.5335817985395274 0.628838100984535 -0.43321013767705707 0.36356854048626414
14.6471165 1.4527713531279345 0.30532060222774665 1.229053060153242 -0.534931946234234 0.6275040688828318 -0.4331648029523158 0.36394327843336544
14.652116 1.4542820256429265 0.3052312326416197 1.2286086812139063 -0.5341834292055073 0.6287060461896665 -0.43327883773920034 0.3628308424240824
14.65711825 1.4553934899369825 0.30485683465587204 1.2278041858591764 -0.5340238298863859 0.6283517707404972 -0.4341205347792416 0.36267335524372796
14.6621185 1.456899414941974 0.3049530141964457 1.2275406354796519 -0.5363046975940983 0.6273009807371535 -0.43273566036352895 0.36278175140771457
14.66711925 1.4582976945561779 0.3050455732152925 1.2271797511778995 -0.5360748267593701 0.6274241214336294 -0.4327318022888027 0.36291312906263706
14.6721215 1.4596005166995052 0.30494952379440354 1.2266016139639182 -0.5360453795853273 0.6275879923717153 -0.43246396254175345 0.3629925398114227
14.677122 1.46149188964242 0.3048774772590676 1.2263781092086783 -0.5354649129611934 0.6275171843623507 -0.43354740784620677 0.3626791356933069
14.68212175 1.4634627852117323 0.3041583413545691 1.2254493802049418 -0.533563165072932 0.6270743996761988 -0.4359848074399392 0.3633253278119338
14.6871215 1.4636814319267741 0.3043724457755617 1.2248690700716005 -0.5365726308371419 0.6269551524675253 -0.43279407933295866 0.36291367227657195
14.6921225 1.4652552836897614 0.30444431850700077 1.2245086519880726 -0.5353910968463939 0.627659314529803 -0.43301700183467695 0.3631754870908833
14.69712275 1.4666507523174008 0.30454266434217286 1.224234034625407 -0.5358846496376715 0.6276566734719472 -0.43249990732966853 0.3630682755194506
14.70212475 1.4684467114568192 0.3041493108153606 1.22427946474416 -0.5346800382533341 0.6262360543452532 -0.43455594060383923 0.3648380399813245
14.70712625 1.4688552461506883 0.30392452785447976 1.2230159127669549 -0.5369999087951136 0.6261888680536749 -0.4328171032083656 0.3635766145532684
14.712127 1.4694189233928183 0.30366887980524165 1.2226209993110115 -0.5379989813341925 0.626660967334121 -0.43219144041955565 0.3620271908728737
14.717129 1.4716200906291357 0.30375718586782624 1.2225549283574937 -0.5369628176521916 0.6267837307959621 -0.4330761651045995 0.3622956285781098
14.72212775 1.472755998339603 0.3037555223043506 1.2221320230243726 -0.5376651000500825 0.6264084463969525 -0.43264416725067556 0.3624192641329384
14.72712725 1.4739724877168432 0.3037048949991469 1.2216837806837668 -0.5377519093175661 0.6259830257650187 -0.43274311899312584 0.36290705207185686
14.732129 1.4750768062143529 0.3036377151000045 1.2212554203474542 -0.5375460665856928 0.6265063873900687 -0.4323493490741238 0.3627781873443837
14.73712925 1.4762991382295785 0.30338945393753597 1.2207382948919587 -0.5372681808882435 0.6266899511623065 -0.43232253990280217 0.3629047098195524
14.7421305 1.4774535690973123 0.3031000607946347 1.2203001524800137 -0.5379008412357719 0.6264042292080252 -0.43208365286139966 0.36274528743747747
14.747132 1.478632335965238 0.30299545957284635 1.2199363879444298 -0.5382099625530714 0.6267829870169893 -0.431540354284851 0.36227896160056994
14.75213025 1.4798135500605163 0.302747057924852 1.2194565828552597 -0.5379529754409758 0.6265501777257373 -0.4318214525623772 0.3627281407789676
14.75713425 1.480688776965199 0.30283468404739783 1.218944106415887 -0.5391690573906894 0.6259744257942819 -0.4307357850070787 0.36320714381505476
14.76213575 1.4820959018157234 0.3025353954754664 1.2184242654701962 -0.5390183237718512 0.6264160979109681 -0.4303124763585731 0.36317116020732215
14.76713475 1.482758269192028 0.3020523511389336 1.217929795570039 -0.538960229182707 0.6266107111033112 -0.43090272434928784 0.3622205546877319
14.772136 1.485274465009417 0.3016993022179312 1.2174817142320815 -0.5362977391955328 0.6257286285929031 -0.4337911362599821 0.3642439682345864
14.777138 1.4858140310219927 0.30183656722600777 1.21714420988019 -0.5380511819802847 0.6260887868390428 -0.43122790261884253 0.3640827551079401
14.78214 1.4873419441797497 0.301759877294421 1.21714382231961 -0.5377925270727829 0.6267774115966341 -0.43172282312643284 0.3626908850917489
14.78714025 1.4873181522537482 0.3018496586396512 1.2165720730175877 -0.5409086177785144 0.6264126419042333 -0.4284541572505974 0.36256324194570005
14.79213925 1.488248557710101 0.3014361152825008 1.2160172220136787 -0.5403814949058575 0.6260669879987555 -0.42891602619946734 0.3633992418411667
14.7971395 1.4896852676886807 0.301242848410143 1.2156659446060463 -0.5393097895208432 0.6265091911671462 -0.4297568956200433 0.363235729213269
14.8021435 1.4907841629307332 0.3011644045163379 1.2157105347890345 -0.5390634986374345 0.6270207207696146 -0.42931671455159726 0.3632392032379545
14.80714275 1.4916656612247574 0.3008438020961948 1.2152147068277936 -0.5385998551277721 0.6265743732361365 -0.4296081626550864 0.3643508987778219
14.81214375 1.4923580412685444 0.30089416261657215 1.2145888117169004 -0.5397628872887823 0.6266572509838967 -0.4283354966669018 0.363985463432403
14.81714175 1.4934436979718184 0.3007754181648904 1.2142788604138135 -0.5397829825741531 0.6262708373672446 -0.4284656013569897 0.36446728034279696
14.82214075 1.494236763059091 0.30068727326115124 1.2139225866953678 -0.5399265640092984 0.6264268820455753 -0.42789543915135814 0.36465622177777024
14.8271405 1.4952169853785666 0.3004921054474298 1.213607113773902 -0.5395470301415255 0.626325222076143 -0.42839065472687854 0.36481113661647735
14.8321395 1.4959301026690077 0.3004415685719761 1.2133019321178729 -0.5398608874869224 0.6263704937153548 -0.42779752865584064 0.364965068521044
14.83713825 1.4962769473302315 0.3001825764785907 1.2128341652470997 -0.5412753754248214 0.6261770391617608 -0.42638041619943723 0.3648602804731205
14.84213875 1.497668687184133 0.3000183837749945 1.2123171624433413 -0.5394302588845411 0.6263522989292202 -0.4275564761950325 0.36591427013649563
14.847139 1.4985029953822362 0.3000748517619694 1.2120491694372073 -0.53955999505189 0.6262405207990636 -0.42733932005855296 0.36616789507112146
14.85214075 1.4992348350291336 0.2998531423421957 1.2117288198159535 -0.5394792947482954 0.6265666589357084 -0.4271469493205131 0.36595327042425063
14.8571395 1.4997430596034642 0.2997741712947067 1.2116914205370755 -0.5404787009168052 0.6269298822439211 -0.42646363368201623 0.3646511562461264
14.862138 1.5004663553608841 0.29987203183178907 1.2115628980107773 -0.5408881007323383 0.6276588473999526 -0.42558572278879075 0.3638148242239028
14.86713675 1.50098419449696 0.29968247487934324 1.2111075211043016 -0.5410633514959655 0.62710109914586 -0.4258065488030049 0.3642573871790136
14.8721405 1.5015702846843761 0.2996417013166814 1.2108656088983676 -0.5412070914646732 0.6272436557674815 -0.42545337843265996 0.36421106961215466
14.87713875 1.5024509667167603 0.29952496979530807 1.210716495521132 -0.5404225748591207 0.6274672711241034 -0.42592977982276004 0.36443392667374475
14.882139 1.502673344065638 0.2996676677464196 1.210475418000901 -0.5412558727707527 0.6274582802139103 -0.4248794431438168 0.3644388090969081
14.887138 1.5031496610499069 0.29972382086949806 1.210258872291906 -0.5412948690788085 0.6276312385197592 -0.4247316672582199 0.3642552730862812
14.892137 1.5036636680949704 0.29991372688090406 1.210223613397298 -0.5416930911890258 0.6281874231409511 -0.42411907409254596 0.363417345976346
14.897137 1.503902572418431 0.2997308138251822 1.2097948387062163 -0.5415633401177039 0.6278638558710703 -0.4246162395576058 0.3635892960955068
14.902137 1.5043389616460547 0.3001107195928521 1.209893658267163 -0.5418519648641164 0.6283949415047547 -0.4237595268710091 0.3632411169597829
14.90713825 1.5045226252620554 0.29999161267071217 1.209562043247899 -0.5413560519051804 0.6281287780278872 -0.4242094691190355 0.3639150856842494
14.9121405 1.5047540650782276 0.3000761867481219 1.2094407009377812 -0.5413801237606359 0.6282558262025719 -0.4240604302369704 0.36383365697345477
14.91714025 1.5042289689196726 0.30007075059658145 1.209130278724372 -0.5420489791450266 0.6291425937662042 -0.4226954245445184 0.36289265490788963
14.9221405 1.5045582172833436 0.2999053365922194 1.208962654014977 -0.5414092405823616 0.6290331038769453 -0.42372753798653306 0.36283379389306836
14.92713975 1.5044900802686798 0.30013858743275446 1.208945368043537 -0.5417247709306463 0.6295908123674013 -0.42276811131194086 0.3625145591564962
14.93213875 1.504544178839609 0.30028527735412636 1.2088879194073203 -0.5417030636500667 0.6296580433998205 -0.4227563376175486 0.36244395183012595
14.93713825 1.5046995130538683 0.3003765586615707 1.2088191335359904 -0.5413608133977967 0.629380500842509 -0.42352532950331856 0.3625395842464844
14.942139 1.504565337295722 0.3005974118134668 1.2088155695829226 -0.5416369744465441 0.6296676252578968 -0.4229020291892479 0.36235610015851966
14.94713975 1.5046480744711255 0.3007951610976932 1.2087612164839798 -0.5415442226095146 0.6290358832319749 -0.42376619124257703 0.36258230475932673
14.95213825 1.505322360288116 0.3011501741931341 1.2087574314954348 -0.540151802555903 0.6286408653029455 -0.42476053928760144 0.364177397611217
14.95714225 1.5050856741859224 0.30135796731586 1.2087731574966296 -0.54012376495888 0.6289055623465477 -0.4246173338910447 0.36392888307398485
14.96214275 1.504656795782937 0.3015760508089056 1.2090576942021751 -0.5410038189266333 0.6291647064995193 -0.42417498837285883 0.36268749529182476
14.96714125 1.5044743447003006 0.3018453730938677 1.2091026239983251 -0.5408934566054804 0.6291113969729935 -0.42433607759481967 0.362756133030866
14.9721435 1.5041608180145611 0.3021523138887963 1.2091952904513135 -0.5410749826269499 0.6290771262087301 -0.42429823640018866 0.3625890773918884
14.9771405 1.5037436965407582 0.30239052689920354 1.2092105620781048 -0.541374715890402 0.6291276783075281 -0.42419397048868224 0.3621757263857047
14.9821395 1.5032916342958156 0.30263624029190705 1.2092641282154908 -0.5410929669581537 0.6293644581968525 -0.4241291827427446 0.3622612540874008
14.98713725 1.5027853191103364 0.3029416592977926 1.209482787836915 -0.5411255605296199 0.6293402274095641 -0.4240316948783692 0.3623687729981164
14.99213475 1.5022382455517516 0.3032272922431643 1.2096477941896635 -0.5411211456997544 0.6292283695320752 -0.4240783806420032 0.3625149537945265
14.99713375 1.5015501219103427 0.3036022548332411 1.2098300947882508 -0.5413962421313505 0.6291172588898664 -0.42371250446955083 0.36272482287416435
15.0021315 1.500539157277268 0.3039016794053831 1.2099210388202988 -0.5427192003205752 0.6284314625111512 -0.4228341709974298 0.3629614722892874
15.0071295 1.5001036524680038 0.3040562456301039 1.210327077253561 -0.5417474390263342 0.6281334213555715 -0.4237758196033242 0.3638298668389982
15.01213025 1.4997539045821437 0.30457384023888806 1.2103341859784784 -0.540952714091482 0.6283656145193979 -0.4246027469445553 0.3636472506342605
15.0171285 1.499130971181157 0.30512746460715295 1.2106596755584589 -0.5414830759813453 0.628417001014814 -0.4240022062163657 0.3634697791907634
15.022129 1.4983139259815241 0.3055144806981147 1.2107309846976806 -0.5411605861875266 0.6283676992636297 -0.4240316291812821 0.3640005933143145
15.02712625 1.497509687640338 0.3057775183518067 1.2107810153667058 -0.5406155395061909 0.6275294591628197 -0.4248505124054664 0.3652994093015511
15.03212725 1.4964847330177258 0.3064826325572788 1.2114274301824055 -0.541829371566371 0.6280740506217648 -0.4238967910544505 0.36366939598665693
15.037125 1.495449335717119 0.30667096911606834 1.211526514129812 -0.5410714242144099 0.6275208169859366 -0.42460557616450284 0.3649238863624898
15.042123 1.4944586765644434 0.3070795056040396 1.211695645197494 -0.5413540250937959 0.627474636806929 -0.42452664908626253 0.36467591625215323
15.047126 1.4928961908809282 0.307334635974792 1.2116586971874697 -0.5416526745304514 0.6276177478395015 -0.424472671113241 0.3640484778829205
15.0521255 1.4923465320092946 0.3080288404992545 1.2123159983458778 -0.5419077754303347 0.6274232964989104 -0.42386190978019334 0.3647150276257801
15.0571265 1.4909734910980108 0.3084244013792909 1.2124331132470028 -0.5434662090679175 0.6261205321397716 -0.42329283840082477 0.36529540346537204
15.06212825 1.4902603585330758 0.30900742567751843 1.212832981149519 -0.5422884028237019 0.6268140750794761 -0.42383970349806377 0.36522227366886173
15.06712925 1.4893441741432298 0.30931242226238986 1.2130188448909172 -0.5412894535042135 0.6264608046706158 -0.4253685019021739 0.36553279651223464
15.072131 1.4880676307971397 0.3099313060911585 1.2133269894007233 -0.5415308794207945 0.6264825995605553 -0.4248691780560514 0.36571852649211695
15.07713175 1.4869375106369418 0.31038374367401217 1.2136020066553563 -0.5416341586120065 0.6263540445915332 -0.42485254014213814 0.36580509589570304
15.08213175 1.4859605563610232 0.31070961310858214 1.214102656091455 -0.540738515119249 0.6260151746730129 -0.4259854241094411 0.36639224581320856
15.08713025 1.484239859232136 0.3112966822357889 1.2141681029338087 -0.542693757858307 0.625560311970436 -0.4244722110478369 0.36603431986255164
15.09213125 1.4833909819608984 0.31189324131900986 1.2145997972649423 -0.5417980443636924 0.6258350156042317 -0.42522114957633617 0.3660223849989348
15.09713275 1.4822583716540811 0.3123854934400921 1.2148063974516097 -0.541370453775421 0.625584159794207 -0.42546935919686346 0.36679464987671356
15.102134 1.4800989741442423 0.31338996286564935 1.2151465929887333 -0.5422214115792007 0.6277393064007806 -0.4232886770889251 0.3643706901945237
15.10713375 1.4794209790362018 0.31393628816203184 1.215702528029043 -0.5422659094211053 0.626914982739795 -0.4238569052433946 0.36506247653457374
15.11213175 1.4782373787290413 0.31424396111991854 1.2162155310226466 -0.5412379525424568 0.6268908578069581 -0.42490459952547627 0.36541129214598744
15.11712925 1.4765709631785033 0.31477042152984114 1.2162046589500723 -0.5417801580063085 0.6265034763774467 -0.42471392236320765 0.36549382844104616
15.122132 1.475373875447839 0.3155044826444729 1.216666211099666 -0.5419013297058839 0.6269997683330033 -0.4245040888871848 0.36470607054368603
15.12713325 1.4740331183859117 0.316033876567016 1.2168369037617484 -0.5413094467889896 0.6263210985607108 -0.42538310506091864 0.3657255504383498
15.13213375 1.4729168930129244 0.31658805384116284 1.2170139568051215 -0.5410000646146992 0.6262822765024346 -0.42609617330004335 0.3654196099347688
15.13713125 1.4712365762695607 0.31715226957706244 1.2173836092536172 -0.5413956584026468 0.6256329918196075 -0.4267793311690286 0.36514860412786476
15.14213 1.4700200133890806 0.317757741498762 1.2181343860001361 -0.5403213333743824 0.6266233951974066 -0.42711714336704665 0.3646462986700648
15.14713 1.4681670408786396 0.31854511296200866 1.2182063983551705 -0.5409068370524498 0.6266893165037328 -0.4261737390437758 0.3647687464126366
15.15213275 1.4668419388855332 0.3190516399802352 1.2185436021851117 -0.5406028698355432 0.6262496443303478 -0.4272546370721692 0.3647100152203345
15.1571385 1.465424045406198 0.3199039875713101 1.2188110414249693 -0.5407050745758896 0.6265382002985195 -0.42680133716561414 0.36459364296188357
15.1621365 1.463786212648178 0.32073056965288527 1.2194335037256843 -0.5410783852398796 0.6267399229624695 -0.42693351144631864 0.3635368300397062
15.16713675 1.4622809795543723 0.3213312660933594 1.2198239515097367 -0.5408772342783514 0.6264939476069679 -0.42767641719077115 0.36338689193489676
15.172138 1.4604352258392403 0.3219554291374272 1.2198418995353888 -0.5401284695659287 0.6267070126122998 -0.4275239193635504 0.3643114808497846
15.17713725 1.4592613883604273 0.3225088837505997 1.2209820601283992 -0.5397148661471426 0.6263256319917866 -0.42881545245593455 0.36406232118261495
15.18213975 1.4571698621227083 0.32351186224245365 1.2207180953895094 -0.5402151850825262 0.6268624188349046 -0.42730511872003485 0.3641722081301118
15.187138 1.4545075113343926 0.324186813182851 1.2209697451287576 -0.5414881194222496 0.6269406966146124 -0.42678795612867726 0.36275063053900564
15.19213825 1.4533361504502127 0.3250494899804884 1.2217356376147366 -0.5419349432123909 0.6263841785344676 -0.42695985493172556 0.36284247337345016
15.197137 1.452278759035784 0.32540504104082424 1.2225478771872835 -0.5387650171786051 0.6260527977666529 -0.4299568315108106 0.36459192765373744
15.20213725 1.449966698651492 0.3267264459642534 1.222770441402676 -0.5413534969812558 0.6268097492962009 -0.42704275589007923 0.3628779603877942
15.20713675 1.4483318028818817 0.32751030995252 1.22294703412418 -0.5402027977932388 0.6269476840529169 -0.42752975940010934 0.36377993834779526
15.21213575 1.4464203088603205 0.3281266670414084 1.2233858810372842 -0.5402391255242671 0.6265104413317761 -0.4289162336117588 0.3628459985990494
15.2171345 1.4443374336034227 0.3292098598977557 1.2239816465239195 -0.5411298247497638 0.627375891807019 -0.4272591631718226 0.36197736204264414
15.222135 1.4419784357814562 0.32983879676136096 1.2242329046768394 -0.5414598442250685 0.6276744478509678 -0.4269893201289558 0.3612840227612607
15.2271365 1.4406061644080863 0.3309123935410927 1.2249310267933096 -0.5410838148468844 0.6270045307422333 -0.4276424256336442 0.3622369107885439
15.2321355 1.4385029807256355 0.3317457389081986 1.225231287184208 -0.5408480237501587 0.6268095184270405 -0.42812777382111433 0.3623532145542332
15.23713475 1.4365913812430569 0.3326348477682288 1.2257799513842231 -0.5408109896158924 0.6274079524256462 -0.4279039781046392 0.3616364476459217
15.24213275 1.4344902898701914 0.3333352844691647 1.226044467759154 -0.5407128449263744 0.626932404066573 -0.42839131525846724 0.3620307460341654
15.24713425 1.4325561455970373 0.3344113124650239 1.2266840923608877 -0.5407223610512424 0.627118011843405 -0.4282926594524036 0.3618117263715099
15.25213575 1.4305526721535209 0.33513898559102195 1.226895415536855 -0.5403206882652302 0.6263433662896096 -0.4296276899669728 0.36217066329457276
15.2571365 1.4292629403966317 0.3359398590988925 1.2280008970801972 -0.5379676689530131 0.6261366882061814 -0.43170781926950025 0.36355466387467616
15.26213375 1.426538316324397 0.3373338714920012 1.2277975202876612 -0.540013906864257 0.6268283916744982 -0.4290087067298933 0.3625226576834992
15.26713175 1.4242017338774482 0.3380485624578961 1.2284634200703226 -0.5407082100791922 0.6264372146456928 -0.4294687689598038 0.36161806391281537
15.27213525 1.4217519899547333 0.33896992497536044 1.2287164769996088 -0.5407161623101521 0.6266533169250821 -0.42917290321553303 0.36158300755002926
15.277136 1.4197330623844466 0.34002935631635406 1.2293458166696598 -0.5404967301362724 0.6264419200580428 -0.4296193573118761 0.36174716768610754
15.28213525 1.417432515369119 0.3408550547412594 1.2297042676714862 -0.5412224211484689 0.6257897031626848 -0.4298539351517599 0.36151228567822585
15.28713525 1.4151697659163534 0.3423135385018701 1.2303475169368956 -0.5412009122699644 0.6266774116886512 -0.4287694869932505 0.36129450765395804
15.292138 1.4121701072003863 0.34306035790724815 1.2306355500494295 -0.541339327741142 0.627365453154128 -0.4283649108057385 0.3603717852716496
15.2971365 1.4115669426254305 0.3441308229477537 1.2320517518511855 -0.538856406003021 0.6257287302156052 -0.4312109766914039 0.36353049868356224
15.30213525 1.4081884098554627 0.3448012556726675 1.2315927830517994 -0.541009488280262 0.6252727903952375 -0.4305172523164937 0.36193585984251275
15.307135 1.4058441340784693 0.346280632886086 1.2322480641998206 -0.541355593119769 0.626294012434192 -0.4291046656502065 0.3613296524010281
15.312135 1.4035122487096265 0.3469180345110948 1.2324904975840805 -0.5410197433943796 0.6249787459286814 -0.4308441677580967 0.36203937286395466
15.31713175 1.4022580748094935 0.34776023726283245 1.2336504683782743 -0.5382557398647454 0.6243647032484112 -0.4337753004133288 0.36371481216951435
15.322134 1.399140423006107 0.34887813084655467 1.2333101849872772 -0.541491078435219 0.6247055360803231 -0.4305899467123697 0.36210868942335256
15.327132 1.3963622711563748 0.3501161439856258 1.2339725829096346 -0.5406763909737323 0.6253764130664009 -0.4307137472714212 0.3620207868827866
15.332131 1.3939892148492319 0.3511034912789447 1.2343994281625488 -0.5406054888118508 0.625761637280816 -0.4306969762025167 0.3614805575188533
15.337133 1.3913976930520253 0.35229285717289244 1.2348524082773928 -0.5418575625741046 0.6249101623632367 -0.4303561052014809 0.3614848455637045
15.3421325 1.3891597106443851 0.35309579520558576 1.2352910471250513 -0.5406295762457783 0.6245426254527858 -0.4320678804938279 0.3619164502014558
15.3471305 1.3864592191194438 0.3544076404595855 1.235698226059875 -0.5416607342623598 0.6248351431077013 -0.430764929756107 0.3614225618139465
15.3521305 1.3850109903420684 0.35521957443605756 1.2368833350245683 -0.5383807200544641 0.6242838007275173 -0.43340335794336726 0.3641118863018008
15.35712825 1.3810920347096294 0.35597565027767725 1.236276176327093 -0.54171002301086 0.624473923788506 -0.4317150621353796 0.36083884852272513
15.3621265 1.3799264479260205 0.3576198488147651 1.2377802862871154 -0.5393589729413151 0.624705874939075 -0.432515170779591 0.36299462140615213
15.367127 1.3775949450096587 0.35842205408342925 1.2381972941399846 -0.5390579170164378 0.6235952621328591 -0.4337854046392336 0.363834761766006
15.37212675 1.3740608427476761 0.3596146587093683 1.237987492633911 -0.54169462153143 0.6243031060006856 -0.4312100201244288 0.3617602623093189
15.3771245 1.3726097188484223 0.36050606893100606 1.239052188552248 -0.5387879930838062 0.6232822097087689 -0.4343238394006459 0.3641285323859702
15.38212275 1.3691364730904414 0.3616677395003023 1.2387460739473937 -0.5423370862164878 0.6232786694903634 -0.43188892017985775 0.3617542614792653
15.38712225 1.3667487459895018 0.36265268822102914 1.2391332133971116 -0.5414694998993392 0.6239241544489129 -0.4318830824632082 0.36194810851287224
15.3921215 1.3641358441382259 0.36372517957557776 1.2395620476596605 -0.5413274492699754 0.6248128208651246 -0.43137933319014715 0.36122763245058054
15.3971205 1.3623461092603941 0.36490125976935683 1.240816985483566 -0.5395881654349034 0.6236829028159563 -0.4329492530576259 0.36389448021988663
15.4021195 1.3599356206449444 0.365919878576886 1.2412574018762077 -0.539862907893918 0.6237076732508522 -0.43326055251126344 0.3630730954587051
15.407118 1.3563959480249206 0.3670698731621734 1.2410013031497165 -0.5424293454309982 0.624001355920856 -0.4309781963617819 0.36145609316344
15.4121185 1.3547911940273027 0.3681775721302221 1.2420627896102332 -0.5396914818844292 0.6235954330466762 -0.4331325305297546 0.36367300045729045
15.4171165 1.3513549410250114 0.3693165426873153 1.2418281437373402 -0.5426489806426642 0.6239411435379407 -0.4308250624790972 0.361412920006917
15.4221145 1.3488738625762546 0.37027404215802284 1.2421196117100934 -0.5413748019221614 0.6243057417668856 -0.4317332825510906 0.3616103391474025
15.4271155 1.3465541499052662 0.3712435377097337 1.2426510979249383 -0.5421971871151807 0.6237447714577689 -0.4319433820347239 0.3610949806905188
15.43211425 1.343826613817841 0.37245120651135016 1.2431614660388137 -0.5422775171638938 0.6242999376909036 -0.4312447727993149 0.3608498692128959
15.43711425 1.3412661207134338 0.3737252420369541 1.2436132057266491 -0.5426764805093557 0.6241439949605663 -0.4307593441873576 0.36109956861220543
15.442115 1.338761459750801 0.37459049803577715 1.243800536127692 -0.5416353005231969 0.6249119995432485 -0.431359237385125 0.3606180838179483
15.447116 1.3363844168385646 0.375706682279322 1.2444358545693457 -0.541937433918324 0.6243962905422008 -0.4314721906607973 0.36092220596900715
15.45211775 1.3331705324289547 0.37679133556735644 1.24456957491789 -0.5431546226619044 0.6246152109530623 -0.43086831680356696 0.359432034885494
15.457118 1.3311087846308596 0.3779833513534073 1.2453030875527005 -0.5424531762036543 0.6251168650979312 -0.4305855109446303 0.35995773968794426
15.4621175 1.32974965358766 0.37860499104721007 1.2464435231106616 -0.5388984107993122 0.6243847326044489 -0.43425189220605165 0.3621567376757061
15.46711825 1.3261786437735648 0.38014585500317016 1.2462208741660066 -0.5418820477796304 0.625336856452831 -0.4312182539487743 0.3596783003146227
15.47211775 1.3233996130314776 0.38146235869309775 1.2464933302421364 -0.5428650147466338 0.6251388609995485 -0.4306699795210915 0.3591968109151676
15.4771165 1.321061674090523 0.38261170260251054 1.247006654916951 -0.5422521686042872 0.62475842286627 -0.4312919819486537 0.3600371161538775
15.48211675 1.3191731143765653 0.3837567290318986 1.2479998243676607 -0.5403630495759438 0.6248263366091502 -0.4327478463852882 0.3610112535385429
15.48711725 1.3159919775779574 0.38475386871912426 1.2479468189695326 -0.5411133885495731 0.625495304376181 -0.4317522949434597 0.35991926976309974
15.492117 1.3132090118766135 0.38604352895335275 1.2483085244799095 -0.5424026177568089 0.6257093567010735 -0.4308162185792198 0.3587263399813173
15.497116 1.310515874230755 0.3872676388610852 1.248664274411184 -0.5419677788368032 0.6257532879453488 -0.4310381337502896 0.3590402158273566
15.50211725 1.3080593844522637 0.3886031175718755 1.2489266476505028 -0.542518794761548 0.6255278877525489 -0.4309706895141069 0.35868159104426794
15.50711875 1.3065688148148442 0.3893557326503231 1.2501311844553247 -0.5385145467502939 0.624886910491971 -0.43462496778399207 0.36141329446063375
15.51211675 1.3029403972460147 0.39091748240147023 1.2497906823227662 -0.5419072754714789 0.6259527147518987 -0.4315848228098983 0.3581260174937804
15.5171165 1.3004074395484333 0.39221332207270815 1.2501513560657296 -0.5421047823787154 0.6263054658673775 -0.4312356043604397 0.3576307060064327
15.522119 1.2975974432101403 0.39341370582872975 1.2505509238378982 -0.5420964777258713 0.6259674946078102 -0.43109418249849046 0.358404674003539
15.5271175 1.29509177205774 0.39463339519361995 1.2509685859264645 -0.5416604777230792 0.626395574172425 -0.4314157366197704 0.35792872716062457
15.53211675 1.2924216097470733 0.3959739827989715 1.2513014406391596 -0.5422131053282772 0.6261881397207775 -0.4312966577373047 0.35759831530353864
15.53711775 1.2903394652546007 0.3969255771721892 1.2520913985991196 -0.5401059337418587 0.6261058961543858 -0.43304047023998665 0.3588215967188701
15.542117 1.287401949564561 0.3983869040113607 1.252052183584608 -0.5416960413386578 0.6263513949431708 -0.4317992926882652 0.3574894399624765
15.547118 1.284778833935751 0.399718953679024 1.2525836872053662 -0.5403490591526695 0.6267883915841681 -0.43226014589847844 0.35820437283202233
15.55211925 1.2817992683234773 0.4007976732173953 1.2527224462194417 -0.5416220549201165 0.6265674011663271 -0.4316165181655737 0.3574437335671339
15.5571175 1.2794287377729727 0.40250510053865013 1.2532893271616823 -0.5419276974664954 0.6264716634180967 -0.4314589720275241 0.357338468555763
15.56211825 1.2769174469335967 0.40367911913270665 1.253711520034425 -0.5413618726763992 0.6265054000876452 -0.43205435572278633 0.3574175991390037
15.56711875 1.2742181567929165 0.40513397968391474 1.254075181075664 -0.5419753311892531 0.6261359459786594 -0.43174358030535986 0.35751083675997547
15.5721185 1.2718669766556485 0.40628802493183463 1.2546732394013742 -0.5407812074878855 0.6261061798874661 -0.4326900707050595 0.3582262411492482
15.577118 1.2687508635295337 0.40748566781492385 1.254748120421682 -0.5402791349028335 0.6273966274141394 -0.43246388634828503 0.3569970802437284
15.58211825 1.2663882984339774 0.40905895734899567 1.2551847563941658 -0.5416428372086675 0.6262690526159369 -0.43192858666289824 0.3575581164782488
15.5871165 1.2637630470674608 0.4105056954104013 1.255582932719087 -0.5419402227681182 0.6259076680573821 -0.4319818497277768 0.3576759252714406
15.59211725 1.2612605613709702 0.4117830806313643 1.256030878882087 -0.5411038610796262 0.6261297938377908 -0.432589621165978 0.35781882629739004
15.5971185 1.2586875063874312 0.41308567571979815 1.2563614006108774 -0.5414986959379834 0.6259715387360294 -0.43247470948220856 0.35763727524992456
15.60211775 1.2558855723100302 0.41464366247792855 1.2566438997392313 -0.5426542520607629 0.6262266757648591 -0.431307926870677 0.35684728596331927
15.6071185 1.2535936306013902 0.4160283934000906 1.2573331569154307 -0.5414878639542904 0.6262028550418602 -0.4322290025901178 0.35754575490081686
15.61211675 1.2511260958275712 0.4171952493621745 1.2576459226554897 -0.5407922719242069 0.6250644106707677 -0.4336981903116757 0.35880925414520437
15.6171165 1.2483333829821415 0.4186468869224307 1.2579273704337262 -0.5414797456996793 0.625524971410786 -0.4325994020566792 0.3582959007283637
15.6221175 1.2456833906444928 0.420076263118814 1.2582380970591138 -0.5417541523331333 0.6255989550050839 -0.43240275189664773 0.3579891703369832
15.62711575 1.2434357145165307 0.42138490718045096 1.2588855637490874 -0.5400288720788173 0.6257979549403163 -0.4334011042708261 0.3590393010947784
15.63211375 1.2407772865185729 0.42291099770311735 1.2592001114657754 -0.5411991068091738 0.6250750106210583 -0.4328323812385782 0.359222615709783
15.637114 1.2382905039384347 0.42424346098826615 1.2594509385256687 -0.5413511318784406 0.6247433221256944 -0.43329731990766 0.3590099804101842
15.6421125 1.2356668049270134 0.4257667958441471 1.2599004102560638 -0.5421997470117482 0.6257963083474157 -0.4318573600722687 0.35762778883995194
15.6471115 1.2333287229333805 0.4272803787561167 1.2604467389352494 -0.5415530899766747 0.6253190152227468 -0.4324751620175314 0.35869431857151024
15.65211175 1.2307919842908444 0.42860738248494745 1.260759054837573 -0.5417780106526299 0.625135511736514 -0.4323043564385417 0.3588803735835435
15.6571115 1.2282379824754286 0.4298474293112225 1.261056593782118 -0.5416018231606877 0.6248441370683986 -0.4325807957884663 0.35932036490475294
15.6621115 1.225820575013864 0.4313848952676706 1.2615305194076138 -0.5418949169881736 0.6246381482386856 -0.43229919990117394 0.3595754225084509
15.66710925 1.2234050751264707 0.4328204578432307 1.2619121062031442 -0.5421279913998637 0.6253288675444554 -0.431720130857559 0.3587182417561871
15.67211 1.2212487144116264 0.43425050479430116 1.2624936257358734 -0.5414607017188114 0.6244802249891717 -0.4324285014503804 0.3603475381142822
15.677109 1.2188006309303527 0.43556212278189904 1.2628081353002165 -0.5413286002898358 0.6243061799025545 -0.4326821882964879 0.3605430129328382
15.6821075 1.216433481330697 0.43702334909035556 1.2629781310376074 -0.5419658803232604 0.6247289999469645 -0.43240697456001176 0.35918083125712086
15.68710875 1.2138058258675248 0.43834495747740576 1.2634019865424793 -0.5435832837497543 0.6246326890362602 -0.4309534931051592 0.3586506715393493
15.6921065 1.2117715350129636 0.4398313657696996 1.2638518773690375 -0.5421866551766418 0.6253124377378717 -0.4314444956169212 0.3589897399098561
15.69710725 1.2096317984388278 0.4413094789416404 1.264443352653782 -0.5418091859633848 0.6249510858020083 -0.43189943998238545 0.35964123804631587
15.702106 1.2072887537136878 0.4424658028292754 1.2645811200620534 -0.5412878270112265 0.624778497901042 -0.4323389620461463 0.3601976385081431
15.70710575 1.2055160432939305 0.4436950837092156 1.2653254921270214 -0.5405113797625715 0.6242779548272934 -0.4333794999925188 0.36098018290488937
15.712102 1.2030469899285479 0.4453816719575128 1.2654443131875899 -0.5407918492304921 0.6246755089541189 -0.43275582877843416 0.3606204056581767
15.7171015 1.200714478225342 0.44659138745166177 1.265607836556641 -0.5413349610022827 0.6248820103684505 -0.43238323327313777 0.3598939742463162
15.722102 1.1985704913754438 0.4484065639052358 1.2658477776457662 -0.5406920987710577 0.6246217273235395 -0.433223907008807 0.36030098317647063
15.727102 1.1958577607910887 0.44939073643010957 1.2662572089026969 -0.5416221989105977 0.625815347835229 -0.43172591958573747 0.3586269292997526
15.732103 1.1942194555983392 0.4504134867841654 1.266730414463539 -0.5411183497614223 0.624757402546694 -0.43286024078974833 0.359862656381604
15.7371025 1.1925188850098245 0.45247030863038884 1.2671675639634181 -0.5411356832649952 0.6252814889162857 -0.4322209970737661 0.3596946505086214
15.74210025 1.1899932455982933 0.4533993506727572 1.2674831802799198 -0.5409639471921769 0.6241285737716273 -0.4340371772960491 0.35976834208269587
15.74710225 1.1883875891878966 0.4551349033953218 1.2679443797027183 -0.5414070501993519 0.6251458606787259 -0.4321757472780191 0.35957639290612126
15.7521025 1.1859704974219518 0.4561518144381498 1.2682029357344975 -0.5417243898893936 0.6254881057955616 -0.4317998393072399 0.35895433369926893
15.75709925 1.1841404004196512 0.4574864042153858 1.26864922563137 -0.541143724612984 0.6254896789824372 -0.4322530639157306 0.35928181074735455
15.7621015 1.1827207016544163 0.45913839671518736 1.2690425813888002 -0.5403066107265319 0.624312258203106 -0.4330851414767793 0.36158018598173275
15.7671005 1.1809495446777991 0.4607246799863578 1.269474372376597 -0.5394420413602601 0.6255967693899709 -0.43298923170015363 0.3607648699272392
15.7721025 1.1782252305223089 0.4620454605572115 1.2695957207387893 -0.541151200257669 0.6254983059220313 -0.43240420304139837 0.3590736037924344
15.777103 1.1763075764480333 0.4632127589607273 1.269837586469525 -0.5405965181962105 0.6250877459231002 -0.43293446115871903 0.3599839812437792
15.7821015 1.1753045223257117 0.4645064441947141 1.27058525273457 -0.5397338827220955 0.62521087060171 -0.4334621274568502 0.36042930955149083
15.78710225 1.1736597520289347 0.4660517457959208 1.2710330642218897 -0.5392444869610863 0.6251544837075005 -0.4333271892413973 0.3614205332388208
15.7921005 1.1718265595529211 0.46750141628348196 1.2714645635467317 -0.5388935621738306 0.625202989428277 -0.4335974268255577 0.36153592090939035
15.797099 1.1693493066121268 0.4683893084018447 1.2714845623755953 -0.5401119321347921 0.625634063217174 -0.4328910193705731 0.3598145147937986
15.80209825 1.1675194117585408 0.4701975590469257 1.2718398512105429 -0.5403580485707373 0.6253171914725261 -0.4330087380398113 0.3598541679276576
15.8070975 1.1665116722289846 0.4720719429839821 1.2723187107953042 -0.538632265992068 0.6250775738894634 -0.4340567418197286 0.36159100311478154
15.8120965 1.1648163797869517 0.47265274366310245 1.2728043508843039 -0.538393748551881 0.624756233191464 -0.4344544264045726 0.36202371743594464
15.8170975 1.163242801182465 0.47407927533512423 1.2733080746053442 -0.538505829724895 0.6252652391436642 -0.43418798818707327 0.3612971671422025
15.8220985 1.1609135440393286 0.4750636198456033 1.2731769074802168 -0.5392977498317922 0.6249561258714085 -0.4339963651265699 0.360880773689997
15.82709675 1.1592016330990256 0.47717998244898274 1.2736112662980263 -0.5379872359676714 0.6250273583963675 -0.43506832182775007 0.3614223160430316
15.83209675 1.1583863985262801 0.47827637836937337 1.2741848034712349 -0.537973195841447 0.6249419311287506 -0.4347020371280372 0.36203116190452794
15.83709775 1.1586300425437295 0.4788839668606092 1.2745623131358061 -0.5347235480765711 0.6236945074515495 -0.43951437874152083 0.36318452525765316
15.84209575 1.1553009636537157 0.48072429823576834 1.2750319726014638 -0.5372756301620716 0.625692070133998 -0.4347652377950347 0.36169533949224153
15.84709775 1.1537540453254482 0.4819302427767384 1.2753168326784892 -0.5373811426459785 0.6249216490679239 -0.43578734105599487 0.36164047537585564
15.8520985 1.1522946190102563 0.48345079852187084 1.2757252586223617 -0.5374415630143278 0.6256010362446179 -0.43521423286705735 0.3610657575903806
15.85709825 1.1510250315103725 0.4848823433460995 1.2761919820787344 -0.5374453287795673 0.6258423612181784 -0.4351506290106891 0.36071843250585256
15.862097 1.149943095418579 0.4869253425081357 1.276628470849801 -0.535805421375526 0.6259291901716253 -0.43614127079631126 0.3618093299292694
15.867096 1.1491857543799215 0.4874720524293429 1.2767937855784228 -0.5359688070940959 0.6259789086747446 -0.43586214149230845 0.3618176852093418
15.87209425 1.1474626250679267 0.48900162242378 1.2772326258458482 -0.5350905195103872 0.6259319143296099 -0.43627389263908994 0.3627016200064587
15.87709475 1.1462969124154014 0.49086434095219883 1.2775771807873515 -0.5347924968490063 0.6260714056230986 -0.4368230881550753 0.3622391061575028
15.8820935 1.1450626115086397 0.49179498621323325 1.278066564352741 -0.5351602737704159 0.6258918436650005 -0.43645851478522774 0.36244564597063855
15.88709325 1.1435902013685286 0.49318228792455876 1.2782706575848237 -0.535063547345167 0.6255852804043949 -0.4368527501321566 0.3626427056287391
15.8920925 1.1424263582106473 0.49419368818659043 1.2789026526830765 -0.5356612496035588 0.626821019729538 -0.43549273807063266 0.3612596157697665
15.8970915 1.141976318357196 0.49594317754622363 1.2795674129597274 -0.532851377722487 0.6266235675226484 -0.43767502196000807 0.36311553125244156
15.90209275 1.140162760722365 0.4967846335747367 1.2798955669716445 -0.5336888253738874 0.6277090544586699 -0.43612215437713686 0.3618771159980798
15.9070935 1.139516765592195 0.49844553538226255 1.2801568013979325 -0.5339937760892347 0.6266702522521795 -0.4355735145131136 0.36388288705961996
15.912093 1.138176329417355 0.4991854745858682 1.2805966760221956 -0.5338996951088212 0.6278380854613196 -0.4351615795861068 0.3624980740074311
15.9170905 1.13709765334348 0.5006688171451311 1.2810392508296842 -0.5347382294045667 0.6276165131216185 -0.43463275784038036 0.3622801461333417
15.9220915 1.1362928483672807 0.5016892121054143 1.2814468338193532 -0.5332825934942764 0.6275691380566624 -0.4355988627100789 0.3633459553105305
15.92709275 1.1353773405017722 0.5034281858439164 1.2818682113662174 -0.5336302653282006 0.6273017210064894 -0.4349647776114633 0.36405622228642265
15.93209225 1.1344467201144892 0.5047588419656666 1.2823504332935693 -0.5334210962797461 0.6283166480203914 -0.434417203839418 0.3632654908912694
15.93709325 1.1338499671429854 0.5060107718428459 1.282782167807994 -0.5323809060789659 0.6284397542304903 -0.43472838619332327 0.36420499225437464
15.9420925 1.1320573664962816 0.5071480661579347 1.282886832240221 -0.5336237596278998 0.6289738351233581 -0.4338119310183699 0.36255317733666803
15.94709175 1.1323028953067475 0.5081318344572077 1.2835975378153588 -0.5313241921465571 0.6281926966650029 -0.4359080642192659 0.3647638938343164
15.95209375 1.1312914068992448 0.5097875066235448 1.283924299456154 -0.5323673856095654 0.6288136601898324 -0.4343374546146518 0.364045770497018
15.957094 1.1309791421665982 0.5106742918618222 1.2845891647646699 -0.5302243938356914 0.6292632650964878 -0.43588155921008914 0.36455054755446775
15.96209425 1.1310693660881872 0.5118458302030656 1.2849113333822717 -0.5271213462548718 0.629126026839195 -0.43963657649368565 0.3647783015543712
15.967094 1.1291296105965198 0.5130621284377522 1.2851499774390862 -0.5313378617210881 0.628985482496964 -0.43506356634017707 0.3643858295174081
15.9720955 1.1283872443271195 0.5147544428745682 1.2853313863013358 -0.5318456108351852 0.6300615406565059 -0.4338895466205248 0.3631839238654902
15.977094 1.1277081055796894 0.5158920202827261 1.2855941104287796 -0.5306812006772925 0.6298766452790883 -0.4345846929211202 0.3643748340079544
15.98209375 1.1271886875757136 0.5172006635817975 1.2859324958914147 -0.5303433960999895 0.63007497582068 -0.43464457146378876 0.3644523337211035
15.987096 1.1264543130307698 0.5184180485886454 1.2862411241162204 -0.5298721465299453 0.6307522491827924 -0.43436773278479257 0.36429628216329074
15.992096 1.1259500500572568 0.5197731403750961 1.2866191504861069 -0.5300257550197918 0.6316755268434275 -0.43365773434458993 0.36331762583983596
15.9970955 1.1253677669533622 0.5209361255538553 1.286898096505214 -0.5298219069176952 0.6319915776567737 -0.43353475884850606 0.36321206696800024
16.00209475 1.125695427515836 0.5223281007010103 1.287772696501423 -0.5275485214512264 0.6318875107288323 -0.43512726653135597 0.364794453385047
16.00709425 1.1247562586538342 0.5231538742994986 1.28788815413185 -0.527268307836047 0.6326776248981641 -0.43507745296934913 0.3638883955591787
16.0120965 1.1239237027439033 0.5249758164297815 1.2878315260530449 -0.5286752961925154 0.632398111527596 -0.4344438595141207 0.3630889597089966
16.017097 1.124485962656911 0.5253156539456374 1.2886592128769638 -0.524387358084449 0.6326839673474329 -0.43717050082462067 0.36552817860115083
16.02210225 1.1230296778718494 0.5269425227225711 1.2883618362358469 -0.5267939018859169 0.6332601720462508 -0.4344834933015957 0.36427164792803435
16.02710075 1.1227737763932772 0.528103536380146 1.2887630920894566 -0.526058644349886 0.6336676908249429 -0.4349842370662234 0.36402784757935763
16.03209875 1.122513409103415 0.529428040070069 1.2891171048750238 -0.526233053530447 0.6345379073050676 -0.43445612532297545 0.3628888159399158
16.03709775 1.1217550335729494 0.5310285655485275 1.28912149310218 -0.5271923427780756 0.6347589256089364 -0.4332956870026475 0.3624971554382967
16.04209775 1.1215006109171124 0.5324885623698332 1.2895045364112736 -0.5269244670421962 0.634802947084143 -0.4333510564776725 0.3627432787182545
16.04709725 1.1216864673363522 0.5331609609824577 1.2898473522653888 -0.5250681769119111 0.6349181498949146 -0.4352157085850919 0.3630008808931423
16.05210075 1.1212135301120014 0.5344462317203897 1.290017164024603 -0.5252559029461976 0.6356844838030824 -0.43416728376368263 0.36264341050327853
16.0571005 1.1208546766234502 0.5357635981458764 1.2901103972358472 -0.5264669821448915 0.6358884616322974 -0.43319902689954376 0.3616863063034721
16.0620995 1.120613658046548 0.5371256692549841 1.2902235545971554 -0.5258791635382245 0.6364387334528047 -0.4327034393877401 0.36216650515936355
16.06709725 1.1202735051453607 0.5387997532564383 1.290559568318606 -0.5261296440614048 0.6367119887605537 -0.4324497530075878 0.36162501591023316
16.07210075 1.1206713748392034 0.5395398697571991 1.291081951239169 -0.5245262065309679 0.6364271377888137 -0.4339746151890026 0.3626276193559004
16.0771035 1.1207522732273174 0.5409998007089875 1.2912226779463023 -0.5229998792343707 0.6367099013443106 -0.43514500297980085 0.36293312639198544
16.08210475 1.1201900585144362 0.5422561183859766 1.2911378989849558 -0.5252384820974636 0.6364665893166752 -0.43335226606057176 0.3622714881241948
16.0871075 1.1211658987404647 0.5437956902839939 1.2921834784840827 -0.5228745964750685 0.6369265071115301 -0.43451323103404926 0.36349007270638245
16.09210725 1.1215192646034966 0.5445878472334492 1.2919835200444048 -0.5199940105132546 0.6378994995707382 -0.4377776100066142 0.3619961624860684
16.09710575 1.120609211134445 0.5458319050515213 1.2920607293323843 -0.5223183082260198 0.6378629624485105 -0.4344361018916235 0.36273916165962783
16.1021125 1.1200518679144147 0.5474229249136678 1.291863776943426 -0.5249779549387195 0.6372399031996459 -0.4325592081857501 0.3622374690892461
16.1071095 1.120235719640877 0.5487677125138287 1.2922300270272042 -0.5243745614812904 0.6389025207367127 -0.43210144270505885 0.3607259783821863
16.1121095 1.1207185234393233 0.5496810925081441 1.292667106584903 -0.5237992308232584 0.6380239077542379 -0.433229695881354 0.36176220024972777
16.117111 1.1208127713529619 0.5512302171056201 1.2928112228920208 -0.5233186966016766 0.6395581238533509 -0.4326765157553669 0.36040807526205637
16.12211025 1.122119273503848 0.55227583594771 1.2935634263354499 -0.5203757616788915 0.6393131336826439 -0.43501063295913367 0.3622892945844319
16.12711325 1.1230934019380505 0.5530353059663371 1.2937017697156459 -0.5197862859036049 0.6385769092332975 -0.4360950475703125 0.3631292572421448
16.132114 1.1247219886801278 0.5541677046900542 1.293730590101083 -0.5145645527152373 0.6406027457361477 -0.4413683914138713 0.36061806153464904
16.13711375 1.1225275482431116 0.5565219472940367 1.2938087266357987 -0.5206857238882246 0.6404998493796497 -0.4333614138728446 0.36172393458239777
16.1421145 1.1227727139177883 0.5576606855310529 1.2939340277497577 -0.521000830563701 0.6406655134240923 -0.43333912831765115 0.3610028176204119
16.14711275 1.123202611729015 0.5588957420209894 1.2941813551308572 -0.521051212670703 0.640871028960823 -0.4331643069941404 0.36077505617679817
16.1521135 1.1241335579858354 0.5599595943411005 1.2947809754858732 -0.5190004466533156 0.6410380612269845 -0.43543800923232817 0.36069721449963343
16.157115 1.1238691260750515 0.5621284847050104 1.294143637174488 -0.5219865588120147 0.6412223041076087 -0.4315965521080441 0.3606777028636077
16.162114 1.124268462637293 0.5634085710236195 1.29439953797853 -0.522096076689512 0.641865148409967 -0.43077059617228425 0.3603630272869913
16.16711425 1.1248880934676384 0.5643616573054865 1.294592619528085 -0.5217257690684395 0.6414441211051406 -0.4319924323925156 0.3601863403090086
16.17211625 1.1255086474872678 0.5655726303452988 1.2948683601288877 -0.5217551087021919 0.6410361988166292 -0.43219275537139373 0.3606294782104947
16.177118 1.1262413152201614 0.5669446068768016 1.294920011417055 -0.520671116847765 0.6414546620430811 -0.432085914928344 0.3615788527337203
16.18211825 1.1272586013014332 0.5678328552342092 1.2954906310498708 -0.5195365524684441 0.6415942529897247 -0.43338135687120677 0.3614127622210267
16.18711875 1.1277322022144913 0.5691238013821309 1.2957958764691655 -0.5192501193786209 0.6426087803317726 -0.4325309361049237 0.36104052165650036
16.1921185 1.1285668952716188 0.5702166502295957 1.2959677922466306 -0.5195214469390164 0.6422704934329229 -0.4331047671150703 0.36056391962871326
16.19711725 1.128953935822682 0.571701499427166 1.2960368561223476 -0.5205884323023172 0.6429580343667377 -0.43126931702415194 0.3599992033182825
16.20211625 1.1301164161152382 0.5751409832961082 1.2966571082910192 -0.5228553119551647 0.6425309382572661 -0.4280204462613968 0.36135137155502717
16.20711625 1.130850114408201 0.574129734579734 1.296701944826791 -0.5192508885386103 0.6436017685779303 -0.43199189081617007 0.3599142738268292
16.21211475 1.1312770551359908 0.5755100321806784 1.2966315113134543 -0.5208353680833174 0.643751512661988 -0.4305293427004409 0.3591086108308233
16.217114 1.1324481559555468 0.5767861898387956 1.2971714197843485 -0.5201577473365834 0.6436753821222954 -0.43076112063931643 0.3599482980665533
16.22211425 1.1329082866623519 0.5779662548761699 1.2970665646443331 -0.5215700240021266 0.6436840127048985 -0.42989564726825474 0.35892246281104984
16.22711325 1.1341661810708819 0.5794429821558303 1.2970948756745633 -0.5198398661107935 0.6445949853173778 -0.42960890317412936 0.36013887435144176
16.23211175 1.1345926161727131 0.580448272181688 1.2975125923019566 -0.5203046103298397 0.6461458426990775 -0.4285529077514504 0.35794003365087496
16.237112 1.1360078329803611 0.5814189780692139 1.2980458999228282 -0.5192777117202896 0.6461558841389583 -0.4291043152001527 0.35875161069986744
16.24211275 1.1368144797724824 0.582740999133893 1.2982454159825707 -0.5206299356818342 0.6463735416407551 -0.4282137228010019 0.35746149770796687
16.2471115 1.1378527962162668 0.5837625641458329 1.2984953657248355 -0.5203327807946747 0.6462148232444418 -0.4283843392183163 0.35797633631585507
16.2521125 1.1390223524911964 0.5846503992347034 1.2986151910299535 -0.5195268296777491 0.6461699121295374 -0.4289093901590338 0.3585987352695191
16.2571145 1.1401800854404902 0.5858545232708238 1.2988712275278178 -0.5191483219746897 0.6463371856974478 -0.4290859692749863 0.3586342052104234
16.2621145 1.140797098657981 0.5870038094627282 1.2994493136836194 -0.5198246041876426 0.6472734625686317 -0.42837297115829126 0.3568137372868266
16.2671145 1.142214661773609 0.5879059520374138 1.299604698667402 -0.5185005771488131 0.6468987415247104 -0.42895002590625464 0.358721403020669
16.2721135 1.1435215217500576 0.5885470127769076 1.300038466918751 -0.5176167593378829 0.6476450209513669 -0.4297899586989554 0.3576442487878171
16.277114 1.1447753710214734 0.5894627856509123 1.30067512814378 -0.5172752583001875 0.6483365940531262 -0.4293871475956562 0.35736906055467693
16.28211575 1.1469013469855056 0.5902002511491894 1.3010487002115496 -0.5141781049285179 0.6481991364709131 -0.43347825753092506 0.3571489271136536
16.28711525 1.1479929047364938 0.5910086346165456 1.3016981203100877 -0.5141031006747774 0.6479673131533222 -0.4319366917290933 0.3595372822108581
16.29211325 1.1490072084748315 0.5918565233017836 1.3020640367046148 -0.5142076986502827 0.6481611685134474 -0.431693163112185 0.3593307045080602
16.29711525 1.1491502177302138 0.5943879711635656 1.3021412030898247 -0.518146937620872 0.6493570550697473 -0.42706540591815634 0.35703543960399453
16.30211475 1.1497872007008014 0.5944690778057744 1.3021347738415399 -0.5175829421474478 0.6497130968733769 -0.42765013055261797 0.356505477640283
16.30711525 1.1517530364653963 0.5953443309159451 1.30293876661827 -0.516126274767461 0.650338035041823 -0.42809746257774073 0.35694071105311553
16.312115 1.152756060475231 0.5966065822159017 1.3033072579204936 -0.5176664661283185 0.6497132903360903 -0.42703187333938253 0.3571244171981624
16.3171145 1.1535039324917946 0.5968035212096249 1.3034766117699927 -0.517003443136675 0.6500455409935699 -0.4276049358395325 0.356794413163756
16.32211575 1.1546304577863493 0.597558679471089 1.3039904300115441 -0.5166284550896193 0.650176175152971 -0.42760251721102027 0.3571023213729723
16.327113 1.1557325579768942 0.5981821049439217 1.3044246732931644 -0.5156434434947281 0.65068581017157 -0.4278206757174007 0.3573363752138504
16.33211375 1.158295876684667 0.5987014869169538 1.30553661169178 -0.5113761705216556 0.6500433497726515 -0.4314834723829088 0.36022224903432076
16.33711275 1.158158168240529 0.5997529427817425 1.3051843656297892 -0.5149169621626062 0.6501105395684234 -0.42830758181571904 0.35884456771485046
16.34211375 1.1611049306081127 0.5999175989956008 1.3064950603807362 -0.5083719446902794 0.6506602024253915 -0.43466849722676476 0.35953103391807206
16.34711375 1.1607677424710152 0.6009726461618503 1.3072217401130122 -0.5100960532130997 0.6510767112040339 -0.4320327672688187 0.35951192001129
16.35211275 1.1604648655407357 0.6024312463019414 1.306841220148568 -0.5135191119233508 0.6515971263320126 -0.42818853525989437 0.3582930154458814
16.357114 1.1621443039873336 0.6025879817309624 1.307465940941754 -0.5135663198985572 0.6514382346967094 -0.4281259056910721 0.35858899915821024
16.36211375 1.1632535819819312 0.6031675606328637 1.3080311844962564 -0.5133406665261138 0.6513508166342633 -0.42846373497255535 0.35866739686479915
16.36711425 1.1644682584122499 0.6038419455743421 1.3088047144940436 -0.5120941172471244 0.6525097947998346 -0.42853994735289885 0.35825144283581145
16.37211625 1.1654573254802998 0.604336185023299 1.3093627061111885 -0.512107642105383 0.6520160269380371 -0.42882603828848703 0.3587883671455959
16.37711525 1.166561963927499 0.605179307494479 1.3098415143153832 -0.5109800132237765 0.6520884913474664 -0.42935746224121585 0.35962785647916307
16.38211425 1.1669848814751196 0.6052951363177119 1.3100101212944026 -0.5110508375904668 0.6522202724495352 -0.4299254571927923 0.3586082247544036
16.38711525 1.1688696835640917 0.6058600843997863 1.3111396489130975 -0.5102919588833121 0.652500296147753 -0.4301420623382893 0.35891960998737615
16.3921145 1.1697800063296224 0.6066439407887126 1.3116185118543964 -0.5097013646607559 0.6522011800656823 -0.4309771672623564 0.3593004604539348
16.39711325 1.1718616901509447 0.6065965200351038 1.3125599272828616 -0.5060182232796545 0.6507654294660185 -0.4344500017244425 0.3629092304178035
16.40211375 1.1719332765139587 0.607443316514396 1.3127392261653998 -0.5075611931289976 0.652309575906892 -0.4319981509926713 0.3609036574330498
16.407113 1.172231136392994 0.6079005077541441 1.3130884905915858 -0.5075732875065958 0.6532788260776257 -0.4316874490031724 0.3595025446106317
16.412113 1.17309521947462 0.6081625371176357 1.3136355430319067 -0.5075894357035396 0.6547887957414743 -0.4309826358999351 0.357573160746631
16.41711125 1.1752853164709314 0.6079827371604714 1.3152260777968405 -0.503583033105556 0.6538869267280343 -0.43543165118529553 0.3594931055923354
16.42211275 1.1765007894853632 0.6080282283611892 1.3158768329947226 -0.5013480145778526 0.6531192005349092 -0.43759677215353615 0.3613786700571748
16.4271115 1.1784833256337588 0.6082675731022248 1.3164503173977364 -0.4975782528727893 0.6528607825831505 -0.44192263381781655 0.3617914683246452
16.43211125 1.1788373412215125 0.6085285293687993 1.316688743058943 -0.5006118917836079 0.6537480332673186 -0.43808280918835596 0.36067255939090886
16.43711125 1.1798630718758485 0.6086387709119734 1.3173862320290992 -0.4997905366137084 0.6533938786470983 -0.43942546204318117 0.3608200689623835
16.44211125 1.1807041764265034 0.6088442649561353 1.3181106017210877 -0.49906196216991155 0.6540214594087582 -0.43954699126185437 0.36054338299379035
16.44711075 1.183784353241298 0.6082246959965166 1.3188614502251652 -0.4925088954170434 0.6546106735944929 -0.44711750188198623 0.3591737649969161
16.45211375 1.1811142834573753 0.6100142086253829 1.3188881869616538 -0.4996086759900499 0.6545865203152935 -0.4389090420515642 0.35953652262651076
16.457112 1.1829107663683693 0.6096856903634139 1.319562073495418 -0.4963833647570126 0.6548653518950093 -0.4425826706338263 0.3589923477381687
16.4621135 1.1829490548606731 0.6098882786294724 1.3203216112480862 -0.4991616711811843 0.6551895686738933 -0.43922357126286976 0.35867382058301334
16.46711 1.1835442949859205 0.6094999629710364 1.3207699200004195 -0.4992640736120578 0.6540903406802685 -0.44046323999718356 0.35901719351619843
16.472109 1.1847063215576463 0.6094622744410965 1.3215642014944786 -0.49686333615930456 0.655660629271837 -0.4414127296984702 0.35831657296816444
16.47711025 1.1855411781307283 0.6095792492930409 1.322498597095332 -0.4952993409674412 0.6565962643874584 -0.44150819704582017 0.3586508335010563
16.48211 1.1859838392287236 0.6094323807585297 1.32327835136056 -0.49481709168680266 0.6569232958600499 -0.4420749112467012 0.35801899667085413
16.48710875 1.1871602975067128 0.6092350493167792 1.3239929107440331 -0.4936413970011239 0.6571100403071464 -0.44287357950396067 0.3583120967420275
16.49210975 1.1879511417160526 0.6090230936638872 1.324742763927844 -0.49249940102426576 0.6575672509309948 -0.4434937354293984 0.35827776532834454
16.49710925 1.188745759073504 0.6087005206669915 1.3253553540826835 -0.4917306560950224 0.6575370900380865 -0.4446200769545065 0.3579929108929016
16.502106 1.1894168092810236 0.6085870313143862 1.326086045657215 -0.49053366592111836 0.658543734583771 -0.44456714593877894 0.35785042264932015
16.507104 1.1902726140378048 0.6084976598599817 1.3268013210267946 -0.489754701401999 0.6588709026689523 -0.44491073869489867 0.3578881119355577
16.51210275 1.190673219097483 0.6079099019858621 1.3273303306218565 -0.4885571810591765 0.6596853332246261 -0.44562322381038494 0.3571373466394473
16.5171015 1.1914498127212307 0.6075962759512532 1.3280699092051675 -0.4880744933472059 0.6597307361029079 -0.4461371590557856 0.35707181363783946
16.52210175 1.1922267436993508 0.6071561813167945 1.3286864703549128 -0.4869678903303967 0.6596103315481898 -0.4474446902647286 0.3571690544489413
16.5271005 1.1938092973922538 0.6063393841995967 1.3297260667825808 -0.4844241417285436 0.6585299744158236 -0.44993191187866943 0.35948963598365935
16.53209975 1.194317013692825 0.6061075079426652 1.3302612211535336 -0.48349703600953914 0.6594858434094053 -0.44986973377581024 0.3590630322729664
16.5370995 1.194490782877807 0.6060266028627078 1.3308648426880283 -0.4819403209058945 0.6606760408709035 -0.45011044586915205 0.3586659763955106
16.5420965 1.1951576733011817 0.6054241648699727 1.331438778321914 -0.48096125299600706 0.6610526227520978 -0.45104978442548105 0.3581058433463641
16.54709375 1.195384749417807 0.6053845572838872 1.3320444117571142 -0.4817445905502862 0.6616875028686083 -0.45033323759651994 0.3567797263563037
16.552092 1.1960088101209025 0.6046667147442749 1.3327753384018202 -0.48013242751820734 0.6612731718341479 -0.4520721701016697 0.3575211843757597
16.55709475 1.1965913888741453 0.6041995246622726 1.3334065896647018 -0.4788719460216214 0.6617283720577326 -0.4528239562231987 0.35741808235966316
16.56209225 1.197042633664609 0.6037035750605073 1.3339616640899228 -0.47803288638442887 0.6620422824735104 -0.453366274551874 0.35727244065445524
16.56709 1.1974074297127628 0.6033131548989342 1.334538420455213 -0.4772015019518995 0.662814451837112 -0.4533483873840645 0.3569747450828814
16.572093 1.1978024589900238 0.6027893034417483 1.3350487654137062 -0.47625374807840803 0.6632089795804498 -0.453942272682046 0.3567528975599014
16.57709075 1.198259493423327 0.6024235423170983 1.3353949825846185 -0.4746116353973083 0.6637957607368388 -0.454782854222233 0.3567793983384873
16.58209025 1.1991427694091839 0.6012244465294404 1.3358608793047528 -0.4738264280987091 0.6630363536384192 -0.4564257397501956 0.3571370239593968
16.58709225 1.1994999190674323 0.6006682075137164 1.336312088997622 -0.4728368800545392 0.6633452147591254 -0.4572628767772164 0.35680396920141366
16.59209225 1.1992207625118565 0.6005999815770956 1.3368501784986448 -0.4718587182254023 0.66481882670226 -0.45704246078347194 0.3556367061172106
16.59709025 1.1989548672632226 0.5993856963347921 1.3369801326052646 -0.47220644386950855 0.6647556983864557 -0.4580249871892083 0.3540254891122583
16.60208975 1.1992267086149928 0.5988528780081249 1.3373510087482379 -0.47111551738465574 0.6651423183655469 -0.4588281627950617 0.3537125706344089
16.6070905 1.1997746025574898 0.5990275244441968 1.3376953069559399 -0.4703677870642785 0.6655229606195475 -0.45888726499772436 0.3539149782127819
16.61209 1.1994801395074388 0.5980582797022418 1.3378470116712844 -0.4703085173719229 0.665906695765741 -0.45939416029110863 0.352611934727405
16.617088 1.2001025003642674 0.5977178046999405 1.3382349669142903 -0.46811590778404255 0.6665679229319831 -0.4606533041294215 0.35263753968105876
16.62208825 1.1998014049873145 0.5967205450920077 1.3383691016432036 -0.4679948175238616 0.6669228964192659 -0.4612906330133048 0.3512914073767376
16.627087 1.2004049999478001 0.5965101306331081 1.3387363636181242 -0.46610427958861195 0.6673341888424505 -0.46245524426133433 0.35149257176554843
16.63208825 1.2008613021140901 0.5959330708152266 1.339261862854869 -0.463826081845026 0.6673503203590346 -0.46422090580172903 0.35214750649920434
16.6370895 1.2009459875861854 0.5952455342494393 1.3394780911028807 -0.4627747949221618 0.6676720185276023 -0.4654269478459964 0.3513279395077888
16.6420885 1.2010563797493767 0.5946684611686771 1.3396490310468114 -0.46161535014115895 0.6679982165367191 -0.466463005467736 0.3508588259511576
16.64708775 1.201154138800509 0.5941090152817459 1.339761325171033 -0.4605652793031713 0.6683100013361055 -0.46743428066943626 0.3503520499006297
16.65208825 1.2008362675295063 0.5931811222678111 1.3396469645985967 -0.45860226678531923 0.6696850642813058 -0.4686914439200193 0.3486175640642303
16.657089 1.2013777334179516 0.593630266544237 1.3396506091143767 -0.45787525323539524 0.6698345113346817 -0.46794267477770896 0.35028792874082043
16.66209275 1.2013897340291149 0.5930866360736589 1.339697642806273 -0.4568482942046271 0.6702037254046194 -0.4687905271005625 0.3497885707636384
16.6670945 1.2015963523295699 0.5926038092329455 1.3399322887202068 -0.4553932098829789 0.6702397128666828 -0.4700526047890366 0.3499232779051796
16.67209625 1.2009754428330635 0.5913923641716731 1.3397261238748706 -0.45557276491286997 0.6705920633985025 -0.4710095578672149 0.34772077414832797
16.67709675 1.2005181677818018 0.5902936099024361 1.3396895554697084 -0.4565123732865982 0.6705571519283424 -0.4718448145289456 0.34541573507316164
16.6820955 1.2008765319606343 0.590043981958335 1.339874089146481 -0.4548910085161804 0.6710272603097075 -0.47276490742167915 0.3453837410807747
16.68709625 1.2009721227599488 0.5892691269436721 1.3400069372646004 -0.4530576157893922 0.6713602392748425 -0.4741823175294523 0.3452033540370886
16.69209375 1.200425149470566 0.5882601146736435 1.3396791711121223 -0.4528964024174003 0.671766788979578 -0.47485433559525975 0.34369694480432567
16.6970905 1.2008640649244704 0.588240360201883 1.339656987164842 -0.4504985492035208 0.6726254017111518 -0.4752063080199286 0.3446811438946198
16.7020875 1.2005952085471792 0.5876103887606936 1.3394362259034898 -0.4496962565594651 0.6731405398157517 -0.475813140348027 0.34388507668276425
16.70708575 1.2007823104839233 0.5872890915632776 1.339396550479995 -0.44858996712602844 0.6731344778484307 -0.47667764017192965 0.3441445095969278
16.71208425 1.2002980959882308 0.5863285410014851 1.339076773987654 -0.44826971244183134 0.6733830679908702 -0.4774599207701307 0.34298911456298625
16.717084 1.2005226359163492 0.5860000096432492 1.3391429919715783 -0.4468268872136936 0.6738132432031616 -0.47868107439451413 0.34232422520685235
16.722086 1.2002225831627156 0.585563705820584 1.3385306232373662 -0.44717366548869053 0.6743581403526376 -0.4783660801651888 0.34123702141024087
16.7270845 1.2003041082386507 0.5847861352269919 1.338557288517795 -0.44564858356847675 0.6743193849840512 -0.47980177079821873 0.34129308187690377
16.73208475 1.200092935557942 0.5840999800974145 1.3381124853057245 -0.4448947652164023 0.6750155618409698 -0.4802343521638734 0.3402904732097375
16.73708875 1.200090025218019 0.5836235588087522 1.337990861997767 -0.44395087892761165 0.6753529138923542 -0.48074872243117717 0.3401275123792523
16.74208725 1.1999916791095477 0.5831173698954492 1.337600096725308 -0.44323657571831715 0.6757655648573905 -0.4812354819898449 0.3395506592137231
16.74708525 1.199566883881871 0.5822766225613931 1.3369601448966069 -0.442985630170837 0.676165642143309 -0.4816220058372324 0.3385321245323611
16.7520855 1.1997243286066546 0.5820747304598365 1.3365260282714733 -0.44225752571146904 0.6765307339205842 -0.4821162107751039 0.3380508930920031
16.7570845 1.199288742682036 0.5813315509513872 1.3354776496167426 -0.44112758930758184 0.6771631045994917 -0.48258775791947184 0.3375879672427863
16.762082 1.1992319026002718 0.5809139991238557 1.3352088285901051 -0.44052809211232297 0.6777243363109289 -0.48291890637890317 0.33677003116903337
16.76708275 1.1993656835063693 0.5807032253724211 1.3345750531223544 -0.4409987301425392 0.6779799840498196 -0.48260705042055557 0.33608584636197575
16.772085 1.1990924895910031 0.5800567264966437 1.3338291160236024 -0.4393261742681131 0.6790328106668306 -0.4832606746680321 0.3352104935115338
16.77708475 1.1992537739268738 0.5797269919910598 1.3332730398011963 -0.4397053149986665 0.6787162512811802 -0.4832671605691491 0.33534510243058213
16.78208425 1.2000923636654586 0.5790835390763954 1.3333435240661302 -0.43689849322103935 0.6781239904780995 -0.48559286018321757 0.3368488300385296
16.7870865 1.199190926482416 0.5787511618949872 1.3319585442366308 -0.43845719470777383 0.6791676589798182 -0.4841846358758063 0.33474141928759815
16.7920875 1.1999464368060835 0.5781931194016916 1.331893961783477 -0.43611485067959 0.6787235893295026 -0.485944319765744 0.3361491401027289
16.79708475 1.1990127248716558 0.57777914527505 1.3304833498882627 -0.43755707805262345 0.6798823008453218 -0.48432579141200355 0.33426394992050534
16.802085 1.1989295393174724 0.5774369903696432 1.3297022909712577 -0.4370276933068784 0.6803647055434612 -0.4843443326481795 0.3339479452927026
16.8070835 1.198685723166862 0.576877173297837 1.3287603125471987 -0.4358982929416232 0.6813625107273373 -0.4844775428501995 0.3331956147066632
16.81208225 1.199560669771393 0.5762245812441589 1.328592968752184 -0.43376244314354423 0.6808218241878593 -0.48640134021985937 0.33428359645663674
16.8170825 1.199567116206084 0.5757551147856423 1.3277677914675567 -0.43334909834881274 0.6812252529566517 -0.4864236566408367 0.3339651777574638
16.82208125 1.1994687243963191 0.576494019386545 1.326204562571495 -0.4337235232027459 0.6828419970979788 -0.4833509597079209 0.33463795685676895
16.8270805 1.1990155711435522 0.5750176180080286 1.3252733598879092 -0.435088630483051 0.6821079082700593 -0.48519268437419 0.33168470590245075
16.83208125 1.1989867111471764 0.574431457633213 1.3245058934197778 -0.43281712396611205 0.6835563433534587 -0.4851364230207976 0.3317570100563626
16.837082 1.1990262203553184 0.5739813131297379 1.3235054984869887 -0.4326678219047649 0.684000406407623 -0.48511865828215184 0.3310617575452014
16.8420825 1.198814711330715 0.5736992622427186 1.3222326156758453 -0.43343533664179706 0.6847678958561977 -0.4841131989349334 0.3299411286455106
16.847081 1.1991310893545106 0.5732699595228229 1.3213581380106483 -0.43387721312931204 0.6844723034537751 -0.48396009555185354 0.33019820660516225
16.8520785 1.199138497335965 0.5726178890412439 1.3200701955757075 -0.4332611863113592 0.6836677142944271 -0.48467471876377377 0.33162270407612965
16.85707925 1.200046393709719 0.5732059552690435 1.3194040742566138 -0.43091990742466196 0.6858985440892108 -0.4833141808323173 0.3320521392911176
16.8620785 1.199417790103712 0.5719053860198161 1.318112772600228 -0.43298378488639266 0.6862714262489534 -0.4833094703114215 0.32858564704955445
16.867077 1.2001790949730977 0.5723067823329793 1.3170106544088518 -0.4304723547329439 0.6871373161932287 -0.482758726730114 0.3308774278662123
16.87207575 1.2001979669122402 0.57193715986882 1.3157373790441151 -0.4308812278476534 0.6877069407513636 -0.48197227929645836 0.33030781571236834
16.87707725 1.199647971021932 0.570570592456567 1.3144833075802007 -0.43223672958072357 0.688409289424705 -0.48194150710024763 0.3271031084674602
16.88207525 1.1998674840187384 0.5705703873348698 1.31345209072567 -0.433128367883365 0.6883090273076911 -0.4812956800059466 0.32708556719770765
16.88707625 1.2002120593564136 0.5698525085753289 1.3123660413906588 -0.43162014023819634 0.6885045156751997 -0.48214127815916796 0.327422318009421
16.892076 1.2000770921596908 0.5695243884681082 1.3109185829914638 -0.4319990200529261 0.6896376309378559 -0.4808351276787406 0.32645729377347693
16.89707675 1.200386619987061 0.569349515213302 1.3098481118865068 -0.43221622860036024 0.6897715781000983 -0.4804594630581031 0.3264398966696636
16.90207725 1.2011542919168163 0.5697509529186131 1.3087275778726584 -0.42980126026660687 0.6903735192881906 -0.47988103333713983 0.3291951919183419
16.90707825 1.2013489741497039 0.5695489727569305 1.3073026116412352 -0.4299658679243984 0.6907878621228006 -0.4792211284129152 0.32907232038942696
16.9120765 1.2009273043738766 0.5681625414567459 1.306142478307847 -0.4312391227939491 0.6908882237685459 -0.4796573696911293 0.3265502854551444
16.917077 1.2014938991177424 0.5679624926245446 1.3050745045064727 -0.4311858115461599 0.6909953515139157 -0.479451805852297 0.32669586157833563
16.92207775 1.2016993722053437 0.5675003293328783 1.3038317803896422 -0.4305660777888455 0.6916007950902184 -0.47920294982162603 0.3265971919205058
16.927077 1.2016180189448555 0.5675424456956791 1.3024125891763965 -0.43281584413042534 0.6924068223542168 -0.47710462262021996 0.32498371728660624
16.9320775 1.2021572786493933 0.5673087108676507 1.3013102591582988 -0.43202378011580034 0.6937766200148543 -0.4761674902273485 0.3244903329620268
16.937078 1.2024116071265747 0.5666979700056232 1.299985985942494 -0.4309747974442097 0.6937695385047579 -0.47656961907384343 0.32530900631035314
16.9420825 1.2026352355462717 0.5662891466253441 1.2987323008752787 -0.4315515992562777 0.6940789983152666 -0.47593774866167987 0.32480889870180063
16.947082 1.2031277576434327 0.5661167731397826 1.2976187844053726 -0.4309826986263803 0.6948875787315367 -0.47563492134583 0.32427856544287825
16.95208225 1.203286188161711 0.5657668379999288 1.2962485912537294 -0.4293293118243513 0.6964728825387213 -0.4751201567166953 0.32382511109877893
16.95708525 1.2039099778060751 0.5655184081752759 1.295145273194286 -0.42886975056198146 0.696937043255157 -0.47504634448086624 0.32354360662363457
16.96208425 1.204065220097161 0.5654439092763812 1.2935964780755356 -0.4313794801098222 0.6971080576984273 -0.4732943693358188 0.3224043113655821
16.96708275 1.2048407652933288 0.5651240298365648 1.292708504069968 -0.4304190485754762 0.6974104415938231 -0.47359632107127236 0.32259051946243994
16.9720825 1.2047402302922399 0.5650918642114684 1.290996425820488 -0.4297821500730462 0.6988177495038548 -0.4724282906089305 0.3221064524179562
16.97708225 1.2051355774032604 0.5649801828463723 1.2898238401186963 -0.4298956180365406 0.6997803760929948 -0.47169430833919684 0.32093872048809324
16.98208125 1.20588768054472 0.5646774539632362 1.2888938677250472 -0.4296724630170926 0.6994351630574717 -0.4719755387460572 0.32157599106426205
16.98708275 1.2063050119970025 0.5645862784166212 1.2875116887399884 -0.4277859389223903 0.7005767209892091 -0.4719424363762053 0.321654760909252
16.99208375 1.2064615824144262 0.5647175118860347 1.2859697441055904 -0.4288717932757284 0.7017283392926478 -0.4701048586908417 0.3203868670861947
16.99708175 1.20700571550497 0.5645019960806842 1.2850261989566714 -0.42979404667579524 0.7012935191882769 -0.4700381486770233 0.3202008997096088
17.0020815 1.2073326255301615 0.5646496758878662 1.2835679328768077 -0.43026194302295834 0.701830564656479 -0.46891451550197943 0.32004327215490763
17.0070825 1.2075434324668544 0.5647197435757252 1.282248945383525 -0.4290169723484914 0.7028725890821539 -0.468643866810721 0.3198241502053565
17.01208225 1.207777741060803 0.5646578019765813 1.2809045410742685 -0.42927169317261105 0.7032940881911313 -0.4681300689450204 0.31930780996658287
17.01708275 1.208458513808981 0.5647413417675203 1.2798213962939111 -0.42994536660752997 0.7029537781366595 -0.46763227752154835 0.31987969700517466
17.0220835 1.208849081768885 0.564730889206114 1.2786018875944658 -0.4298002234279809 0.7027599443140651 -0.4677348289076095 0.32035036824657975
17.02708225 1.209431734769328 0.5647689757210087 1.277511015914866 -0.42889369589190635 0.7030058493336301 -0.4680899062391068 0.3205071186478494
17.03208225 1.2098036365626539 0.5649491234536161 1.2763066358924635 -0.42877094814870703 0.7033295598158119 -0.46774606373423117 0.32046314011768606
17.03708225 1.2103317494585424 0.5650048877633382 1.2750381876513985 -0.4281619349912365 0.7038439086923851 -0.467525129327786 0.3204705338533056
17.042083 1.2104008844244207 0.5650158603446083 1.2733800786154144 -0.42832905172737185 0.7033028066451058 -0.4674653128389192 0.3215207099143985
17.04707975 1.2116080765971105 0.5664340648037754 1.2725051503625227 -0.42702848793406045 0.7048421841290291 -0.4653974622565556 0.322876707258557
17.052081 1.211592792867618 0.5656770316068686 1.2713814921774291 -0.42854851353120976 0.7042484150438678 -0.4661382755532129 0.32108480113930576
17.05708025 1.2124262402514059 0.567170972371995 1.27007813958092 -0.4271691290777886 0.7057062782508573 -0.46350312687910555 0.32352748781755675
17.0620835 1.2129769910165906 0.5673321882424401 1.2688240963199922 -0.42707711947946075 0.7058404069368541 -0.46339209700298273 0.32351540672357604
17.06708125 1.2135696798093165 0.5675108761692753 1.2675512534505717 -0.42698327638977734 0.7056310196059711 -0.4636655715035424 0.3237041607016845
17.0720795 1.2133625458731003 0.567035410851297 1.2661537598994173 -0.4274483053571048 0.7061279566699589 -0.4641466017168763 0.32130855446303264
17.077081 1.2140654319542856 0.5674227048406354 1.2651174689768296 -0.4283652969712811 0.7056722448024572 -0.4635009101602424 0.3220198154567418
17.08207925 1.2144401021763465 0.5676621933267434 1.2636386451617367 -0.4291979484057136 0.7053756608512972 -0.4636192507126494 0.32138993221873596
17.08707875 1.2156261662596575 0.5691643814911796 1.2625013471399313 -0.4272757732705475 0.7065601603707504 -0.46170783694028195 0.3240895349449612
17.092078 1.216192135041122 0.5694132713050419 1.2611928837072917 -0.42739739748883315 0.7060312391380953 -0.46215701824961075 0.3244414345664362
17.097077 1.2159643330770138 0.5691173822585683 1.2599103688892965 -0.42796358553691977 0.7067911552645173 -0.4620756141628516 0.3221483495072666
17.1020805 1.2167611802647473 0.5694718375487107 1.2588283597058465 -0.429456831561276 0.7060696780687369 -0.4619604396366598 0.3219083592390295
17.10708 1.2171650217316723 0.5697692722769214 1.2573926847144012 -0.4289130870833637 0.7064445209378809 -0.4623708597404672 0.32122093740652685
17.11208025 1.2179643958631188 0.5704402317266896 1.2563205459371343 -0.4301189525551813 0.7061889804861861 -0.4613331533872832 0.3216621396410529
17.117079 1.2187554769194662 0.5711325204184974 1.254955387595768 -0.4284924265458648 0.7070540962620285 -0.4609123929137316 0.32253451196803845
17.12208 1.2183476562767968 0.5711068068458985 1.2536747009462188 -0.4305998866895367 0.7069931432795684 -0.46064271235071047 0.32023854311561933
17.12708025 1.2197282180473745 0.5717879592912587 1.2525589280972462 -0.429380504488531 0.706672303494653 -0.4612296090489609 0.32173573872866246
17.1320795 1.2205230353123289 0.5725429754013455 1.251286204101108 -0.42951011096631586 0.7069062691329026 -0.4606396498235082 0.32189393322766896
17.13708 1.2213780614381964 0.5731939761905527 1.2504389647740886 -0.4300709069143315 0.7073202473844971 -0.46001447355536584 0.3211288943483564
17.14207975 1.2219985429823572 0.5735013687531861 1.2489958453878371 -0.4297350293510545 0.7072959170573637 -0.46035602932761 0.32114267315999573
17.147078 1.2231746522648985 0.5754047914629093 1.2476402158374884 -0.43170846332303875 0.7076662351641129 -0.4569443851730171 0.32254942437208617
17.1520775 1.2235179675666894 0.5746427263036398 1.2466284831296954 -0.4311457597655694 0.7072416107846164 -0.45949969669330054 0.32059735892504765
17.15707825 1.2244303750724088 0.5752877927168952 1.2455091668988418 -0.4309882702625546 0.707108755402581 -0.45942630582711663 0.3212067689871321
17.16207825 1.225022087836505 0.5762098453744003 1.2442089803357246 -0.43238069546934277 0.7079255154885304 -0.45721243493205027 0.32069485192196606
17.16707975 1.2259365407921752 0.576427093580809 1.2431289017127651 -0.43210875638211754 0.708243003437426 -0.45735907028801814 0.32015082627585656
17.17208 1.2270657831942628 0.5771408270768998 1.2422392945990055 -0.43176824683989506 0.7085434254293288 -0.4571370805737814 0.32026252491691376
17.17707925 1.2278523937995498 0.5782142402976549 1.2410022816937119 -0.43376795091688997 0.7092788411353664 -0.454929718730615 0.3190734105040997
17.18207975 1.22977786253706 0.5785939368299395 1.2405479608519727 -0.4327536247211477 0.7081370587362286 -0.45647088661465085 0.3207811341216092
17.1870815 1.2301169082257426 0.5789484241799584 1.2392088535937245 -0.43340549808768075 0.7092279396017258 -0.4553292792084228 0.31910915281639685
17.19207975 1.2310883767527525 0.5799750737539072 1.2378476681841095 -0.43436996871701766 0.7099080873287271 -0.45321633083148005 0.3192932747329575
17.1970775 1.232384340291451 0.5810665032527526 1.2368042172966929 -0.43433628453744677 0.709577840780044 -0.45240397894986045 0.3212194259979782
17.20207725 1.2329932047017191 0.5808088909045213 1.235904884589749 -0.43460973120377794 0.7105210999680842 -0.4530297173949618 0.3178651022055814
17.207076 1.2346617176723602 0.582371372866982 1.2348507139483038 -0.43449774723667595 0.7108581694409557 -0.4511111597999748 0.3199860810867075
17.212078 1.2344261822351503 0.5819058690383245 1.2337768706441736 -0.43524287657970934 0.7116308037614567 -0.4517723157108521 0.31630209022656997
17.217076 1.2364119388575765 0.5828652997489537 1.2329357470485252 -0.435606761535707 0.7112715149606218 -0.45119761576781775 0.3174276182619155
17.222075 1.237754541215361 0.5832689594617037 1.2317935164644236 -0.4352141058753267 0.7102943737213491 -0.45315849196747304 0.31736093941237004
17.22707525 1.2385147987669751 0.5831899643174552 1.230681133028991 -0.433584988883234 0.7112634897835028 -0.453943373907301 0.31629688395837063
17.2320765 1.2392522546159412 0.5843320199197026 1.2299679879801824 -0.4363789335402791 0.7127335868468069 -0.4497652478899106 0.3151118568592128
17.23707625 1.2417428968617328 0.5845233901670638 1.2287874886537509 -0.43389673084084956 0.7102584412439112 -0.4544470436580727 0.31740267503256914
17.2420785 1.242226399578015 0.5854414197805028 1.2280311371848147 -0.437064376227704 0.7115761963766386 -0.44983100522541253 0.31667982967144986
17.247077 1.2437204966288329 0.5863187687520477 1.22721272136525 -0.43586331872834816 0.7129675095381545 -0.44908468944147084 0.31626482485304863
17.2520785 1.245585156939685 0.5875667662960938 1.2262216398104362 -0.4347622530630775 0.7124897669903224 -0.4485179777815567 0.319643142977189
17.25707575 1.2460586617063516 0.5874853507574658 1.2251523513136822 -0.437957032706587 0.712070903724479 -0.4483243121763795 0.31647113088466955
17.2620735 1.2474860140258404 0.5879902332709911 1.2243733423701249 -0.43830478426092667 0.7118616069273842 -0.4482215602057577 0.31660606697197247
17.26707375 1.2483129104424728 0.5882862398196927 1.223562709003638 -0.4366957508525443 0.712820667310493 -0.4485487565740415 0.31620804926225
17.2720745 1.2495086258128116 0.589342464419709 1.2224761429390483 -0.43824914008120813 0.7130484784113014 -0.4467314443565714 0.31611797683222836
17.27707475 1.252533869444894 0.5898773914132988 1.2223620356223142 -0.43721183128816193 0.7114618329517142 -0.44864331870093 0.318413327955434
17.28207475 1.2525454436341787 0.590225257060126 1.2210193569114738 -0.43852295164505695 0.7129089009021693 -0.4467855980886361 0.31597650108124786
17.28707525 1.2538471864127354 0.5908884788773637 1.2200493951749212 -0.43800104740603496 0.71362294575891 -0.4463404372998795 0.3157175759892761
17.2920745 1.2549657064514548 0.592008818242453 1.2190426042834321 -0.4401501961119668 0.7137761786724115 -0.4440697606602761 0.31558425069944807
17.29707525 1.2565173861205414 0.5926680971348123 1.2184108471723178 -0.44106208865537555 0.7134009485622393 -0.4436646822700474 0.31572926732831197
17.302075 1.2587943184860244 0.5929039995834521 1.21792025638043 -0.4395740181294347 0.7129187498305971 -0.4448527208470719 0.3172185295352069
17.30707725 1.2595267542388353 0.5935448568271519 1.216776450336775 -0.44000008928006984 0.7140990418952479 -0.443345356067661 0.3160812791847352
17.31207525 1.2613812826947535 0.5947132409220812 1.2161456617146444 -0.4408154628353896 0.7136045338736526 -0.44258514339682403 0.31712566563525096
17.31707575 1.2630928172329394 0.5951369065767207 1.215695531365316 -0.4402422409911064 0.7133967168278632 -0.4433760570167759 0.31728467616733497
17.3220755 1.2653560463353022 0.5959826007809647 1.2155020004518 -0.43973964198984267 0.712698273870917 -0.44379864397106333 0.3189560805087523
17.32707375 1.2655153588984147 0.5965928008575377 1.2144963673593954 -0.44077932443479206 0.7140649281037256 -0.44199852453941424 0.31695767841781397
17.332074 1.2675246225438992 0.5973557344199243 1.2138739498859301 -0.44102908301417165 0.7136498024982809 -0.4416626007519353 0.3180117205809874
17.33707125 1.268835212682175 0.5983749147819455 1.2130801742728379 -0.4426528208122951 0.7137422438457509 -0.4399932816985785 0.31786223688426135
17.34206825 1.2699900459416074 0.5988747556486999 1.212817587603202 -0.4419516742522048 0.7140772731992343 -0.4402104421778904 0.31778472607028424
17.34706425 1.2717115025751546 0.5996524975011425 1.2118719482020086 -0.4448356823942514 0.7125381996856603 -0.43899705500162123 0.31889201206280227
17.35206375 1.2730587916643485 0.6006143400033227 1.2115353920961103 -0.4446526554779721 0.7131970969256328 -0.4382983488604077 0.3186353312165458
17.357062 1.2747597807234634 0.6011233157847546 1.2116645787235543 -0.44192126392026937 0.7137325548299487 -0.4394905949782763 0.3195926369562771
17.3620585 1.2770737845746656 0.6020490380466499 1.2106153839928324 -0.44276512476208246 0.7124788898878717 -0.44096304676941356 0.31919346350199557
17.36705675 1.2779495739782067 0.6030591692688804 1.2107266569234527 -0.4442047503887461 0.7133404228139855 -0.43747431817450383 0.32006843307234967
17.3720545 1.2790509176367677 0.6038373037861084 1.2105723005417093 -0.4442090504653206 0.7136693174016385 -0.4371135995607653 0.31982202232367996
17.37705475 1.2809670038874734 0.6050216795463809 1.2101433974926237 -0.44656221187775447 0.712974340239678 -0.4356083814720693 0.3201485890550316
17.382053 1.2823923274695896 0.606001225843383 1.2097372486242657 -0.44571489188139435 0.7135599432977328 -0.4351061798755142 0.3207071167127885
17.38705125 1.2833391525635045 0.6069728003031064 1.2094955026506302 -0.44694379796349265 0.7139386493017515 -0.4338668566358365 0.31983182644649016
17.39204925 1.2855952528172718 0.6077742319795143 1.209060581301556 -0.4467162931850899 0.711914897887583 -0.43639654681356227 0.32121610404505474
17.39704825 1.286578347246792 0.6085467744711899 1.2093571148165052 -0.4465107298210506 0.7132480980337378 -0.43477766695974357 0.3207393008643793
17.4020455 1.288581863173238 0.6098318028464043 1.2090465566072006 -0.44761582855273174 0.7127295762438912 -0.43411720734461634 0.3212458115891415
17.40704375 1.2900954896890562 0.6107860200878135 1.2088925901126695 -0.4479407141337209 0.7126357694796682 -0.433645816933033 0.32163750113439166
17.4120425 1.2918464313826201 0.6113699649141318 1.2090490947866872 -0.44727535541960073 0.712205727219135 -0.43459948508136637 0.3222282515819249
17.41704 1.293156113538222 0.6125547755621236 1.2087223323303669 -0.44964942233217026 0.7119210250539411 -0.43308494471018666 0.321591793657528
17.4220365 1.2950602062587406 0.6135458450659317 1.2088390668580655 -0.44777566056833046 0.7120693623634088 -0.433806021474262 0.3229032621678445
17.427035 1.2959455362569146 0.6144967194568776 1.209012708195202 -0.44905103634787324 0.7130955175048381 -0.4327555265072146 0.32026645772992174
17.43203425 1.2990970705302765 0.6152400967406206 1.209492207118529 -0.4466882909693594 0.7112722343932637 -0.43567253599577704 0.32365231448437864
17.437032 1.299647471536746 0.6161160809685083 1.208991461511738 -0.44905722768202055 0.7114274903936375 -0.4340288939678695 0.32223819044268553
17.442032 1.301263826089351 0.6169335166315392 1.2090490272871623 -0.4493977436020971 0.7109192453294482 -0.4342431431620121 0.3225963224872963
17.4470315 1.3028684970107651 0.6177806318516418 1.2090799922911766 -0.44956130999462307 0.7107996172543095 -0.4344108134840532 0.32240623101169846
17.45203075 1.304423136211564 0.6187168230534291 1.2092909534979934 -0.4498703651414763 0.710644403834474 -0.4342273621039192 0.3225643871640076
17.45703025 1.305574226922115 0.6197194366717425 1.2094668823362225 -0.4511307119670204 0.7107671308528927 -0.4332925229859357 0.3217899251744198
17.462029 1.3075335099672656 0.6205353697211686 1.2095767109229885 -0.4506645493347626 0.710919071400067 -0.4331052181353329 0.32235912879350515
17.467028 1.3085622073183192 0.621345473734167 1.2098209500835038 -0.4511978804052533 0.710978044881122 -0.4329890398272905 0.3216382809994249
17.47202675 1.310801875496402 0.6223424965656238 1.2101328804852205 -0.4524047107786 0.709696550123052 -0.43311739353393774 0.32259898919112856
17.477027 1.3120951161183365 0.623415417874812 1.210049894567648 -0.4541925019197965 0.709653227857646 -0.43210409425758645 0.3215392963805363
17.48202875 1.3139105290240514 0.6239980731312825 1.210677069417538 -0.452598064039512 0.709862436727099 -0.4327723933865127 0.3224257571504803
17.48703175 1.3151074322287433 0.6253457726475201 1.2108919867214967 -0.4520604055621086 0.71072435480811 -0.4314009576189729 0.3231183915704131
17.49202875 1.3170182133740482 0.6263653993135442 1.210974086660781 -0.4528356383817508 0.7107919327451363 -0.43056674934375094 0.32299688437410895
17.49702975 1.318518659191022 0.6266024736033634 1.2114415255870026 -0.4530285226242712 0.7092006145400479 -0.4324810988780231 0.3236661013114383
17.50202975 1.319813816852676 0.6272941000852499 1.211581221167498 -0.4551149181863954 0.7090949558096813 -0.4313532997253892 0.32247338759264343
17.5070295 1.3214567661624494 0.6284289049617751 1.212107270533168 -0.45447839953428765 0.7098264908910119 -0.4308598831458293 0.3224213055641127
17.5120305 1.323251474806085 0.6288781606058329 1.2128092292024377 -0.4531679167299821 0.7095034958941779 -0.4322342808936276 0.3231364340041475
17.51703 1.3245747076876393 0.6296887075707488 1.2129764635317994 -0.4543603158753112 0.7096579035413573 -0.43126866794125085 0.3224123126543901
17.52202975 1.32592279020276 0.6303840844811579 1.213328623383768 -0.4549101193294912 0.7096240152250805 -0.43095350729641013 0.3221329149534175
17.52702925 1.3269848083246714 0.6313891538880501 1.2139266792707926 -0.45545665717414824 0.7097683565608509 -0.43044514119757205 0.32172207552491844
17.53202975 1.3284464936611051 0.6321906993061156 1.2143524436208484 -0.4557660807223185 0.709445788839751 -0.43010350211308374 0.32245143794162395
17.5370275 1.3297373344487606 0.6323199818620557 1.214922728129968 -0.4579848133900759 0.7078923639368453 -0.43070840485220496 0.3219139353517202
17.542024 1.3318044858187512 0.6328921026428581 1.2153721952201255 -0.45734219344850147 0.7070183082200221 -0.4319239402625722 0.32311753242661606
17.547023 1.3334928600591538 0.6337409192764658 1.2161459320620156 -0.4564702750356281 0.707804185299238 -0.43125961081898356 0.323517034108003
17.55202275 1.3341464866787958 0.6343415821807571 1.2164922858140113 -0.45707508735675273 0.7081985491514573 -0.430819959601888 0.32238384250178426
17.55702225 1.3358025704265097 0.6349866035655988 1.2175103310840556 -0.45607570478682113 0.7078941564209535 -0.4314917397969167 0.3235671387754031
17.56201975 1.3373435907906221 0.6354794153492169 1.2178983437123787 -0.4573558915038901 0.7055303260581646 -0.4327363018931883 0.325256576478861
17.56702075 1.3390983524750062 0.6365037525039466 1.2186609220811269 -0.4574732367248119 0.706670008250822 -0.4309017177709624 0.3250529906666618
17.57202075 1.3405900244049824 0.6370125671958462 1.2194932557879148 -0.4562098300789134 0.7063494038263614 -0.4320561396404526 0.3259917220613165
17.57702025 1.3417414761771997 0.6378248274048759 1.2200208762386238 -0.4575908462477028 0.7062477872130356 -0.4309309205106827 0.3257655940009901
17.582023 1.343094065227389 0.6385335250747737 1.2206211815331596 -0.45768834750367765 0.7060812808513641 -0.43080042021093395 0.32616192196013977
17.58702125 1.3438513338425433 0.639626878547598 1.2216170059308418 -0.45918658360613573 0.7066287531085667 -0.4291363369274536 0.3250622879462408
17.59202075 1.3451630454016297 0.6394356703880714 1.2223286194703502 -0.45988522541176496 0.7057922006203231 -0.4294848733919642 0.3254315481310628
17.59702225 1.347075236886904 0.6405121655795872 1.2229815059293723 -0.4584979417634484 0.704854118428724 -0.4306156305967062 0.3279184164065031
17.602019 1.3481402236112363 0.6410486557956512 1.2238387225495797 -0.4597485824094458 0.7041330220232253 -0.43084338959800556 0.32741701530104755
17.6070175 1.349244429241516 0.6412493679572009 1.2246299430582661 -0.4597082819015642 0.7040803994822075 -0.43143003161260596 0.3268137304931252
17.6120155 1.350891495087179 0.6422818783836213 1.2255211920510316 -0.4589303548961593 0.7040610052045037 -0.43078022250423414 0.32879998510418385
17.61701575 1.351821625333135 0.6426423857565293 1.2262645704247281 -0.46024545249042215 0.7032124693771533 -0.43123778989571765 0.32817726146128656
17.6220165 1.3531470649475517 0.6435085958396317 1.227254318027537 -0.46031496274141487 0.7029997079742257 -0.4309242586996852 0.3289465441810416
17.62701525 1.3543347972681483 0.6440602352703879 1.2279792719857185 -0.4601668869594619 0.7029558343537953 -0.4307275886444435 0.32950459097642365
17.63201275 1.3548325270942585 0.6439460518416451 1.2286702068114235 -0.462943446472977 0.7015191023816135 -0.4308085101238958 0.3285701477101141
17.637011 1.3559589445566196 0.6452049124073692 1.230041192919547 -0.46313341252367335 0.7012741552682763 -0.43123466508894626 0.3282661496142528
17.64201075 1.356962387345276 0.6455889572627437 1.2307481101420805 -0.46309897355069013 0.7001737571019025 -0.4322629947438607 0.3293095108513754
17.64701025 1.3588342557553936 0.6462247249939392 1.2318884597340403 -0.4616060770229822 0.7005193718381942 -0.43238929368204715 0.33050255376322685
17.65200875 1.3594212520399853 0.6469208843156257 1.2328951762371316 -0.4611861336414439 0.701066775306711 -0.4318042405108517 0.3306929460613765
17.657009 1.3606539966221964 0.6474610865824539 1.234040585028215 -0.46141989873960665 0.700156861232532 -0.43260314970119884 0.33124999861847876
17.6620085 1.3620395544593134 0.6482811917883171 1.2348243538706756 -0.4619821287075671 0.699399367752234 -0.432496866567866 0.33220399990303784
17.66700725 1.3630857722788456 0.6488262867899255 1.2358520126886254 -0.46246608066007217 0.6988512188865464 -0.43261104947719214 0.3325353785237631
17.67200675 1.3641294024502053 0.6494322722561859 1.2369527796228197 -0.4626838116981164 0.6981905424479489 -0.4328753281401754 0.3332755723365819
17.6770065 1.3646793097913636 0.6494101637468155 1.2381988471303527 -0.4636798807647023 0.6971087367617282 -0.4334912254842801 0.3333552680439235
17.6820055 1.3652948063254327 0.6502399582931395 1.238877160632006 -0.464492677479887 0.6972131607600407 -0.43286401796694074 0.3328199257557688
17.68700575 1.3662206510378172 0.6508458417736769 1.2399792713383897 -0.46486976208213665 0.6965780418123028 -0.43318002354905266 0.3332119493125624
17.6920075 1.3669896420534013 0.6512469071709217 1.241042636847155 -0.4657029439884501 0.6959273620454471 -0.4337306036333874 0.3326915060364076
17.697007 1.3681819909671102 0.6518317505959949 1.2420326317346275 -0.4666348196856197 0.6941526350853755 -0.43470139508187394 0.3338244469401114
17.70200775 1.3689305858315848 0.6528291977851516 1.243097472392069 -0.4670484123790734 0.6936815959669682 -0.4337998728399834 0.33539423703295984
17.70700725 1.3694793255504474 0.6527505092062551 1.2443149404846248 -0.46685180010697025 0.6940396126983058 -0.4348716423463979 0.333534207279274
17.712008 1.3704710288061406 0.6537967583333189 1.2456520852208992 -0.4668654444292158 0.6934572964314433 -0.43511073905704456 0.33441333642834353
17.717006 1.3715858669964163 0.6537606592907961 1.2468612394330971 -0.46609208251238543 0.6925960562010872 -0.4364793700890839 0.3354916288681505
17.72200575 1.3728787052564069 0.6548149526929622 1.2477994927205367 -0.4668898194149364 0.6919229016102029 -0.43614302231163066 0.3362080588607031
17.7270075 1.3731041373650306 0.6547773616910533 1.2488881786983146 -0.46857832280093026 0.6911958517872928 -0.4364630648682527 0.334936774449921
17.7320075 1.3752543152486794 0.656333533693777 1.250302572448997 -0.46607729362538536 0.6905942451538416 -0.436870980196731 0.3391095569121868
17.7370095 1.3748343920780792 0.6557816349437137 1.2512155229638988 -0.467099907631483 0.6908230377072654 -0.4373291811743728 0.336636887694915
17.742007 1.3750111290942637 0.6561016688907583 1.2520215488389672 -0.4712261277777158 0.688763158395363 -0.43697390421689347 0.33556676708266153
17.74700625 1.3757658081773596 0.6565701670961325 1.2529924477828127 -0.470826490008966 0.6880784460259874 -0.43739498888081496 0.3369808483018748
17.7520075 1.3770690714508305 0.6577793727762635 1.2544307232541296 -0.46883379235984535 0.6891557721799945 -0.43746483890961224 0.33746660802258355
17.757006 1.3782956941230402 0.6576293801383944 1.2558161509522254 -0.46760904259101554 0.6884475257220424 -0.4389404518602376 0.33869317580229186
17.7620055 1.3784446923809737 0.6577295662021657 1.2570380611612384 -0.4682345878352446 0.6881551176093926 -0.4390997273809345 0.3382164015489948
17.767003 1.3786960457566593 0.6582220802247252 1.2578167893631458 -0.470268829722294 0.687962320579482 -0.4380891668969244 0.3370948755203448
17.77200225 1.3793893818092744 0.6582501599562153 1.2589735555019583 -0.47000983579245015 0.6875182620107343 -0.4388736439870338 0.3373415454307929
17.77700175 1.3804420152017733 0.6584917189461457 1.260254294852051 -0.46978896569778605 0.6866975009077114 -0.4402511074824004 0.3375260468707978
17.78200125 1.380975466972784 0.6587710678594262 1.261418421927934 -0.4703637605783555 0.6861109051340385 -0.44025739784360435 0.3379100209149118
17.7870015 1.3816423980697647 0.6591797437271101 1.2625119115165186 -0.46999842842543177 0.6857244175045802 -0.4407229852799043 0.3385952609851441
17.7920015 1.3824611790656023 0.6595117587687827 1.2639832262476742 -0.4690311558447116 0.685091151551208 -0.44185432660433777 0.33974202415103266
17.797005 1.3833810767688854 0.6601552646276699 1.265237059811978 -0.46932299958059703 0.6844414868471375 -0.44177953863694963 0.3407442037494906
17.802006 1.3833439393354265 0.6598325120139604 1.2662894509029259 -0.46938071522444635 0.6839529781176981 -0.4427875779656425 0.3403369340795074
17.80700625 1.3834425031661504 0.6597682504873592 1.266864176023934 -0.47212913151402436 0.68193056590712 -0.4430120586559604 0.3403014874237494
17.81200725 1.3840429352338453 0.6601514455050166 1.2682231195777036 -0.4706422707571043 0.6835213281636746 -0.4428342646493575 0.3393998541166826
17.81700825 1.3850558529053716 0.660669157331204 1.2697062614605732 -0.4700730300806552 0.6824720007801861 -0.44350395405677734 0.3414199134173123
17.82200775 1.3850307280334222 0.6601014612165664 1.27090817395166 -0.4697980262054762 0.6823095035887622 -0.4450010629544657 0.3401729117012273
17.827009 1.3851794143169702 0.6603397565282072 1.2717090782336418 -0.4707002295713583 0.682382008985055 -0.44417398872720437 0.33986108255161596
17.8320095 1.3854902757078487 0.6603621335825397 1.272743519731569 -0.4709571513633932 0.6821155863966383 -0.44438285679554873 0.3397669274085915
17.8370105 1.386413606176895 0.6607982377521999 1.2743545124554245 -0.47020042744829516 0.6810947177801249 -0.4450756687878381 0.3419491080446202
17.84201175 1.386555174820638 0.6609125837929968 1.2752836853390757 -0.471036128864047 0.6809249220511359 -0.4447718326997773 0.3415321839465627
17.84701075 1.3863826061992979 0.6603593739396961 1.2762794353403037 -0.470930138241283 0.6810044663080306 -0.4456230266108191 0.34040834290418537
17.8520085 1.3865947253782729 0.6603019016869381 1.277375902243598 -0.471112602163881 0.6808015997639082 -0.4459460171630431 0.34013857119959073
17.8570105 1.3872727501278588 0.6608196906198529 1.2785575962983318 -0.47142398520700085 0.680036388771635 -0.4457545600520966 0.34148617587062713
17.86201075 1.3870959785847183 0.6600245519496463 1.2796960345797759 -0.4706515043638537 0.6800027549310869 -0.4472390365881218 0.34067676597898794
17.86701175 1.3872066560145582 0.659941532722288 1.280791510263169 -0.4709443845312188 0.6796672815134338 -0.4475179776845134 0.3405751499563845
17.8720115 1.3873376617527509 0.6597955935933072 1.2818824675391676 -0.470845597613175 0.6795724534743236 -0.44792721995420565 0.34036290824835336
17.87701075 1.387417325350409 0.6598399527759597 1.2829629278008854 -0.47117045625320303 0.6792296500443649 -0.44806895020594517 0.34041107431471784
17.88201375 1.3875903903062943 0.6593639770087129 1.2841668269391682 -0.4700036221539686 0.6790460362336845 -0.44932760812497846 0.3407312378021079
17.887015 1.3876503160875364 0.6591337895738608 1.2852604166220383 -0.47018643907499635 0.678730722722833 -0.4497998533741911 0.340484082515867
17.89201825 1.387666074381661 0.6589312472825998 1.286287225827119 -0.470295913153374 0.6786450532654631 -0.4500659786706777 0.340151819916866
17.89701725 1.3876126854791286 0.6587133797787527 1.2872836268455647 -0.47035972259080006 0.6785321252989125 -0.45033306553862584 0.33993531205838307
17.9020145 1.3875786386408808 0.6578643455171634 1.288547893781238 -0.4698083590013209 0.6776724980656152 -0.45247835504287426 0.33956358667514586
17.9070135 1.3871564642887277 0.6581729124702278 1.289627421989501 -0.4698693406370967 0.6785356547351195 -0.45121789668853396 0.3394327292563554
17.91201475 1.3875515874319364 0.65777412128232 1.2906004207110435 -0.46947730015103767 0.6780467811345904 -0.45200761854892557 0.3399010738577364
17.917013 1.3875642069866945 0.6570720996847224 1.2920286483050214 -0.469113338026563 0.6772032471722419 -0.45376812529594096 0.33973949810164006
17.92201275 1.3875077810675618 0.6567511494847059 1.2928079992711898 -0.46881923860083063 0.6769810736405685 -0.45417848734456173 0.34003977573749566
17.9270135 1.3873112453574519 0.6566961298378191 1.293895495832752 -0.46864528743685796 0.6767975541827274 -0.4541041273965298 0.34074346170827585
17.93201225 1.3872081183694749 0.6559441335171866 1.295123556733591 -0.46761019530342546 0.6769458213417867 -0.4548466884556797 0.3408805512449897
17.9370125 1.3870377741996183 0.6555415027830401 1.2961148817181174 -0.46752083517765874 0.6770165550180212 -0.45511585085951745 0.3405031794311658
17.9420115 1.3865576164839544 0.6558076646505034 1.2971543758405066 -0.4672825888368125 0.6776146751187626 -0.45454277210278865 0.34040593790762885
17.94701025 1.386370101245783 0.6546899450946798 1.2979047521302491 -0.4676534705391413 0.6767828224404249 -0.45567367768168626 0.3400393245057336
17.95200975 1.3864301935143908 0.6540651702660311 1.2992354799159678 -0.46602554357368775 0.6763527166449048 -0.45729807036281456 0.34094819293604145
17.95700775 1.3855697007766306 0.6535066986926202 1.3000410791499466 -0.46607948343765704 0.6770563607221566 -0.4571304448205503 0.3397003914368094
17.96200725 1.3861708237514057 0.6537293983062382 1.3011763680689319 -0.46593025057551724 0.6763984344807822 -0.45673773867712414 0.34173790761150563
17.9670055 1.3852454718858267 0.6525870051827248 1.3018229857279795 -0.4662020627714379 0.6770502810455695 -0.4572462592967481 0.33938829084531247
17.97200425 1.384966828934274 0.6518443066661859 1.3026829036501817 -0.46587645242430287 0.6765403382836382 -0.4583058892796103 0.33942305991672445
17.97700375 1.384180107458172 0.6513644906467246 1.3038627339767277 -0.4648556019022676 0.6779786103648906 -0.4582509698596256 0.3380241439460868
17.9820035 1.3841491519021585 0.6511956249844296 1.3046108870128679 -0.4643995227918604 0.677054251147007 -0.45895784872014816 0.33954133376163703
17.9870045 1.3839551256804914 0.6501643692236884 1.3054652414092416 -0.464302610135524 0.6768553613514879 -0.45960988712677436 0.33918823341383775
17.992003 1.3834374331129904 0.6492825502793772 1.3060879319747922 -0.4637737139471551 0.6772998273855425 -0.46006140437541176 0.33841156936384487
17.99700375 1.3826792717380645 0.6491225725099812 1.306746866624236 -0.4641970119956553 0.6764487040266418 -0.46028319085183633 0.3392309966589642
18.002005 1.3823313982271916 0.6481955271146999 1.3076127103413955 -0.46315221471576407 0.6763842410606141 -0.4616263409429124 0.3389623958441376
18.0070065 1.3823796903348609 0.646681250286762 1.3088015825039165 -0.4626580228428241 0.6761033390978612 -0.4634371251306136 0.33772453243814443
18.01200875 1.3822971959048957 0.6469074613323831 1.3092983886142833 -0.4619889529528867 0.6758361919835095 -0.4628411020368256 0.3399849455785666
18.017007 1.38134350164263 0.6455971964551298 1.309847283324381 -0.461176846991422 0.6766350856076045 -0.4639585905366823 0.33796938173606134
18.02200875 1.3801294334107337 0.6446272273864184 1.3102808487496982 -0.46083927300462174 0.677711180757128 -0.46412719566346916 0.33603670361868937
18.02700975 1.38000782957038 0.6446826370616687 1.3110552317534314 -0.459138757424349 0.6793860219303646 -0.4631917723962081 0.3362731280089421
18.03200975 1.3802774234363693 0.644351904159904 1.3116584695764908 -0.459674731202223 0.6783207245156774 -0.4632554365117791 0.33760115036677757
18.03700925 1.3798325511272516 0.6433785948467139 1.3123454180814782 -0.45899733614996174 0.679160440778824 -0.4639527440276755 0.3358725835752939
18.0420085 1.378523412159632 0.6415854577754155 1.3124614297318558 -0.46013675534366083 0.6778665939810975 -0.46649978004519865 0.33339016536792937
18.047008 1.3775747434327255 0.6411435372507202 1.3128170807498123 -0.4590754633797569 0.6791845972038989 -0.4661536819430158 0.33265409460069556
18.0520085 1.377532192523212 0.6408952681543726 1.3134157786582625 -0.45755788593957697 0.6794569993016745 -0.4664667841849917 0.33374796833326464
18.0570095 1.3769656301260227 0.6395822759774878 1.3136392184533436 -0.45595511153891805 0.6788343466257518 -0.4688279021192368 0.3339000813075625
18.06200875 1.3763924580659708 0.6387402143577476 1.3138914840146143 -0.45551389566956674 0.6791452045420502 -0.4695157827141428 0.33290210540307164
18.06701225 1.3756017443846338 0.6379797494275742 1.3142031648648553 -0.45518712364230796 0.6796865552413102 -0.4693142901370855 0.33252814342182674
18.07201375 1.3759295125497573 0.6371127885252698 1.3145772382154013 -0.45393408025187404 0.6789127927275878 -0.4709629070188494 0.3334894464133269
18.07701425 1.374529969960582 0.6367120110913171 1.3144788981516677 -0.45463191409055553 0.6800881941101027 -0.46991520418264915 0.3316166036259284
18.082016 1.373902519988799 0.6359068076206067 1.3146030354282625 -0.45414852521568094 0.6804427102248792 -0.4704023623227119 0.33086017086898667
18.0870145 1.373379158734979 0.6353429657857941 1.3149040461114527 -0.4526122516051906 0.6822404542528765 -0.4699492027296129 0.3299058337336728
18.0920145 1.372854042163596 0.6347302745298427 1.3150832390099296 -0.4527396194402315 0.683260098388358 -0.469626241341876 0.3280757052610687
18.09701325 1.3728825369917947 0.6337183828679321 1.3151509665456784 -0.4511696476844056 0.6821955987203886 -0.47133891424630275 0.3299920332553141
18.1020155 1.3723402237705078 0.6328989637514663 1.315163102425796 -0.4504402151851328 0.6824435805749728 -0.47194377708445256 0.3296110482784864
18.10701725 1.3705385350213883 0.6308760158124654 1.3150239602750617 -0.4500140568617643 0.6834862375201812 -0.47374802624818985 0.32541776130578287
18.11201725 1.369968971711967 0.6300882290023128 1.3149092911984828 -0.45028095018106795 0.6834949691794746 -0.4739027762883847 0.3248043282293891
18.11701725 1.369804965588718 0.6304350836326208 1.3147076261581516 -0.44904900545219584 0.6841885084217185 -0.47276522306653274 0.32670188169784004
18.1220185 1.3699701474339339 0.6296453593978185 1.314645492457483 -0.4480229272637211 0.6836831191071384 -0.47391531289874594 0.3275013366294323
18.12701675 1.368114672687138 0.6276418767617522 1.3141917730412676 -0.4478498077244787 0.6844198729369694 -0.47569175256066054 0.3236005930091256
18.13201775 1.3675473854870033 0.626926681004755 1.3139462363534087 -0.4470528538262056 0.6851945992748314 -0.4758433744923915 0.3228392633527435
18.1370205 1.3673605661308819 0.6270724556110006 1.3135851244733996 -0.44631152002660485 0.6858288928232903 -0.4748399138785602 0.323993538590082
18.14202 1.3669046154664608 0.626248886506558 1.3134233635466313 -0.4458531665988031 0.6864820845807045 -0.47521276457392936 0.3226920045020539
18.14701875 1.3658568386519594 0.6247681543681888 1.3129654963902537 -0.4470222297880076 0.6864143515639731 -0.47601363190089974 0.320027321156933
18.152019 1.365562151118801 0.6236920232615916 1.312325855915525 -0.4450358610032304 0.686300534414727 -0.47729326427935026 0.3211320581267708
18.157017 1.3651281064630125 0.622885553519422 1.3119943500163633 -0.4444783021181239 0.6864644695262039 -0.47787810501949585 0.3206837815781664
18.162018 1.3645755361563867 0.6233337890209112 1.3113236022076944 -0.44396714589502817 0.6873892082873712 -0.47637676282982033 0.3216433265772276
18.16701725 1.3638049573541922 0.6212688417048493 1.3108530624899173 -0.4437618774257986 0.6871953183898486 -0.47872572433050814 0.31884113817202986
18.1720185 1.3633348933063347 0.6201227644187562 1.3100791763781474 -0.4432175617128235 0.6874088967018891 -0.4790065892077096 0.31871600088484353
18.17702 1.3629746012100452 0.6197280285775169 1.3094236008644309 -0.4426021796360925 0.6885549397821861 -0.47814873537620567 0.3183852891404775
18.182021 1.362654447216689 0.6187616196536498 1.3091287661063584 -0.44141063980678175 0.6873272366574037 -0.481176655858215 0.3181303862748255
18.18702225 1.3621843665225404 0.6188487876184886 1.3081259912010874 -0.439592256047247 0.6900188577764942 -0.4790975725657492 0.3179593374910082
18.19202375 1.3612348063897306 0.6174383455611658 1.3071986833418614 -0.44183614600316184 0.6896386947238232 -0.4794206472743763 0.3151747670606137
18.19702175 1.360823246002075 0.6167799743270241 1.3064703477109447 -0.44167871978173995 0.6907905582638654 -0.4789112888833244 0.313643572364513
18.2020225 1.3608846868657813 0.6160605589306873 1.3057454059760483 -0.44096073314740764 0.6893996578704072 -0.48019829788420365 0.3157393517751307
18.207024 1.3607139404732855 0.6154095720942365 1.3049984458093402 -0.4391637556893822 0.6907080683759119 -0.48081181024659947 0.3144480292458535
18.21202475 1.361636728677871 0.6153010615869566 1.3042999237952657 -0.4366591689150583 0.689832776167702 -0.481910206097697 0.31815415192331964
18.21702675 1.359132382668924 0.6136868087813481 1.3026477999545358 -0.43848887371581885 0.6926056262088772 -0.4802220234825039 0.31210857459161734
18.222028 1.3590498829276847 0.6126889310070586 1.3019552677630213 -0.43820493107404535 0.6921733183500194 -0.48128529001943177 0.3118284870848481
18.22702725 1.358456472732336 0.6119063314919078 1.3005812608524823 -0.43750456866088483 0.6930125929336576 -0.4806792002768492 0.3118826780336325
18.23202725 1.35808143256322 0.6112759703370392 1.2994997563539303 -0.4373188417619924 0.6933867216777393 -0.48043044376017124 0.31169484042786433
18.23702875 1.3582590832137844 0.6106881254201917 1.2986641815024256 -0.43803586444356396 0.6928988172324294 -0.48113826405769683 0.3106795477636497
18.242029 1.3573331018150592 0.6099504845962324 1.2975029041830475 -0.4379141935823046 0.6940681363354225 -0.4805646390553184 0.30912490820486244
18.24702825 1.3569283046723093 0.6089884925574394 1.296102075358938 -0.43653831270931814 0.6951616854116246 -0.48037292679688554 0.3089116117486766
18.25202825 1.3565597282608928 0.6085824472816342 1.2950885248700506 -0.43599951974546103 0.6972646418667052 -0.4793069460954624 0.3065799885981868
18.2570275 1.356859677848208 0.6079521434406342 1.2938845493658355 -0.4354059935032317 0.6957014700845936 -0.4806291124724071 0.3088960044862758
18.26202825 1.3561184806189004 0.6072992249640977 1.2927537040370514 -0.4348807421869705 0.6970973942658845 -0.4799006673593707 0.30761877779266716
18.267028 1.3561450604866507 0.6072395014485132 1.2914487331693933 -0.43485385037641716 0.6972828246264019 -0.4791173184747975 0.30845645791805143
18.272029 1.3560330881846154 0.6059168714377392 1.290034961129168 -0.43449595964094473 0.6974124494934274 -0.479897337612404 0.3074535439701391
18.27702875 1.3552841119153012 0.6050489310520083 1.2887313675931482 -0.4349333798348773 0.6981151339456709 -0.47924724877103786 0.3062520031066236
18.282028 1.3550424721158671 0.6038241686217991 1.2875550831361493 -0.4350842332445722 0.6985810720852922 -0.4795747900568443 0.30445724896622256
18.2870295 1.3555026850458272 0.6038958906704698 1.2862001022763652 -0.43330725204568676 0.699289331557828 -0.47921339217509695 0.30593100668951245
18.29202825 1.3555044578158149 0.6034497788066076 1.2850109381051724 -0.4327134268973635 0.6998789952887005 -0.47875978699695015 0.30613322016902084
18.297028 1.3544237955587415 0.6020645907144802 1.2834830277547649 -0.43476627463541023 0.6998611543321904 -0.4787486212709181 0.30326953148586516
18.302028 1.3551246276177151 0.6016568275210883 1.2821448152192472 -0.4315313957436173 0.7007878003972399 -0.47953228270611953 0.3045092825262018
18.3070305 1.3556666176131025 0.6011352594053698 1.28116546164476 -0.43056797103509575 0.7006606069174433 -0.48008485347276375 0.305294070854375
18.31203 1.3539574508292695 0.5998090555977604 1.2793004120468248 -0.4322057845079282 0.7022022275743666 -0.4785782413859569 0.3017831312373318
18.31703 1.3539363981143366 0.5992862819695 1.277922507241236 -0.43236884906670153 0.7028509023853152 -0.4778633735376125 0.30117168459889476
18.32203175 1.354970994283233 0.5991668551054993 1.2768475052917496 -0.4316765499191625 0.7019141281370986 -0.47882283528761793 0.30282107816093634
18.3270335 1.3534791801239185 0.5980670993576375 1.2746049154994508 -0.43203723058136234 0.7035131762183982 -0.47767366133541156 0.3004012575624649
18.33203175 1.3533196637993548 0.5978545039074521 1.2729302875751245 -0.4319779167747835 0.705496611663001 -0.47537963023322 0.2994725655385984
18.33703325 1.353496227811779 0.5970171176618709 1.2716329772997812 -0.43074589714950967 0.7053563007118056 -0.47666653917450785 0.29953208770750817
18.342032 1.3545108510595683 0.5966959525282646 1.2706748112732602 -0.42953535090635486 0.7045059620215235 -0.4779301574562198 0.3012532097617474
18.34703025 1.353597727529294 0.5960372965501249 1.268847110312374 -0.42944664435426466 0.707515932632902 -0.47518106143515804 0.29866326117688624
18.35203225 1.35479221673945 0.5960905744439969 1.2678306277858435 -0.4280281128148575 0.7070472494947356 -0.4753842805959702 0.3014728965998975
18.3570315 1.353593124193693 0.594975013514209 1.2659428182523225 -0.4298020347017257 0.708637106538163 -0.473924747770516 0.29748780757222587
18.3620305 1.3531331718646236 0.5944214232589533 1.263497693274112 -0.43023678089415346 0.708628844437137 -0.47386867969399177 0.2969679235247419
18.36702975 1.3533722708806317 0.5939279211697546 1.2624711542612943 -0.4289492532414474 0.7095430869121372 -0.4730806720673639 0.2979023727248428
18.37202875 1.354538463235495 0.5941260967820222 1.261549813024676 -0.42849773466516927 0.7096790665801919 -0.47307261072977297 0.29824087382852554
18.37702975 1.3533051847083681 0.5929683722302969 1.258938099179918 -0.4298174744375051 0.7096777415687744 -0.4730205244583287 0.2964220390442926
18.38203 1.3537159448825444 0.5933617048453617 1.2574810874409919 -0.42881370513526496 0.7115956948740497 -0.4705791539758266 0.29716263757121186
18.38703375 1.3532540985679102 0.592065623193981 1.2556281472078614 -0.4302685738138462 0.7104488549590957 -0.4725099978634741 0.29472984374604516
18.3920325 1.3544393202628557 0.5934634276354626 1.25431096839654 -0.42854909070063485 0.7125892145424069 -0.4687618976938365 0.29803451385362734
18.39703425 1.353874997659579 0.5923484824088432 1.252549147046998 -0.42855385604480145 0.7134277666115482 -0.4691375004047834 0.29541905830657167
18.402034 1.3548502276396794 0.5914376793212429 1.2513933573578087 -0.427060637948725 0.7124747346039103 -0.47172183388828764 0.2957659133486923
18.40703475 1.3541192017663364 0.5917713677766134 1.2492513621529135 -0.4281809684858479 0.7149437424398154 -0.4678356005894242 0.2943575278361416
18.41203575 1.3539326875894764 0.5912638922085125 1.247419094909227 -0.42817523915316746 0.7151644424880257 -0.46782843432127813 0.2938406725036899
18.4170355 1.3543254947115704 0.5906290612095022 1.2457072553587314 -0.42784549404294936 0.7151207412528134 -0.4687451133058125 0.2929651470893631
18.42203475 1.3548815533496967 0.5914694452690508 1.2441373379326133 -0.42817166736219764 0.716298932671179 -0.4659474501969021 0.29407114101422965
18.427034 1.3547048861573776 0.5897847864899768 1.2425001832175062 -0.4259959615170614 0.7162482237532647 -0.4690860047280852 0.29235978333158363
18.4320355 1.3554603011125512 0.5897740939984878 1.2411920195810828 -0.4258405323873143 0.7164428230999084 -0.46841534861768236 0.29318353191149304
18.437038 1.3548545077346965 0.5895801811770267 1.2388290201767027 -0.4267187593627164 0.7176519852873098 -0.4672787971488489 0.2907529091105573
18.44203725 1.3551417583116048 0.5896656405777888 1.2371985668923795 -0.42694078736583435 0.7175601530201197 -0.46685135191169813 0.2913396747774046
18.44703825 1.3551322052842238 0.5895891978197195 1.2353722503636937 -0.4264808233608611 0.7187885090232871 -0.4656192098728853 0.29095693495579683
18.4520395 1.355253980445795 0.5891021561569652 1.2336815730764459 -0.42577394308459243 0.7194272709882541 -0.46577735690692085 0.29015927512556705
18.45703825 1.3555471234660497 0.5891616632830013 1.2320622524313896 -0.42586342681580625 0.7195888535099847 -0.46536472392977013 0.2902893338148221
18.46203875 1.3557683790639428 0.5892211406105521 1.2302187055920195 -0.42589670662450646 0.7201897762762685 -0.46464616757655747 0.289901052757583
18.467037 1.3559304355565625 0.5888235745452697 1.2284860719424844 -0.4252519672980348 0.7208871884872285 -0.4645124392082085 0.2893278756099566
18.47203725 1.3563679126982158 0.5891115603668814 1.226887340426984 -0.42507593744730593 0.7212798299686864 -0.4640859024941076 0.28929246341698317
18.47703575 1.35668271966202 0.5890538825611665 1.2252261673370362 -0.42481954102672864 0.7216493035471562 -0.4638663084274439 0.28909978927290697
18.48203525 1.3568298245540171 0.5885883915634778 1.2233776136142593 -0.4256361123998753 0.7209240922078921 -0.46478265536327923 0.2882350366780668
18.48703625 1.3568555072533888 0.5885457708330706 1.221500711426512 -0.4257239357895967 0.7208534621264191 -0.4645469981784919 0.28866157194805575
18.49203575 1.3572863830415622 0.58821321815872 1.2200792536778555 -0.42431081820952005 0.7211528865257606 -0.46517313344054045 0.28898581233520837
18.49703475 1.3574148096817993 0.5886581799192736 1.2182227417594351 -0.4256577539102323 0.7214748604430575 -0.46362527175891793 0.2886886032929536
18.50203375 1.3576398180665372 0.5888477949148382 1.21673477428753 -0.4264185181115571 0.7231419757727006 -0.4609875818303859 0.2876167235841331
18.507033 1.358153452333697 0.5886281266579745 1.2149563461403792 -0.42504857855357653 0.7221650901802069 -0.46291350673701953 0.28900237659063105
18.5120345 1.3584584457102276 0.5889528759654473 1.2133573706224614 -0.425831316153642 0.7221311408215713 -0.4623837563973387 0.2887829071438951
18.51703375 1.3597317807798728 0.5892598548205603 1.2124659883640678 -0.42498757180993896 0.7218184646320126 -0.46227075800353484 0.29098009247749773
18.522035 1.3590691150688095 0.5890256692370851 1.2100630970319635 -0.4255558965181235 0.722962659197594 -0.461703871338427 0.2881956063782182
18.5270345 1.3595462744772326 0.5891053896118562 1.20849254673347 -0.42502559870529594 0.7230247037292002 -0.46159838431558525 0.2889903974870937
18.53203225 1.3599366646689706 0.5897770069747692 1.207147062206258 -0.4264927957698655 0.7244902902639425 -0.4587687970594587 0.2876610945440647
18.537032 1.3612103305453223 0.5898093333665171 1.205919926762509 -0.424950551623488 0.7224845139919275 -0.461855202821747 0.29003952720831777
18.54203 1.3609624767670838 0.5900906493491475 1.2037370802786684 -0.4258021875550291 0.7239119839757231 -0.45974827109629185 0.2885748841352182
18.5470305 1.3617306695464437 0.5906913867294851 1.202437667033508 -0.42616623833230316 0.7240381206398018 -0.4588376239662373 0.289169797868132
18.552033 1.3620363081352778 0.5912229119760767 1.2011653982975201 -0.4263635546725046 0.7259143502200611 -0.45650914888091415 0.28785738201344807
18.55703325 1.362621652076613 0.5912390991264408 1.1993319249943757 -0.4265614074902395 0.7244498948044493 -0.4580734179231811 0.28876713689397354
18.56203375 1.3630445276291654 0.5913218695548257 1.1978017260137317 -0.4263116426157864 0.7252785490953918 -0.4574713438409674 0.2880093386622261
18.56703075 1.3636325497916701 0.5917026139480145 1.1963794586147583 -0.426535535683224 0.7254087886470871 -0.45712432485579424 0.28790081239573684
18.57202875 1.3642121010568302 0.592055993698376 1.1947862136052085 -0.4268217924114767 0.7247860069932784 -0.4568986076145329 0.2893994885090415
18.57703075 1.3645422541250174 0.5926756799533921 1.193671188625712 -0.42732936306533487 0.7266421162887539 -0.45427666536614825 0.28812074135922383
18.58203175 1.3652659040335497 0.5927579016076583 1.1919063937806307 -0.42707759481696983 0.7251387170940085 -0.45623940953201086 0.28917844000977994
18.58703425 1.366609808633291 0.5936482791889572 1.19124334859728 -0.42713708270994805 0.7247658472339134 -0.455282203649681 0.29152443173297393
18.592035 1.3676344671506253 0.594094382236512 1.1898930464614392 -0.42669891798938386 0.7243664911689589 -0.4559300506048263 0.292145526773456
18.5970335 1.3669434767540833 0.5944040796669252 1.1879147937677816 -0.42931575648375353 0.7258319099584373 -0.4522264344270847 0.2904260176468959
18.6020325 1.3676649017433795 0.5951173087076413 1.1867548736511442 -0.4289327193494717 0.7263031316019921 -0.4518776382966287 0.29035682066048996
18.60703375 1.3686105884937116 0.5956649402771886 1.1856423486530827 -0.4282849302921023 0.7267836054249875 -0.45143944862103724 0.29079207967012916
18.612037 1.3703233554021403 0.5959506141804032 1.1845686716056762 -0.4275590754736002 0.7239665193940633 -0.4548852400711448 0.29350491331836814
18.61703725 1.370730941616781 0.5968464727873819 1.1835043150324176 -0.42907976825373323 0.7254316648408873 -0.45094951757400986 0.29374135684521646
18.62204025 1.370324987302735 0.5969280360813545 1.1814752321618616 -0.43012734067872876 0.7264716771569298 -0.4497292233873724 0.2915012842524593
18.62703925 1.3713726828875645 0.5973925957324873 1.1806899874745842 -0.42987589486135275 0.7262188570411894 -0.44979868308742155 0.29239362405456326
18.63203775 1.3721313381574467 0.5983133408454403 1.17924552122193 -0.4309228472763396 0.7258481135267998 -0.4483190084350913 0.2940409537132799
18.6370375 1.3728560055535228 0.5988104397781354 1.178250994315938 -0.4312830029309644 0.7262830173290813 -0.44769112873147193 0.29339496140417254
18.6420365 1.3735077882889988 0.5991778406976653 1.1769345875052133 -0.43144643812183275 0.7260049225958239 -0.4476056195095157 0.2939728436133479
18.647036 1.3744057342346823 0.6000306688812569 1.175802295267745 -0.4320675479521815 0.726786705471338 -0.44567985940682253 0.2940547256478339
18.65203625 1.3751296241284592 0.6005484243233088 1.1748173211944992 -0.432323789880107 0.7271656502732039 -0.4450826385979474 0.2936455390179432
18.6570365 1.3769730736669141 0.6012767074378814 1.1743947799069465 -0.4316241958962314 0.7259399848106124 -0.44640525353766447 0.2956924780647507
18.6620375 1.3780977337165665 0.601689354183746 1.1734343707859056 -0.4303369814511417 0.7256158558359086 -0.4471585251902587 0.29722208111900844
18.6670375 1.3781044786771375 0.6023527283589328 1.1717375289932983 -0.43244020016825113 0.726192264731917 -0.4448049861036283 0.29629173505064765
18.67203775 1.3785816707620113 0.602911938081715 1.170453781188769 -0.433817515070686 0.726167713116773 -0.4442433572782134 0.2951790228976862
18.67704 1.3805116495170693 0.6037085311736604 1.1701957175945774 -0.4328699122541947 0.7248827522055726 -0.4455230736566219 0.2977882224996084
18.682039 1.3813028783826506 0.6046039232256625 1.169171117148956 -0.43411989767636056 0.7248466821285879 -0.4443336283932461 0.29783355843077297
18.687039 1.3825519050278432 0.6052788284087592 1.168365648772741 -0.43329971808949214 0.7248418514658742 -0.4444384433584289 0.2988814392568178
18.69203825 1.3823610999767038 0.6058555022212918 1.1667162247030924 -0.43536825244547955 0.7259289662762883 -0.44200066320971393 0.2968451353918091
18.6970365 1.38447907888702 0.6071873684248199 1.1666375442001264 -0.4360595359895749 0.7248676617653954 -0.4419344864925373 0.29851777777529764
18.7020365 1.385172810353759 0.6075977700398766 1.165644367445553 -0.4360202273163337 0.7245578225368301 -0.44221800839989944 0.2989072702670962
18.70703575 1.3855165051733185 0.6080904466721592 1.164567746818989 -0.4363783044311518 0.725323128294904 -0.4412629418970942 0.2979385021956861
18.71203475 1.3863385346364643 0.6090737424404282 1.1635869818042228 -0.43764953531988987 0.7254704866727806 -0.4394978121170012 0.29832386821274093
18.71703625 1.3882579494562965 0.6100818850521068 1.163512906194564 -0.4371508839429904 0.7242195276649667 -0.4403447926976195 0.3008349114725302
18.72203775 1.3892570820528238 0.610966970820331 1.1628265902979262 -0.4381312710521531 0.723984034477943 -0.4395298364911996 0.30116711304736554
18.727039 1.3903571701613164 0.611938852547405 1.1621990902657846 -0.43852771316207684 0.7237947539859623 -0.43875056108959654 0.3021796552298052
18.73203975 1.3904624046563274 0.6123382563669049 1.1611637644082415 -0.4397383066798266 0.7244618563257118 -0.43755485535682703 0.3005511419394853
18.7370395 1.3914543058550275 0.6133684473999119 1.1605362558252486 -0.4410182144177416 0.7242248915235885 -0.43626471705359526 0.30112179878510936
18.74203875 1.3919939560354935 0.6141445463113792 1.1600398196218278 -0.4423502507564065 0.7242171927943479 -0.4356393722132534 0.3000900709694695
18.74703925 1.3935193338905318 0.6152495079169424 1.1596514086366252 -0.4429914688159198 0.7234429857672837 -0.4350585339879406 0.30184909624627937
18.75204225 1.3947642085878436 0.616479771169759 1.1591439307703153 -0.4432989386730377 0.723294636529908 -0.4338277769658317 0.30351998232622374
18.757041 1.395871571549918 0.6171373919384258 1.158739540155616 -0.44336464206378967 0.7231318040620156 -0.43370311215008206 0.303989800212105
18.76204225 1.397700384429983 0.618081379810615 1.1591039683716586 -0.44347287680487524 0.7217479841418661 -0.43479696713229576 0.30555400880714645
18.7670405 1.3974856288655 0.618874132633689 1.1580536343511143 -0.44578257200513227 0.722884087858569 -0.4324100863216175 0.30288283421928247
18.77204075 1.398935146946937 0.6197984222759068 1.1576999103736938 -0.44652650177266456 0.7223205287739499 -0.4319879436625826 0.30373270067044383
18.77704325 1.3996895991398541 0.6206587590780223 1.157351186245434 -0.44731394400629887 0.7221178799776753 -0.4310206448073598 0.30442931308256954
18.78204475 1.4007941814062146 0.6218512162443132 1.1571564969592003 -0.4482036620085657 0.7220451094718966 -0.4302930721338954 0.30432254159592337
18.78704325 1.402354059897373 0.6227978803930286 1.1569631556908015 -0.44846859262487276 0.7214720077932503 -0.42996150375917813 0.3057567148649206
18.79204075 1.4030763771255252 0.6238129318071557 1.15682401049312 -0.4493276866921605 0.721511573315994 -0.42924096225232256 0.3054142692600506
18.79704 1.4044546929534956 0.624957406387285 1.1565877805640228 -0.4496271942368093 0.7211400792271458 -0.4283843251097222 0.3070492506671989
18.80203925 1.4053556063657833 0.6257715935528485 1.1565286169094722 -0.45101700696893454 0.7207721766919073 -0.4279882165311553 0.30642652503018575
18.8070395 1.4065930338864256 0.6270658710898893 1.156396363288429 -0.4512089625457037 0.7206914761859774 -0.426848610320641 0.3079196845585612
18.8120395 1.4092093910544223 0.6281830573818145 1.1570459233886672 -0.4503853421223144 0.7188082583872473 -0.4283146442438068 0.3114711813345813
18.81703975 1.4095058241490033 0.6289848460831942 1.1564252452598933 -0.45184239670108317 0.7195946497959459 -0.4265810896003879 0.30992025187750655
18.82203825 1.4106288271707277 0.630067332729372 1.1569332517188504 -0.45264972304957435 0.7187376017324283 -0.42677505372709784 0.310463430367078
18.82704 1.411618729609212 0.6309132061981475 1.1564736199981862 -0.4540508768888401 0.7186268665393324 -0.42571350406764874 0.3101310051232864
18.83203975 1.413852728191545 0.6320885851328181 1.157288244934874 -0.45298343812468284 0.7169184664126014 -0.42768177329439594 0.31292525959581197
18.8370415 1.4134066398023037 0.6332378727779183 1.1568318920793752 -0.45604859409458515 0.7185739734261894 -0.424071894875821 0.3095709167788228
18.84203925 1.4146816945793543 0.6341189477470709 1.1570030090479244 -0.4579020402973051 0.7176932687526377 -0.42335059057955093 0.3098650850526158
18.84703825 1.4165301890404638 0.6356044690852172 1.1571137795008888 -0.45740549995574126 0.7167312396713303 -0.4240777138523916 0.3118246803945533
18.85203725 1.417478400091146 0.6359721012183049 1.1573926418708897 -0.45739639845377084 0.7154245874695965 -0.4257432538594067 0.31256819434913974
18.8570375 1.4186297392166378 0.6371651901401467 1.1578270167123113 -0.45928723481417943 0.7145016044250572 -0.4247824753673598 0.3132132529628053
18.86204075 1.4191607050743802 0.6385921580637313 1.157807158205015 -0.46112779538662096 0.7151408390388894 -0.4228207569537222 0.3117007285036555
18.86703975 1.4218179278768814 0.639521045240813 1.1587033915990146 -0.45890001869857283 0.7131725326011683 -0.42572423859773917 0.3155227159049887
18.87204025 1.4227958592268914 0.6402339036492661 1.1584771188115708 -0.45904099336758114 0.7128651203074973 -0.42563995116187076 0.316125479251518
18.87704 1.4225709691379422 0.6418402229036344 1.1583322678223373 -0.46176419446409 0.7141716395312447 -0.4215383545130862 0.3147032152275915
18.882043 1.4240169548405752 0.6428708694875688 1.1590396107666376 -0.4604946180596581 0.7136118272336137 -0.42255456606743075 0.3164656465810433
18.8870415 1.425628398931682 0.6433437163331941 1.1595377648187748 -0.4624879647863413 0.7118784955047657 -0.4234608429891178 0.31625117315293105
18.89204075 1.4260029786987687 0.6448590909705804 1.1596294442377384 -0.46320835507341895 0.7132995714984701 -0.42078203816950716 0.31556967129968555
18.89703975 1.4270020736886455 0.6460949774079652 1.1599905268866864 -0.4631467982551393 0.7128735811826377 -0.4208292540376121 0.3165581138811664
18.9020405 1.4286705934582602 0.647321747648058 1.1603946588239324 -0.46421980362516924 0.7112114484696 -0.42096004076897564 0.31854496317437647
18.90704 1.4296457164216156 0.6483166879627994 1.161119133374677 -0.4645797997578294 0.7110672589503382 -0.4209821713353374 0.3183126989669313
18.9120415 1.4300978697567823 0.6494616381182816 1.1615614744814895 -0.4666668494864086 0.7108830885801041 -0.41957977366980137 0.3175218094689556
18.91704225 1.4308984215026181 0.6504513464588045 1.1621763702808516 -0.4672369678634901 0.7100189496325802 -0.42033967018635005 0.3176118207687018
18.9220425 1.431858924554698 0.6510779938322921 1.1627315450212363 -0.4683369337959718 0.7090829707895638 -0.4209338969329848 0.3172956214504785
18.927042 1.4330538772073138 0.6520859278560974 1.1633389114242587 -0.4686039723140334 0.7085653809674065 -0.42064407371980517 0.3184399178344793
18.93204125 1.4346058301945683 0.6531817179926546 1.1638755314598148 -0.46902703187009426 0.7077832535802026 -0.42057170596846494 0.3196497293371721
18.937041 1.4357877435285813 0.6547103795078332 1.164719519194576 -0.46860910211552725 0.7073050754788199 -0.42030945707108663 0.32165975799435703
18.9420425 1.4358853004988519 0.6556203214439734 1.1655108243117192 -0.47067414186504747 0.7068338206729556 -0.41988043038454403 0.32023776528161574
18.94704375 1.4380945866062615 0.6571694059857831 1.1663935290307292 -0.4688651114669517 0.707182910376673 -0.4201070940629313 0.3218196203438512
18.952044 1.4388536813594142 0.6581928905598879 1.1670933126285332 -0.470638161448294 0.7065334863155789 -0.41903339868855716 0.32205770366013614
18.95704875 1.43972063163682 0.6589967973056358 1.1679300570022886 -0.47189528460947305 0.7056907296428347 -0.4193925772871569 0.32159804193425084
18.96204725 1.439838754364954 0.6597899285977339 1.1685917825784344 -0.4729486587890059 0.7051614614572788 -0.41913613720071824 0.3215459188320944
18.967045 1.4407353294860703 0.660623477560346 1.1694321669189445 -0.4734179833077468 0.7045319725994758 -0.41928178792735127 0.3220448648532702
18.972048 1.4429884260017012 0.6625667900833133 1.1703237983720445 -0.4733531708195635 0.702696767455391 -0.4186102482936437 0.32698545641410925
18.9770475 1.4431938844832606 0.6628625325616554 1.1712739573887134 -0.47482250357133354 0.7020339932998967 -0.41962505743359846 0.3249718042038432
18.982047 1.4442233615566502 0.6636266631719145 1.1721551184183145 -0.4755652302814597 0.7007658843402589 -0.42054500847518766 0.325433223471055
18.9870475 1.4447805880390132 0.6647559116167221 1.1731142577455467 -0.4746932627571373 0.7008827847524284 -0.4205703814938598 0.32642025448916884
18.99204475 1.4460912165009256 0.6655673833982301 1.173988712284439 -0.47593044384372846 0.6998032616553842 -0.4211921597461888 0.32613305899209066
18.9970445 1.4466084896786904 0.6662840703313219 1.1747762119214917 -0.47819249119701707 0.6983288173081278 -0.420082149496041 0.3274137931648699
19.00204375 1.4477091629429137 0.6676242440129591 1.175780463687612 -0.4773730483421447 0.6984515736070869 -0.4198265702775049 0.3286731247475819
19.0070435 1.448888833529997 0.6692555325644661 1.176834542174649 -0.47872994450868467 0.6972067858194239 -0.418707138668885 0.33076376776451
19.012043 1.448789159736886 0.6698397523355805 1.1777902246264176 -0.47980183766011686 0.6981798273371167 -0.41780806243761726 0.32828577221623967
19.0170425 1.450090725253189 0.6703867107546673 1.179112185438122 -0.4799979319958984 0.696963700465859 -0.41913778347429503 0.3288876768394526
19.0220425 1.4508789226763454 0.671359925035045 1.1801868924354277 -0.48088296908603617 0.6962727871551987 -0.41888518774682665 0.32937968273170043
19.02704425 1.4516215894348883 0.6723453159698404 1.1811284195891836 -0.4814017452203708 0.6956829444263294 -0.41860257585225885 0.3302264132726934
19.0320455 1.4523848421722183 0.6727349576649687 1.1819412448923166 -0.4821346855157843 0.6937172652908007 -0.4196964083661517 0.3318997223026874
19.0370465 1.4532961657569154 0.6736829540134762 1.1832979093099145 -0.48199753228046466 0.6939729482357 -0.4196839159182458 0.3315800607879189
19.0420475 1.4536997543663384 0.6747634881464593 1.1842496993511131 -0.4845382566431966 0.6921144215931176 -0.41880805318845304 0.33286651957878505
19.047047 1.45463451179096 0.6753187419028277 1.185463785325296 -0.483571969463382 0.6929074180860155 -0.4186917392132338 0.33276821937389833
19.0520455 1.4551305051972205 0.6762628364080746 1.1867380484571175 -0.48478568450571424 0.692154644297831 -0.4183814226378529 0.33295911711018716
19.05704525 1.4557873850155747 0.6768152238118791 1.1878888697367973 -0.48601776208687836 0.6909625323563752 -0.4186574542261943 0.3332918388388316
19.06204425 1.4564950147568998 0.6774101236143558 1.1889278458706085 -0.48658333159914535 0.6898245923032084 -0.41954508454170064 0.3337073797513112
19.067045 1.4573572983400356 0.6781404574218188 1.190218201245181 -0.4862518613821871 0.6899444780787353 -0.4188508703864868 0.3348129221632617
19.0720435 1.4579415515933223 0.6788055163999613 1.1913647811714478 -0.4870900061533571 0.6894458345179454 -0.418588018313556 0.33495050096351037
19.0770445 1.4576993912303098 0.6796968639773124 1.1928277455124237 -0.4900993954279195 0.688796224669859 -0.4175742319447063 0.3331577768828543
19.08204425 1.4582199027921632 0.6802114728418512 1.1940645661064357 -0.48913173606016275 0.6889886044413782 -0.4180194937918588 0.3336233662960248
19.087045 1.4598221081147238 0.6807423128528874 1.1952237208381984 -0.48833419682382545 0.6872498525543014 -0.41938632300509276 0.3366488741296909
19.09204475 1.4605117721378356 0.6813512134899617 1.196666770901864 -0.488277891247166 0.6868220196717874 -0.41939542107173106 0.3375910173527325
19.097044 1.4612606057795674 0.6821900886396052 1.1980598593006997 -0.48804860550837675 0.6873018203532067 -0.41906856284946603 0.33735190236869916
19.102046 1.461642942686622 0.6827833482554778 1.1996118022279125 -0.4887338649079217 0.6873126394604714 -0.4193249701958089 0.3360165387303566
19.10704725 1.462069749270513 0.6831739097095824 1.2005823285202377 -0.49001846442477226 0.6854320130114615 -0.41921202518348466 0.33812148409026793
19.1120475 1.462663467618706 0.6833292718659896 1.2019423978605104 -0.49012070745558517 0.6844114643257004 -0.42089535858115246 0.3379493109145664
19.1170455 1.4629966810458936 0.6840721306484678 1.20341540646787 -0.4903536802891608 0.685041305473456 -0.41957781665848004 0.3379735696621874
19.12204425 1.4638051508347953 0.684705754044949 1.204861221063466 -0.4897463078062839 0.6850829342087105 -0.41972219395594645 0.338590028126794
19.12704275 1.4639043192838093 0.6851755415207387 1.2060541798112103 -0.4915227651312289 0.6835045994488421 -0.41961832293762613 0.3393336071553226
19.1320435 1.4632687560991207 0.6851609515295497 1.2075024041942317 -0.4934869980518691 0.6835475041820599 -0.41889481268478396 0.33728404674103823
19.1370425 1.4646414944008292 0.6858672693011192 1.208890685884234 -0.49224927712620914 0.6823575001987816 -0.4198449528841209 0.34030737081192447
19.14204425 1.4652534091251435 0.6863705855253445 1.2104817577911506 -0.49136934824855105 0.6827624174774104 -0.41997721507443214 0.3406035579680879
19.147043 1.465343873913936 0.6863993253822744 1.2118470453532113 -0.49205264007457056 0.6821522697059483 -0.4205243690841844 0.3401642769854249
19.1520455 1.4656090085769 0.686894235591943 1.2131995535536657 -0.4929460762461232 0.6808854332673884 -0.420172542543804 0.3418394757340169
19.15704675 1.4661707818608054 0.6873846708609164 1.2149144132035432 -0.4921532441887526 0.6810422719254867 -0.4204547262473663 0.34232211623164177
19.16204575 1.4664221283743724 0.6872137024291348 1.2162357399568495 -0.4925520451900617 0.6801426481486124 -0.4218249042728611 0.34185115340403915
19.167046 1.4668386077797995 0.6878899156532663 1.2177528900649373 -0.49272931599294756 0.6799288517623917 -0.42129333496886345 0.3426755077518831
19.172046 1.4670277305326827 0.6878956393385406 1.2190641533468782 -0.4930421817913302 0.6792417809330263 -0.42163036037082946 0.34317320586394867
19.1770445 1.4668590734572282 0.6879094131383139 1.2205735225644034 -0.4944888109246662 0.6783507482462308 -0.42150622670123944 0.34300667497320214
19.18204325 1.4672960391960397 0.6881680203208668 1.222074289243678 -0.4936096158484845 0.6787509617026145 -0.42185756960391796 0.34304936976703937
19.1870445 1.4674978247172028 0.6886123469429324 1.223570231715872 -0.49393679893834613 0.6783731212871565 -0.42168741119034964 0.3435346768715521
19.19204075 1.4677416694099557 0.6885122370303128 1.2248446097945922 -0.49390980454179695 0.6776939692645829 -0.42225667074038764 0.3442140221070932
19.19703975 1.4675880004350446 0.688346130764092 1.2262377572757535 -0.4948414279613975 0.6766189029957514 -0.42305607181678917 0.34400927513789303
19.20203925 1.4680277456077861 0.6887388309477559 1.2278570552935657 -0.4938694127793045 0.6770353766315508 -0.42274639211297776 0.3449660706009502
19.207039 1.467897241045236 0.688685282588631 1.229438591133147 -0.4946458160259661 0.6767790473216455 -0.4231596408240527 0.34384815859921475
19.21203875 1.4680043821018143 0.6884789758717014 1.2307384508295363 -0.4944981226021283 0.6761518612656032 -0.42396511918403207 0.3443019677046597
19.217038 1.4678821504109467 0.6886647062743082 1.2321539411431564 -0.4954092252646381 0.6752728693804374 -0.42328213864088354 0.3455553248164488
19.22203925 1.4684583690177881 0.6888786800082438 1.2337759538106694 -0.4938937480516012 0.675635449544361 -0.4242224877050416 0.3458626691041927
19.2270375 1.4679878596097748 0.6886074549895171 1.2353050105867638 -0.49466411569409213 0.6752283035092019 -0.4246215855880202 0.3450661673322708
19.2320355 1.4682597527719887 0.6885499196896895 1.2366358425693489 -0.4938586308353228 0.6746304575629306 -0.42492747794489016 0.3470072577991507
19.23703675 1.46787557579381 0.6884937426431447 1.2380225799244884 -0.49500842588039884 0.6740093685092218 -0.4242807318511021 0.3473670825641124
19.24203775 1.4677267410475898 0.688515908448347 1.239726135225057 -0.4946096107363014 0.6748627966277992 -0.42457204461960285 0.3459192356931314
19.24703675 1.4678819963436576 0.6883833388083176 1.2410713210599558 -0.4941496158174859 0.6740059716760587 -0.42533820062365674 0.347303213953849
19.25203775 1.4678415736041626 0.6882374741525923 1.2425971836227243 -0.4936821716069473 0.6738153295957047 -0.4257636140562654 0.3478162733182967
19.25703575 1.4670113439408112 0.6878751164435425 1.2438662670699072 -0.495910519487822 0.673152600110973 -0.4250117981088156 0.34684766842731757
19.262035 1.466752029714939 0.6879170552700201 1.2453399612199532 -0.4943927572850445 0.6742220096329504 -0.4252334604918059 0.3466655266229403
19.26703425 1.4666676477616025 0.6878162377744799 1.2468634599017192 -0.49395421461570665 0.6739395774153816 -0.4255585543683694 0.34744006196819144
19.272034 1.4669288037393582 0.6873931039398602 1.2481402982769165 -0.4938325972310329 0.6732208060242136 -0.426320627369005 0.3480715945432183
19.27703325 1.4659653775678618 0.6868860968735787 1.2492154634857067 -0.49498543250228555 0.6723889124086 -0.4267533691451757 0.34751134370513265
19.282035 1.4662593735686384 0.6867477227602464 1.2507332613465096 -0.49426738448914176 0.6718236263077484 -0.4275014653526592 0.34870512598225323
19.287034 1.4671728968865843 0.6873549644217958 1.2522829758263634 -0.4927430341669436 0.6719259878029262 -0.42735812387257865 0.35083443838244543
19.29203275 1.4660046579546395 0.6854407066567073 1.2534192777387543 -0.4930297913925175 0.6713560183150761 -0.4298977756885686 0.3484115726114722
19.29703225 1.4655169362881724 0.685281258387396 1.254542093009733 -0.4937128728050515 0.6706972650096935 -0.4292779357746077 0.3494756526457772
19.3020325 1.4656339119185677 0.6855548900725429 1.2560152301839205 -0.4929496737146819 0.6712634131740712 -0.4285023205803948 0.3504166242855799
19.30703075 1.4648666553111016 0.6843682726259983 1.2573555211165635 -0.49399459223933373 0.6706308243815777 -0.4300363073228994 0.34827060543730165
19.3120295 1.464913050222073 0.6851126496783813 1.2587182889327817 -0.49265383501066634 0.670854279763515 -0.42937996480428325 0.3505418377268699
19.31703175 1.4639250658491603 0.6839077641575388 1.2598581294722737 -0.492338918189882 0.6713962950639306 -0.43035595480072714 0.3487451172096873
19.32202925 1.4640705506786356 0.6838329221662567 1.2613000909743424 -0.492081406176057 0.6698971420656327 -0.4312871897209407 0.35083481687356133
19.3270285 1.4635867184381222 0.6833567049913312 1.2625022574630997 -0.4916466441633131 0.6698544114575296 -0.4317599350102613 0.3509444446828789
19.3320275 1.462671734895381 0.6821780234497729 1.2636133206301026 -0.49095299054148084 0.6702979049287845 -0.43301632090981323 0.34951787586930183
19.337026 1.461842189248443 0.6824209062444416 1.264871123191736 -0.49211772205005894 0.6709102685058108 -0.4314087822686291 0.3486918723446539
19.3420245 1.4618815593004602 0.6817389223429112 1.2660437599606218 -0.4909841142935967 0.6698218645165209 -0.43266606909754624 0.35081810383533707
19.34702375 1.46073549741957 0.6802359871382286 1.2670418305879596 -0.4906720746748499 0.6701449232876376 -0.4345080534124253 0.34835247730686464
19.35202375 1.4607874846040936 0.68015524265387 1.2684262093113632 -0.49029122379522655 0.6680174177117548 -0.4352670090294643 0.35200834699427536
19.35702275 1.460234203226228 0.6799147197035004 1.2694110581063818 -0.4894544284826622 0.6692670246756709 -0.4348088847873926 0.3513648329449451
19.3620195 1.4596957627803289 0.6791765571904372 1.270388288172178 -0.48912617554535054 0.6685887559544604 -0.43602203271344414 0.35160979337339604
19.36701725 1.4589847295589704 0.678564010935415 1.2714331373625545 -0.4889804536588103 0.6690636554812333 -0.43582819984389165 0.35114914363350896
19.37201925 1.4584327716053416 0.6778949622952759 1.27247804157614 -0.488166973476514 0.6688593757626404 -0.436720008641013 0.3515619085079964
19.37702025 1.4577491643420288 0.6772083111202343 1.2734070242674551 -0.48813905343756997 0.6687819825794897 -0.4372273739043475 0.3511170001507021
19.38201825 1.4570645377508766 0.6765226690069347 1.2744160568468947 -0.48750268061490054 0.6686286454131306 -0.43801595044320984 0.3513102590070778
19.38701575 1.4559082532757144 0.6751462267331915 1.2752226356224152 -0.48705701899785997 0.6690517357864222 -0.4393983008400788 0.3493914256316909
19.392017 1.4550904573047414 0.6749126591630826 1.2763148742044117 -0.48627689605087737 0.6693784608787727 -0.43956617210920174 0.34964101134728626
19.3970165 1.4540718965824468 0.674486950935407 1.2769529263447728 -0.4877440517459063 0.6700399652264967 -0.43819671306760577 0.3480457234940665
19.40201575 1.4540304488916218 0.6729835383712754 1.2778531347222486 -0.48605399444103026 0.6679725655392805 -0.4419203253174118 0.34967212105934836
19.4070135 1.4534224578376573 0.6725969061593223 1.278713228038444 -0.48572565472355106 0.6676638237403534 -0.44188875055509735 0.35075623863966127
19.41201375 1.45243795718391 0.6718418429737553 1.2794030541483403 -0.48629923302142464 0.6672466498538137 -0.441779661505686 0.3508927113827782
19.41701375 1.4511558966344558 0.6713265302095447 1.2802976751069464 -0.4852681038925964 0.6692980741961385 -0.44144416509877066 0.3488294774271146
19.42201375 1.451315862235839 0.6704101403912976 1.2814143575474406 -0.48333972522583196 0.6680196028711389 -0.4435868554165567 0.35123100930890744
19.42701425 1.449516487577528 0.6696007603746936 1.2816564044228314 -0.48390029456649936 0.669270156607614 -0.44307033364534276 0.3487214387391168
19.43201275 1.4488830263152281 0.6681357116124552 1.2822147383426472 -0.48351482628700293 0.6689389112329428 -0.4446920124793595 0.3478263357426971
19.43701225 1.4483461022801587 0.6679555160444421 1.282938720981852 -0.4836940371337606 0.6684106045368023 -0.44415251758143404 0.3492790908572462
19.44201125 1.4474681994908178 0.6669066910136715 1.2834361834799977 -0.4837458030846291 0.6676445601245337 -0.44524329735891544 0.3492837607033651
19.44700975 1.4469026406328493 0.6662555035798885 1.2842627225516992 -0.4819480434025964 0.6687571075314632 -0.44588087240585383 0.3488269803343125
19.452008 1.4462516799063283 0.6652887506614892 1.285017351593826 -0.48061054372104195 0.6686821091743436 -0.4472724790418151 0.349034484866617
19.457008 1.4456677419209267 0.6643831815433465 1.2853681112447763 -0.4796972759658336 0.6686706872458839 -0.44863824027349136 0.3485595570535702
19.462009 1.444365701037676 0.6636864518375681 1.2857263107086303 -0.4806173018176631 0.6692606910254627 -0.44762103641202095 0.3474658895532878
19.46700725 1.4435052407550981 0.6628465888900426 1.2861757235009827 -0.4801488988130001 0.6694294570260269 -0.44805848282228605 0.347224470631742
19.472007 1.4421124995808638 0.6612389670243526 1.2863676654019973 -0.47965126035467653 0.6702138145806764 -0.44941775430911285 0.34463283839057346
19.47700475 1.4417284447250405 0.6611286868299917 1.286819748612351 -0.47942341381027587 0.6700339558034509 -0.4491703303320735 0.3456207498259563
19.4820045 1.4410039010775868 0.6602817751725467 1.287250293473859 -0.47831244118299127 0.6702962821619267 -0.44999761900059426 0.34557523872995044
19.48700875 1.4401519385123303 0.6593941677891808 1.2875573530475661 -0.4777785763729088 0.6705220066222166 -0.45070128957008865 0.34495828468707884
19.49200925 1.4385603815674404 0.6584369806495786 1.2876866443119501 -0.47707457197406855 0.6718002830958364 -0.4511506717300627 0.3428517227689348
19.49700825 1.4383423630909467 0.6576353797766534 1.2879122662105282 -0.4768008250547265 0.6713164209529466 -0.4518419425846896 0.34326971189918914
19.50200825 1.4375344641052883 0.6567170563065838 1.2881473157029355 -0.47599908010716263 0.6715453218234072 -0.4527322694581907 0.34276121231181883
19.50701 1.436208069456426 0.6553040957473748 1.288082869439678 -0.47547577829100784 0.6723528929890188 -0.4538683511627497 0.3403937299079764
19.512011 1.4359015172745795 0.6550873943155451 1.2882448020731356 -0.47481422987812466 0.6722020917094615 -0.45403311907651256 0.3413937928380087
19.51700975 1.4345941658610386 0.6535671211352945 1.2881555128468527 -0.47378976061584793 0.6731466399991018 -0.45555664024538206 0.33891741076822324
19.52201025 1.4341870406012458 0.6525188006965641 1.288353210141211 -0.471653923998443 0.6733585604333807 -0.45770090161786414 0.338586340135201
19.52700825 1.4332823944364674 0.6514966044961987 1.2882579557204186 -0.4712389396403282 0.6736803870800974 -0.458426739033686 0.33754040168431687
19.53201025 1.4326919044032782 0.6515396249320522 1.288216359375119 -0.4715902908015105 0.6737581588129441 -0.457379175186116 0.3383146924991679
19.537011 1.4318850164295855 0.6507140833438828 1.2880391709165913 -0.4709306734468725 0.6742153038380888 -0.4580035331542757 0.33747709329018044
19.54200925 1.4310888721609896 0.6498695053303926 1.287864071135859 -0.47050375298886227 0.6746077592423595 -0.4585549044067852 0.3365382433511569
19.54701025 1.4301680061043003 0.6491381730864059 1.287525915321588 -0.4704042126727078 0.6750627277262141 -0.45878340140758767 0.33545190553564835
19.5520155 1.4292941855464998 0.6483300858444533 1.2872902812014146 -0.4700609393408823 0.6755543832289619 -0.4591988418355233 0.3343731631919921
19.557016 1.4275284745099588 0.6465009978952807 1.2865961937991823 -0.47053459660109104 0.6763543665761566 -0.459878014647793 0.3311407191186533
19.56201625 1.426595935885349 0.6458558809597853 1.2860827576552198 -0.4710334675627925 0.6767515966094397 -0.4597896363469023 0.32973965371233294
19.56701525 1.4257423584812419 0.6447268216527786 1.2857924478910185 -0.4697115534922627 0.6774132967165004 -0.4613940528527391 0.3280210510618055
19.572015 1.4253871726516385 0.6443972989361555 1.2854346616113559 -0.46954123302968565 0.6775369666971768 -0.4607949001534122 0.32885064883067844
19.5770155 1.4245313556157897 0.6437704683655116 1.2848309666740656 -0.4684400620235272 0.6769661481275323 -0.4630143852050988 0.32847895164517077
19.582017 1.4250897174760588 0.6438762842727364 1.2848715455641153 -0.4660639883833337 0.678074413454985 -0.46245754177329973 0.3303520404158187
19.5870155 1.4229920681697665 0.6422802801152605 1.2840728407540984 -0.4663650269163046 0.6796814441532081 -0.46283072876873893 0.32607439741654337
19.592015 1.4228705454407844 0.6410763657734336 1.2831616297815014 -0.4660956144706078 0.677954588444512 -0.46512431971156426 0.3267901794594713
19.597015 1.4215887933499332 0.6403439606750336 1.2829469702536245 -0.46637754274853804 0.6798698980776074 -0.4635198156178964 0.32468182862200734
19.602016 1.420650963254586 0.6393797940330812 1.281882426934372 -0.46715112014566684 0.6792286692804219 -0.46453472099504994 0.3234590217697551
19.607014 1.4199595599807988 0.6397931870888696 1.2813503441421805 -0.46622425196916883 0.6814518397616138 -0.462713394588909 0.32272999772148453
19.61201375 1.4198472077202193 0.6389328681169835 1.2805645198048858 -0.46537705676796925 0.6815218787892098 -0.4636968886975843 0.32239311279521515
19.617017 1.418818629810064 0.63847195494404 1.2797814579450038 -0.466023067517692 0.6820317956845663 -0.46295602412737874 0.3214449407610215
19.622018 1.4178181739009048 0.637963184044505 1.2792467238256673 -0.465919414886221 0.6834253519721775 -0.46291698174984813 0.31867970616497915
19.6270195 1.4176372494700724 0.6379686415436799 1.2784121554000043 -0.4649131454439799 0.6831712456346151 -0.4628737083872537 0.32075028669553013
19.63202025 1.416688229819928 0.6359702452677514 1.27730432964895 -0.46422765718894404 0.6824217841761591 -0.46567479490518204 0.319280716882039
19.63701925 1.4160712890729894 0.6354028730067177 1.2763555522535128 -0.46441716690810597 0.6826261832710108 -0.46568973982232664 0.31854553083996445
19.6420185 1.4152926647011734 0.634860106811376 1.275407115128386 -0.4649694591933496 0.6829687821717415 -0.46551247808987006 0.31726200109518415
19.6470185 1.415127155180063 0.634362732969201 1.274676354606182 -0.4648815790641755 0.6832025426068696 -0.46538302151196725 0.3170773509897848
19.65201975 1.4140929758929315 0.6339984202664072 1.2736282741253635 -0.4648231744349434 0.6840919286680717 -0.46488401994314565 0.3159754699987343
19.65702075 1.414123911248532 0.6334492368536022 1.2727281379170523 -0.46385640954506896 0.6842487840336701 -0.46533570160883747 0.31639139950481004
19.66202075 1.413010963923047 0.6328689419080215 1.2715465019674261 -0.46380822021689344 0.686284890981373 -0.4637599156060697 0.3143592275518151
19.66702025 1.4124710108646452 0.6326187148483491 1.2706260007298127 -0.46362248922110955 0.6864841883423984 -0.46434290305830167 0.3133357863757176
19.67202075 1.412426673299791 0.6319676480259537 1.2694573907006899 -0.46365350706765907 0.6857170372561122 -0.46500164844154285 0.3139920972687173
19.67702075 1.4114725033554432 0.6309895752508381 1.2683151385672924 -0.4625311506972036 0.686809767602878 -0.46562881696315334 0.31232528327609915
19.682024 1.4116290429872518 0.6314224373693199 1.2673527377787954 -0.46248151944235893 0.6880035022055132 -0.46364722832693234 0.3127191596176815
19.6870255 1.4112030419550698 0.6308191959539291 1.2661535590381212 -0.4622428828533692 0.6881311586631103 -0.4641289769450108 0.3120758216977875
19.69202425 1.4107620323999195 0.6303979625935361 1.2649183250847815 -0.4620660265569591 0.688664607475916 -0.46395402969077726 0.31142046150758235
19.69702275 1.4095092225896226 0.629760401509669 1.263502088112582 -0.4634483108762861 0.6888627403662847 -0.46354545523092877 0.30953093385915553
19.7020245 1.4090486757327696 0.6290237751001134 1.2621946571879608 -0.4626442765690329 0.6898464011250625 -0.4636424373252281 0.3083956979658397
19.70702425 1.4098167908104782 0.6298018215872376 1.2612235519224546 -0.4622209790537917 0.6910635945020573 -0.46161360630062764 0.3093473021614693
19.71202525 1.4091082941027802 0.6289511771565836 1.2599481144937736 -0.4615382727305691 0.6909805886514782 -0.46274687211126425 0.30885851334062486
19.71702475 1.4078818437341931 0.6283197854492517 1.2584561258136462 -0.46255868093524527 0.6912941200242723 -0.46236741829233313 0.3071942004872417
19.72202375 1.4081875087080138 0.6273286217187916 1.2571544028535229 -0.46087496367361863 0.6912155370609271 -0.463867970582186 0.30763916371681127
19.72702375 1.4072810098024704 0.6277840745415535 1.255944133778332 -0.461841966346118 0.6932871531310797 -0.46083254688490605 0.3060854213394115
19.7320255 1.4068508892279157 0.6271093454752458 1.2543557161672179 -0.4620917828820313 0.6929730862114601 -0.4614190054502513 0.30553557466974374
19.73702425 1.4067639197189346 0.6269587012110684 1.253231246241221 -0.46085999284323026 0.6943769595413554 -0.4608099092567371 0.3051277315902939
19.74202425 1.4066859485979772 0.626677417517781 1.2521545047761111 -0.46053074011669237 0.6949160171731443 -0.46075219172208903 0.3044841281693962
19.74702575 1.4059360517581818 0.6261589346807862 1.2504777413653236 -0.4618067474361021 0.6942089309409685 -0.46091411666711557 0.3039188465384444
19.75202575 1.40568479876922 0.6263523782114272 1.249245015350322 -0.46256021726261876 0.6950590618533068 -0.45973475090410626 0.30261345765299225
19.75702525 1.4055462460740717 0.6262201484347907 1.2476744836632414 -0.46122230155003185 0.6959701939270685 -0.45888478785414405 0.3038490236845717
19.7620295 1.4054232270890659 0.6261516959529985 1.2463201823449053 -0.461685131881565 0.6963882988275653 -0.45815497236776137 0.303288967076363
19.76703 1.4050556019032294 0.625764355831198 1.2450327265870544 -0.46246001563774025 0.6957167809020665 -0.4591293584802217 0.30217400101456
19.7720315 1.405315018161525 0.6261879591225782 1.2434854325905733 -0.4609728869901364 0.6976067815443264 -0.457115025133809 0.30314127003801783
19.77703125 1.405415230509813 0.6260382355958579 1.2426063846833326 -0.46109090476584463 0.6966749896226729 -0.4577029196460537 0.3042156697541094
19.782032 1.4045529955924658 0.6255439135035932 1.2408626659433106 -0.46087872428211873 0.697547672531374 -0.4574368014383294 0.302935007452127
19.7870315 1.4048873786497558 0.6259469353704138 1.2395662514053205 -0.4612817561464676 0.6979308452088715 -0.4560371160790793 0.3035487201599397
19.79203 1.4052058738544289 0.6260931580830454 1.2381602797875706 -0.4609223833381448 0.6976354830714516 -0.4563421354044946 0.3043142204235822
19.79702825 1.4040006188267256 0.625999983306031 1.2362414843056648 -0.46265728013236235 0.6990866264861458 -0.4542101747115719 0.30152818607425147
19.80202775 1.4037293233641077 0.6259870579745533 1.2349585491149193 -0.46211228128284454 0.6995434311065974 -0.45402506383819646 0.301583270242061
19.80702775 1.4040802873422475 0.626373551147711 1.2338846858529833 -0.46151908589588675 0.6997846648720053 -0.4536207650937915 0.30253885310737133
19.81202925 1.4040195761225154 0.6263633462419689 1.2323817969684725 -0.4612462271891453 0.6998427990111373 -0.45373931031550957 0.302642714847792
19.8170275 1.4036497888356865 0.6260337006617799 1.2307050459522595 -0.4618620858340831 0.7000111559419041 -0.45373026961918606 0.3013248042514424
19.82202775 1.4039389496667771 0.6268903029845454 1.2295313994438275 -0.4610502851588253 0.7011406678180336 -0.4523347416165454 0.30203920277563406
19.827029 1.4034338147606191 0.6271448657884077 1.2277570490857663 -0.46165188330050855 0.7019357568991248 -0.45099045520848935 0.3012828258337769
19.83203075 1.4039068021198144 0.6273163100938466 1.2269705607120978 -0.4624765877376201 0.7007240291223097 -0.4520924460950234 0.30118708635826713
19.83703525 1.403458488650878 0.6276351337012367 1.2249138664992745 -0.46155832664821983 0.7025600169151885 -0.4503612930200151 0.30091201285951585
19.84203525 1.404044728886335 0.6278971835398752 1.223883882000102 -0.46049228846911533 0.7024314672643078 -0.45092174609574454 0.3020040810243358
19.84703475 1.4038991189676813 0.6280854653932972 1.2224128549496176 -0.4610456626660448 0.7026301630129925 -0.4505800156995165 0.30120657431966313
19.852034 1.4036143174366524 0.6287237814826859 1.220531832777957 -0.46159860469201797 0.7035353702868292 -0.4488281875182299 0.3008620431208581
19.85703425 1.4036995705883126 0.6286490911142023 1.2194304029364729 -0.46103597914377126 0.703524323843097 -0.4496827253592843 0.30047428876611654
19.862037 1.4052126571702679 0.629326695272077 1.2186957117867585 -0.45982732101063867 0.7020890669203034 -0.4512864737364817 0.3032660475319463
19.86703725 1.404173723858659 0.6298000109278878 1.216165569384195 -0.46172518253933487 0.7033430806715746 -0.4488094070089878 0.30114528530375095
19.87204025 1.4045587595338724 0.6300686558413707 1.2151164216202759 -0.46025887414158567 0.7033882580756972 -0.4490540802973848 0.30291444360318326
19.8770405 1.4045303583546396 0.6307827762883705 1.2136025633720071 -0.461363246169126 0.7040193646614861 -0.4472842514539911 0.3023863218916603
19.882039 1.4043510203738219 0.631186099851294 1.2126351368464978 -0.4615072001614183 0.7049223193449821 -0.44656975727796594 0.30111638908096383
19.8870405 1.4043296230807758 0.6316146953057807 1.211119281638605 -0.4617853416270412 0.7042514631747379 -0.4468175586319416 0.30189111310674405
19.8920425 1.4050543095993542 0.6322206435618601 1.2098194957860964 -0.4610499886367943 0.704035443394545 -0.44707557366288103 0.30313434951563023
19.8970435 1.4047071460338 0.6329856621523892 1.208731342515435 -0.46214451767177467 0.7056152866221153 -0.4443862396229207 0.30174555855043367
19.902045 1.4046589939903855 0.6338350724824252 1.2071236509037075 -0.4639163476359101 0.705469061952484 -0.4429961724611526 0.30141236903751734
19.9070445 1.404751273310573 0.6341970366684737 1.2059043228407524 -0.4633571735719912 0.705418591341631 -0.44314711118518285 0.3021677986437206
19.91204575 1.405149257989173 0.635039232117642 1.2048343181431551 -0.4624046270347816 0.7057214162601347 -0.44296218585519037 0.30318928976961873
19.91704475 1.4054980879500116 0.6356876466007799 1.203441335550016 -0.4641556144484234 0.7052770475402137 -0.44220660990645105 0.3026502369799327
19.922046 1.405628928960043 0.6361810155474316 1.202067758766937 -0.4635807562756147 0.7059392350763894 -0.4411906972930804 0.3034690221632793
19.92704625 1.406399750991467 0.6370727942666949 1.2009532082306156 -0.46379851845214265 0.706084980587962 -0.4403046477818484 0.304083461588093
19.93204675 1.4067176989536638 0.6379778850118569 1.1998543707479294 -0.46421999936375213 0.7055463102003002 -0.44007187017702415 0.3050261389329708
19.9370475 1.4063466812499967 0.6385210166946774 1.198871451971085 -0.4643637385390994 0.7062672990518659 -0.43873705874116864 0.3050616559109344
19.94204675 1.4081527014639355 0.6392652145751775 1.1980576401676097 -0.46323006022629815 0.704705053347847 -0.4410157293285835 0.30710556096157826
19.9470465 1.4072417054273576 0.6406356308722079 1.196406171291167 -0.46628213274326913 0.706328086088753 -0.4365928827189025 0.3050709134705997
19.952049 1.4075464897924814 0.6408842247968818 1.1952943722733786 -0.46567708571061234 0.7057790895816738 -0.43770728710806267 0.30566821778823283
19.95705 1.4080563558393466 0.6414851926356535 1.1943398150680415 -0.46533784784787985 0.7056060042708467 -0.4379046988991146 0.306301042732977
19.96204975 1.4098423059227747 0.6427843924496953 1.1938321350675878 -0.4643910361669252 0.7045438616846281 -0.43876102100509196 0.3089460777172783
19.967051 1.41027785344741 0.6438478201124547 1.1926198073077792 -0.46477645723313193 0.7044922022427537 -0.43802062286390014 0.3095343530642351
19.9720515 1.4101155401426877 0.6449177117755812 1.1915227776474913 -0.46559837981418906 0.7051601282376057 -0.43529839613174626 0.31061656199155724
19.9770515 1.4099188522381734 0.645119590703978 1.1904094957745313 -0.46768605271776365 0.7053833959941737 -0.4344093595943782 0.30820858042210003
19.98205025 1.409695578117907 0.6459852293115421 1.1887986406492963 -0.4681268842326171 0.7060493018743755 -0.43348870475294354 0.30730952870515443
19.98705075 1.4106849635763954 0.6469583906136438 1.1879370694819438 -0.46682629287650396 0.7051187095196764 -0.4346700871972886 0.3097462397840985
19.99204875 1.411556453121468 0.6479457899227073 1.1868905582331037 -0.4671519142085332 0.7048689608671667 -0.43396643409819335 0.3108085763511718
19.99704875 1.4123454644634272 0.6491439505859943 1.186352076619745 -0.4678843291982059 0.703665540907465 -0.4337198157819557 0.3127717737076284
20.0020515 1.4131757950550272 0.6508551416206826 1.1857179022179198 -0.46882536441108125 0.7047544326828779 -0.43084220888656743 0.31288809235954546
20.00705325 1.4136192520247604 0.6519857521962041 1.184751836527584 -0.46897304657894523 0.7049518549508167 -0.4298111338613979 0.3136392083152946
20.012052 1.4138569269114982 0.6522037706661822 1.1833662796478697 -0.4694202690565226 0.704131861944462 -0.430926321473128 0.31328172218494565
20.017052 1.414583086079074 0.6532485325794196 1.1826239174476656 -0.46924313778263327 0.704146838116464 -0.4305572224006518 0.3140200411647809
20.0220525 1.4142294310349697 0.6539857312901582 1.1814880087361117 -0.4703302393348199 0.7048871062854533 -0.42923980758797126 0.31253291177348425
20.0270525 1.414204053903299 0.6555912144132368 1.180451968270875 -0.47318477678264936 0.7055792678500142 -0.4251378824088904 0.31226886611104326
20.03205225 1.4154023132716842 0.6566952381739901 1.1796322590186217 -0.47257104268881583 0.7045237876817132 -0.4260047236726839 0.3143927760162087
20.037054 1.4157780938846865 0.6577370254358391 1.1788198579042362 -0.47296996965538335 0.704898045334797 -0.4247263637907037 0.31468344314325614
20.04205175 1.4163747726365157 0.6589375050462682 1.1780210735345429 -0.47314801500345594 0.7045576548156566 -0.4244204930376925 0.3155894675501601
20.04705 1.416834905534672 0.6604059630512746 1.1775904345102854 -0.4735113758716527 0.7051813094719094 -0.4230994516557754 0.3154253504400044
20.05204975 1.4180462800364648 0.6611639011295645 1.176740366691703 -0.4727599388730518 0.7044539980991797 -0.42369043829746905 0.3173783503235971
20.05704925 1.4194333722172838 0.6629048619793431 1.1766421861766025 -0.47337320394923593 0.7037069158570416 -0.4233580696819475 0.318562915595932
20.062049 1.4198949979730118 0.6637670088556923 1.175955234390852 -0.47399154865279464 0.703225938000573 -0.42335767451219086 0.31870608930575745
20.0670475 1.4200188127101734 0.6649510645266186 1.1746984194009 -0.47430287929388687 0.7034308847136713 -0.422321536954111 0.31916498640857777
20.0720475 1.4210118106593048 0.6659243068493277 1.1741368439936517 -0.4746399062893196 0.7032553969079974 -0.42174357566894827 0.31981426243901473
20.07704675 1.421469813677975 0.6673984560880605 1.173439779006502 -0.47595608659862426 0.7036845499465684 -0.4199919283939134 0.3192187931187326
20.082046 1.4222637603011903 0.6686472827061247 1.172952134882335 -0.47582643510001227 0.7036245654704849 -0.42009980745772035 0.3194022953901106
20.08704425 1.4226709791049847 0.6692531345027667 1.1718151983975198 -0.4764551292684478 0.7034594436543471 -0.4196070051411261 0.31947657529746687
20.0920455 1.4226640202546452 0.6704453568159453 1.1715655571669423 -0.47814640438017936 0.7042301625633183 -0.4182892270957272 0.3169700563302588
20.09704575 1.4236368467535718 0.6713440441307764 1.1709448493199135 -0.4795873522755313 0.701801246870889 -0.4193122398555049 0.31882319071104387
20.1020475 1.4250264141486064 0.6728708893641492 1.1704723145371438 -0.4787050125586414 0.7030273517156344 -0.4184591093009446 0.31856871713021806
20.10704875 1.4258529843027938 0.6742080398475553 1.169837766244178 -0.47862784563392924 0.7034267048739589 -0.4168866200303064 0.3198621613972098
20.11204675 1.4262204873738906 0.6752330794315162 1.1695772797097639 -0.47938052788538915 0.7029893872358152 -0.4167658670544895 0.31985378374572726
20.1170435 1.4272913035669301 0.6766389362245195 1.1692700025117944 -0.47785051403801837 0.703632110372434 -0.41713699469081744 0.32024594790059296
20.122043 1.4284722758912902 0.67724887862787 1.168699880645849 -0.479489173408342 0.7016117224095658 -0.4180360396504913 0.3210560591469971
20.1270415 1.4291125641858355 0.6785131407955152 1.1680595021703173 -0.48080352772709395 0.7021235819630129 -0.41621582488386205 0.32033549677308015
20.132043 1.4295270906941258 0.6795685931119326 1.1678682921595762 -0.4803970071731867 0.7031119383226114 -0.4158455213197445 0.3192566680361985
20.13704175 1.4302004867305709 0.6808500483952039 1.1675420911219008 -0.48116402740132264 0.7026321830022639 -0.4152936172889102 0.3198756095476873
20.142042 1.4312331839909722 0.6814713871535517 1.1672115573253203 -0.4820167857787623 0.7013059962276437 -0.416520620659518 0.3199066902208722
20.1470405 1.4326015519895225 0.6837016582128417 1.1668186025209089 -0.4822048435786791 0.7011584833161162 -0.4153450817503192 0.3214712011501587
20.15204075 1.433524485891257 0.6847558897351265 1.1666242647851681 -0.48283992491170336 0.7017809184166504 -0.41368737041671827 0.3212972284587033
20.15703925 1.4338857041394824 0.6862830928093228 1.1663515468536667 -0.483303493501341 0.7018746327502485 -0.41286195666782866 0.3214572099168334
20.162038 1.4356831476142504 0.6877604383014356 1.1659643790821876 -0.4834223907683734 0.7006228569321925 -0.4125256692751183 0.3244271515102865
20.167038 1.4362388538577187 0.6885401451189301 1.1658634562014176 -0.4841453498072732 0.7013197933986935 -0.4120349945891539 0.32246083619739413
20.17203825 1.4370738059385881 0.6894050072491767 1.165594713670323 -0.48558434326392536 0.6995192688047794 -0.41316185206103007 0.32276604863161884
20.177039 1.4379716385517445 0.6905786924645632 1.1651326006015568 -0.4852922889674305 0.7003059001140024 -0.41203740593224353 0.32293686170348623
20.18203975 1.4388651783772375 0.6913930784930437 1.1651910961750744 -0.48572663649514675 0.6994278442953535 -0.4130158872488592 0.32293683918609223
20.187042 1.4400346771105061 0.6925265617536884 1.1653409798388792 -0.48586233527943357 0.6987342182435368 -0.413534902970692 0.32356941672140305
20.192041 1.4407771705058317 0.6940544817083315 1.1649472478463632 -0.48672711272039937 0.6983423883473509 -0.41271847279593454 0.3241575058411777
20.19704175 1.441379750160142 0.6950785300408114 1.165079385838038 -0.4873154707769896 0.699523144059032 -0.41132732338505285 0.3224916059435592
20.20204175 1.4428865956272563 0.6961600677494675 1.1655770772921252 -0.48811058074983854 0.698225808195295 -0.41162757708090975 0.3237151827094025
20.20704325 1.4435340477074972 0.6971844803398817 1.1651315821945845 -0.48855689202145436 0.697998384037652 -0.4112427131281855 0.3240213728107025
20.212045 1.4442653576747446 0.6981122291651017 1.164982256604759 -0.48892892209074945 0.6975347316251386 -0.41132094934853325 0.3243591897061729
20.217045 1.4454505848537118 0.6993906700624621 1.165101336250566 -0.4897978041941668 0.6966408910608229 -0.41154921197746924 0.3246795743949403
20.2220455 1.446242074741454 0.7007076902987653 1.1655210921804697 -0.4895937372848061 0.6988794492049273 -0.4091362317964209 0.3232228824231651
20.22704575 1.446471356618113 0.7019422432586446 1.1657415023045326 -0.49056833740346734 0.6992083163564553 -0.4082855123379216 0.322107710386029
20.232048 1.4478929985788331 0.7029875488514673 1.1656610605848157 -0.49223566812213343 0.6967278610594806 -0.408446333156992 0.32472438710765994
20.237046 1.4488445223848148 0.7038560054706349 1.165886065651777 -0.49209857182241856 0.6966224073856202 -0.408908214234618 0.3245770932614541
20.24204525 1.4501518510595255 0.7057402731989642 1.1660073929586479 -0.4929854276281286 0.6960925936114802 -0.4073476943733837 0.32632548958707186
20.24704375 1.4501471572021252 0.706312162177353 1.1663920960446004 -0.49433911617456044 0.6953905414186472 -0.4085029006227723 0.3243242410120103
20.25204375 1.4517157886906218 0.7074061247314875 1.1666590723394332 -0.4936559102659614 0.6956307280803657 -0.4088603703091174 0.3243993372381592
20.257046 1.4525257160906926 0.708192119450402 1.1668393290567274 -0.49426315087588313 0.6952384038778916 -0.4084266986123317 0.32486171107133793
20.26204625 1.4534597228057036 0.7095082084695787 1.167060798964448 -0.4952901334702521 0.6946217708886612 -0.4078177769927398 0.32538122235805195
20.26704575 1.454416466971416 0.7103156194156695 1.1674008666553068 -0.49506205928448005 0.6943057994905792 -0.40837602883541735 0.32570236923205176
20.27204375 1.4549599757133818 0.7117070637348027 1.167642496078334 -0.49519423934142154 0.694751701222441 -0.4079396190999712 0.3250969180723887
20.2770435 1.4564714422413894 0.7139673844756304 1.16813666874389 -0.49537254980370576 0.6945169088796282 -0.40634371671372715 0.3273180167185049
20.28204475 1.4571608052886815 0.713944523848314 1.168751445586941 -0.4971010934060925 0.6937204308016983 -0.4073265896051895 0.325157679016472
20.287048 1.457194546814223 0.714455390369634 1.1687003832655234 -0.497461631192138 0.6934265891526007 -0.4076508414818549 0.3248265419989313
20.29204625 1.458426912182458 0.7163616638492316 1.1693645517135365 -0.497894341860802 0.6931073383611115 -0.40635945986827965 0.3264589273224649
20.297047 1.4600004467197618 0.716296360173873 1.1697525444035797 -0.49687747347758277 0.6916038342224636 -0.4102437962996024 0.3263386897641947
20.3020495 1.4600446405757412 0.7177739170394228 1.1702685936533654 -0.4986206426901941 0.6925278876141431 -0.40726228173780943 0.3254535503472402
20.30704975 1.461113818823703 0.718860079820827 1.1710330148212398 -0.49900610646387744 0.6920066414900199 -0.40724402284899647 0.32599389518705824
20.3120525 1.462142193828977 0.7195610416396256 1.171700059874105 -0.4996860445930682 0.6907290437617122 -0.407974244972073 0.32674800746512883
20.31705375 1.4629342102837761 0.7213229838168512 1.172020377375014 -0.5002527739628227 0.690611919281353 -0.4063647527084368 0.3281311122786713
20.32205475 1.4635182093339218 0.721551375970275 1.1729435727056297 -0.5011633276019895 0.6905969062738163 -0.40689387671039035 0.3261113386675236
20.3270545 1.4648162931360396 0.7224247296837792 1.1734949466030669 -0.5014193458211225 0.6894126172617542 -0.40742255063686106 0.3275602967839203
20.332053 1.46574976971371 0.7232878956524805 1.174258067692577 -0.501995820639347 0.6890560748088264 -0.40727668925066307 0.32760894405174634
20.3370515 1.466498193199318 0.7241863270030474 1.1748404380164446 -0.5027748360332883 0.6887781089246107 -0.40700383737594426 0.3273378335591425
20.34205175 1.4669982469481433 0.7254422317716507 1.1757071101397232 -0.5030839317714145 0.6889805413656297 -0.4063513716806617 0.3272475117494146
20.347053 1.4682639054168314 0.7266455338028844 1.1762673997008655 -0.5024370209348197 0.6884937639709625 -0.40680975069376973 0.3286931756330109
20.352052 1.468822632741143 0.7271057524657226 1.1770287541252622 -0.5036609411870555 0.6878630068386518 -0.4070271101082186 0.3278705106934907
20.3570505 1.4694624687754192 0.7279046927329439 1.1780445601035703 -0.5049729842240739 0.6873781459907555 -0.40691632694409663 0.3270056153714639
20.362053 1.4701998749103276 0.7284360819572315 1.1785708018783867 -0.5055535130716653 0.6863715313436294 -0.4074774254167034 0.327523913871451
20.36705325 1.471099471346662 0.7293476117763206 1.1793951569392676 -0.5058028063051221 0.6860649667376778 -0.40754013038602616 0.327703257039098
20.3720555 1.4722062210114133 0.7301214949400018 1.180220389021968 -0.5058235824087894 0.6851322651120233 -0.4088903393092986 0.32794050253229357
20.37705675 1.473404332464711 0.7310840560020267 1.181025296215935 -0.504861185746447 0.6846646635209662 -0.4097787338707075 0.3292884311963201
20.382057 1.4743094829674845 0.7315570662301797 1.182361039308313 -0.5050521732223892 0.6840850048814586 -0.41043580682419495 0.32938193164812285
20.38705825 1.4756371814444977 0.7324367623566962 1.1832718320721956 -0.5059382964753302 0.6833399420463754 -0.4100456138799278 0.3300538718172088
20.39205675 1.4756512643312654 0.7334732559325227 1.1834847307973286 -0.5078530138425976 0.6838108919772299 -0.407766256010768 0.3289599683901623
20.39705625 1.4765774605301245 0.7341105008764871 1.1843459954118676 -0.5082080164601194 0.6831940407183108 -0.40837395109852087 0.32893955492892774
20.40205775 1.4779506850840913 0.735001354650883 1.1859619414422407 -0.5088399600340385 0.6830712547393619 -0.4074517200457212 0.32936097500028017
20.407058 1.4784017081805176 0.7357516821443851 1.1867602580580687 -0.5091377711198518 0.6830600292128413 -0.40687842938792096 0.32963262916416575
20.41205775 1.4800371832463115 0.7364797204018213 1.1881021895537895 -0.5082100581636623 0.6833909742124683 -0.40773962680890563 0.32931399890674956
20.41705575 1.4805043981542492 0.736981197589161 1.1889185045788777 -0.5080190400876575 0.6829517529758005 -0.4078965420530255 0.33032403635957286
20.4220575 1.4814918612868924 0.7380508478169892 1.1899407338278198 -0.5086994392255589 0.682338156184598 -0.40763462103148446 0.3308678541090433
20.427057 1.4827986452472879 0.7381594468778915 1.1909315292879805 -0.5087418781511905 0.6809291486015483 -0.40899781513351874 0.332021058392352
20.43205625 1.483189725019412 0.738918007286206 1.1919505104708488 -0.5106451379419015 0.6808448839253669 -0.40812625826265486 0.3303403463785113
20.437054 1.4842081836418772 0.7397093676767397 1.1926863391864162 -0.5111321651306634 0.6802620774174631 -0.40798345003994624 0.3309636238169089
20.44205225 1.4847970723411528 0.7402218034034601 1.1941463306854596 -0.510814271207521 0.6798910571432712 -0.4085558014838667 0.331510313295393
20.447052 1.4850729740354647 0.7409372516693704 1.1950979035713574 -0.5133703047750614 0.6799634261645077 -0.4060194896787856 0.33052812778152985
20.4520505 1.4860426541616705 0.7412997840481612 1.1962236054339832 -0.5130722918431413 0.6802062630896608 -0.40624883952437996 0.33020924181724554
20.4570505 1.487477385079107 0.7418976291149653 1.1975213823175423 -0.5124750077734486 0.6788951461102593 -0.40731676482827345 0.33251135331799225
20.4620535 1.4879590486230532 0.7421126804814843 1.1986129853179548 -0.5126960716601098 0.6783942013479093 -0.4082787825519754 0.33201277294661496
20.4670505 1.4885684420730134 0.7427446960426769 1.1996224242211078 -0.5136712572644551 0.6778118195395513 -0.4074898186734312 0.3326635303581248
20.472051 1.4897108482497465 0.7432539760002781 1.200799615096508 -0.5141482710143979 0.6772709855589844 -0.40703751118177267 0.33358062297414054
20.47705 1.4902086637099996 0.7438171571827711 1.2023618067035216 -0.5144959859453533 0.6776930647758307 -0.40659171960842855 0.33272986632810964
20.482047 1.490819407746455 0.7440447432343354 1.203416289546197 -0.5153491462112726 0.6764262455049148 -0.4071611437283705 0.33329055631572035
20.4870475 1.4914811656954399 0.7444138726756694 1.204720119944964 -0.5157120685339254 0.6768485681484697 -0.4064822679034844 0.3326999309345678
20.49204675 1.4928517924141906 0.7449403173244089 1.2061325954965663 -0.5160231956492805 0.6756649332109735 -0.40701507313280594 0.3339695941603245
20.497047 1.4931873265592666 0.7452928011890316 1.2068095122418472 -0.5174937364270822 0.6750088158804686 -0.4062754186455068 0.33392157080189255
20.502046 1.4935870245670753 0.7455209540786963 1.2083731164914722 -0.517024748481716 0.6747315353614337 -0.40681901617378224 0.3345460397697402
20.50704475 1.4944029611340386 0.745851644040875 1.2097045019357329 -0.5169176265792385 0.6738222110894768 -0.4077442881273223 0.3354167417910423
20.512046 1.495016310510313 0.7462046704027814 1.210662164905785 -0.5192945338785964 0.6726365356782262 -0.40604373427899176 0.3361870964319974
20.517047 1.495546784934705 0.7464814300522229 1.212441012319047 -0.5178559454547027 0.6739586801955937 -0.40670374052076663 0.33495818334927496
20.52204575 1.4961139315854481 0.7467286506806606 1.213730547295375 -0.5184019704778691 0.6734285648946092 -0.4066599290882552 0.3352328549867761
20.527045 1.496684445293398 0.747094196651326 1.2150405871889356 -0.5191485052554807 0.6734857295113001 -0.4059722938093492 0.334795905433157
20.53204525 1.497583319995201 0.7476606483613084 1.2163253447980127 -0.5207374645709069 0.6725860291299571 -0.40529161414639936 0.3349615409477124
20.53704575 1.497984600076291 0.7476934574404854 1.2176889444531815 -0.5207146965684131 0.6713478640033871 -0.4062081313135626 0.3363676624327887
20.54204475 1.4988950536976295 0.7478580824391892 1.2193925425582335 -0.5206097086992906 0.6707121812339571 -0.4068119620667038 0.33706783986590316
20.54704375 1.4986262094162228 0.7481443365321726 1.2203840791184488 -0.5231482084785369 0.6700151143280223 -0.4048918368566689 0.33683571512613847
20.5520445 1.4992926490049943 0.7481469971894599 1.221929663813972 -0.5220066720026625 0.6691483909597504 -0.40629917732646154 0.3386302463816872
20.55704475 1.5000111078732417 0.748403157381016 1.2234697112609827 -0.5212943703589739 0.6695755040080797 -0.4065289900740673 0.3386074483730771
20.56204275 1.5002315684363683 0.7487015223795687 1.2248064410700474 -0.5229114837761878 0.6702310052173218 -0.4048121439051583 0.33686957109135485
20.56704325 1.5005223649704047 0.748357977404367 1.226513850086882 -0.5224595498969604 0.6683018570737356 -0.4069423927464188 0.3388311313015394
20.57204 1.5006039567232794 0.748803839212455 1.2275033466286136 -0.5239335442805607 0.6685261637194052 -0.4050460901824971 0.3383845067790446
20.5770405 1.5009452586007572 0.7488821258887742 1.228827688291793 -0.524513393804804 0.6681935208840276 -0.4052404472032835 0.3379101926821029
20.582041 1.5017595348984567 0.7487800835516066 1.230846872606644 -0.5223718959285854 0.667935899286285 -0.40672926319453173 0.33994197041529045
20.58703925 1.501714148067068 0.7489323587024127 1.2320177849809908 -0.5240102275459372 0.6673854161270442 -0.4056439479485179 0.3397984332820376
20.592039 1.5018284264850952 0.7489998458372232 1.2335296281642594 -0.5245508369594318 0.6667381513048127 -0.4058305676826688 0.34001206945366363
20.5970375 1.5024235381866422 0.7488617994120231 1.2352853368619607 -0.5234609699607723 0.6664164018520823 -0.40701223433375444 0.34090883440136344
20.6020385 1.5022932623609841 0.7488695418333488 1.236522580819798 -0.524757596523829 0.6661937682972884 -0.4063441189190458 0.34014671098262483
20.60704025 1.5027599145184964 0.7487989155124865 1.2382686401099574 -0.5239485784706064 0.6654895876291822 -0.40769828722441315 0.3411504103325274
20.61203975 1.5026844643590338 0.7488379246573125 1.239794307832298 -0.5254389678059606 0.6655237498273446 -0.40652061265202766 0.3401955628984254
20.61703725 1.5027888921643655 0.7486168089832196 1.2411966624481847 -0.5248439120186554 0.6649615800032288 -0.40744049497622975 0.3411117239118122
20.6220375 1.502918635234903 0.7485491426514017 1.242643757855443 -0.5250785026390882 0.6648893700876032 -0.4075189248853732 0.34079761952084237
20.62703825 1.5031311389460602 0.748346357305256 1.244499240752741 -0.524906440849268 0.6647005042140945 -0.40785827813532466 0.34102506214202294
20.632037 1.5029644215286935 0.7483957735152118 1.246047216397748 -0.5257451108307262 0.6639875726799465 -0.40753064100658626 0.34151333561801217
20.63703725 1.5030418050619394 0.7482031340719667 1.2474437096896944 -0.5253942230490831 0.6642644027723653 -0.40771805672893763 0.3412912243426451
20.64203825 1.5030318235838573 0.747852369911035 1.2489689473239116 -0.524964525847193 0.6634163843643763 -0.4089548184766635 0.3421211832138562
20.647038 1.5030359079862454 0.7477840663769577 1.25061316088355 -0.5255281641783832 0.6636999417928147 -0.4083738924478238 0.3413990332243571
20.65203775 1.5026217387277876 0.7474298754474081 1.2520088223217607 -0.5267663214965025 0.6628072744921597 -0.40829762389985536 0.3413162898764879
20.657039 1.5030195561769255 0.7468312846066947 1.2533484163452477 -0.5248041541892706 0.6619160893439092 -0.4106249817578869 0.34327076014377533
20.66204075 1.5026139688282807 0.746552904121721 1.2550962469486686 -0.5253864162473256 0.6613522969727385 -0.41096447871567904 0.34306041763168316
20.6670405 1.5024234402131125 0.7463438155938247 1.256621513279396 -0.5253799170775061 0.661833618780992 -0.41069567382282574 0.34246352694280396
20.6720415 1.5021724991238905 0.7462347254886612 1.2582527920297948 -0.5275440439997088 0.6599045377963264 -0.41070293246115935 0.3428503812219767
20.6770435 1.5021019320701958 0.7455263541430491 1.2597794637604758 -0.5241560376603897 0.6611190611934799 -0.4128466151952595 0.343132201101309
20.68204475 1.5016060802882103 0.7454093881175196 1.261046510133097 -0.5259998947193247 0.6617650923398221 -0.41142741048942094 0.3407617337872541
20.687049 1.5013148727605896 0.7447840354177117 1.2623750799245317 -0.52545506312355 0.660099352484652 -0.4136553168982797 0.3421331616329425
20.692047 1.5007670884673128 0.7444876716123614 1.263994117655139 -0.5257059490539473 0.6598474958931877 -0.41362588895503294 0.3422691357381453
20.6970475 1.500822455747408 0.744103495759362 1.265680426722313 -0.5239731937623494 0.6601257072439752 -0.4150992563222305 0.3426058234397894
20.7020485 1.5004364008471285 0.743255842796988 1.2673649854418376 -0.5261566473565128 0.6581598838165399 -0.41613202170510977 0.3417877854587128
20.70705075 1.499870170615504 0.7428881267144709 1.2686224260157375 -0.5240845921714573 0.6592000598917259 -0.4162671252831842 0.34280067341779863
20.712052 1.499339283941489 0.7424322021507472 1.2698846628366052 -0.5239443108799923 0.6581218746956378 -0.4174103014200514 0.34369550100635776
20.7170515 1.498749695012387 0.7416427681003963 1.271335171388218 -0.5263947945833902 0.6564348137274606 -0.41840022948981165 0.34196944823328496
20.7220515 1.4982526926574542 0.741403380817962 1.2729429208197598 -0.5242568370347914 0.6590616397913897 -0.41710059417792505 0.3417888501899712
20.72705225 1.4978439600386013 0.7404406766211927 1.2747202513709173 -0.5246953522610891 0.6577655237025826 -0.4187189965037396 0.34163387582436866
20.732051 1.4972277527911317 0.7398060903238566 1.2760147090880982 -0.5247669619469182 0.6565621403780751 -0.4196363527351098 0.3427114280766502
20.73705275 1.49656370835386 0.7391633967305058 1.2773487807798602 -0.5240678471211887 0.6566400642317084 -0.4201995798015438 0.34294173090212626
20.7420545 1.495996282773951 0.7384096532620916 1.278917887846707 -0.5239285265164622 0.656347050582391 -0.42081238974001717 0.3429641102730446
20.74705175 1.4951231022340188 0.7379116544916023 1.280101805543003 -0.5242316694069284 0.6571044689170573 -0.42016624591271107 0.3418408979564559
20.7520505 1.494346604166385 0.7369797240646679 1.2814964764924601 -0.5244854595353511 0.6563984769452983 -0.4207918484372455 0.34203839329620644
20.757049 1.4936757628995854 0.7359209016021823 1.2827194697502955 -0.5233914958302559 0.6548877881148977 -0.42327608295938296 0.34354138712112364
20.76204975 1.492429008832147 0.7351953118758251 1.283729934496686 -0.5249041082793591 0.6545227918602069 -0.42256775057997614 0.34280036204291003
20.76704875 1.4920691313189034 0.7344284648191112 1.2851808076179125 -0.522391033349022 0.6549892852299124 -0.42449379093341433 0.3433681201997768
20.77204775 1.4912958307951865 0.7338513186713562 1.2866188954901292 -0.5226375212382536 0.6558048561215821 -0.4236319406975626 0.3424996217546847
20.7770505 1.490745039936873 0.7328781812499272 1.2878924079787633 -0.5206876836272957 0.6552181873248124 -0.42579437109758494 0.3439078607116164
20.78205125 1.489820877622273 0.7319577835778315 1.2889224997725237 -0.5204720516510615 0.6553466590187751 -0.4259057830419392 0.3438515143699337
20.78705425 1.4887696275522382 0.7306995402192062 1.289957080653723 -0.5212819611705867 0.6543701351973429 -0.4271479419855698 0.34294238404934796
20.7920515 1.4879326395508938 0.7299598513397773 1.291220441744514 -0.5211518944728538 0.6551134041128057 -0.42698459982509235 0.34192291843527095
20.7970535 1.4872380284534712 0.7290799024081547 1.2925416473646187 -0.519690683039334 0.6557539072102677 -0.42757755323335594 0.3421780868371833
20.802055 1.4859404400697316 0.7281052452646379 1.29340557488936 -0.5197015688627701 0.6547863741361342 -0.4283493149499413 0.3430480257181872
20.807056 1.484281543985187 0.7266361475129743 1.2941992288745687 -0.5204761650451504 0.6545328713170504 -0.42843794659643447 0.3422458296335863
20.812057 1.4841341657859284 0.7261236594031811 1.2952034075167647 -0.5183455132676104 0.6552830821819657 -0.4291430337218728 0.3431592453795005
20.81705625 1.4834349408576042 0.7253765053994857 1.2965101304925712 -0.5176171599092829 0.6563614724973987 -0.4289451804717069 0.3424443390371479
20.8220565 1.4827490079209575 0.7244015878783767 1.2974780636294252 -0.5154635048197227 0.6558813860225648 -0.43054383023893705 0.34459975756125016
20.8270595 1.4815128685249774 0.7234292454117469 1.2983116590278858 -0.5153826672539402 0.6559128538359628 -0.43060364756624436 0.3445860315938866
20.83205875 1.4808026975487993 0.7226277931250094 1.299324110859496 -0.5145506174441369 0.6565732125155181 -0.4308095570843211 0.34431439734597297
20.8370605 1.4795418404518963 0.7211072269006928 1.3002067414003955 -0.5151764245058121 0.6566091531306384 -0.43111805307401274 0.34292112208516073
20.84206175 1.4784188827525395 0.7199041921013184 1.3008975983449258 -0.5138849961016652 0.6561314843348356 -0.43240975549130745 0.3441445763078427
20.8470615 1.4774834242773967 0.7187213142282624 1.301737726376346 -0.5126761062432377 0.6564854674460014 -0.43325233660321705 0.3442128032879226
20.852062 1.4759266750821356 0.7165885399559575 1.3026433198290464 -0.5113729535898992 0.6572060201118642 -0.4354826839820487 0.3419543557512579
20.8570615 1.4746463818023845 0.7164745926675254 1.3030033491738158 -0.5107890944732333 0.6584629030088085 -0.4339887163629537 0.3423081950495232
20.862063 1.4739684105715172 0.7151121824770124 1.3038618404407625 -0.5122713882448269 0.657860780674033 -0.43370312019176144 0.341612092251724
20.86706125 1.4727635396947452 0.7132308906748819 1.3046269647790023 -0.5092066703252469 0.6590975841040617 -0.43594747168322073 0.34095269973630105
20.8720625 1.4719026475585826 0.7125856503490846 1.3050399336924046 -0.5095631711218124 0.6581741806322483 -0.4359755594237445 0.3421657992413974
20.8770625 1.4698669018274202 0.7112163473787811 1.3053975215793268 -0.5094032488441032 0.6587263078264993 -0.43616129333502746 0.34110307480387353
20.8820615 1.4695019276188264 0.7098100735991112 1.306094036743848 -0.5081924075851549 0.6581363992811851 -0.4368370745451919 0.34317681611204287
20.8870605 1.4683822199722665 0.7085503828999542 1.3064885134236732 -0.5070896106037549 0.6597893006951315 -0.4372553604172579 0.34109522906709727
20.892064 1.4673792096263412 0.7073273621381508 1.3070159278351625 -0.5058391577067142 0.6601283781414199 -0.43821500851230316 0.3410643300280794
20.8970625 1.4654319622986027 0.7055265900292585 1.3072007216582713 -0.5044599989550098 0.6615535801056832 -0.439305621529286 0.33893589511356376
20.9020635 1.4653228774574845 0.7037072753789845 1.3075727609090682 -0.5022571953663096 0.6610455764595983 -0.4422679553913281 0.3393457104192421
20.9070645 1.4641641985817595 0.702396380166137 1.3078471401587666 -0.501504444394442 0.661603665441412 -0.44280724087117485 0.3386674320910814
20.91206425 1.4629753535450165 0.702159398068366 1.3082558063124095 -0.5021514061047149 0.6621957779184361 -0.44054681535515344 0.3394984838471114
20.91706225 1.4612115382555473 0.7004128183696796 1.3081408304540347 -0.500888306081941 0.6629461066169161 -0.44232084099533714 0.337587971013503
20.922065 1.4610321334887904 0.6989144572097356 1.3084191799365659 -0.4998653419914986 0.6622793702768487 -0.4438275981837771 0.3384342457137615
20.92706275 1.4594791994576164 0.69792550650149 1.3085796196110278 -0.49999243112160224 0.6637540655163767 -0.4422432692514989 0.33742999293681286
20.932061 1.4578036538065322 0.6956679021365211 1.3086233475645668 -0.49898979379205277 0.6646421016041518 -0.444133821848643 0.3346717955799362
20.937061 1.4562700001495725 0.6943837816973188 1.3087419946319114 -0.49801165628030214 0.6655740076352196 -0.44462258146666456 0.3336261240059927
20.942059 1.4558580766515643 0.6932577075787186 1.308611107364276 -0.4961756869148441 0.6660045024017552 -0.4451204562184826 0.3348364824074925
20.94706125 1.4547345685717799 0.6918843199486177 1.3085155883790205 -0.49524492337480064 0.6665851367041944 -0.4457846327396176 0.33417477853623634
20.95206175 1.45394060085775 0.6910873714234881 1.3083221990541534 -0.4953741112987497 0.6667573637919406 -0.4452624343886185 0.33433586736471593
20.9570615 1.453038772393698 0.6898044737544788 1.308408030441236 -0.49361436169286343 0.6671640425451466 -0.44620209027770874 0.33487415083456074
20.962062 1.4516559550824144 0.6880158537926455 1.3078417551745036 -0.49407656416244083 0.6660952431195477 -0.44777996295879446 0.3342133758717156
20.9670605 1.4505578534648602 0.6856423833385303 1.3077349165795518 -0.4911776514323482 0.668093189113398 -0.4504675974507958 0.33086998812312984
20.97205975 1.449587189872999 0.685552914295143 1.3075309241208224 -0.49145572841275525 0.6693425625924939 -0.4474830026644732 0.3319800645201281
20.97706 1.4475468103949605 0.683561301683137 1.3073574105290262 -0.49065661610211464 0.6705249706959139 -0.44876276124981107 0.32903545836871584
20.98205925 1.4470257086603766 0.6822886228185301 1.3066273299483553 -0.48923620415599484 0.6710305254686887 -0.44871965486258747 0.33017668265982947
20.9870585 1.446232042666886 0.6811310187371422 1.3069147774444891 -0.48762543684225923 0.671281822304292 -0.4500812330406856 0.33019544523327543
20.9920615 1.445592046309871 0.6797654396120824 1.306412960549911 -0.48633623177144963 0.6717351410183597 -0.45069375648292503 0.33033938283937764
20.997059 1.4446278998906168 0.6783607697555112 1.3059452930129067 -0.48553345627764183 0.6715148054854224 -0.4517890885429237 0.3304720083797064
21.00206125 1.442547526214288 0.6765274697480503 1.3045560541807724 -0.486788387156762 0.671869200718794 -0.45135088851179306 0.32849843027695336
21.00706375 1.4409877170229337 0.6751455500686815 1.3038539566886702 -0.48710003150302167 0.6725834458246457 -0.45106546126669556 0.32696332724735994
21.0120635 1.4399700775505082 0.6745295821492328 1.3037354510073347 -0.4852001967710889 0.6760428576759345 -0.4491913092205259 0.3252291367011924
21.0170655 1.4397668966979413 0.6734400336029098 1.3030441027358415 -0.4846443945244329 0.675205962931828 -0.4495748246307454 0.32726013435122747
21.02206525 1.4387515098946393 0.6722734737871239 1.3022516449959887 -0.4841198841090786 0.6758932123575594 -0.449398533658231 0.3268596965748812
21.0270655 1.4369050071370881 0.6704875154039417 1.3015396404817008 -0.4827965208989267 0.677453414199899 -0.44998237359154686 0.32477723820137067
21.03206325 1.435858327335147 0.6692067452581334 1.300729953618851 -0.4821888739001756 0.6780807182627223 -0.44994465842374076 0.3244229242256692
21.0370625 1.4353119960091119 0.6678116177873454 1.2999006156347548 -0.4814554450642574 0.6783475922301263 -0.45029793034090065 0.324464131244533
21.0420625 1.4342484509334958 0.6664587714047847 1.2990490848646485 -0.4809102438037428 0.6789637386665544 -0.45030176413094897 0.32397824032041844
21.0470625 1.4330787281609902 0.665973748728905 1.2981211674522766 -0.4804725289364714 0.6800049753752624 -0.44929527938571817 0.3238412177657284
21.05206 1.4319075338531277 0.6641847607560456 1.2968401160609688 -0.4807226877939714 0.6791782137990043 -0.45067843674814473 0.323282535858624
21.0570585 1.4314076459269738 0.6627264566482631 1.2961387821916097 -0.4784610075029942 0.6809532389480557 -0.45073502827438283 0.3228245420532074
21.062059 1.4306037776466825 0.661600287556768 1.2951521942185396 -0.4779906011659739 0.6814539205120973 -0.4507223718278454 0.32248237618444286
21.0670575 1.4291942252388259 0.6609446373214529 1.294094619712954 -0.4775757567955181 0.682784875455611 -0.44960397830625803 0.32184231086269527
21.07205625 1.4283775065814708 0.6599090503575626 1.292967573606521 -0.47770170706339266 0.6828128506318079 -0.4493666396943967 0.3219274968227336
21.07705675 1.4272687986123032 0.6583275380752387 1.2918304449642841 -0.4770170674845135 0.6836964875002715 -0.4498996402797484 0.320318816157308
21.08205625 1.4266234859502667 0.6569206746947618 1.2905501343478263 -0.4780424452773617 0.6834737249747405 -0.44925903352865365 0.32016465853571935
21.08705775 1.4275729540321482 0.6566314596966111 1.290175357000444 -0.4733598572681093 0.6835599481832986 -0.4514570787891051 0.32382518243331404
21.09205675 1.4243219902653121 0.6542649234989066 1.2878290556788963 -0.47673575627045034 0.684173556487028 -0.4510730973751482 0.31806072395302654
21.097055 1.4238888001205225 0.6541823497401785 1.2867155755447492 -0.4751626915595389 0.6868540747043602 -0.448483841841831 0.3182988222075337
21.1020575 1.4227974573790547 0.6523006325102775 1.2852576373278939 -0.47465620689168436 0.6870945117559295 -0.4497628917378433 0.31672694610609353
21.107058 1.4231509184682758 0.6520966198379721 1.2840852250837043 -0.47365350955454466 0.6873517353058923 -0.4490180503714968 0.31872046576776525
21.11205875 1.4215071013599883 0.650590555037692 1.2822079402910993 -0.47441139439452185 0.6873783550316838 -0.4497526964238006 0.3164922399713816
21.1170585 1.4210108729104118 0.648897455057903 1.281240702248437 -0.4723514684064806 0.6877856303231307 -0.4515609490390835 0.3161134706370131
21.12206 1.420051261769707 0.6480664309898718 1.2796979175067624 -0.47227263116682244 0.6898202468645168 -0.4493742082745787 0.3149117492316525
21.12706 1.4190479669337182 0.6462165116825919 1.2781625623109152 -0.4720646168049043 0.690441894438636 -0.44975379046963837 0.31331536177311686
21.13206075 1.418465629098456 0.645384946906202 1.2765070136815106 -0.4706461791870603 0.6902217699129953 -0.4515474663363768 0.3133543808533595
21.13706175 1.4181317937882736 0.6448579234438803 1.2748451823768354 -0.4704104900065601 0.6918508211965948 -0.44981872924666977 0.31260122027960274
21.14206175 1.416714606788015 0.6428432809770639 1.2731742541569369 -0.4722296017163814 0.690927793931789 -0.4511444908308389 0.3099784431671375
21.147061 1.4167977748458929 0.6427050303887893 1.2715189731722503 -0.47008659215777704 0.6921849806041821 -0.4506146267492868 0.3111993037573777
21.1520615 1.415303600101519 0.6414726087932979 1.269548814730718 -0.47080895151758434 0.6936815666143193 -0.44921417277326586 0.3087902885293623
21.15706225 1.4146558034971557 0.6407950633857746 1.2679224241551 -0.47014570938360334 0.6956591189970925 -0.4479598079609087 0.307170005951107
21.16206225 1.4141945317373756 0.6399910419410115 1.2663905087311766 -0.46901609953467643 0.6952370922363456 -0.44953627849372857 0.3075490501920604
21.16706275 1.4133773384226094 0.6386265040362723 1.2644622947994293 -0.46925633573013087 0.6958631135493363 -0.44938371997189064 0.30598576895466817
21.17206175 1.4129957360617702 0.6383767571537402 1.2630255868797196 -0.4675891437667734 0.6979968011573009 -0.44826927884981477 0.30531215476148027
21.17706 1.4128391221277896 0.6368896017843202 1.2609460604326697 -0.4673110732393025 0.6973023925057541 -0.44972688228592356 0.3051810373910304
21.18206025 1.4125712292539028 0.6367806199763382 1.259668908433006 -0.46683703489291356 0.6992876626520307 -0.44802919491788057 0.30385817121856046
21.18706025 1.411797611498512 0.6355169259246797 1.2575306067193353 -0.4658274228773191 0.7000562295846162 -0.44814996743622293 0.30345954294132627
21.192059 1.410778269820898 0.6346863393241822 1.255640540604991 -0.4663675044178526 0.6996250459199623 -0.44860793795525866 0.3029472956606245
21.19706 1.4102017652309433 0.6336374744504587 1.2538147740135361 -0.4654108390275529 0.700593673358633 -0.4484894160686511 0.302354922962942
21.202057 1.4100838092969001 0.6327692438647698 1.2523475854686863 -0.46513863565981306 0.7008225133491968 -0.44839870754679306 0.3023779976615497
21.20706075 1.4094700348863958 0.6318564907141652 1.2503558710769749 -0.4639062129110394 0.7016924969349887 -0.4483494665226099 0.30232667966385196
21.212061 1.4086772644285848 0.6311307281517723 1.2482084946176273 -0.4649350618993732 0.7023280501341314 -0.4474008556745808 0.3006712033984432
21.21706325 1.4086950651506216 0.6307200658459909 1.2464518232982407 -0.46406099043518456 0.7030946007989267 -0.44695531319180404 0.30089255140885357
21.22206325 1.4079745389733007 0.6298738914652895 1.2446297021091703 -0.4634027897282146 0.7044027884162142 -0.4463409931823392 0.2997570415329276
21.22706325 1.4085288975656765 0.6290129973744859 1.2430067685430268 -0.4634618300745629 0.7019133837905353 -0.4487954091893523 0.3018334216256041
21.232062 1.4074528689996304 0.6283014168164457 1.2412860676973798 -0.46378723676746547 0.7035800671378646 -0.4472561469087198 0.29973059101506877
21.2370645 1.4069444794869788 0.6277216961425095 1.2395607638997415 -0.4639588743320116 0.704165519992277 -0.44676886776567204 0.29881543162621016
21.24206675 1.4064020395835397 0.6271353971927477 1.2375431516622206 -0.46281053314052617 0.705641213222713 -0.4459575127259819 0.29832664222126615
21.247066 1.4062104541636729 0.6265534999233467 1.2356779473196804 -0.462289852515973 0.7059159519764996 -0.44612943705322045 0.29822690421967096
21.25206575 1.4061359459803324 0.6261656061767963 1.233908568362938 -0.4608490706596881 0.7074108928094383 -0.4458351597919743 0.2973532799548711
21.25706525 1.405147189285023 0.6256498322984774 1.2315072587209672 -0.46225349691805295 0.7076457083575446 -0.44476366779417303 0.29621704177925845
21.262066 1.4056569083728487 0.6255975068372999 1.2298210547753115 -0.4612732226926819 0.7077352177631326 -0.44467408433062305 0.29766228227506536
21.26706475 1.4056623981936347 0.6248876953740548 1.228127464010117 -0.462125105483239 0.707267224262768 -0.4445277137874457 0.29767192014137256
21.272066 1.404778822328148 0.6242742529440078 1.226208196827522 -0.4614413331664389 0.7086579776771051 -0.4447322752001945 0.29510840400678795
21.27706825 1.404863329973892 0.6239486766832505 1.2243216168202735 -0.4613073120866003 0.7087982536139635 -0.4441581287238649 0.29584481773008303
21.282069 1.4042218036816445 0.6236438895659013 1.2220923210575445 -0.4622203564501281 0.7092333611259858 -0.44337364996575396 0.2945508242478681
21.28706975 1.4042208010399317 0.6235983474679119 1.2199123104891343 -0.46060895524521406 0.7109960203081575 -0.441688632639977 0.2953560584286396
21.2920695 1.4043686657949614 0.623210672798921 1.2185907088829242 -0.4602485527716578 0.7109254811722362 -0.44250847055104897 0.2948601081567161
21.29706925 1.403900341967227 0.6231904749666687 1.2165259598313585 -0.46057399869703664 0.7126059734227755 -0.44040009819660214 0.29344858472111224
21.3020695 1.4038758898750887 0.6227168346792022 1.214842763328995 -0.45978599989922575 0.7122323698456479 -0.4414742846520242 0.2939767705647929
21.30706625 1.4038882814146083 0.6230246139958238 1.2128503683396472 -0.4607215505683656 0.7130101284582198 -0.43934919118871085 0.293810309144692
21.31206525 1.4039767882240268 0.6225657951709813 1.2113974615384175 -0.4587492883308896 0.7132944797756045 -0.44055829866225277 0.29439507648290175
21.317065 1.4035648829067917 0.6226318321028327 1.209285118721543 -0.46001487740180813 0.7141265618098734 -0.43881223192996544 0.29300749375272084
21.32206625 1.4038812094591222 0.6228534156026204 1.2076671313976446 -0.4597755147662996 0.7145414680365392 -0.4380574083403153 0.29350072142285794
21.3270675 1.4035293540727867 0.6229009992796035 1.2061276699478136 -0.4596207365643541 0.7149967775132303 -0.43764899768125953 0.293243484998944
21.33206925 1.4035930034034048 0.6225704909285943 1.2040880739962392 -0.45993279070717885 0.7145508307240692 -0.4382656306469404 0.2929200835338687
21.33707 1.404101666685076 0.6230218404492798 1.2027178577300361 -0.45944740240872073 0.7155111808252436 -0.43623941560053175 0.29435863637823045
21.3420685 1.403717056597655 0.62286072421593 1.2010677294533842 -0.45980701011839364 0.7158228311206377 -0.43592713163803837 0.2935008071441211
21.347069 1.4037441938294621 0.6232544456026162 1.199492559840622 -0.46086426976432276 0.7165043143215123 -0.43421855957030586 0.29271135088674943
21.35206925 1.4036812937499576 0.6235760491304998 1.1980990154282116 -0.4603039036524288 0.7177130963262343 -0.43329764310216995 0.2919955138803502
21.357067 1.4045448488445316 0.6239689363555017 1.1964343396778556 -0.46044768927269497 0.7169126382412747 -0.43335349140174656 0.29364765632180206
21.36206575 1.4039310196567212 0.6234174131012596 1.1947460657138007 -0.46069622962861584 0.7166151415564049 -0.4340814674714727 0.2929078395944438
21.36706575 1.4043224747822691 0.6237840412936583 1.193448476936825 -0.46045062264151 0.717329927233348 -0.43269869948421047 0.29358956907410433
21.37206375 1.4053137185026043 0.6241493437308953 1.1920294557916489 -0.4601478260038594 0.7158918056326086 -0.43413168114802786 0.2954531845751413
21.377064 1.404872012131117 0.6243185306866391 1.1904808185478473 -0.46089355005625887 0.7170435603295531 -0.43264521619103835 0.29367292182539956
21.382062 1.4046763643906768 0.6245234977595775 1.1885203310771701 -0.461374674692502 0.7179746288756151 -0.4310561162121692 0.2929786110271388
21.387062 1.4064823935134367 0.6250503438381478 1.1876390232077094 -0.4600065274127297 0.7160302377293007 -0.43348208910339475 0.2962903505373723
21.3920615 1.4061652004998972 0.6252060934866219 1.1860232788318272 -0.45922034939423556 0.7185818737548053 -0.43131316894462024 0.29449229481977746
21.39706025 1.4059321662317172 0.6259288071911402 1.1847979928597936 -0.4615121312241019 0.7183684307808995 -0.4290151868408515 0.2947869058324752
21.40205975 1.4066941694728599 0.6266376311215404 1.1836010178070735 -0.45997492216408953 0.7197040877561979 -0.42815689207313135 0.2951792215204785
21.4070605 1.4065885753432763 0.6268221418653426 1.1819764582482253 -0.46004696949080376 0.7207179699972973 -0.42730668900312335 0.29382203307187565
21.41206275 1.4074234620431527 0.6273158555644014 1.1812092282204611 -0.4597408955600451 0.7203930947942683 -0.42740403716589426 0.29495404207550496
21.417063 1.4078824246630355 0.6279549414460919 1.1800167834741075 -0.4598750766632626 0.7206966810763057 -0.4263665313302836 0.2955042955879633
21.422063 1.4072731042657842 0.6282321097695176 1.1781206453890039 -0.4628680103168282 0.7204102806716391 -0.42414310179578374 0.29472845422015537
21.42706275 1.4087879407459536 0.6288818128222013 1.1777397279440611 -0.4598431834326666 0.7211143430834948 -0.42534631954709146 0.2960048298550453
21.43206575 1.4089167505302302 0.6296550385292137 1.1765799214940782 -0.46292921666849274 0.7202799563149731 -0.4230473455277481 0.2965202663015168
21.4370655 1.4089078053680695 0.6300439485962539 1.174699879594933 -0.46240871630669717 0.721036336290171 -0.42235938527409195 0.29647483957956816
21.4420645 1.4108207161017514 0.6308764248012637 1.17442304004177 -0.46091116653091707 0.7196087373481417 -0.42396408557531823 0.29996435761871226
21.44706525 1.4096504972439714 0.631249442038472 1.172708274993203 -0.4638391131829896 0.7213043313072321 -0.4202089427370812 0.29664420298200445
21.4520645 1.4101081755196758 0.6319213964756331 1.1717675021576475 -0.4638823851629938 0.7215005748543847 -0.419379238779939 0.2972727826435563
21.45706725 1.4105937839341374 0.6326280787391181 1.1707694607901162 -0.464224442439733 0.7216341331461277 -0.4185299644371335 0.29761134687408597
21.462067 1.4114240015315243 0.6331102698196979 1.1697711356251752 -0.4638487016633597 0.7212985941332747 -0.41913611453676414 0.29815706860244234
21.46706375 1.4121275622962028 0.634055881414647 1.1688036445037386 -0.46414185892160414 0.7215528043696985 -0.41786144966690875 0.2988740440140139
21.472061 1.4128756663417352 0.6349122751560041 1.1684399571688793 -0.4648613916298919 0.7212775741711653 -0.41693046435834136 0.29971909425263044
21.477062 1.413409839498485 0.6357213841054411 1.1675533899886033 -0.46496552182874845 0.7215454152008378 -0.41586872544594317 0.30038721761942067
21.48206525 1.4138922360783837 0.636326732639892 1.1663897058174848 -0.4647650630731907 0.7217574847810775 -0.41549105146703613 0.300710417943713
21.487064 1.4146478247727483 0.6368790375554421 1.1655282117233872 -0.4651081809449012 0.7214665892105461 -0.4152510323137258 0.30120909819162417
21.49206275 1.415470087785638 0.6377569805392764 1.16487658934159 -0.4661782120592984 0.7215936094616843 -0.4132221817263433 0.3020396760602404
21.4970605 1.4155831693809457 0.6385992958637569 1.1642320884656923 -0.46697178447594534 0.7222543802218802 -0.41130859298179395 0.3018463252931795
21.502062 1.4162223726863257 0.6394832428614137 1.1637460567429159 -0.4670524302241177 0.7224341250026937 -0.41064896044141064 0.30218933426202665
21.50706225 1.417143210802165 0.6398271078389886 1.1629758891870818 -0.46740423294764316 0.7215666657182159 -0.4112426749167721 0.3029097097721033
21.512062 1.4179265440480913 0.6407551380526331 1.1625409410002185 -0.4678772062864312 0.7215240768773554 -0.40994988593692744 0.30403127691766285
21.51706175 1.4193802093271404 0.6421444343099184 1.1624223706657586 -0.4670338764514806 0.7233391041729259 -0.4072363076705404 0.3046612681912112
21.5220625 1.4200869596234633 0.6426546779382364 1.1616719293229998 -0.46655148823092407 0.7230454172366004 -0.4073171002220383 0.3059866227621237
21.5270635 1.419862215177044 0.6432706131051888 1.161235663277575 -0.4695419931723668 0.7221112025903422 -0.4055143125052242 0.3060128593616064
21.53206375 1.4205781743635328 0.6442951104145193 1.1609511141769193 -0.46983676567027194 0.7221803191786048 -0.4045280560160983 0.3067018945351052
21.5370625 1.4222414101590513 0.645329260368385 1.161201227790502 -0.4679497619149551 0.7228547368037993 -0.40454387707609263 0.30797451408239984
21.542061 1.4231931000805282 0.6461880515732717 1.1604809477384772 -0.4693185819622601 0.7229719598871176 -0.4023361903694852 0.3085080286813985
21.547062 1.4242033779875218 0.646839443224371 1.159995133293013 -0.46871773212225526 0.7223188626922142 -0.40250969309019324 0.3107170660933102
21.55206275 1.42475432826001 0.6474841105006677 1.1598063034290005 -0.4698823527060022 0.7219865321642773 -0.4018369555548334 0.31060116409842364
21.557066 1.42524012674192 0.648792160629322 1.1600843391682434 -0.4703635788356032 0.7223143657715057 -0.4003949372778335 0.3109725951066272
21.56206525 1.4260764982261378 0.649635835036881 1.1599279903608934 -0.47088250554853034 0.7221042609405729 -0.3995775432830685 0.31172566337033414
21.56706525 1.4270311169822734 0.6503125737899058 1.1594522924215913 -0.4719770430801124 0.7218579756791026 -0.3985237458113206 0.31198967575600256
21.5720655 1.427617390697699 0.6511337520445972 1.159337229980163 -0.4738441900227193 0.7212331330693091 -0.3970178504879643 0.3125240434569114
21.5770655 1.4286121774373177 0.6517074589703277 1.1590848925352628 -0.4728564211486836 0.7215411177804716 -0.39711515008489157 0.3131848941178683
21.58206875 1.4294930636038807 0.652530868174539 1.158991104415777 -0.473630293817734 0.7208338225893793 -0.39671283891643344 0.31415261964238694
21.58707125 1.4298594736534767 0.6537060910463552 1.1591777600086142 -0.474129873595772 0.7217437391360532 -0.39484961494648246 0.31365685001061344
21.592071 1.4321532638430503 0.6549466902959822 1.1599976432078558 -0.47325538500273556 0.7202472103540876 -0.3956224831696797 0.3174210883884745
21.5970705 1.4320216515778112 0.6554429027513042 1.159541029117157 -0.47460741821002933 0.721400320364177 -0.393309502138448 0.31565330963903937
21.60206875 1.433029553861382 0.6561340104345926 1.1595975528840585 -0.47494215719454225 0.7211646789469796 -0.39268493461246146 0.3164648405227691
21.6070675 1.4332963889897832 0.6572328596901188 1.1598405471817173 -0.4763994003152528 0.7209958021752529 -0.3915284880338554 0.31609192916437173
21.61206825 1.4341540738044427 0.6579724674468638 1.1600248782908964 -0.47700593107791195 0.7207727995282013 -0.3907686291764927 0.31662563324579135
21.61707025 1.4364600285001292 0.6588740029291533 1.1607444376736982 -0.4748732396888323 0.7196849238586545 -0.3925601702438991 0.3200711316818132
21.62207125 1.4363004432158777 0.659403737347504 1.1603762801311568 -0.47716818666271227 0.7195368987707836 -0.39088529909751135 0.31903895670245525
21.62707375 1.437398481900701 0.6605199433757268 1.1610764558004385 -0.479106514889161 0.7187565373864417 -0.38975927729715637 0.31927056412361793
21.63207375 1.4381060993842842 0.661336442971459 1.1610376853010766 -0.4795235260055732 0.7183011075854975 -0.38966423258901045 0.3197850726495024
21.6370715 1.43925754513914 0.6623030083879385 1.1617275404140712 -0.47775006001539205 0.7196303065465575 -0.3896085646311609 0.31951880761708473
21.6420715 1.4404974476813028 0.6630259428780464 1.162387715419303 -0.47826837516133025 0.7177504693731532 -0.39017019582015416 0.3222744844520303
21.64707175 1.4409924488338695 0.6641693571728408 1.1627090387360361 -0.4804384934834297 0.7181049021149362 -0.3888193501034244 0.31988078486058064
21.65207375 1.4421765954688288 0.66498245661294 1.1634975325767933 -0.47975840002007514 0.7184294283976338 -0.38858573501200855 0.3204561757364083
21.6570755 1.442893347704404 0.6653153370045924 1.1635051414395288 -0.48032435303255444 0.7174881808537462 -0.3892075230147282 0.3209621944213674
21.66207575 1.4438398673655535 0.6665098243434217 1.164233044405441 -0.48006798566209913 0.7179722618927176 -0.38782015102328765 0.32194112933153474
21.667076 1.4443996087556095 0.6674429280047697 1.1648708413083437 -0.482006912383955 0.7170193013694013 -0.3870629749286208 0.32207904513834473
21.67207675 1.4455248272793333 0.6681134467625502 1.165554143273461 -0.4821184352075506 0.7170729863028285 -0.3874573464202078 0.32131752434745564
21.67707725 1.4464435245137628 0.6688659799298169 1.1663873552853241 -0.4823448839586163 0.7166709022405053 -0.38688526221063535 0.32256166028363764
21.68207775 1.4475872898338888 0.6696762882143588 1.167209604311523 -0.4823018762457898 0.7167054812996385 -0.38686181279551834 0.32257726368330686
21.68707675 1.4482834139748748 0.670289678441014 1.1677160492420577 -0.4815304237721765 0.7173214352980771 -0.38643526616195156 0.32287179268253924
21.69207575 1.4493131201483476 0.6710095021698305 1.1685713492576806 -0.48178517131541126 0.7166289835915464 -0.3869228770800698 0.3234449501371266
21.6970735 1.4505648837041227 0.6715637198870967 1.1696327415755556 -0.48185685968017733 0.7149974256520498 -0.38857874220170935 0.3249603194222905
21.702072 1.4504244509266502 0.6724794307516848 1.1703604400634817 -0.48355221377545016 0.7150275220301048 -0.3871211842325319 0.3241143131840241
21.70707225 1.451613803747176 0.6731094609977258 1.1710742999051906 -0.4839507384227238 0.7147251025365173 -0.38717687460098116 0.3241200061065053
21.71207275 1.4527805508552067 0.6737362149728341 1.1720439549897443 -0.4857604713477443 0.7129195097529796 -0.38803452872961053 0.32436359475622056
21.71707175 1.4537667649046018 0.6743211951977424 1.17312591598571 -0.48423771916959996 0.7139637007864438 -0.38729445382044336 0.32522710731529375
21.72207125 1.4548049259542413 0.6750247100326561 1.1739665408484952 -0.4835818067749741 0.7143061683818325 -0.38747707993167824 0.32523352609400014
21.727072 1.4554835190388566 0.676240334780076 1.175120360969664 -0.48719726110470657 0.7132518262291786 -0.3858111325387077 0.3241302688148909
21.73207175 1.4556706592085353 0.6766188060657226 1.1758861155834368 -0.48764681536698123 0.7131327867836831 -0.3853984592973223 0.32420709345699006
21.73707175 1.457152465903933 0.6774896416757141 1.1769360825538182 -0.4874362748542852 0.7125990395359835 -0.3856877151503538 0.32535130734434
21.74207225 1.458027763195931 0.6778922986503274 1.1777847202892062 -0.4870505683445403 0.7122636595150311 -0.38642110042433614 0.3257928120084314
21.74707425 1.4588840289663856 0.6786830403968156 1.1791029574986778 -0.48759581005589286 0.7120644585464142 -0.38650909756857876 0.32530793163964283
21.75207525 1.459974606472849 0.6795466815683802 1.1799170291840124 -0.48814347881904424 0.7113077576977017 -0.3859012998469707 0.32685991602202846
21.75707575 1.4608680626507033 0.6797505226820265 1.1813254358457528 -0.489897783619284 0.7100041497442532 -0.3866399281229912 0.3261960069220677
21.762075 1.462098874043231 0.680312137126132 1.1828276860221905 -0.48896823399008243 0.7114622564728722 -0.38622875033296744 0.3248982551190193
21.7670745 1.4622142029970413 0.6807689656849942 1.1835383734720377 -0.4902825823886927 0.7105323329192486 -0.38643487471982635 0.3247073773151406
21.77207625 1.4634727018510045 0.6814336025436916 1.1849106550035742 -0.4901489688348016 0.7096258406702697 -0.38648207390648703 0.3268283359076054
21.77707525 1.464458100641723 0.6818345279345273 1.1862683506954357 -0.4903761619031756 0.7089883471804265 -0.38681429487056873 0.3274773956829116
21.78207275 1.4654837295400076 0.6826412835974748 1.1875485014943707 -0.4905335601558226 0.7097081223033901 -0.385679488631648 0.32702070201484335
21.787073 1.465834872952294 0.6830056789011405 1.1887850657679189 -0.4907767387140957 0.7098499648228553 -0.386130203772333 0.3258138823206956
21.79207275 1.4666884474342505 0.6834532459657592 1.1904937302011904 -0.4920555042106195 0.7097418823927046 -0.3858617071497064 0.3244357935080645
21.79707125 1.4682790099855485 0.6845340937529112 1.1919039761039016 -0.49186822458362806 0.7089186973190861 -0.3861148157969667 0.32621354855130397
21.8020725 1.468993285639197 0.6842929796871521 1.1931184521187603 -0.4919628981459079 0.7084985639086846 -0.3866823012399435 0.3263113385939756
21.80707175 1.46940827804461 0.6851855458980463 1.1945882253809488 -0.4922656815749106 0.7087530666198606 -0.38592584525638784 0.32619753411648406
21.812071 1.4705052098064912 0.6849812777465476 1.1955545218645196 -0.4940590757498382 0.7052079014072005 -0.388623737957287 0.3279619425454327
21.817073 1.4714374822946177 0.6851922417462922 1.1971091901772966 -0.4937448369927692 0.7052479377491012 -0.388986279229146 0.3279192839939247
21.8220715 1.4723514741850685 0.685732955036698 1.1987155257572186 -0.4935851891942286 0.7056161418229828 -0.38879750954041015 0.3275912361192229
21.827074 1.4734549575520386 0.6861724474153832 1.2004424295326492 -0.4934013928866682 0.7061812657061023 -0.3884991562700341 0.3270038089085424
21.83207275 1.474140933402475 0.6865015346704775 1.2015783339632768 -0.49395893334931057 0.7047504844780274 -0.38927054126688665 0.3283287567274337
21.837073 1.4741792304002006 0.6868462558343115 1.2031603208454773 -0.4960372779695438 0.7043130717788405 -0.38806474354268156 0.32756048388835307
21.8420715 1.4749502294897763 0.6868798451073956 1.2048982625955222 -0.4957930065695139 0.7041489491879193 -0.389270217513573 0.32685203036121213
21.84706975 1.475842664266143 0.6877477337816705 1.206512376576954 -0.49607960387236794 0.7045847114411962 -0.38830518245881873 0.32662592717171796
21.852069 1.4769721872101733 0.6874995404724106 1.2079116727738874 -0.49714269061415944 0.7018203062525578 -0.390016984397264 0.32891359774588885
21.85706925 1.4782415505472182 0.6883677684935715 1.209416226581706 -0.49790377541329006 0.7005576109955941 -0.3895999866249984 0.3309421619061842
21.86207 1.4787762999671032 0.6882116547272684 1.2109688482995755 -0.4968071315858591 0.7017450559760999 -0.39051150346926644 0.3289944012847398
21.867069 1.4797730094343997 0.6885160408478457 1.212749195344346 -0.49727062078172257 0.701172355870117 -0.3908763554550418 0.32908195304071924
21.87206975 1.4796824870772827 0.6883739889970518 1.2145367101468745 -0.4984442409030991 0.7012749716215657 -0.3907831692768621 0.3271930126051549
21.87707025 1.480276777528322 0.6890732772549962 1.2159982338275948 -0.4985165792101752 0.7011311626174205 -0.390619099139523 0.3275866792877218
21.88206975 1.481026771490281 0.6890207268748795 1.217810603857189 -0.49925441447149643 0.7005933558797962 -0.3913771459741871 0.32670768117218835
21.8870695 1.4828703907939216 0.6897476894959433 1.219231124928139 -0.4991329457407436 0.6982521051835708 -0.39209475011818723 0.33101662648972124
21.892067 1.4826080579460061 0.6895945959764705 1.2208372609346303 -0.500215101137268 0.697852152605759 -0.3923522291384293 0.32991961746438575
21.89706525 1.4839176500920241 0.6893681267488494 1.2226047500287018 -0.49997613018982046 0.6973300559635847 -0.3944596693778504 0.3288711472971635
21.90206525 1.4841399095204497 0.689537098502385 1.2243618480806961 -0.5008576633272976 0.6979951774490434 -0.3929452924406831 0.3279303744591278
21.90706325 1.4853573064544097 0.6899341578720891 1.2261084954706285 -0.5002016944394154 0.696903965244782 -0.39440984998445605 0.3294905132796335
21.91206125 1.4854366292085361 0.6895506796769398 1.227487903347852 -0.501461031221918 0.6955334266827314 -0.3955292942264798 0.329130162612804
21.9170615 1.4862347593464194 0.6899733075905048 1.228820442691986 -0.5009485516809707 0.6958973484127925 -0.39549001522838784 0.32918851270272426
21.9220615 1.4872937870117446 0.68979665825321 1.2308952102461417 -0.502024698830113 0.6945629192372058 -0.3967954298044574 0.3287961980794806
21.92706175 1.487469690222278 0.6896144060743189 1.2326994567739318 -0.5024739030915721 0.694497507094866 -0.3970798446717185 0.3279036235030373
21.93206125 1.488253759135293 0.690071412377348 1.2339042162967653 -0.5019421439967512 0.6939738307099752 -0.39728556851359254 0.3295733354209631
21.93706375 1.4887930128517575 0.6898860321777552 1.2356901706738654 -0.5028754858736829 0.692404693816392 -0.3983803987937951 0.33012882870969085
21.942063 1.4898653093811614 0.6898105648128006 1.2377302789682985 -0.5038065646617038 0.6917278513116981 -0.3985186800126183 0.32996118984582723
21.9470665 1.4900658871505734 0.6897024163425369 1.2390799726956174 -0.5032604417573884 0.6918516667211484 -0.3993196001797081 0.3295664666340395
21.9520685 1.490888872701733 0.6889865009082426 1.2407272445131858 -0.5044565806269765 0.6898575468280558 -0.4012535482675957 0.32956898116961747
21.957088 1.491916078686847 0.6900055517613517 1.2427555720861008 -0.5056944811026126 0.6887775164126817 -0.39990485062219566 0.3315640739217333
21.962087 1.4923694492978725 0.6903079608309138 1.244325900092002 -0.5045505967173732 0.6895354708531327 -0.4000890541843828 0.3315090926495641
21.96708625 1.4932213112369865 0.6897427397162683 1.2460599591604087 -0.505640136370782 0.687607623646283 -0.40153065446878794 0.33210983411563616
21.9720885 1.4932923494269152 0.689794932177656 1.2480416772576295 -0.5050839404206304 0.6890351010087812 -0.40112303617061207 0.33048623656705833
21.977089 1.494453952523869 0.6893401940806394 1.2493639339470721 -0.5059131947308901 0.6861403184336463 -0.4034870108304304 0.33235754077210766
21.98208725 1.494451130814267 0.688684168753179 1.2512800932988861 -0.5053554483909145 0.6876072788539594 -0.4033226861394048 0.330367843008314
21.98708825 1.495564799156813 0.6891838625304927 1.252979007698886 -0.5058590197260544 0.6863873941446791 -0.40323831894866885 0.33223162921751415
21.99208875 1.4957102555768043 0.6880944823214938 1.2544796254925485 -0.505871683417492 0.6858088959507088 -0.4054445605649508 0.3307184700912797
21.99708875 1.4966650337297207 0.688506363130122 1.2560525853883024 -0.506879184171743 0.6836489935796752 -0.40609857709747765 0.3328385372974252
22.00208875 1.4968709134716698 0.6882108954791974 1.2577774305695941 -0.5079126662705266 0.6831953681135507 -0.4057039664623396 0.332675673933156
22.007088 1.4970206367248102 0.6872473318949786 1.259373170780398 -0.5071270477816504 0.6833452075034079 -0.40769415617142607 0.33112982320241263
22.0120875 1.4981292692366965 0.6879665130022449 1.2612571909464556 -0.5068514860193941 0.6834253782677114 -0.4066125917785982 0.3327123737805051
22.017087 1.498451516147171 0.6874033329945174 1.262903144560993 -0.5074476335214928 0.6824577844170883 -0.4078148386329724 0.33231811433131153
22.022087 1.4985922545770185 0.6863628238307373 1.2643492017181808 -0.5069592863525052 0.6821611160551995 -0.40969866156290136 0.33135404092428156
22.0270875 1.4987883455459747 0.6866033824634283 1.2662056619147102 -0.5077318243921288 0.6818520463491548 -0.4092895563717684 0.3313129041162015
22.032089 1.4994379207901967 0.6857011508210891 1.2678309839637931 -0.5070550295566563 0.6817189967967935 -0.4105129641130223 0.3311095176868409
22.03708825 1.4996994548379072 0.6852320920904112 1.2694299798173458 -0.50757057920999 0.6808993371983338 -0.41107786621365366 0.33130527860650577
22.0420855 1.4999351999054353 0.6842596183386214 1.2708748201151165 -0.5083077415852071 0.6796464486482584 -0.41305839948098366 0.33028276264825673
22.04708575 1.5005172845316568 0.6842713684728877 1.2724636573044152 -0.5078544043016244 0.6793548639272164 -0.41316103917478103 0.3314495868120679
22.052084 1.5010596138191812 0.683876609796524 1.2742192265232555 -0.507202569055746 0.6794009133868161 -0.41387396152378714 0.3314638695318361
22.05708375 1.500882898536653 0.684023543023177 1.2756082556509827 -0.5084350183299489 0.679065601236049 -0.41319812924551363 0.3311057947873392
22.06208275 1.5009950094516427 0.6826411128366097 1.2772109542283954 -0.5091416596864445 0.6773762095316114 -0.4152692877661468 0.3308891956086152
22.06708325 1.5013168184279588 0.6822188436707908 1.2787624063995053 -0.5092108191841722 0.6771135431483268 -0.4156575189953392 0.3308329158556361
22.0720805 1.5021313544379327 0.6814522166418963 1.2801558953041825 -0.5088239818960874 0.6766817706817047 -0.41698766849761476 0.33063759767365636
22.077081 1.5022415600347103 0.6808327255448173 1.2818938450029422 -0.5090771187194656 0.676646514809121 -0.4172857840610805 0.3299432612033262
22.08208025 1.5027291667790486 0.6805419212099058 1.2834031457668098 -0.5085369513682436 0.6763140196998317 -0.417705616218279 0.33092526955531226
22.08708275 1.5037322993088738 0.6805271192274498 1.2849360673343249 -0.5086605972392162 0.6745789607579294 -0.4188103035957621 0.3328746793029197
22.0920825 1.5030025647344347 0.6790876383716609 1.2863098152955112 -0.5084856732349042 0.6752062369507869 -0.41990540060031417 0.33048193936173514
22.09708025 1.503107661948402 0.6785874807842366 1.2878253589197486 -0.508498320966664 0.6754113205214631 -0.4198080970790129 0.3301668779760241
22.10208175 1.503716928516175 0.6778786553730146 1.2893568779105014 -0.5086474470834441 0.6746643399471878 -0.4205099032274327 0.3305710578177947
22.107081 1.5035743512866249 0.6766274507625016 1.2909375423141352 -0.5090624465685566 0.6736092489309696 -0.42274316605432893 0.32923277601516615
22.11208125 1.5041372005386417 0.6760132562794469 1.2921443365485716 -0.508330235975424 0.6731594277892086 -0.42299602617540233 0.3309548576641433
22.11708175 1.503923595733388 0.6752343750432127 1.293352628148131 -0.5090119894356473 0.6723322645414741 -0.42405723327074685 0.3302295922204084
22.1220835 1.504180150499473 0.6747189991812774 1.2951307618726429 -0.5081767581696932 0.6732798673072249 -0.4234131274193631 0.33041175261158795
22.12708375 1.5049895743798927 0.6731853435214037 1.2967100125070643 -0.5075862125025892 0.6719872623982015 -0.4262707536070216 0.3302765518034072
22.1320845 1.5046805870725517 0.6728543069283672 1.2979665496622046 -0.5084104357418735 0.6724365675456596 -0.42447115733168367 0.33041205796652
22.137085 1.505090023091349 0.6718624423738178 1.2993340149465267 -0.5078286486465395 0.6714424348052503 -0.4263640890854946 0.33089089424600787
22.14208475 1.5049364223704245 0.6706357525038861 1.30069198430374 -0.5086010728290874 0.6702798893468238 -0.4276767429389164 0.3303671021809996
22.147086 1.505581410113857 0.6708402110451409 1.3023946216708975 -0.508378873360996 0.6709320570662298 -0.4254874362667074 0.33220707021414614
22.15208575 1.504706580889852 0.6690697855287847 1.3036667689206645 -0.5077653947870427 0.6717116802218542 -0.4271422666139957 0.32943467726113823
22.15708525 1.505428968680987 0.6677217206905212 1.3049690757752441 -0.5074083441132852 0.6704623917531102 -0.4285488294561997 0.33070055086230793
22.1620845 1.5052458404568034 0.6669297726887861 1.3065157233068176 -0.5075658788553872 0.6707687645339492 -0.4284552434809196 0.32995794804954176
22.16708375 1.5052447401752937 0.6670061329486872 1.3077137141198802 -0.507289921557918 0.6711637081229067 -0.42743277688433207 0.3309039643603865
22.1720825 1.505127297897423 0.665018965019515 1.3089566203649254 -0.5069037037281666 0.6703954758356022 -0.4298096497078909 0.3299730385104267
22.1770835 1.5048856114501785 0.6639195046894578 1.3104593228752723 -0.5069064099701737 0.6708363527625109 -0.4298845325437151 0.3289738105428968
22.1820855 1.5048679648539747 0.6628757337441101 1.3114336932952881 -0.5074655203975715 0.6693591231485453 -0.43089521931837743 0.32979754370522496
22.1870875 1.5059945587073067 0.6625236770528796 1.3128409584404965 -0.5068190712318345 0.6685777300876967 -0.4312926102869004 0.3318507679340151
22.1920915 1.5050645773070037 0.6603179571049903 1.3141187400628882 -0.5072584306878298 0.6690317817013438 -0.432536898169605 0.3286292611613611
22.19708975 1.5050370465209426 0.660225539499085 1.3152606381905367 -0.5064428511866953 0.6696743719725662 -0.43173031678170004 0.3296373880138797
22.2020905 1.5047006023431142 0.6583703645579366 1.3164985117305712 -0.5059781734182339 0.6696848989694706 -0.43328534843886657 0.3282865074059664
22.20708975 1.5054878695789349 0.6577391352396741 1.3178050298926802 -0.5062499782894474 0.6683916147088999 -0.4334483186518566 0.33028194611065576
22.212091 1.5050619603192406 0.6557157641720346 1.3191378829757876 -0.5062769253138576 0.6681220068564627 -0.4357882969550121 0.32769684021346546
22.21709125 1.5054420817492509 0.6554789794169004 1.3202369941478302 -0.5047908089378272 0.6685498506392954 -0.4351637836992721 0.32993911222921535
22.222089 1.50481169684892 0.65322960782212 1.3216996810131976 -0.5036124990731908 0.6701043553723498 -0.4364960704369084 0.3268115423013701
22.22708825 1.5053290666959338 0.6530483611798296 1.3229144462902984 -0.5029937784062612 0.6697755627374341 -0.4361834271702636 0.32884946754761485
22.232091 1.5047267929610517 0.6510240792282295 1.3238789813918026 -0.5019294899810093 0.6701997408896782 -0.43825953758055275 0.3268450276790091
22.23709 1.5049367370977502 0.6505142416109938 1.3251636586778872 -0.501965817779054 0.6702483285070514 -0.43739014851273617 0.3278526405245438
22.24209125 1.50446843929916 0.6479567692996043 1.3266447691646714 -0.4999873541825577 0.6705629207132295 -0.44083041786876936 0.32561719503692516
22.24708925 1.5046190533848434 0.6467561194547297 1.3278883520588438 -0.4999591742395565 0.669609118648739 -0.44212817339450666 0.3258636687435363
22.25208725 1.503923917335275 0.6460006633274473 1.328446623193268 -0.4996180743224998 0.6717224199508319 -0.4401719266634871 0.3246836080294616
22.257087 1.5034947932094964 0.6443833713550957 1.3295979863827418 -0.5007183098770127 0.6709114141016617 -0.44120458231429244 0.32326083141464446
22.26208975 1.5030312755591226 0.6430202409831179 1.330605895503548 -0.4994893698902637 0.6716207175552601 -0.4419467115953192 0.32267489091540513
22.26708875 1.5045929512855634 0.6428478495247709 1.3325854730281277 -0.4962075088820783 0.6701804629354866 -0.4439776060521395 0.32790263883175835
22.272088 1.5036039506372632 0.6408025156940325 1.3333406631286504 -0.4958216733705464 0.6710520150564148 -0.4450556302434919 0.3252315287504042
22.27708775 1.5032830524483238 0.6395768280380284 1.3343833880487197 -0.49486483108546653 0.6713809022776104 -0.4457844634082193 0.32501183854669086
22.2820875 1.5029410719044407 0.6379198513146859 1.3355761220018512 -0.4955512632685332 0.6705255516334181 -0.44714403968725813 0.32386206608959467
22.287086 1.5025164944702283 0.6368449381912065 1.3362986524273688 -0.4938256654672056 0.6716585736766068 -0.447291468761079 0.3239464685810519
22.29208525 1.5021882419166745 0.6353893478503172 1.337354468455067 -0.4929812659699653 0.6717515174869907 -0.448222120149172 0.32375345738008227
22.29708475 1.5017781239905987 0.6341497623186219 1.3381862481693556 -0.49227956309377724 0.6725395785226852 -0.4485707393179913 0.3227005406076033
22.30208575 1.5014127898375158 0.6328541615548356 1.3391498970335745 -0.4914646582064406 0.6727025455470302 -0.4492808477536248 0.32261508766695435
22.307087 1.500958823447528 0.6312601357093108 1.3401146467311846 -0.49077927637097024 0.672729306078085 -0.45062158347726367 0.3217315202663992
22.31208575 1.5004455407158142 0.6300325462571568 1.3409689947076942 -0.4903701215626952 0.6727099371960712 -0.4507572138233605 0.32220555312167826
22.31708525 1.4998479036275678 0.6284394355716679 1.3415983844213293 -0.4907823395029459 0.671484671833864 -0.4521086372380291 0.32224029986790215
22.32208525 1.499376731460633 0.6270844359414381 1.342368828458521 -0.4902383098829323 0.6717596473967432 -0.45268004850602184 0.3216926317731182
22.3270825 1.4988269711972761 0.6254743691154225 1.3432878050865393 -0.4899910049919991 0.6716558620185781 -0.4537003348199455 0.32084766514232416
22.33208325 1.4986801096736917 0.6243264176935919 1.3438482936197564 -0.4883620354128825 0.6721093781761874 -0.45462177747107285 0.3210771645322157
22.33708225 1.4981493251193883 0.6229993006768778 1.3448098258309376 -0.48737514142056126 0.6736056151868304 -0.4539179680599251 0.3204363041017801
22.342081 1.4986039760531977 0.6222884161040915 1.3456441442068339 -0.4865105376114437 0.6718844234292171 -0.4554881961414646 0.3231243127992808
22.347079 1.497460825416036 0.6204769562985196 1.346360037931951 -0.4856063540220335 0.6740346886373153 -0.4551080368411321 0.3205314060269846
22.352079 1.4966665918260011 0.618770967806461 1.3469987390044285 -0.48544860496740294 0.6744159972702449 -0.45541336239659863 0.3195330717027701
22.35707825 1.496097320638565 0.6171582810199702 1.3474825617833495 -0.484986767446958 0.6743774967999924 -0.456430439856296 0.31886373387971645
22.36207925 1.4961739622989207 0.6166394595948741 1.3483619102011135 -0.4842644721758222 0.6744580953769173 -0.4559777768893739 0.3204348070229544
22.367077 1.4944214320768847 0.6149484045411808 1.348111272801772 -0.48577156250705783 0.6760995127183038 -0.4541013228254173 0.3173443343904694
22.37207625 1.4940543069517307 0.6127237929282029 1.3493225203215495 -0.48421244094339805 0.6755814420098833 -0.45713606093553455 0.316472193154195
22.37707525 1.4926831263209934 0.611067133579212 1.349194950086915 -0.4840295812823378 0.6771084189802757 -0.4561262006110134 0.31494196688570686
22.3820735 1.491889783490045 0.6097637646249398 1.3495443427252445 -0.48436228913445056 0.6768522875857921 -0.45604023576346564 0.31510546967502456
22.3870735 1.4921812740449598 0.6087103592661703 1.350663069289422 -0.4830080773923439 0.676278840405222 -0.4569519913669617 0.31708832331022224
22.39207425 1.4917633495632612 0.607066914526083 1.3511780657254486 -0.48129896113065945 0.6770037335027943 -0.4580631435576183 0.3165365876987021
22.39707075 1.4896541046458978 0.6048852373600615 1.3507784905797156 -0.4827583059657516 0.677754631327416 -0.45738577741078784 0.31367392042955294
22.40206875 1.489572352962374 0.603659472483501 1.3511050427170554 -0.4817015237664374 0.6782719886320157 -0.45780809779690856 0.31356418327009117
22.4070705 1.4889373243781883 0.6019765855613479 1.3517891136470588 -0.4808953845007068 0.6777360120600994 -0.4588827126350405 0.31438858625512633
22.4120695 1.488089964138938 0.6004830641231368 1.3520348130627204 -0.48084872066086126 0.6783013249373899 -0.45876608043742617 0.31340948273317365
22.41706925 1.4874925507789194 0.5989614939791219 1.352345865702688 -0.480126766028356 0.6786270745264473 -0.45919243893782163 0.31318666364512215
22.42207025 1.4879199346041725 0.5978871585587335 1.3529408601925983 -0.47810613182752404 0.6782543796543015 -0.46059204362133876 0.31502459037573527
22.427068 1.486213138564169 0.5958009616787543 1.3527092368044296 -0.47917102329438077 0.6788997728227014 -0.4600887535395716 0.31274361346429436
22.432066 1.4855624761500386 0.5944020818155246 1.3528926276399156 -0.4782936202061817 0.6797836344033086 -0.46004396869496933 0.31223223750099177
22.43706775 1.4861133122253858 0.5934237241411521 1.3536933998513556 -0.47604240880535514 0.6797251208872352 -0.4613298144445377 0.3138983710664919
22.44206775 1.485295052476972 0.5917310559077552 1.3536560725712985 -0.47543633794539814 0.6798676896016034 -0.461938449770989 0.3136129490630492
22.44706825 1.4847659111694511 0.5903594661787417 1.3538507876271666 -0.4752552411713045 0.6806753098886431 -0.46179882039099907 0.3123386427144208
22.45206975 1.4841082591095278 0.5889393472481524 1.3540378601549834 -0.47408800357065556 0.6817516444999023 -0.46161753080646073 0.3120328754221504
22.45706975 1.4820488258931255 0.586822806069355 1.3532634142144213 -0.475513427004876 0.6826629835016373 -0.46082495427020215 0.30902846667675726
22.46207225 1.4814333952843584 0.5851981926540486 1.353190152017667 -0.4749406821909301 0.6824417584202923 -0.46171916333532825 0.30906311487001786
22.46707125 1.4819832980877938 0.5841174447211991 1.3535953467020108 -0.47371481509059077 0.6816565253161023 -0.46296127380758856 0.31081427639688713
22.47207175 1.4800494904799744 0.5817151713154116 1.3529266284077497 -0.4728918488565473 0.68315829741485 -0.46311310986649373 0.30853571499595434
22.47707275 1.4795352227978666 0.5807595453477346 1.353104518383185 -0.47219934612423575 0.6840187027752341 -0.4631377041363871 0.3076518467046904
22.482073 1.4799970892100474 0.5794099605922906 1.3532897372368036 -0.4705306800938355 0.682913836238007 -0.4649376461093928 0.30993960152806904
22.48707225 1.4780794351640265 0.5778131790110624 1.3523807446695442 -0.47090486025987605 0.6856432968475805 -0.4622813430025367 0.3073074063269189
22.4920725 1.4772620154039915 0.5761205406587507 1.3525121256850023 -0.47157913037639104 0.6858648221122806 -0.4629135544915414 0.3048173398124572
22.4970725 1.476692291724784 0.5745134116311417 1.3524067627725274 -0.4714768880048861 0.6838149954543501 -0.4655034992084716 0.305635548151166
22.502074 1.4759065478355329 0.5727403283991004 1.3522671706816312 -0.4693470550070305 0.6861860048557556 -0.46479513735269273 0.3046762035171365
22.50707475 1.4750984743241649 0.5712081880136605 1.3519742678345485 -0.46862259340911727 0.686814278375042 -0.4648845183838195 0.3042390450513011
22.51207325 1.474971343916075 0.5700185718167144 1.351948981817926 -0.467486943564981 0.6866623917508434 -0.4656462745619262 0.3051626850351839
22.51707175 1.4735792991910672 0.5690233560486029 1.3513019517039575 -0.46628605485061364 0.6885087514238521 -0.46407216667948326 0.30523767522707396
22.52207275 1.4725221705214437 0.5674085324255493 1.3510743106738559 -0.46576436959434736 0.689388204811596 -0.4641894006639309 0.30386782553321745
22.52707525 1.4714238077890522 0.5651792681112159 1.3503991750026658 -0.4659824833418029 0.6885569072596571 -0.46574504576580983 0.30303673544345405
22.53207475 1.4704226747273377 0.5642091893518578 1.3500684323892465 -0.4665648149144925 0.6900086054165961 -0.46394398534708325 0.30159803778392646
22.53707675 1.4702715674168518 0.5625523350378588 1.3500458531791117 -0.464529225861408 0.6895188665653021 -0.46577288055733895 0.30303787668940185
22.54207675 1.4692811653829054 0.5612304578019537 1.3495446402662812 -0.4642945856386668 0.6899991418006239 -0.4654183091891007 0.3028490045098053
22.5470795 1.4676307023654684 0.5597038571927974 1.3488586014540846 -0.46394880643322733 0.6912726556305919 -0.46463340721486357 0.3016776715080512
22.552083 1.4665784028199735 0.5585393421386128 1.3481998960928017 -0.4642860397254413 0.6918408339870954 -0.4638849145570659 0.3010075078639899
22.5570845 1.4663250853931353 0.5570632617077979 1.3480588313345976 -0.4629806674933109 0.6914151400735985 -0.4651767445599426 0.30200099656303836
22.5620865 1.4658710905276606 0.5557618874917167 1.3474892784220605 -0.4606327911270104 0.6921913267466214 -0.465663272231995 0.3030615709876181
22.56708675 1.464082565536048 0.5542894626502871 1.3466788067338538 -0.4610892803869941 0.6933150359265682 -0.4647216809313576 0.3012386026768133
22.57208725 1.4628076884575427 0.5527807924941535 1.3459599290286484 -0.4601856142919766 0.6942048366327934 -0.46467815333769785 0.3006377537918678
22.5770875 1.463085175176444 0.5517618613790038 1.3457737191756771 -0.4587823705447811 0.693740006054958 -0.46545201825542754 0.30265154745701706
22.58208775 1.4617354139622623 0.5502176142268476 1.3451725701177568 -0.45890815730157913 0.6940711196728865 -0.4650115434219733 0.3023786508376693
22.5870885 1.4599114460861642 0.5486231657632873 1.3439382737398695 -0.4579369665501381 0.6953809472152144 -0.46486761596523746 0.3010600812856552
22.59209 1.4588480111233957 0.5472100377868815 1.3432023142569738 -0.4577560557534344 0.6957867530793175 -0.46496421769634594 0.30024733791063773
22.59708775 1.4590580550720198 0.5461484212014933 1.3429301720791853 -0.45628730963673964 0.6951299601771155 -0.465919476186516 0.3025149107708752
22.60209 1.4579386913230123 0.5448225848427845 1.3417437592066306 -0.45717326873070424 0.6944294210955511 -0.4656659302050587 0.3031758943604167
22.60708925 1.4561068331338363 0.5437955011273293 1.3408694791466378 -0.45561172139769274 0.6979871517241955 -0.46329570732294256 0.3009800374262561
22.61208825 1.4561111787624 0.5422928402085245 1.3406505042922245 -0.45417888479633334 0.6971335717107306 -0.4653476990285315 0.30195669028496425
22.61708975 1.4551148621037386 0.5410303189674426 1.3397886768731928 -0.4537220781360105 0.6976098638906889 -0.46524521338418084 0.3017012513024475
22.6220915 1.453804903431297 0.5401879047222569 1.3386504901499015 -0.4530942431242428 0.6988147164213225 -0.4636860379301191 0.30225627733650856
22.62709225 1.4524952636971555 0.5387863975789237 1.3376952829758078 -0.4530682001976943 0.6995148547296733 -0.46370117764945307 0.30064828592336346
22.6320925 1.4523664255544977 0.537334474563582 1.3372645141931077 -0.4529243351070438 0.6982406897402157 -0.46538604477341006 0.3012230323018342
22.63709425 1.4516660196995124 0.535803313566172 1.3360115497482177 -0.45215453035270886 0.6968032234200972 -0.46803500383147006 0.30160368648502833
22.64209525 1.4489761815052888 0.5349196552322232 1.3345567144288648 -0.4520853283076044 0.7010458555427205 -0.4632328984889667 0.29928054750165645
22.64709375 1.4487693806055515 0.533731784512959 1.334263631014126 -0.4519672404647391 0.7000092868348947 -0.4644303042474656 0.30002850595934644
22.65209825 1.4481800050963938 0.5326515978520069 1.3332031946952796 -0.4504342612662091 0.7005070021469006 -0.46474019813205086 0.30069164348366667
22.65709675 1.4467212350063743 0.531443943058022 1.3321652506065924 -0.4513675091614059 0.7007864228505654 -0.46409121035470724 0.29964163544681105
22.6620955 1.4458495619959393 0.53041514230523 1.3313267947781133 -0.4504877326693528 0.7008949873611542 -0.4643030741348681 0.30038254735477593
22.667097 1.4442461900342838 0.5293005300896848 1.329592953765812 -0.44881094074192174 0.7031599454230034 -0.46299337251567657 0.29961970500891644
22.67209725 1.4436194512131386 0.5281975078441954 1.3284244443942652 -0.4484858818846982 0.7031969549960961 -0.46307351016177833 0.2998956158745443
22.67709675 1.4434800423701144 0.5273897887499394 1.3281341075447808 -0.44912356328289565 0.7013332713233206 -0.4646114352987815 0.3009250432061286
22.6820965 1.4415194326130123 0.5262939380355905 1.326680450303883 -0.449337246490096 0.7026214580442668 -0.4639082280693518 0.2986775544663537
22.6870975 1.4415793278096276 0.5256162067784829 1.3258454048302828 -0.4467214561405448 0.7027576639325626 -0.4640114208857827 0.3021009892325346
22.69209825 1.4392482482204227 0.5243609400159688 1.3240938120762658 -0.447715370349165 0.704400472112975 -0.4625283105400007 0.29906267568712147
22.69719 1.438551155432331 0.5230779683552592 1.323094660430916 -0.4482246916078301 0.7038941487481151 -0.46277551604767736 0.29910946982340436
22.7022575 1.438076338294316 0.5225391996652403 1.32245253181543 -0.4474534403666374 0.7035132359631953 -0.46329534363067426 0.3003530757272001
22.707397 1.4369527624085088 0.5214222914032265 1.3208826621859244 -0.4472394648237817 0.7043389503176313 -0.46255305467432173 0.2998802690759241
22.71753425 1.4344058538636593 0.5198915018273933 1.3182644768399252 -0.44559341488282583 0.706284663916735 -0.4614789540543871 0.2994088460516083
22.7226725 1.43351615621679 0.5191527764842861 1.3170838597834902 -0.4454090191863062 0.7064831499012265 -0.4611508701727779 0.2997202687040428
22.7376685 1.4312744795895065 0.5172258451100579 1.3139135869540974 -0.4450082721234392 0.7061240905100452 -0.4605844040407632 0.30202386213259313
22.74266375 1.4296867516259488 0.5162813881981492 1.3124128899184244 -0.4464208730612948 0.7068241857939878 -0.4595851334800505 0.29981574267536665
22.74765725 1.4289353468084978 0.5153464256451901 1.311552726733323 -0.4450818239614109 0.7066113134269282 -0.4604971964391756 0.3009068855774398
22.75265 1.4285220401682397 0.5150572986858785 1.310844307228388 -0.4445413076650451 0.7059952216381349 -0.46106479726317035 0.3022797140534645
22.757643 1.4279148175752268 0.514502268053227 1.3096869606392936 -0.44298059771200243 0.7063450219630448 -0.46132958447438577 0.3033478440461268
22.76263725 1.426453684372091 0.5139084643539197 1.3082140191023695 -0.44419903652460974 0.7068328161401799 -0.45964989267708667 0.30297947478318366
22.76763125 1.4262675740018875 0.5143385160999286 1.3073984286081421 -0.4420371558121001 0.7068980032582829 -0.4594677528093926 0.30624785713419905
22.77262525 1.4246842449883894 0.5128730431279359 1.3061844876174642 -0.443986980186789 0.7066226955405666 -0.45990644197999 0.3033908241804713
22.7776195 1.424472068831526 0.5125567823518006 1.3050729678659823 -0.44323729628042924 0.7060545526610111 -0.46055388154417665 0.3048241953114401
22.782612 1.4220519701456855 0.5120466999118735 1.3029589666265584 -0.4433342490705847 0.7089212476998031 -0.4575610717827747 0.3025281371207867
22.787604 1.4218063974101713 0.5114261746681741 1.3026826641570632 -0.4432791520359378 0.7069208914771631 -0.4592982783333203 0.3046498614532442
22.79259625 1.420612428183085 0.5109253608156863 1.3013866713679572 -0.44461685095250897 0.7062723606655008 -0.45880535965174923 0.30494729112403046
22.7975925 1.4200230402210852 0.5105974680279375 1.300331236897695 -0.4432081004048726 0.7068785804155017 -0.4589764164150833 0.3053357192665767
22.8025905 1.4182947284129865 0.5103100508252121 1.2985375687476328 -0.4447793213089913 0.7076231291478293 -0.4571546596026796 0.3040567046366606
22.8075875 1.4188809353502545 0.5099149376880635 1.2981638942021374 -0.4420074966352231 0.7062215391179492 -0.45945595188027916 0.3078648061827213
22.812589 1.4169278525383242 0.5091129311187564 1.2964682848303195 -0.4442070225482584 0.7060174118595064 -0.4585150264181944 0.3065672941113218
22.817582 1.4161127586712539 0.5091897582577185 1.2955776329674478 -0.4436023858432353 0.7066231436882369 -0.45779865010508286 0.3071173261805769
22.822575 1.4145562455586462 0.5086822458360337 1.293761580992086 -0.4441442611783005 0.7078688243694446 -0.45646322212402085 0.3054487348089017
22.82756825 1.4152530307142037 0.5085307513017985 1.2934472499552332 -0.44205495015533997 0.70596230257221 -0.45853406036713423 0.30975984871079204
22.83256275 1.4134966824520787 0.5084189100624942 1.2918116610666168 -0.4418443424428585 0.7075143253423511 -0.45658886773294377 0.3093924083569994
22.83755575 1.4126332306881069 0.5079056815008542 1.290936268146074 -0.44317554390478603 0.7065643565015604 -0.45695952240502086 0.309112022234025
22.8425515 1.4114380155095907 0.507729712509635 1.2896868392901923 -0.4441584621723883 0.7064694964008592 -0.4560788965865499 0.30921861396780526
22.84754625 1.4104240196527227 0.5074860805409513 1.2883420216163093 -0.4424701849319345 0.7075880050866543 -0.4557350295784285 0.3095883287834631
22.85254025 1.4097665963070882 0.5072906114581642 1.2872717083752465 -0.4419282972178906 0.707313217866942 -0.4556601377924638 0.31109681897403035
22.857533 1.409092067235826 0.5068762451023658 1.2864541930697155 -0.4435816640996124 0.7059320641718997 -0.45581207754964503 0.31165778990504306
22.86252625 1.4080227750611622 0.506523771828841 1.2849591389210213 -0.4412600318263612 0.7073103103426418 -0.45531579468035677 0.3125527736402116
22.86752075 1.4065812399545072 0.5062006672823464 1.2839192071693017 -0.44281207169235787 0.7070909124770011 -0.4548679148564056 0.31150455966189305
22.8725175 1.4069625778945896 0.5062988734639868 1.2832420512728264 -0.4423280958898848 0.7057303674722643 -0.4550857029823309 0.3149404816071908
22.877515 1.405440992808634 0.505921667340705 1.2818358325017212 -0.4426015714689074 0.7064843783176166 -0.4539975807808865 0.31443579435478897
22.88251125 1.4040294381764047 0.5057788673835277 1.2807858928950835 -0.4431451416446307 0.7068148102311249 -0.45290163826662233 0.31450805002433346
22.8875095 1.4041290774846722 0.5058579794983482 1.2800687712508478 -0.44359437667874685 0.7050462713936666 -0.45310928924713934 0.3175307168933964
22.89250775 1.402317325370012 0.5054295075296805 1.2792581930451603 -0.4457749607996568 0.7062315099089511 -0.45123179704034694 0.31450215273591775
22.89750475 1.4016460121397976 0.5052842845621978 1.2783263382207741 -0.44440916293549076 0.7057279908628769 -0.4515642606408348 0.3170776203447981
22.90256175 1.4003547508000227 0.5051488925398072 1.2770524550065274 -0.4458660244973491 0.7053685801611934 -0.45040839371737235 0.3174758781218627
22.90758 1.3998495937286515 0.5049543861930993 1.2766174055556987 -0.44713475215366977 0.7042879046907604 -0.450082608694681 0.3185509473747728
22.9125765 1.39844180724838 0.5045914362255308 1.2753574415767397 -0.4456283221635709 0.705710165140898 -0.4492627438578181 0.31867153667033365
22.91757825 1.3976539973555226 0.5043518390193186 1.274668156790151 -0.4453763900080753 0.7054101680903984 -0.44924213575883026 0.3197152943431007
22.92257625 1.3964965013149382 0.5043489506187698 1.2736966555279223 -0.44707434222475456 0.7045384739672278 -0.4484288358743653 0.3204085678951091
22.92757125 1.3956422195820326 0.5041160419480962 1.2730089651439185 -0.44924938125759367 0.7034327800717542 -0.44739522857239467 0.32123951626605146
22.9325675 1.3949214402127308 0.503718693778162 1.2722016705166568 -0.44925763024111737 0.7027124347888266 -0.44785459296969116 0.32216312516991547
22.93756025 1.3939648309782908 0.5037411877198039 1.2714471971719852 -0.4476889546981024 0.7043863557311824 -0.4457440709373618 0.3236150258026545
22.94255475 1.3928969380727163 0.5032334095125157 1.270601470397597 -0.44874119249911754 0.7030932186234377 -0.4464311131269124 0.32402242100273015
22.94755 1.391962301331571 0.5029954530635401 1.2698820660693155 -0.4492693982565059 0.7026658875684999 -0.44587751295663036 0.3249783095491439
22.952545 1.391033939798092 0.5028314146778744 1.2691429886045669 -0.44941709486499026 0.7025373972339051 -0.445307201073157 0.32583274390906963
22.957538 1.390058071187785 0.5028227359020636 1.2686191037213572 -0.4523616900347033 0.7013661201329184 -0.44353909296631566 0.3266918118491211
22.9625355 1.390378115234954 0.502751804586578 1.268372141331006 -0.4498039865091076 0.7009319295793766 -0.4439544880988701 0.33056802070605185
22.96752975 1.388096310364477 0.5023261714941114 1.2671209903694467 -0.451848996187885 0.7019961708577998 -0.44136132920823146 0.3289894190160694
22.97252375 1.3874442197475612 0.5027181951875032 1.266605926675776 -0.4522040751291878 0.7015186319111613 -0.44008753307469056 0.331219031382983
22.97751725 1.3867189160346054 0.5015152053056218 1.2662454647596966 -0.4536484804311152 0.699778243329421 -0.44131434674368775 0.3312930933833694
22.982513 1.3852539402308954 0.501317505895859 1.2658463983425956 -0.453723095591399 0.7001335316290331 -0.4402992702181603 0.33179051080609784
22.987508 1.3852491392159687 0.5012718940858535 1.2656270345440042 -0.4527187246858302 0.6994205958803648 -0.43992106627806854 0.33515077475959715
22.9925035 1.3842723856016197 0.5010131520451714 1.265166536732849 -0.45292768119094334 0.6992170010967852 -0.4391649051391097 0.33628304608227033
22.997501 1.3835251632629486 0.50060690212035 1.2650665894070394 -0.4551738489948711 0.6973182666862341 -0.43894709162344064 0.3374751144784207
23.00249575 1.3812707437292873 0.49969011180977974 1.2641141866751269 -0.45716046686827294 0.6977070090215474 -0.43717001254598886 0.3362909710734579
23.00749025 1.3804801625798668 0.49946798931400904 1.264070814096553 -0.4575485861521236 0.6980293844516754 -0.43570682021698603 0.3369923390354906
23.01249 1.379888564261674 0.49934556241078426 1.2634796513935218 -0.4558041293327133 0.6972765369644661 -0.43592057847750537 0.34061896004468944
23.017488 1.378003435230751 0.4987607893945998 1.2631271483948345 -0.4564941332071446 0.6985576822071878 -0.4339080783997245 0.3396381169365977
23.02248325 1.3773329636855716 0.4983332148085159 1.2631816105811973 -0.4584836512508247 0.6966901733084758 -0.4335766354075786 0.34121378222422644
23.027478 1.3757508034119033 0.49794739609379307 1.262519110793173 -0.4591870273834585 0.6973899813140124 -0.4314202612867359 0.3415714361548235
23.03247275 1.3757035129451023 0.4973490294266377 1.2627787971388575 -0.45808517927856846 0.6962790540618053 -0.43202541656139176 0.344539528711983
23.03746675 1.3746506760448083 0.4970352498189048 1.2623757318981077 -0.45716485391091904 0.6967447662838656 -0.43067603913463004 0.34650422265818936
23.0424595 1.3732242292499672 0.49623590664913847 1.2620873496056981 -0.4605611755818925 0.6940895807066717 -0.4308563723240407 0.34711070846176617
23.0474535 1.3709887046890825 0.4957087017217917 1.2611874290002045 -0.463202309924714 0.6946349933539068 -0.42778589041570475 0.34630200410894174
23.0524465 1.3696976024309901 0.4949677969319603 1.261120163354256 -0.4628836161559203 0.6953562077678845 -0.42658578784847745 0.34676082220859283
23.05744175 1.3685574467980783 0.4944022714987955 1.2608467304197242 -0.46364574612667464 0.69494970471639 -0.42578715711614235 0.3475382379655439
23.062438 1.3669357882945439 0.493382836948891 1.2604445569560776 -0.4650787274026912 0.6937574344873467 -0.4249889076233542 0.34897969540954105
23.067432 1.3659075943547512 0.4930838549291384 1.2606494793308298 -0.46417499360314163 0.6947489441719505 -0.4238340727984935 0.3496142997941085
23.07242975 1.365557747297527 0.4923331905928309 1.261056196282303 -0.46298406417129595 0.6931348111929865 -0.4253619583794702 0.3525295650005458
23.07742575 1.3641744882783127 0.4916177114463829 1.260917679755404 -0.4636343839213627 0.6928446120535846 -0.42449191395479535 0.3532932444601382
23.08242375 1.3626568133974928 0.49083202638733 1.2606016623242797 -0.46485461978951365 0.691766325200455 -0.4242324518898814 0.3541134854005203
23.08742225 1.3613891823710542 0.4903987076637448 1.260638367215457 -0.46450447935353756 0.6936959470561916 -0.42135721959573863 0.35423101952378605
23.09242 1.3589828229808265 0.48934435443992697 1.2597333450349486 -0.4660533226669864 0.6938288089583701 -0.42016621919992503 0.35335001419797923
23.0974185 1.3578678854318378 0.48843165838690017 1.2598846849034726 -0.4669484943977301 0.6927523699063171 -0.4201804942057397 0.3542620638141971
23.1024215 1.356601812806594 0.48740838643145395 1.2599730307217536 -0.4663984771889235 0.6924144993388384 -0.42043734650928066 0.35534076495869993
23.107417 1.3549497979311849 0.4860534201029794 1.2594268206794093 -0.46570804409381217 0.6928100407988149 -0.4202738177680457 0.35566864232503237
23.11241625 1.3533904273574489 0.48592450493469724 1.259425522046276 -0.4687916023289864 0.6922404627244559 -0.41797494301645405 0.3554356796429483
23.11741225 1.352017429530777 0.485226939323995 1.2593884815924294 -0.46925104569409465 0.6928009139842971 -0.41653431408945996 0.3554286354298773
23.1224085 1.3504763377936722 0.48407634355619733 1.2591120288640607 -0.46944213150223485 0.6918368238209625 -0.4171671762899443 0.35631087746830786
23.127403 1.348942638684964 0.48300496595377634 1.2591208301091672 -0.4698182188038556 0.6922657776628677 -0.41616252452909935 0.3561568299701191
23.13239825 1.3475781597809682 0.4822986227027506 1.259001463569642 -0.47055701874022593 0.6919424620102146 -0.41563071838259147 0.35643067673577783
23.13739325 1.3460154042513441 0.48116455974711 1.2589777408670575 -0.470310080852351 0.6918886200561531 -0.41532749401274865 0.35721371474586144
23.1423885 1.3445388691605564 0.4801947616252997 1.2589327714581426 -0.47087588016333537 0.6915969703746034 -0.4150898998010884 0.35730926538811786
23.147387 1.342963498542166 0.4793879031417811 1.2589259315288261 -0.47174372228254957 0.6910675329273829 -0.4144428358019715 0.35793946593395554
23.1523835 1.3414810619647282 0.47833630862057874 1.2589953475365314 -0.47205713834042473 0.6915370807655227 -0.4135192722298337 0.3576874830947493
23.15737925 1.3399447978902619 0.4770025088363029 1.2587939164327497 -0.47178609590410897 0.6902859368551386 -0.4142487423460314 0.35961254782934626
23.1623775 1.3383876395570002 0.47662875819241257 1.25891233940883 -0.4725215046277433 0.6910528824521939 -0.4126266481069587 0.3590384249503998
23.167372 1.3366613279458732 0.4748756008604297 1.258669155930087 -0.47254802507976285 0.6909313253629251 -0.4128567924581228 0.35897289110270997
23.172368 1.335105243435836 0.473817119175229 1.2585286786867471 -0.47259634254321353 0.6900219274702548 -0.4135387901650766 0.359872346331052
23.17736725 1.3334224519818856 0.4727617544064221 1.2585847788699631 -0.4731960053572149 0.6894344197605455 -0.4133861905358155 0.3603853199531039
23.18236675 1.3318628714120262 0.4719461917942553 1.2585181740604905 -0.47457896827557733 0.688766460495485 -0.4131837301294668 0.3600760626913573
23.1873655 1.330190435142545 0.47044083892098587 1.2583991972743507 -0.4737311627754596 0.6892286592075091 -0.4130139766618748 0.360502560080195
23.1923645 1.329094655338093 0.4702116418999921 1.2583534601807955 -0.4752571891401192 0.6887898939276476 -0.41103170438781356 0.36159649359724433
23.19736375 1.327050035821457 0.46821920655386734 1.2582327090263499 -0.47587733500235235 0.6880425684659418 -0.4124230262119839 0.3606181269154365
23.202359 1.3253619968811616 0.4670493671720555 1.258165492759416 -0.47483291006593126 0.6883319565754535 -0.4126255285084085 0.361210462609382
23.20735625 1.323773816874704 0.46595600671999543 1.2582847476664871 -0.47468314291971075 0.6883788274053172 -0.4127428987228297 0.3611838913376703
23.21235625 1.3223268320807962 0.4653679081960551 1.2581861940045282 -0.4764255303310978 0.6882101002668257 -0.4108075466312896 0.3614176691450474
23.21735225 1.3206148981125514 0.46380174281376035 1.257834638786477 -0.4754861334647531 0.6876103733790795 -0.41243580858869405 0.3619414525831659
23.22235225 1.3194329339437711 0.4635200859383567 1.2579907439027573 -0.47645419159266605 0.6869264113033566 -0.410748480030175 0.3638807427174072
23.22735475 1.3179041968615226 0.46210978937270075 1.2577564617795576 -0.4764758706105405 0.6863227343216329 -0.41160791661213064 0.3640202907276269
23.23235475 1.3159050639082135 0.4609843506454649 1.2574642192983394 -0.47823928815041133 0.6858285994304183 -0.4103671403609247 0.3640400054728818
23.23735475 1.3138080560719938 0.4587192509799642 1.2573550989560072 -0.4778471276832955 0.6866384997749213 -0.41197628913152506 0.36119970983527616
23.2423505 1.312434436021613 0.45767252588960183 1.2573706736885255 -0.4801022717853061 0.6850647888271182 -0.411915787377815 0.3612664222492297
23.24734775 1.3110885384028712 0.4562574096039019 1.2572198794233926 -0.47966172870161927 0.684478354449975 -0.41280331186791036 0.3619494909781105
23.252348 1.309017049927637 0.4548438683064126 1.2568558371734806 -0.47907362149483224 0.6857678695688249 -0.4122462274895088 0.3609209638903367
23.25734325 1.3080343658366853 0.45436275387808195 1.2569136579916178 -0.47917090954236347 0.6849666279808817 -0.41101480135265395 0.36370701267625133
23.26234 1.3059185994762328 0.4523122466760839 1.2566997666956432 -0.48015056870815237 0.6856514405719837 -0.41153889021926154 0.3605180650784368
23.26733675 1.3044266575671366 0.4509288544804427 1.2564231025934818 -0.48067016624917125 0.6852266315178887 -0.4120800187736967 0.36001487867046766
23.272331 1.3030396049156645 0.4496063894526924 1.2561700799386908 -0.4801711342474035 0.6842380544323309 -0.4126004640639116 0.3619596990777638
23.27732775 1.3015497478109228 0.4481860946084829 1.2562556557481264 -0.4822423907617358 0.6830697702034348 -0.4126139370722961 0.36139687951105953
23.28232425 1.2998770621343378 0.44670067980921324 1.2560771658384582 -0.4824246201657022 0.683306418321841 -0.41255963761839926 0.36076775070165346
23.28731925 1.2982574093895016 0.44541540467140606 1.2558541874955658 -0.4835544304580106 0.6829744042156052 -0.41226944990216763 0.3602151810350755
23.292315 1.2970988727474833 0.44380301106373093 1.255672141980613 -0.48298125423445437 0.6830408662559788 -0.413087143610632 0.359921234252724
23.29731225 1.295587448223341 0.4428169972332124 1.2556541229759948 -0.4836521388147139 0.6825064431925092 -0.4125141312599696 0.3606905254251845
23.30230775 1.2939107062123492 0.44095874117087974 1.2551497336548072 -0.4827074778460989 0.6830719726453844 -0.413953489407874 0.3592334611709302
23.3073035 1.2929058181395177 0.4404175664695667 1.2551576944205203 -0.4831752501873287 0.682852007644266 -0.4117168070120417 0.3615855142098712
23.3123 1.2910386597010521 0.43796314290395194 1.2550045662833342 -0.48447173267398025 0.6824661370227871 -0.41298164937873816 0.3591284858285158
23.317296 1.2896260074354282 0.43662850229225414 1.2548598549888288 -0.4854014348031547 0.6828557138512515 -0.41235887045947717 0.3578458929555019
23.32229125 1.2882413776941912 0.4350785728738813 1.2545751788397053 -0.4856944656890209 0.6825282980474311 -0.4127797863740827 0.3575875505725837
23.3272865 1.2861724746962626 0.4331620353647614 1.2543156002415 -0.4860998330560238 0.6833516823531475 -0.4119452977857483 0.35642460936394404
23.33228175 1.2855773505998132 0.43216381913584667 1.2542150273276393 -0.4864848551203081 0.682207942661539 -0.41305693067621263 0.3568035604200576
23.3372775 1.2841553254472486 0.43049309706965383 1.2540858439572864 -0.4858455190480393 0.6819215034418246 -0.4136448435787933 0.3575404007175392
23.34227275 1.2827568976845398 0.42915899694327486 1.2538073851462357 -0.486689299820409 0.6816957096275661 -0.41341238993822155 0.3570919780130283
23.34726925 1.2814300772200535 0.42747133123924663 1.2535605385124988 -0.48664644267744694 0.6819402234323635 -0.41368015023970034 0.35637270489203227
23.35226525 1.280201542490979 0.42601172272642757 1.253386145838629 -0.48724822762837733 0.6815568369232696 -0.4137383155750227 0.35621629516530506
23.3572605 1.278969862103419 0.4239793996756308 1.253059555380741 -0.4869481878741301 0.6813387273148275 -0.4145667835421231 0.35608058493921074
23.36225625 1.2770093557320303 0.42256127140748523 1.2530144797654073 -0.4887233361643409 0.6823750040486323 -0.4129119960369699 0.35357819229527043
23.367251 1.2764908256120344 0.42148344724105197 1.2528152322906982 -0.4881172653295062 0.6812596244367469 -0.4140419027777703 0.35524099164329326
23.372246 1.2749875641509663 0.4195050029040051 1.2524146038553647 -0.48676150104341975 0.6817878045358965 -0.41514550763188085 0.35479971558774814
23.37724325 1.2732597095180547 0.4175571295671975 1.2523089897680035 -0.48925556967719963 0.681461627257223 -0.4138768515332857 0.3534755859754264
23.382239 1.2727760580035996 0.4166436704321791 1.2521867738847938 -0.48801436315244906 0.681179946382618 -0.41485428757916437 0.354586776516366
23.38723675 1.2715963899690652 0.4152735699862646 1.2521586847243307 -0.4888523709356745 0.6811322058851826 -0.4144785210632359 0.353963039191647
23.39223475 1.2703580425313192 0.413512463545002 1.251947229963427 -0.4889874647501106 0.6812694075741852 -0.4145520331142185 0.35342589811959996
23.397232 1.2703926193618176 0.4120923747711353 1.2527055630364041 -0.4866385669677772 0.6802780423298983 -0.41680287205576 0.3559214184471329
23.4022315 1.2694642287181452 0.4105766086226741 1.2525554072636262 -0.4863262016665822 0.6802797859901005 -0.41712888262402487 0.3559631071145582
23.40722975 1.2663051696960335 0.40828783338535046 1.2515465833524548 -0.49137051164756546 0.6810620290246548 -0.4140440523370803 0.35110832463545905
23.412227 1.266950992811884 0.4074106426772439 1.2522702883565329 -0.48728927705922864 0.6802866014256048 -0.41688560506885936 0.3549164587198875
23.41722275 1.2641727260929452 0.4051970358487205 1.2512476734208438 -0.4918659715556638 0.6809710417217522 -0.4140178507155032 0.3506216274717088
23.4222245 1.2634664204597608 0.40410414543975315 1.2509480037619638 -0.48906820239002524 0.6822540870162735 -0.41454409287992067 0.35141833933211863
23.42722175 1.2624609280589227 0.4028120460120901 1.2507839597784287 -0.48909957603136495 0.6823899501153038 -0.41405508672838215 0.35168728419140216
23.43221875 1.2609792478961692 0.40052721842293404 1.2508643354938975 -0.4923997915044334 0.6811583137105143 -0.41404187825293065 0.3494783541826653
23.43722025 1.2599043658538664 0.3991940411718937 1.2507736313788107 -0.4934909319873693 0.6808099214990081 -0.4135833556173173 0.3491609353737497
23.4422195 1.2587202562569353 0.3975952427020772 1.2505148139014948 -0.4924361922421855 0.6816323651136608 -0.4139613559624774 0.3485970613319645
23.44721575 1.2586375486215557 0.39674423148616 1.250458107006886 -0.49181117597851604 0.681158135849814 -0.41437458252301695 0.349912941325569
23.4522125 1.2568997174469527 0.3945979662696849 1.2503277653746987 -0.4940453595862092 0.680836714690895 -0.41372667581871164 0.3481533976801614
23.4572115 1.2556245329266242 0.39268092600635596 1.249905142409447 -0.4927737995980736 0.6822261246577498 -0.4139697860221787 0.34694453955192545
23.462209 1.2546770170221402 0.3913237521900038 1.249896731137679 -0.4931217824675141 0.6819077150564393 -0.4140043065030128 0.3470348829721982
23.46720725 1.2539221495549007 0.3898648041701816 1.2498887188330887 -0.49439560701388774 0.6810730128733534 -0.4143706014604123 0.346423930389225
23.472205 1.252821539740177 0.38859648384726586 1.2496398529902497 -0.49406167692473973 0.6816113741185659 -0.4142188179667124 0.3460227809101218
23.47720275 1.251960622734853 0.38701503478804533 1.249568858068273 -0.4939926090129383 0.681551993258857 -0.4145228151859265 0.345874281229182
23.48220175 1.25098770167243 0.3854904732784129 1.249321940289559 -0.49450989988349275 0.6815595776046187 -0.4145172952999863 0.3451259378687953
23.48720225 1.25077404113431 0.3843196029109425 1.2492478247296541 -0.49359885617276195 0.6815006570039995 -0.41525222885070145 0.34566256685181135
23.4922015 1.2493391174251898 0.3822188844736081 1.249196460401799 -0.494989127727504 0.6812438338531157 -0.4150154356220186 0.3444630465872059
23.49720075 1.2484287873141442 0.38071641213707286 1.2490067734069605 -0.4954847802637621 0.6812928755644405 -0.4150192136217035 0.34364793402104155
23.50219975 1.2475925551140743 0.3791586290106605 1.248912381705552 -0.49518917016916186 0.6814550599205974 -0.41522389588413755 0.34350517222101756
23.50719825 1.2474622040645313 0.37828864456586214 1.2488670963882167 -0.49358474156548154 0.6815667252618833 -0.41622223984801043 0.3443834330589011
23.51219825 1.2459459738604206 0.37648310289391146 1.248611149604891 -0.49480105405857305 0.681783670320485 -0.4155573094358401 0.34300884297828077
23.51719725 1.245072194519866 0.3747199284096946 1.2484017701449541 -0.4943710929415928 0.6821965989761375 -0.41591846990715753 0.3423694630062891
23.52219675 1.2442523512065127 0.37353185258624405 1.2483678368142739 -0.49563193476278383 0.6826650166587527 -0.414946172592804 0.34078898768033494
23.527196 1.2443851174629827 0.37213127453902 1.2485110228446807 -0.4928828819079793 0.68162951411164 -0.41776249503549484 0.3433979731386498
23.532193 1.2427969633859544 0.3701000064494275 1.2480758239795613 -0.4952083674014081 0.6818023646454093 -0.4164848189695107 0.3412544563628352
23.53719025 1.2425779456569421 0.36945006913882766 1.2479901114696221 -0.49432446937069396 0.6816434543248441 -0.4169952298780976 0.34222872237202484
23.542191 1.2414364644075622 0.36746656598936145 1.2480867472684414 -0.49458591740986674 0.6822792900362695 -0.41698494579672174 0.3405925654889572
23.547194 1.240987486603125 0.3665246095054135 1.2477720429896122 -0.49469763956093726 0.6816280173048576 -0.4172899555576831 0.34135990454145687
23.552193 1.2402444269111714 0.36510949636703943 1.2476354050591596 -0.494757524288988 0.6817340250948727 -0.41730468352510036 0.34104327041504656
23.55719025 1.2400117127123043 0.36320429623729755 1.248202796936195 -0.49299518841082085 0.6811992713504456 -0.4195995431360485 0.3418472177968114
23.56219025 1.2381730346420037 0.362013669698263 1.2473314150611217 -0.4963157694688325 0.6814983427926482 -0.4170200615132011 0.33959525032450144
23.56718875 1.2382848825664738 0.36098143125653487 1.2473100860608828 -0.49545682369701927 0.6811766455436049 -0.4177855565409526 0.3405527010079189
23.57219 1.2389281438335003 0.3596263694296211 1.248088861033428 -0.49277177990279175 0.6808766310470431 -0.41998262319922425 0.34234132446457843
23.57718975 1.2366380352134092 0.35829468930808195 1.2471290009414802 -0.49620812089786354 0.681275865954971 -0.41770587415634347 0.33935600468770327
23.58218825 1.236464185413258 0.3580621858793989 1.247037331879416 -0.4953573229843043 0.6824555124072288 -0.4155859644573102 0.34082825924048255
23.5871855 1.2347400980690995 0.35517740996357483 1.2467536060389188 -0.49679928312754956 0.6816137278181165 -0.41707792479370753 0.33858411507868746
23.5921865 1.2346570282304306 0.35445950442119417 1.2467503821405945 -0.4960336294336373 0.6819805021150193 -0.4171352119817103 0.33889740059612833
23.5971855 1.233956572769568 0.35293527649190837 1.246917822716169 -0.4967974989727354 0.6815260674920791 -0.41793502313226505 0.3377051684275059
23.60218325 1.23333770928481 0.3513908858937389 1.2465911376867926 -0.4968576021729548 0.6803848896861993 -0.4191694711210748 0.3383871740029736
23.6071835 1.2335545690532006 0.35024560155576867 1.247112232574762 -0.4940795163607941 0.6808920208984235 -0.4199845645876682 0.34041805606878606
23.61218225 1.2330181798426387 0.3487246449671165 1.2473282120628222 -0.49503212462302704 0.6790902962627366 -0.42162745339244473 0.3406021956165321
23.61718075 1.232847646944355 0.34762530335782804 1.2473969469946078 -0.493774674775071 0.6795793877892172 -0.42226649167369623 0.34066029450523566
23.62218225 1.2322955622838219 0.3464382366617328 1.2474437881621898 -0.49430400139386627 0.6791962239942134 -0.4225243962160979 0.3403368597731325
23.62718025 1.231149476177769 0.34519846624859285 1.2474519085544125 -0.4952175540373703 0.679239547439405 -0.4224481301062946 0.33901443735813336
23.63218025 1.2298584068160394 0.343780581844004 1.2470719884742107 -0.49593517618124333 0.6804164239861172 -0.42074255080579825 0.33772399520533597
23.63718125 1.228768703644578 0.3429965702406791 1.2463219337577456 -0.4978957235901931 0.6804899317511899 -0.41928994953540055 0.33649552661879506
23.64218125 1.2275453936767204 0.34158968085559793 1.2462222479450222 -0.4985540617938738 0.6800660148578789 -0.4193791657500011 0.33626652857366957
23.64718025 1.2271041470861863 0.34065155585114704 1.2463902485087628 -0.4991955755443168 0.6803319955279333 -0.41891478409972654 0.3353543750730528
23.65217775 1.2264802289888717 0.3395334079395619 1.2464101395513871 -0.49918757730510216 0.6799452802011818 -0.4193685325691401 0.3355833912564878
23.65717625 1.2264123853332605 0.33858987293773457 1.2462253875915554 -0.49763116306727256 0.67891515025129 -0.42118508993967024 0.3376989255477335
23.66217575 1.2251188118845557 0.3373856174706303 1.2461076747617557 -0.4995947558136011 0.6784860655631111 -0.42044120422581294 0.3365871842322377
23.667174 1.2245128567038432 0.3362434377041379 1.2463133443973442 -0.49921053716110514 0.6789284717261723 -0.4207403068351718 0.33589070256726455
23.672172 1.2255557060915756 0.33541871604852025 1.247085735371145 -0.496117388515374 0.6786328912770461 -0.42302293877668423 0.3381959919312766
23.67717225 1.2240783317964214 0.3344603419973553 1.246453131834147 -0.49779974708321517 0.6783447703581179 -0.42217081815526236 0.33736565419407444
23.68216975 1.2229355916335738 0.3331054708033783 1.2465552931862678 -0.49920773039346716 0.6780738382853155 -0.4222957354624502 0.3356692174725757
23.68717275 1.222316191710154 0.332314153299009 1.2467413127796014 -0.4995548189606157 0.6782425830818034 -0.4218629399348523 0.3353559918314752
23.692171 1.2232511636986225 0.33151516555629995 1.247384490775286 -0.49664806234993064 0.6777885372763889 -0.4241963560462851 0.337640122642209
23.6971715 1.2221023498475352 0.330268939489154 1.2475922003939945 -0.4983476161260237 0.6775939395695254 -0.42398056903097703 0.3357924710953605
23.70217 1.221644578208888 0.3293404868421425 1.2477525012499706 -0.49875518624702486 0.6771205683284548 -0.42434479901070243 0.33568212894167093
23.70716975 1.2210448272958088 0.3283623447405933 1.2478969228106818 -0.49905560938852345 0.676886339778685 -0.4247656500360153 0.33517536351639204
23.71216925 1.22044170206974 0.3272880250796455 1.2481382147993119 -0.4995716875132217 0.6761556822896198 -0.4257255086720782 0.3346631345226883
23.71716625 1.219889106731479 0.32663131583830846 1.2480621466585 -0.49856182687549333 0.676711251150004 -0.42535212832105446 0.3355198269585811
23.7221655 1.2198155414549268 0.3265468996033817 1.248241779712552 -0.49869074991985823 0.6762446932805622 -0.42494054209139 0.3367880437921205
23.727165 1.2193562987868947 0.32558812797301945 1.2483173123228375 -0.49868241877778313 0.6755933463647075 -0.4259460102251313 0.3368374562351528
23.73216275 1.2183145254974401 0.324201039033767 1.248456536896358 -0.4993182333479646 0.6757847874585332 -0.4260356987601094 0.33539500036207753
23.7371625 1.217883796700173 0.32356325093911364 1.2484929563964249 -0.49834861219365695 0.6756921642534159 -0.4266540425850224 0.33623665451144513
23.74216775 1.2171642441845956 0.3225885091194866 1.2487200086739918 -0.49933484287993996 0.6753507181194839 -0.4267057727019245 0.33539276343477736
23.747167 1.2161107149109034 0.3223291652620641 1.248295926104539 -0.5017385767731569 0.6746867490766311 -0.4253147341295944 0.33490829809117323
23.75216675 1.2152842701241273 0.32102773373338267 1.2484506635187558 -0.501425345497353 0.6747392383730335 -0.42616645744631654 0.3341881710059407
23.75716725 1.2146574448723044 0.32044737516518457 1.2486821808775468 -0.5019901552957923 0.6748980424318076 -0.4254693185318447 0.33390773470506496
23.76216525 1.2151989123234437 0.31949621883908474 1.2495849736249816 -0.4998252206750516 0.6735472169944169 -0.42823156590584793 0.3363430112519617
23.7671645 1.2146716358659315 0.3187792521536794 1.2497181955687087 -0.4996592963761065 0.6733616375060834 -0.42852049112046275 0.3365930500915571
23.7721645 1.2132723029153574 0.3178807481089725 1.249399536522859 -0.5025876756859959 0.6728603902731201 -0.42790599359735776 0.3340074611344939
23.77716425 1.2126182645333232 0.31721545785732846 1.2496374911826513 -0.5027029416232202 0.6732098845929162 -0.42712537576082554 0.3341288930202344
23.78216275 1.2130900549103643 0.31636007983689807 1.2505866355907094 -0.5007561346850381 0.6721349028197462 -0.42974816491971807 0.3358488956881133
23.78716025 1.2126791549321376 0.31566572547125554 1.25085439588932 -0.5007950480460795 0.6718490133410463 -0.42996239833621935 0.3360886179895916
23.7921605 1.2124160886178335 0.31492229834475294 1.2510712576549876 -0.5005695413264099 0.6712628458577181 -0.43083967178743804 0.33647214339579123
23.7971605 1.2124732442694095 0.3146148296315466 1.2513329166271803 -0.4997312110235494 0.6711273363121758 -0.4309668282792427 0.3378230425924051
23.80215925 1.2106535424097398 0.3138783296794177 1.2510281503325755 -0.5030058060205123 0.6717800996062795 -0.4285235669985176 0.3347599280223053
23.80716025 1.210591802879191 0.31305885249808774 1.251303430045065 -0.502365249531685 0.670969578878462 -0.43036642563468747 0.3349831637098353
23.8121605 1.2102048662045097 0.3126140179806322 1.2514068284043882 -0.5013695625764767 0.6715748296375686 -0.42992410786395674 0.3358289317443094
23.81716225 1.20988312199497 0.31188909087001826 1.2517431288737366 -0.5019932799232771 0.6710460837737022 -0.4302173367256735 0.3355785206840808
23.82216425 1.2104798235384575 0.31121867612222287 1.2526033365376752 -0.4993077083361364 0.6705980115980194 -0.4324695820502275 0.33757988660197136
23.82716425 1.2102545050217266 0.3106602686417397 1.252936369813564 -0.4992661010162124 0.6705185378098624 -0.4327294402168739 0.33746626853507083
23.83216475 1.209988445353681 0.3100992992620428 1.253243379731755 -0.4989626692580813 0.6703302291901844 -0.43311294417614743 0.3377970042906759
23.8371705 1.2096225820923405 0.3094268128082495 1.2537775926574153 -0.5004363874806874 0.6696016578570778 -0.43312011972516495 0.3370519303751144
23.842169 1.2094179271395522 0.30891440875715864 1.2540608752181788 -0.5003297252362743 0.6694421387817674 -0.4333932437501734 0.3371760447303303
23.84717 1.2097077584177012 0.3090630825875934 1.254383605915384 -0.49823992186631993 0.6699707770241481 -0.4336053313354 0.338943291466022
23.8521695 1.209516102115231 0.30832345643253695 1.2548392010479041 -0.4991314272393803 0.6691778324386813 -0.4345393446264675 0.3380005989436222
23.8571695 1.209344925376815 0.3078242296444697 1.2551186235213279 -0.4990032129516874 0.669093089146112 -0.43484574988896907 0.33796361538530456
23.862169 1.2085903336004502 0.30694677363290707 1.2552887693696184 -0.5000447164759507 0.6693696867804539 -0.43397048712060227 0.33700017841572505
23.867167 1.2090704100893093 0.3068169580451335 1.255718562394471 -0.4985898031206809 0.6688814328185754 -0.435526964118055 0.3381155136647246
23.8721705 1.2079097441401399 0.3065064220400459 1.25530709714507 -0.5009048718207761 0.6693817238438783 -0.43344398653729493 0.33637587265537783
23.87717025 1.207885322546694 0.3062022877652412 1.2553969732084491 -0.4996597628591032 0.6696546849876022 -0.43317410561395314 0.33802798475761153
23.88217025 1.2078316504088646 0.3057797342367843 1.255707492787614 -0.4995582112336085 0.669596432648519 -0.4332986585731196 0.33813382476793097
23.88716825 1.2077979573328828 0.3053859858813201 1.2560021064727942 -0.4994182334035453 0.6695449047580421 -0.4334663450773405 0.33822769895725313
23.8921685 1.2072448558795081 0.3045994645907289 1.2562376599886946 -0.5006898839652606 0.6695451757190222 -0.43267545686542647 0.3373586323077152
23.89716625 1.2072451821142505 0.3041666253444299 1.2564834117494978 -0.5005026703742699 0.6695026792680309 -0.4328659675188046 0.33747636000935305
23.90216475 1.2072968527354129 0.3038424779351047 1.256768009148215 -0.5002815174301763 0.6694221609466231 -0.4331167453781914 0.3376422050400638
23.9071655 1.2073657356981267 0.3035397395939767 1.2570483593475568 -0.49974983405180157 0.6693978375662449 -0.433665806531078 0.3377730105745298
23.91216525 1.2074958820956778 0.3033118055351466 1.2574011663466051 -0.4997247658805484 0.6696163143080371 -0.4336774212727352 0.33736188915818816
23.91716375 1.2075961003711972 0.30295687419851797 1.2576918784704698 -0.4992100367726019 0.669490210628075 -0.43393229760313967 0.338045792986
23.9221645 1.2080309334359383 0.3032320152113437 1.2579080990469729 -0.4985718346585579 0.6696790433326201 -0.4341463067111359 0.3383387192967822
23.92716175 1.2083113724272831 0.3029997125982791 1.2581212373584387 -0.498017226761186 0.669729498170732 -0.4344299760164048 0.33869135959965513
23.93216075 1.2085347091564662 0.30272144227949094 1.258411945357294 -0.4977580645795291 0.6698224461721309 -0.4345984118693007 0.338672437837368
23.9371605 1.2090618306455405 0.30238846601233527 1.2588290659673915 -0.4969803060727701 0.6698073011149447 -0.4353623266244497 0.3388633932797633
23.942159 1.2093024665341565 0.30184500822907123 1.259304647981268 -0.49794389788470156 0.6690794162223678 -0.4362306579582834 0.33776829691995697
23.94715625 1.2106284386018342 0.3014829731959403 1.2603897976416798 -0.4949667554395322 0.6687529768166789 -0.43844083200023864 0.3399220555413127
23.9521575 1.2108269638085656 0.30092496475194946 1.2604371044602696 -0.4951969417838992 0.6689255005451347 -0.4382421219253571 0.3395033227211111
23.9571555 1.2105710422053384 0.3008310156300412 1.2607253130092273 -0.49559207823644563 0.6694986722107411 -0.43816705579353993 0.3378899985417685
23.96215675 1.2112319988860294 0.30003536537506637 1.2610083515511303 -0.4953296180084107 0.668835740226051 -0.43931072933272547 0.33810265484473995
23.9671565 1.2105726486983654 0.30013436863640314 1.2606330676072235 -0.4977185431832844 0.6698571316941471 -0.4364356890146317 0.33629089230058384
23.9721575 1.212095471423142 0.29986930516064864 1.2615179650930253 -0.4944684868122197 0.6694149993053077 -0.43901356982573864 0.3386023623124476
23.97715725 1.2124700370585526 0.2994628732706694 1.2618927200657253 -0.49402523999891795 0.6690847893718452 -0.43965980733061766 0.3390632104685634
23.9821575 1.213616761181663 0.30000115832341434 1.2622630345959558 -0.4924642468103053 0.6696928044986974 -0.439884602190898 0.3398412128797562
23.98715825 1.2141055036420414 0.2998669087541852 1.2625462165110524 -0.4920889055456001 0.6698966860083162 -0.43992030143374866 0.3399368581081619
23.9921565 1.2146272030111707 0.29975021267492424 1.2628520692823442 -0.49170326236709727 0.6700191315017557 -0.4399678478169548 0.3401919430064493
23.99715425 1.2152018644891527 0.2996406658445939 1.2631715301095643 -0.49124108073735306 0.6701303336340227 -0.44004079729497486 0.34054608095756106
24.002152 1.2150996490692578 0.29929408109651606 1.2630814458676718 -0.4909251654518695 0.6713435087138018 -0.4385354143277481 0.34055405681666223
24.007151 1.2151858885973774 0.2998656260971862 1.2628371447020532 -0.4919893222051594 0.6723323498618634 -0.4364880062528555 0.33969683331279327
24.0121515 1.2157329047122232 0.2997854084667748 1.263150045578578 -0.491581850133541 0.6725727434021401 -0.4364107476467889 0.3399100598543308
24.01714825 1.2157780586241802 0.2990558702674576 1.263517923935094 -0.49280144661771513 0.6724265583464087 -0.43605386328087464 0.3388897846789062
24.02214875 1.216269835142842 0.29850951044768853 1.2639158422794108 -0.4924767421239819 0.6715729799091775 -0.4376469045734647 0.339000852565478
24.027146 1.2168720356864329 0.2993512286575592 1.2641055021212622 -0.4900182203394406 0.6735006233703513 -0.43639423822158013 0.3403514696635266
24.032148 1.218149298110995 0.2992040996611621 1.2643892725878394 -0.4889394038926982 0.6728582487913738 -0.43753573761955905 0.3417053038221199
24.03714925 1.2198110740626136 0.29948373371041037 1.2655901196188262 -0.4865450794340896 0.6731105692227938 -0.4384217647704744 0.3434856670293314
24.04214875 1.2193657029703922 0.2991141828401648 1.26501264527974 -0.48844329971957595 0.6741590767676624 -0.43624430981011625 0.34150195362416474
24.04714875 1.2204181530681002 0.29941597430087374 1.2653475225031332 -0.48756443328181115 0.6740730586629015 -0.4367537984804504 0.3422755534599643
24.052149 1.2210905727708525 0.2994566477051523 1.265664512785519 -0.48701223728782655 0.6744059429019172 -0.43665911961984305 0.342526667813333
24.05714775 1.220904837635039 0.2989690851405104 1.2660131099680783 -0.4883852397598807 0.6747404520386636 -0.43572201922972126 0.34110335959312704
24.06214825 1.2223437115851405 0.2994145560023596 1.2669353052054892 -0.4850547176518031 0.6750396884969164 -0.43745221912695514 0.3430435771423478
24.06714975 1.223050966913172 0.29945707936591043 1.2673037096333457 -0.48422193522840545 0.6754993965105767 -0.43741795706982856 0.34335872435451864
24.07214925 1.2238779470739696 0.2990323331198248 1.2676849357740045 -0.48413308611330197 0.6752297232198828 -0.4375360568297016 0.3438635990981406
24.07715075 1.2236684487469023 0.2994151078277958 1.2673037158062073 -0.485467960182866 0.6764562750687616 -0.43520987321820115 0.34252026773518185
24.08215 1.2252929575723013 0.29930685269806745 1.2682872210148397 -0.48241669755254685 0.6760803642204894 -0.4374494841124288 0.34471353307892444
24.0871495 1.2252102029691125 0.299500654379026 1.267990736511775 -0.484518980739441 0.6768440965754424 -0.43530813434798443 0.3429726729706951
24.09215175 1.2257444833301767 0.30021199398246634 1.2681523224858613 -0.48191390938172224 0.6776825975279064 -0.435761514517656 0.34440845433515926
24.09715 1.226522107687359 0.3001355985110595 1.2686526954833106 -0.4829138353466227 0.6777060699499404 -0.4347255023491794 0.34427089332540883
24.10215 1.2270850192567326 0.30109755000441035 1.2690276744286473 -0.48119330567660296 0.6792452141323823 -0.43390205165213014 0.34468529301719514
24.1071525 1.2286056188148784 0.301058823510555 1.2700122326568837 -0.4784039610242717 0.6789332413584985 -0.43608509335261864 0.3464232890704199
24.11215025 1.2300370209628888 0.3011255467479473 1.2702541681688568 -0.476397891857736 0.6778441047770726 -0.4378992403655837 0.3490224542056268
24.11714925 1.2304461280835186 0.30119168055380674 1.2705897755662747 -0.47758579125221096 0.678282380763271 -0.4363627560411457 0.348471475274927
24.1221495 1.2301402282679628 0.3014754998991787 1.2705321384342665 -0.48112612980726843 0.6784047054606893 -0.43435752482564594 0.3458587044629835
24.12714875 1.231735901948032 0.30169876134665746 1.2715320508863914 -0.47855506789106794 0.6779430790385396 -0.43615808511617293 0.3480579741469989
24.1321485 1.2324743774642766 0.3021333264813396 1.271654917002051 -0.4761045122563548 0.6784534332411595 -0.4362670600058682 0.35028057994450423
24.13714825 1.2324785931445745 0.30273380972937525 1.2714565908450932 -0.4772756059723654 0.6795722352932289 -0.4340479813945936 0.3492734212755881
24.14215 1.2336298355010304 0.3040737031114531 1.2718836982983253 -0.4757406244019653 0.6807677111823547 -0.43328626075187326 0.34998456815812024
24.1471495 1.2346905144527192 0.30429157996314754 1.272772982759992 -0.4743340627904121 0.6802235833974867 -0.43479407305929885 0.35108003004888916
24.1521525 1.2356391000143976 0.3042627843563959 1.2731827746810753 -0.4748245140156866 0.6795324491323552 -0.4348663406187405 0.35166546214096106
24.1571525 1.2361355835470895 0.3055607186555743 1.2728675535504674 -0.4750186985365032 0.6802543658177682 -0.433276662876734 0.3519695544119596
24.162152 1.2378988861068312 0.3059701515596039 1.2739033686707184 -0.4722393920684478 0.6795728279646951 -0.4354407946063217 0.35434734719411287
24.16715025 1.2386240286547032 0.3065699919061327 1.2742134667783145 -0.47032763706043684 0.6801068370720957 -0.4354586584419512 0.3558403585498303
24.17215025 1.2394960677781086 0.30703419541242283 1.2744831079897105 -0.4694452553807455 0.6802154072014082 -0.43592795579547794 0.3562232016058256
24.177151 1.2390946711289839 0.30755429155333625 1.27423009298351 -0.4712929618266684 0.6810091208363085 -0.4342779936126621 0.35427693367500684
24.1821505 1.2399429061338212 0.3077702260894344 1.2747344551174686 -0.4728731792193555 0.6808932876050587 -0.43385491063112314 0.3529096255284262
24.1871495 1.2405517364559986 0.3088313139804982 1.2747271540035128 -0.473374074924576 0.6816098742794054 -0.43244917549677414 0.3525800264993399
24.1921495 1.2422742024552624 0.30966007350825736 1.2750120337166266 -0.4701765928729139 0.6818040656157827 -0.4334883744249636 0.3551971521037442
24.1971485 1.2431901049726504 0.31036368982560186 1.2752428161585607 -0.4687114618601417 0.6816175704810884 -0.43433784279611953 0.356451527486699
24.20214675 1.2435827327842295 0.3114154776749701 1.2755909522397646 -0.46836240038397886 0.6826560740330911 -0.4337510131527869 0.3556366194322724
24.2071465 1.2444535073168606 0.3118086332107387 1.2756410282422843 -0.4699216958303507 0.6821393765282998 -0.4332558241672092 0.35517441011804635
24.21214775 1.2459961949684182 0.3126706731802524 1.276148580488786 -0.4683840508304363 0.681704152308643 -0.4353166209057084 0.3555211234456563
24.21714625 1.2468431074605717 0.3136821839964299 1.2760233675845492 -0.46928997208295614 0.681246131234206 -0.4347908658194428 0.35584762719566454
24.22214775 1.2479550184618018 0.31473304560594717 1.2764278387565555 -0.4680091941631188 0.682405710732281 -0.4347363540403078 0.3553788719303651
24.227149 1.2490404946286648 0.31578866981874637 1.2764255771019453 -0.46672940148347264 0.6830512739009809 -0.4342448977149965 0.35642108779029735
24.232149 1.2507196549199993 0.31688823357821977 1.277303838219116 -0.4651761285397162 0.6827049391911376 -0.4349726376813094 0.35822331011450226
24.23714725 1.2515484490197506 0.3177802545587672 1.2771372252512627 -0.46448656233572994 0.6841696423809034 -0.43490066485109447 0.35640643311533926
24.2421465 1.2523416997911971 0.31875476250448564 1.276968245612729 -0.46545316254275293 0.6845655515136102 -0.43407130169457503 0.3553948004754618
24.24714775 1.2535654103826863 0.3190237977985684 1.2772590984025378 -0.46310445658789323 0.6837444563783488 -0.4368129757280752 0.35668221836235725
24.252148 1.254191075880879 0.31979249325124554 1.2771011776727361 -0.46368641237242847 0.6848268882271386 -0.4361071979809879 0.35470770503541654
24.25714825 1.255611441386603 0.3212012607374456 1.2774100749918857 -0.4627311974554687 0.6851206952450677 -0.43650255927847814 0.3549013772749855
24.262148 1.2563932337705173 0.3228609066548957 1.2772513084961727 -0.463801499714861 0.6844113180848616 -0.43544284839783004 0.35617248955916403
24.2671455 1.2577287584992345 0.32396613557236925 1.2774172198489346 -0.4628594686241488 0.685480496812268 -0.435420190154707 0.35536862382688733
24.2721465 1.2582968891420874 0.3245727528093432 1.2774854340986153 -0.46317445344634905 0.6857611638698421 -0.43535627164641527 0.3544939612189296
24.277147 1.2596964398794834 0.32532343872314234 1.2777994913826376 -0.4616660226991143 0.6858968226847391 -0.43650867535362664 0.3547819167561711
24.2821485 1.2615596472053476 0.32681840157258657 1.277983965625777 -0.4602378459499559 0.6859375217323743 -0.43727227523076645 0.3556174893751738
24.287147 1.2626493172837217 0.32830610322338966 1.2779225220634503 -0.4609146962392403 0.6872976765003251 -0.4359359452764803 0.3537504746058229
24.29214775 1.2638467009434136 0.3289700013415722 1.27817430008346 -0.460466442706667 0.6861043377931356 -0.43802352148638096 0.3540718676020173
24.29714925 1.264569712006227 0.3300744118956821 1.278096889273924 -0.4616424467053341 0.6870805988180155 -0.43674363463486343 0.352223650162392
24.30214975 1.2662008799034774 0.3315190426119879 1.278120763278182 -0.460273627670222 0.6868534179148561 -0.43765817501950655 0.3533212303394304
24.30715 1.2672756521069408 0.3326304842900161 1.278171318906419 -0.4592930459896915 0.687400932020748 -0.43790717400198487 0.35322395660559786
24.3121515 1.2686606190458933 0.3341378099006105 1.278145885621125 -0.4583395117490311 0.6879868268464648 -0.4375219610340315 0.35379874458274685
24.31714875 1.2699723697735683 0.33539478497268593 1.2780702654351666 -0.4580570190839193 0.6880739233995181 -0.43795394691121003 0.3534605827959336
24.3221495 1.2706712683189476 0.3362805836111467 1.2780534359117726 -0.45849974603755234 0.6883979878557774 -0.4376996081625667 0.3525694913261107
24.32714875 1.2725655248019738 0.33785199337884847 1.278186367273554 -0.4572001951291284 0.6884269634990046 -0.4383352217073716 0.35340986249986917
24.33214725 1.2736875230362172 0.33910468335198807 1.2783619237555481 -0.45815833340399875 0.6891110531625461 -0.43778070270057196 0.35151807106416333
24.33714675 1.2750196898005244 0.34065193714531666 1.2783366721346365 -0.4575882044829075 0.6895129274128092 -0.4373935744091803 0.35195428554613123
24.3421465 1.276471820921534 0.34170883843684696 1.2785011795226278 -0.4585917754063784 0.6885778164547427 -0.43828271353682835 0.35137222034594445
24.347146 1.2776391311197712 0.343106166320949 1.278174521126247 -0.4565369167787241 0.6894152384426618 -0.4383936353018096 0.3522665086948917
24.3521445 1.2788245410889152 0.344397816653943 1.2784273754383426 -0.45669524241979637 0.6901767939582661 -0.43793797141076113 0.35113499089273315
24.3571445 1.2803438795063762 0.345665646469157 1.278558379900824 -0.4572952061753307 0.68889357926637 -0.43884720751317163 0.3517383392701495
24.362146 1.2816234393526231 0.3470855708335197 1.2785119793681883 -0.4571965297373428 0.689053423076625 -0.4388067019480111 0.3516040268086048
24.36714625 1.28293840507622 0.3484395940170769 1.2785218369537747 -0.4571758364326126 0.6892141106933809 -0.4387528951157285 0.3513830690725431
24.3721455 1.2842730787579082 0.35048675214609293 1.2781254231903596 -0.45744716959738074 0.6903202585812331 -0.4369127956546069 0.3511513015965629
24.3771465 1.2861369706954715 0.35267503325487637 1.2781580542754933 -0.4556404200673815 0.6905383763328662 -0.436617998956745 0.35343073069471
24.38214625 1.2871160185082657 0.3529954563923899 1.27826193158839 -0.4560522421192105 0.689496039718105 -0.43931299008289215 0.3515901881673026
24.38714675 1.2895643059328088 0.3556600486621995 1.2787778882934542 -0.45452401875297166 0.6898894307845778 -0.4381307795181331 0.3542624870166366
24.39214575 1.2901915345705322 0.3567990570841752 1.2781242210470618 -0.454846738118535 0.6904500170707805 -0.4376560579740947 0.35334175194627626
24.39714375 1.2910357983391703 0.3573934617680031 1.2780157077049332 -0.45733290318700065 0.6902473741589455 -0.43850289525600694 0.3494572777627181
24.402142 1.2923890626704213 0.3589539083948718 1.2779065411675607 -0.457223093757286 0.6904764676443014 -0.4384563926126139 0.34920664647397187
24.4071415 1.294857090916565 0.3614914405025287 1.2781294450062253 -0.45418165743171823 0.6907258234943765 -0.4383057473857195 0.3528525621548449
24.41214 1.2947342490065625 0.3617870249274245 1.2774125014330544 -0.45749288746276 0.6905998606807425 -0.438675140355204 0.3483334775514226
24.417138 1.2965968902013991 0.36365361285994463 1.277565246421948 -0.4568682251618851 0.6909860933822086 -0.4384577506438858 0.34866093054732533
24.422138 1.298051273206838 0.3651410195738876 1.2773885693166145 -0.45662989269364707 0.6908336727440735 -0.4393752477285823 0.34811976299108566
24.42713625 1.299257753426286 0.36695312663793095 1.277248604775765 -0.45714453876433614 0.6916020180924507 -0.4380138477887169 0.3476339862466194
24.43213525 1.3003513085330982 0.36842811434682715 1.2771420049660032 -0.45569536238640157 0.6919205059080219 -0.43883697130290455 0.34786471913835554
24.43713625 1.3022141334049675 0.37002188528643937 1.277116102326873 -0.4569807247173735 0.6917064573305876 -0.4383717432079192 0.3471901624193899
24.4421365 1.3037092683447506 0.3717175430530083 1.277043749305111 -0.4566706814879558 0.6919688474499506 -0.43843228239088633 0.34699875588484613
24.4471365 1.3051475370117553 0.37328505445100657 1.276938316523191 -0.456542867896431 0.6922654659891818 -0.4385275908875504 0.34645445068875086
24.452134 1.3066155573478246 0.374897013503871 1.2765947593890143 -0.45583546062459857 0.6921001542770037 -0.4391056453180474 0.3469836329522315
24.4571345 1.3082261401716373 0.37659111529569606 1.276593067001626 -0.4558123676468993 0.6925187419489577 -0.43914750511530587 0.34612475539978815
24.4621345 1.3094959456825757 0.37810980715724707 1.2764008780089964 -0.4552460167689411 0.692620709712152 -0.43915133575643767 0.3466608154914317
24.46713425 1.3111385165821146 0.38017163353172595 1.2761076242033516 -0.4545897329128652 0.6937546305193008 -0.4383918586258817 0.3462156346177673
24.4721345 1.3121123933034076 0.3813436696263499 1.27595779247451 -0.4565556833327535 0.693430139151065 -0.4385206069341283 0.3441093248193382
24.47713625 1.3155636529893073 0.3838530658485007 1.276287809274568 -0.45380347840689716 0.6922037803569062 -0.4406321988123239 0.3475048126504516
24.4821365 1.314933747666622 0.38505108550046446 1.2753632093088427 -0.4573641359711337 0.69399169817453 -0.4377933624112999 0.3428272769498058
24.48713425 1.3171717604748412 0.38679556644050245 1.275918472771388 -0.4553618682959811 0.6930297536975357 -0.4398698833884351 0.3447750209626142
24.49213625 1.3186474014098095 0.38855826849502584 1.275642940286522 -0.4553187929055837 0.693285232663798 -0.44003249084916646 0.34411014224283465
24.497136 1.319568944726661 0.3901667073896833 1.274819341956443 -0.45591865106792717 0.6944291537125918 -0.4391965757382987 0.3420711942595693
24.5021335 1.321776571277913 0.3925350567257568 1.274732438355274 -0.4543524919827608 0.6941091029957739 -0.44012267738292477 0.3436108191264404
24.5071325 1.3232058239161466 0.3943580573532966 1.2748459050657095 -0.4542791118176542 0.6940804120214081 -0.4406563113205623 0.3430814560825333
24.5121335 1.3246701399777407 0.39628083765597094 1.2746126225459433 -0.4546845320961643 0.6946633270675749 -0.4400497020844969 0.34214192668430055
24.517134 1.3254751789478556 0.39804748017697933 1.2738320559617458 -0.4555205707535494 0.6959308958881961 -0.4387428074362968 0.3401263687095281
24.5221335 1.3269410927680956 0.3997797484348445 1.273373287628663 -0.4547413121514706 0.6965948136688236 -0.43813379071782377 0.3405947533707559
24.5271325 1.3292942502136775 0.4020119419402422 1.273273855737702 -0.45344468082155104 0.6957589207222743 -0.43929167759193916 0.3425350604952397
24.53213325 1.3299706954452555 0.4030867664669263 1.273176555095012 -0.45472920667794625 0.6967612389476611 -0.4390190202618923 0.33912744557533836
24.53713275 1.3318636436131568 0.4066457564388413 1.2729663255797095 -0.45377639914305395 0.6973683689816058 -0.43718950501049436 0.34151086986123536
24.54213175 1.3345430439774177 0.4079490854435054 1.273470913643929 -0.45266659732233416 0.6956682832880263 -0.43960339071799537 0.3433474190451296
24.547131 1.33547035875396 0.40884264143036075 1.2731432731129142 -0.4540618441805775 0.6954831234243971 -0.44089509955408906 0.3402096087419749
24.55212975 1.3370309567947993 0.41128894969007085 1.2730529668470043 -0.45278391767919224 0.6953870574112412 -0.44120444733882724 0.34170484328504547
24.55713025 1.3382149666746352 0.41305388096486306 1.272215524556275 -0.45240463960605765 0.6969831131573473 -0.4404556188141065 0.33991679848381734
24.56213025 1.3390976856768944 0.41486120456719167 1.2718941547926974 -0.4547104076369332 0.6962053179152581 -0.43942007321093607 0.3397743365124331
24.5671285 1.3415183029183775 0.41686728559854297 1.272014139834795 -0.45239458572702373 0.6959847742542068 -0.44126428025365433 0.3409254578106768
24.5721295 1.3424482249265839 0.4188790387460026 1.2718205200323018 -0.45257231782031215 0.6967596238488297 -0.44051012774040055 0.34008109485080734
24.57712875 1.343952059875423 0.420999725063744 1.2715407357331825 -0.45332206788836843 0.6972008662325964 -0.4399035212779234 0.3389615713576016
24.58212625 1.3454809068133045 0.42297957767764555 1.2714413239081315 -0.4532043056802648 0.6974320523329518 -0.4396246285103213 0.3390052738508319
24.58712475 1.3477054207118664 0.42531655610502883 1.2716962752075294 -0.45317514111556967 0.6964864152742324 -0.44010944795118395 0.34035663448423764
24.592125 1.348618976889084 0.4271650495082502 1.2710091434478725 -0.4515949753148751 0.6983516438430089 -0.439610681157172 0.33927777531788317
24.59712575 1.3501618449620942 0.42934868600606396 1.2704173822421774 -0.4522862439613871 0.6979546654641372 -0.43882994035702644 0.3401833651523744
24.60212325 1.3514418263082946 0.4310739653751809 1.2703185718181542 -0.4536149342719139 0.6981149424006317 -0.43892829472988953 0.33795113653894
24.60712425 1.3533085792350328 0.4331681772276772 1.2700608387516823 -0.45301929621142184 0.6978097581255961 -0.4390883109216442 0.33917033174613426
24.612123 1.3554698706019461 0.4357424009803979 1.269976650584179 -0.452159956220124 0.6985424471577011 -0.4384127361029416 0.33968234621875537
24.61712125 1.35711288003811 0.43740269126550935 1.2699235846869321 -0.45285476459807367 0.698090561290095 -0.4387988552040251 0.33918681444027315
24.62212075 1.3587290480873786 0.43920440458725435 1.2694485999293508 -0.45230449692436064 0.6972810757650464 -0.4401453969814335 0.3398408053162498
24.6271185 1.36038548259629 0.44120838819371 1.2695291238175783 -0.4502746914015587 0.6984378217282324 -0.44032794610162523 0.3399244200475707
24.632117 1.3614654932505508 0.44334770741381024 1.269050361196379 -0.4513612521467664 0.6988365428526229 -0.4388687798695112 0.3395507333082111
24.63711925 1.3634887970634526 0.44543201674329735 1.2690000525085459 -0.4513779201411797 0.6984642636617425 -0.4393469815246153 0.33967613313521433
24.6421205 1.364934566584531 0.44706004632162955 1.2691030209676124 -0.45246694888160865 0.6977638649303259 -0.439815934531578 0.33905927608513553
24.6471215 1.3669135993303214 0.44963257341251583 1.2687715467192493 -0.44966132088995053 0.6990814323920482 -0.4398390626841826 0.34004624143972917
24.6521205 1.3683161772317312 0.45145487520605304 1.268760677281034 -0.45045450614016996 0.6991309533786245 -0.4394500800683287 0.339396928468498
24.6571215 1.3701924539363186 0.45395478833139263 1.268138980908769 -0.450230089313397 0.699329166584314 -0.43915758929235166 0.3396648277468094
24.66211975 1.371937665808626 0.45578489947619 1.2681116485164878 -0.45020676845061147 0.6986080569497423 -0.440311734681259 0.339685479095212
24.667119 1.3732256922672268 0.4578840331529875 1.268016966957305 -0.44971059393394075 0.6994356260173678 -0.4397368534162495 0.339384275576891
24.67211825 1.375601815319612 0.46024687510782974 1.2677570678730565 -0.44966733271483167 0.6990285145894348 -0.43927822871832084 0.3408710363966289
24.677117 1.376779468954104 0.4623918484108663 1.267616162519463 -0.44993416498650385 0.699691741165692 -0.43859860073633894 0.34003232486713003
24.6821195 1.3788077071019045 0.4642084350356924 1.2674699512582992 -0.44906336556464543 0.6995862542510399 -0.4392422921217513 0.34056919323741397
24.6871185 1.380455370761066 0.46671611445188727 1.2670302422240929 -0.45028600106680394 0.6999717252189513 -0.4378425176445681 0.3399647494666719
24.6921205 1.382119915022988 0.46908711072958326 1.2668414491466997 -0.4509654993527973 0.6999955822784643 -0.4371319406842196 0.33992935974664457
24.697121 1.3840395245937391 0.47069575816993364 1.266822826168107 -0.4498039509220514 0.699540433306957 -0.4385526254303834 0.34057478273023284
24.70211925 1.3856128853526992 0.4725826576871559 1.2666211166851524 -0.4504721725521184 0.6991746035094426 -0.43928848467700876 0.3394927433595094
24.70712025 1.3872021350752834 0.47496749702585955 1.2668145155636708 -0.4513635560858529 0.6996864341982141 -0.4376546691196581 0.3393644422067285
24.71212325 1.3882440625671408 0.4772367974143957 1.2659588099209675 -0.45251547969499867 0.7001729871005918 -0.43598643889538996 0.3389739722609337
24.71712275 1.3910163600552787 0.4789678814618405 1.2662010558243535 -0.44961702032141476 0.700605830484551 -0.4373952223076691 0.3401197213199638
24.72212225 1.392104440744034 0.4809713345147194 1.2660417130134143 -0.4523228357732477 0.6994672432095429 -0.43714500017562263 0.3391959267685044
24.7271225 1.3937132510522598 0.48325569239821614 1.2656025114500113 -0.45364852489512564 0.6998445273584074 -0.4358511884143375 0.33831109196237386
24.7321225 1.3958617628733303 0.4845465292467852 1.26569345121464 -0.4529440386977508 0.6994109353302723 -0.43700102893823095 0.338668188726859
24.73712225 1.397808669365431 0.48693652956255823 1.2652732188324716 -0.45114173453897116 0.6998462690380394 -0.43719683591766906 0.33991949301898444
24.74212375 1.3998055397543012 0.48916970800368814 1.2651801930468596 -0.45061380628052317 0.7006708839040459 -0.43675514281838296 0.33948852007129204
24.74712425 1.401857901270906 0.4914357146236669 1.2651874122239175 -0.45215264009978373 0.6998016506988355 -0.43633376422508885 0.3397771121296211
24.752126 1.4033411787966152 0.4936045704034577 1.264747775064668 -0.4514110800304486 0.7004787966493002 -0.43614893223426876 0.3396050664837017
24.75712725 1.4050937185833314 0.4958519035945861 1.2648686053922793 -0.4529227556295891 0.7006981920573193 -0.4352938135217118 0.33823411565102196
24.7621275 1.4061692094384195 0.4977108681294256 1.263909792296909 -0.4537540361097515 0.7011940431518663 -0.4339800026222955 0.33778032193483587
24.76712875 1.408171495219272 0.4998441886737366 1.263713963268857 -0.4540689333625666 0.7012230434631391 -0.43339468289571237 0.3380483632692201
24.77212725 1.4105481538149054 0.5016840268503286 1.2641752035943685 -0.45197618425295744 0.7017615736570825 -0.4351721620579172 0.33745134756926015
24.777127 1.4126787135602255 0.504418502829535 1.263556407307644 -0.4523652490757874 0.7022255754079564 -0.43343242806186305 0.33820297600104465
24.7821285 1.4143638584066178 0.5061580029707377 1.2632820043920592 -0.45326313582241434 0.7016937673566331 -0.43376368544719807 0.3376795104008398
24.7871285 1.416677552012118 0.5084600163655184 1.2634038055401802 -0.4540550392019048 0.7011756411269923 -0.4335913759477204 0.33791309588305485
24.792125 1.4182478365191555 0.5104136288240276 1.2628886949635323 -0.45232123661193546 0.7026284081862835 -0.4331183713559597 0.3378273158189251
24.79712525 1.4207501898666877 0.5133737680686662 1.262813382037773 -0.4524884642474607 0.7022079272507512 -0.43204721111174743 0.3398432344475014
24.80212775 1.4219607900880202 0.5145417992286802 1.2623952525423814 -0.4526720095533774 0.7026601672579478 -0.43287750976759165 0.3376000631714224
24.8071255 1.4230394644856459 0.5165037099572033 1.2619815067565057 -0.453876577792327 0.7032439812704467 -0.43225529168134236 0.3355582181259982
24.812125 1.4249813726087874 0.5186499235843446 1.2619140358144794 -0.4533932367767068 0.7036142705660454 -0.4318630162882328 0.33594027186894765
24.8171265 1.4271208053889357 0.5204088241935128 1.261638725495347 -0.4539219680629526 0.703099078975143 -0.4316107968626789 0.3366283590039984
24.82212525 1.428710953002938 0.5224922391793321 1.2614182376381173 -0.45428891638463964 0.703560136723453 -0.43107506899404197 0.3358556227838503
24.82712525 1.4312913190589223 0.5248275723105414 1.2615915579724089 -0.45590478832259085 0.7020005300571677 -0.4315872603703274 0.3362714922053674
24.83212625 1.4324551490814579 0.5268510850799373 1.2610619191398276 -0.4544928322018209 0.7033762202636517 -0.43107469993430375 0.33596541685318787
24.83712425 1.4348800577336582 0.5287799434169799 1.260892005683079 -0.45396015094910197 0.7029563255705144 -0.43163790451664713 0.3368401773469839
24.84212325 1.436168041300972 0.5308855015052463 1.2607132703993091 -0.45459431648900395 0.703306161738836 -0.4307367094819211 0.3364079924448417
24.84712225 1.438521838139079 0.5328293790942242 1.260502170942271 -0.4545203016294953 0.7028606914663953 -0.4311148057522065 0.3369542521756484
24.85212225 1.4397815834443595 0.534479793350184 1.2602727300088679 -0.45582776666224 0.702658775330766 -0.4303268376360383 0.3366162583722739
24.8571205 1.4421607783196422 0.5368998013086318 1.260315424109858 -0.45485801557926175 0.703049439313887 -0.4302226747173781 0.33724489870530333
24.8621205 1.443408481868103 0.5387096355873691 1.2600304691705222 -0.45591022324411706 0.7027349302206545 -0.42989016944360825 0.33690344077349066
24.86712225 1.4452140775366324 0.5407723098561968 1.259865967488586 -0.4563930456724287 0.7027832347882653 -0.4294732880704393 0.3366805720506484
24.8721235 1.4469109796024808 0.542758254211344 1.259799399500195 -0.45608575164352694 0.7034664799050769 -0.42880050709889794 0.3365275975450558
24.87712625 1.448501867899325 0.5442686272903416 1.2594583350269566 -0.45728909560641257 0.7029106077187001 -0.42876993071267433 0.33609478888052624
24.882127 1.4509637787572138 0.5465550128967628 1.2594650248675965 -0.4562611423476309 0.7025127166772226 -0.4292224432606774 0.33774213105823503
24.88712525 1.452016583623689 0.5484758930427154 1.2592097585563378 -0.4574432019869939 0.7029528719936893 -0.42819909723701216 0.3365241593661855
24.892126 1.453745505144077 0.5502229862568278 1.2590238479930438 -0.4578539713238328 0.7019923868453058 -0.42869535418458665 0.3373376988342354
24.89712625 1.4554923799450814 0.5518253595469661 1.2588563967768605 -0.45827140930096316 0.7024606931657188 -0.42796511690333167 0.3367226584124755
24.902127 1.4577232121283883 0.5537886086958131 1.2587735366798527 -0.45793397939653235 0.701783252478706 -0.42835137633268827 0.3381003334046816
24.907129 1.4588261202425914 0.5559469972410164 1.2588162721077532 -0.45836869475373837 0.7025174740424257 -0.42754383942564556 0.33700683035211865
24.9121275 1.4612656447631893 0.5574982798471199 1.2587664545271382 -0.45754920750105554 0.7020208976677819 -0.4283732275814161 0.3381002215976176
24.91712675 1.462872716621682 0.559600526228535 1.2587012330596945 -0.4583116272822448 0.7017458134488777 -0.4277645040252132 0.3384092119031886
24.922125 1.463697274974053 0.5608776477483075 1.2584588930251506 -0.4596308567243765 0.7022360872476703 -0.4267953183546136 0.3368229646928517
24.92712425 1.4661138505225983 0.56316396766536 1.2584930887119368 -0.4592400106456415 0.7015006000317553 -0.42727206541345875 0.33828110040999243
24.9321245 1.467413743951214 0.5646724827326552 1.2582226974604185 -0.4607070847297893 0.7001397698872001 -0.4275297574490175 0.3387795613635237
24.9371245 1.469388359535741 0.5666624200260669 1.2584415953850339 -0.4595105967241721 0.7014993900204044 -0.42697495165820065 0.33829130635544435
24.94212375 1.4708210234329162 0.5684579297954487 1.2584640646098357 -0.4599957856650267 0.7017643074295188 -0.42604034984726064 0.3382607785280559
24.94712475 1.4725429839628361 0.5698196024792763 1.2582224046804058 -0.46024521607956215 0.7009868555569372 -0.42684931725558606 0.3385135592125001
24.95212275 1.4734615334291137 0.5717761167209644 1.2583248833519562 -0.4608200585603442 0.701801902756307 -0.4259002423144702 0.33723574323096794
24.95712375 1.4750163336778412 0.5732205938969205 1.2583558383164446 -0.4607504741540663 0.7017541424271952 -0.42614953759059593 0.33711525590574515
24.9621235 1.47636354355928 0.5752777437553398 1.2583172521952806 -0.46190678549777753 0.7020466381230956 -0.42460084646953067 0.33687796097181427
24.967124 1.4786172983794454 0.5767396799226844 1.2584203046753457 -0.4612873462305107 0.7010334736884436 -0.4259329202285372 0.33815262891410114
24.97212475 1.4793125468310135 0.5785188123640285 1.2583979227555813 -0.46288027074565086 0.7011893274120338 -0.42468097271764554 0.33722611626249704
24.97712425 1.4810822779484598 0.5793764433982832 1.2585109918412278 -0.4628911579374948 0.7008702843864534 -0.42547234287065416 0.3368766923066861
24.98212375 1.4823641970385797 0.5811222551680251 1.2585975576083126 -0.4638822144321852 0.7007351984192256 -0.42458659773223967 0.33691199719811377
24.987124 1.4842079030401116 0.5826060114400444 1.2586463224898174 -0.4628767827216166 0.7005213497452975 -0.42550591839393714 0.3375790810758927
24.9921245 1.4855741508984017 0.5842569482386545 1.258694328683982 -0.46328032773828237 0.7007065062655573 -0.4248499033287378 0.3374674645790144
24.99712475 1.4870393253875127 0.5859454924604063 1.2588330498369429 -0.46375572789606057 0.7002619196568693 -0.4248583237189072 0.3377266253774369
25.0021245 1.4880507586702878 0.5876403629905448 1.2590045832832963 -0.4646630579583983 0.7008631840226839 -0.42342516492843857 0.3370314073727557
25.00712625 1.490174270780598 0.58926689630108 1.2593100502079662 -0.46351990756309663 0.7006429047899674 -0.4243741634040834 0.33786888684112254
25.0121275 1.4909726831787768 0.5902503637874839 1.2594585518421992 -0.4657257868067754 0.6997692347129818 -0.42414851700203554 0.33692810090194547
25.01712475 1.4926293325962992 0.5924570139443264 1.2596651067118327 -0.4655695404668036 0.7003322090601917 -0.4225379790011387 0.337996237026442
25.022125 1.493527253659025 0.5930015773983786 1.259766917368514 -0.4671472890616917 0.6989470341709744 -0.4236728225700658 0.337265167429761
25.0271245 1.4954928793107098 0.5952075112458727 1.2599783110861005 -0.46729988954695545 0.698320962720443 -0.4227755623326826 0.33946939501062656
25.032123 1.4963718493828404 0.5964208590061968 1.260337390124962 -0.46647320908677053 0.7001844744505079 -0.4221411843856981 0.3375518736256639
25.03712425 1.498230587059718 0.5979825706386238 1.2606441843716993 -0.46664493996450923 0.6997363133676383 -0.4225838518319619 0.33768991683354793
25.04212075 1.4986923446698366 0.5991469838003625 1.260822259604244 -0.46915773252600496 0.6984981086493623 -0.421800319109012 0.33775124725729255
25.04712025 1.4998988758673621 0.6003500619449336 1.260997761816391 -0.4695560127588733 0.6985025163766192 -0.4218738146398704 0.33709623257865673
25.05212 1.5027210579230712 0.6027330384010757 1.261619970213224 -0.4675799545294146 0.6985285682782105 -0.4208749824137342 0.3410147718203753
25.05712 1.5035513222760422 0.6032981437756989 1.2619543361330512 -0.4678520225722643 0.6984923071130653 -0.4223026992787031 0.33894455602772267
25.06212025 1.5040298339677898 0.6044884984506592 1.2623230155137009 -0.4693794875363679 0.6987067988695052 -0.4212312619478722 0.337721675128246
25.0671205 1.506024777963586 0.6059678241588025 1.2626215037439654 -0.46872304528284325 0.6980416561478476 -0.4217473377769394 0.3393607758436616
25.0721195 1.5077185622878073 0.6084952482399383 1.2630336132020006 -0.4698098830293961 0.696865568576543 -0.42039059333240425 0.3419485373240039
25.07711975 1.507827993033955 0.6088492697425184 1.2633648640267054 -0.47060000834524074 0.6982447241275468 -0.41999196349231294 0.33852132573203897
25.08212025 1.509016207854381 0.6100541337542296 1.2637817444007737 -0.4712948296216033 0.6978799271153128 -0.4201075593534993 0.3381633177556601
25.08711925 1.5102561276527577 0.6110665528279297 1.2641787914287996 -0.47272830643325053 0.6967226323879706 -0.4206102602607413 0.3379238535210544
25.09211775 1.511418866331973 0.612487996379266 1.2645860549117662 -0.472202606846406 0.697276074107851 -0.4200861849394129 0.3381691467110071
25.097117 1.5126918404118084 0.6139505765064546 1.2649471744259733 -0.47258889467685644 0.6971260078449024 -0.41946065769148366 0.33871495754301145
25.1021175 1.515130405871966 0.6164191733897764 1.2655395524943316 -0.471816608336363 0.6963765923838712 -0.4190438565975239 0.3418347201875089
25.10711725 1.5150074819955481 0.6165948752260058 1.265841110318818 -0.4730743934125946 0.6968757174156158 -0.4198228246699452 0.3381030148637023
25.11211625 1.5162810970293983 0.6172988404931912 1.266417809609907 -0.4737361229297623 0.6960050966530595 -0.4203941241936614 0.3382599172350853
25.11711575 1.5182714595811941 0.6185226541377126 1.2668008866538967 -0.4730815247535782 0.6953071377550958 -0.42138972572050676 0.33937082105101773
25.12211675 1.519181567819816 0.6196184612661727 1.2671830707547884 -0.4737839953134386 0.695057375185393 -0.4210143575931137 0.33936835693046763
25.1271165 1.5202802698509754 0.6210987182949135 1.2677485864585165 -0.47445620153887835 0.6949841100265944 -0.4206610267653629 0.33901725648195635
25.132116 1.5207632800356845 0.6226058163719113 1.2677878298169316 -0.47782905163018197 0.6937017948632914 -0.4185623848624878 0.3395036777413105
25.1371165 1.5217032618121367 0.6229487517300936 1.268516885370731 -0.47770475178826 0.6933148602517334 -0.42018099655104135 0.33846802627487577
25.14211475 1.523509737676236 0.6242397573603632 1.268938330340775 -0.4766677397383411 0.6938503499539682 -0.4200779202358244 0.3389603202320901
25.14711525 1.5237741951467387 0.6252679189638353 1.2694920863171466 -0.4785887171424241 0.6939017194577835 -0.4191631680535473 0.3372765661957765
25.15211475 1.5247918488554266 0.6265665815352275 1.270004734543404 -0.47863967244626826 0.6938475154849983 -0.4189964617004618 0.3375228204111799
25.157113 1.5265508429161219 0.627338368371395 1.2704862095053613 -0.47854640035240353 0.6927275696107272 -0.41994450497843216 0.33877495443050637
25.1621135 1.527485299350794 0.6281992453327405 1.2708426931908159 -0.47953969282709674 0.6919989034721008 -0.42054112135409955 0.3381188634887743
25.16711125 1.5276994912326007 0.6290967703822333 1.271465642657127 -0.4813361874673251 0.6914342261803857 -0.41990509507895896 0.3375113281468961
25.17211025 1.52850497206005 0.6300222561945833 1.2719924054846448 -0.4821201593926443 0.6910680610070947 -0.4193809058555844 0.3377939353612717
25.17711075 1.5293662134222492 0.6309840987942276 1.272415649114045 -0.48315314797657094 0.6905662290434421 -0.4193258510538769 0.33741243240727203
25.18211375 1.5310326020343776 0.6323025717841154 1.2732626708178492 -0.48260988871077787 0.6910203053307036 -0.4193009693862995 0.33729116503540557
25.187111 1.5321003582444397 0.6329637409981568 1.2737879462998174 -0.4819322935343883 0.6905770980709578 -0.4197614682716407 0.33859244797103105
25.1921085 1.5321791352433305 0.6337579989266353 1.2744307384875668 -0.483694745090276 0.6907569733088555 -0.41875835766552894 0.3369504938155023
25.19710975 1.533000722052068 0.6343955941562197 1.275014402232176 -0.4846863341699719 0.6893197546340032 -0.41955369107118917 0.33747908623903355
25.20210925 1.5336915025020568 0.6352041823218793 1.2756409144826812 -0.4855785555825863 0.6889044294021902 -0.4191349600302878 0.33756486604618796
25.20711075 1.5353007589916323 0.6359987029457559 1.2760342144417849 -0.48496663437487736 0.6877413743929471 -0.4208396074037208 0.3386933573772688
25.21210975 1.5364639816118772 0.6376564900572985 1.2767956437338563 -0.4854928137604203 0.6876045771149734 -0.41875714086557236 0.34079191641178885
25.217111 1.5366397161768326 0.6380448939321608 1.2775173921384848 -0.4858935357834478 0.6881179241794482 -0.41888035147244995 0.33902867940211673
25.22211075 1.537915668624968 0.6391435275920996 1.278157927982673 -0.4863849239515771 0.6868160855102063 -0.4185356460329764 0.34138143393690074
25.22711175 1.538714172633826 0.6399765016110739 1.2789852754864848 -0.4854417288599427 0.6878936479512144 -0.41837000690698223 0.3407567964259732
25.23211425 1.538945435041519 0.6401390316412141 1.2795223142093268 -0.4859940085926284 0.6879070615078864 -0.41918524888442094 0.33893572466967714
25.23711475 1.5398667869470914 0.6409955893275018 1.2799999219810902 -0.4877120334283325 0.6855899493635753 -0.41978991733061777 0.3404112499439528
25.24211625 1.5405594876829316 0.6417125196608819 1.280776073353406 -0.48750479619267945 0.6861554086622386 -0.4194704547991003 0.3399623014443314
25.24711575 1.5407293273604568 0.6419803114368976 1.2814133367468057 -0.48731090924010056 0.6870452943262243 -0.4196873397037804 0.33817063469813863
25.25211525 1.5405517162729854 0.6428084643870042 1.282023125425905 -0.4883486767791883 0.6874514228861691 -0.4192458868406947 0.33639113755709527
25.257117 1.5411917754470301 0.6429078190048505 1.2827867189143096 -0.48829818434411776 0.6857280120769198 -0.4214581521831598 0.33721655145859936
25.26211675 1.5423572795644394 0.6439250534811266 1.2834556056433406 -0.49056430232370635 0.6840599920627981 -0.4206510991150904 0.33832121623978323
25.26711575 1.5425192291915695 0.6438915005074294 1.2838105954080972 -0.4894820974176818 0.6845586555312015 -0.4217573037062744 0.337501852165754
25.27211425 1.542866714059903 0.6443704702819574 1.2844946748632973 -0.490001197705049 0.6842377232000403 -0.4219236815695429 0.33719129782431456
25.27711275 1.5434220188424503 0.6453155145371846 1.2852123956952044 -0.4913373234337332 0.683274229675272 -0.4210207781120257 0.3383274538972312
25.28211225 1.543745361430486 0.6457035277531197 1.2858924429673881 -0.49169115475070385 0.6828136249930453 -0.4215433957607074 0.3380924834336132
25.28711275 1.5439714768885033 0.6461624501038583 1.2865144234412866 -0.49194743134706975 0.6825140194273246 -0.42174065393293286 0.3380786282751393
25.2921105 1.544207608674869 0.6465752354236216 1.2871952692326905 -0.4922359393381281 0.6821484245994563 -0.4220988865910101 0.3379494589121576
25.2971085 1.5444149559616092 0.6469869102476279 1.28791801661451 -0.49209266391996737 0.6819372072555661 -0.42240667447002794 0.33819972921308045
25.30210975 1.5444047789708608 0.6473185348046563 1.288472374040408 -0.49296222567673376 0.6815812747839879 -0.42266583137279523 0.33732596240078927
25.30711225 1.5442602366821938 0.6469934805345132 1.2893092070013392 -0.4936249292444779 0.68086577221919 -0.42459630778346685 0.33537174130417996
25.312113 1.5438513348114327 0.6478048509411968 1.2898678804944503 -0.49230060521789853 0.6822781507074556 -0.4243671394340456 0.33473746449698544
25.317112 1.5437770888734965 0.6479441811471925 1.2905139316436243 -0.49271465602591935 0.6818866650645466 -0.4248248557069156 0.3343451595552256
25.3221115 1.5441751833693305 0.6482233422709942 1.2912927286127902 -0.49303114939402654 0.6811289904570499 -0.4252817514220498 0.33484177755106787
25.32710975 1.5442239148343841 0.6483105203054987 1.2917266037357058 -0.49294740458600744 0.6804908879150952 -0.4259937522853922 0.3353570198911247
25.3321075 1.5441501486425147 0.6482179592660743 1.2925414957819352 -0.4930166164548594 0.6794866130922765 -0.42820614865841194 0.3344727982645507
25.3371075 1.5440380860967968 0.6488460063914876 1.2931199348673106 -0.4926328717046534 0.6797804615124371 -0.4276490370952322 0.33515321710150037
25.342106 1.5436576193752607 0.6492193231577766 1.2939360844776164 -0.49307286077665863 0.6797796858407373 -0.42765827582648597 0.3344953389823353
25.34710425 1.5437115062288669 0.6498852235458813 1.2945462337564249 -0.4942606830135473 0.6784302461459717 -0.42700045967623285 0.3363173884555833
25.3521045 1.543450206376247 0.6501527639896074 1.295178045272716 -0.4940970667350112 0.6781659550449355 -0.4274623820636504 0.33650399400648756
25.35710375 1.5431104382421263 0.6503342713135778 1.2958602704159536 -0.4941358455796576 0.6777531753875267 -0.4280593433322546 0.33651983292424287
25.3621015 1.542354106453928 0.6495906441567497 1.2965245333972752 -0.49326946420811263 0.6779378299183502 -0.4306814859846351 0.3340643531948692
25.36710075 1.5415018983054247 0.6502118437358233 1.29719510993924 -0.4931155465456944 0.6785167137593482 -0.43029432816398056 0.33361492480712607
25.37210075 1.5408126096002963 0.6504589817626338 1.297849088397637 -0.49369431150702775 0.6784693033255157 -0.4297605146727888 0.3335434473329834
25.3770995 1.54039194035602 0.6503232249989166 1.2985314887133013 -0.4932865181864562 0.6780010523510913 -0.4315026736170985 0.33284895470406894
25.38209825 1.5407675657767614 0.6512206351869493 1.2990926416050466 -0.49401462167667354 0.6765211336337288 -0.43019554513582525 0.33645282323362613
25.38709675 1.5400910505317884 0.6513087590274447 1.2996536482902916 -0.4942179145739023 0.676299014286992 -0.4305314943723666 0.3361709811125328
25.39209525 1.5396649866141014 0.6514119011621551 1.3004938488045132 -0.49335310661454435 0.6760486632946233 -0.43147267107435355 0.3367376592650336
25.39709525 1.5391390501087028 0.6517747028632235 1.301148626697729 -0.4923811075216585 0.6770196902976149 -0.43165271167294944 0.335977857024025
25.40209475 1.5371715186199482 0.6510386313477959 1.3016469655611016 -0.4934532738418879 0.6768136295265477 -0.4334200564993915 0.33252703957105245
25.40709375 1.5366063521931916 0.6513831173774507 1.3023489769235101 -0.4922937196236919 0.6778692178001462 -0.43336541261341816 0.3321665791865427
25.4120925 1.5362662565301641 0.6522618513172256 1.3027716890172798 -0.49258684656091006 0.6763164429930737 -0.43358459645487074 0.3346022493191605
25.41709075 1.5363982908177871 0.6518738893993681 1.3031809729532564 -0.49206462393916783 0.6745077454328319 -0.43566472596839495 0.336315259489674
25.4220905 1.5353336210362916 0.6514903603802824 1.3036636406536344 -0.49095362170956586 0.6750563807372376 -0.43717818981819656 0.33487110132629694
25.42709025 1.5347166158220227 0.652144667465305 1.3041950498904187 -0.4919055556460158 0.6744674846722316 -0.4360501040092847 0.3361292061663034
25.4320885 1.5339361210812867 0.6521900393318492 1.3046119358627586 -0.49165440863424814 0.67442722705481 -0.43659141513921684 0.33587467023341244
25.437086 1.5324437933563904 0.6525272429005369 1.3051769406498523 -0.4910411104477424 0.6756486020157607 -0.43711695685810675 0.3336260788240397
25.44208475 1.5321266289392705 0.651706067358386 1.3055771865694779 -0.489833253763209 0.6748146952396016 -0.4400077613858466 0.33328918451796063
25.44708625 1.5313915499020536 0.6518391023207751 1.3060252274637023 -0.4889651670179265 0.675104897176476 -0.4406690991196452 0.33310236914881186
25.4520875 1.530581761830188 0.6516211459917569 1.3062089712827383 -0.4884014404444718 0.6747321269752805 -0.44180288518394734 0.3331828333547797
25.4570885 1.5297244877102594 0.6514100563290639 1.306666674725488 -0.48800045843604584 0.6745192078126543 -0.44309385480758673 0.3324864308355331
25.46208775 1.5289452367278493 0.6514003488429707 1.306973488459519 -0.4875253240421047 0.674566974091567 -0.4439305636141106 0.3319700446905502
25.4670865 1.5280969711148844 0.6514415832205066 1.3071641638614768 -0.4872389820718385 0.6747502772123172 -0.44458352802069684 0.3311430572489329
25.472085 1.527144198900351 0.6516792811616147 1.3075032532352964 -0.4865533600212036 0.675421111967962 -0.44495681150809885 0.3302810700790841
25.4770865 1.5264401476379637 0.6520418612436111 1.307985909201443 -0.485352509161263 0.6769507643098895 -0.44417711733535203 0.3299655936408818
25.48208525 1.5256854620431486 0.6517810180641922 1.307985379322417 -0.4852261828065926 0.6755238783544791 -0.4464603185375564 0.32999428065227115
25.487086 1.5247900532790453 0.6517112406736071 1.3082049793110258 -0.4848416736931517 0.6756631853747482 -0.4471886894062815 0.3292872415487189
25.4920835 1.5239904580114216 0.6518769286677022 1.3082333650953846 -0.48386144350733046 0.6760196490774657 -0.4478996050209799 0.32903112523017175
25.49708525 1.5234812561246187 0.6523516296112386 1.308550517148527 -0.4845761091732356 0.67529582636041 -0.44777451161004045 0.32963544723092075
25.50208325 1.5226466765408242 0.6523534317132066 1.3086410134003532 -0.4839078932269088 0.675482972118008 -0.44854092877732343 0.32919134323808263
25.5070825 1.5221680336501242 0.6527551787762916 1.3086342703427987 -0.4820303621048214 0.6757934956615524 -0.4495984602482125 0.32986528427991724
25.51208175 1.5207846015196085 0.6517701814436553 1.3084465170317254 -0.48127661933180416 0.6762113831665596 -0.45117176799820197 0.3279558151975576
25.51708175 1.5203855382982616 0.6523982974221388 1.3084578975528471 -0.48128374781310346 0.6757294753082037 -0.4510895096679095 0.3290499727370265
25.52208225 1.519376774553808 0.6525010545277488 1.308541610988027 -0.481446725228693 0.6761386148465086 -0.4514243945379697 0.32750822935620993
25.52708225 1.518720372721677 0.6524921181384291 1.3082130105410184 -0.48034566772770565 0.676263245245836 -0.4521438378512404 0.3278749952618318
25.53208375 1.517724532065779 0.652032897707823 1.3081598053290788 -0.47894176210957323 0.6768183359887774 -0.45388670001011655 0.3263718617324202
25.53708475 1.5167660346971872 0.6517788296751994 1.3080286581220433 -0.47873097033225515 0.6768243126507817 -0.45493003259727827 0.3252140422715073
25.54208575 1.5156289033741346 0.6523717438551203 1.3078287621560047 -0.4779362284461507 0.6778834071659173 -0.4547713422599646 0.32439801800699447
25.54708675 1.514863341230079 0.6523173426541851 1.3074657250907136 -0.477649513125708 0.6778366588459812 -0.4554873833050621 0.3239130287364166
25.5520855 1.5146922929638944 0.6528525475508268 1.3074829651969089 -0.47656526388075043 0.6790685790657581 -0.4547384033187556 0.32398209631859526
25.5570845 1.5140063209896473 0.6525448514149608 1.306933522650796 -0.47662826218422294 0.6776065035960037 -0.4570173242298161 0.3237438668538227
25.5620865 1.513347918368162 0.6526837536648071 1.3065569630558085 -0.47608357038664983 0.67779613730214 -0.4576499038995133 0.32325438237859155
25.567086 1.5127170205310203 0.6528702445021671 1.3061113003619838 -0.4756492846551425 0.678020929361765 -0.4580565012593498 0.32284612280233876
25.572085 1.5125794250128606 0.6536392260167873 1.3057345041778683 -0.4758060440587743 0.6774068590918733 -0.45802702335421325 0.3239441334083726
25.577085 1.5112890460505302 0.6539052739668162 1.3050062354147207 -0.47542751352519036 0.678491805960193 -0.45811749428249343 0.3220961192881099
25.58208525 1.5108201661825054 0.6541802033821954 1.3046320212560403 -0.4746581099604329 0.6785877295433743 -0.4586117679051844 0.3223253299088345
25.58708275 1.510291461747319 0.6544147699119485 1.3040377022361418 -0.4743183461254067 0.6786652681998886 -0.4590894813576166 0.3219820000789282
25.592081 1.5105304921831706 0.6544060002536193 1.303339288747579 -0.47398931750627504 0.6776754433118235 -0.4596883164960549 0.32369240352390427
25.5970825 1.5089547055822603 0.6544204864944304 1.3029932369882649 -0.47514641068565516 0.6796088679343489 -0.45888565841796314 0.3190480019304992
25.6020805 1.5090471997300705 0.6546996984011966 1.3019716453580499 -0.4739327341672572 0.6787240341103851 -0.4603232716729218 0.3206617135892748
25.6070795 1.5087488528642785 0.6549031532669258 1.3012315856524248 -0.4734729866179543 0.6784538990459272 -0.46126989973679766 0.3205522069948327
25.61207825 1.5080199082395143 0.6551728272407563 1.3004499007401809 -0.47371869372048536 0.6786025485183921 -0.46131116734589944 0.3198143011906505
25.61707775 1.507641923417997 0.6555692743808157 1.2995930544930507 -0.4733411125258017 0.678809137272194 -0.4613517761556688 0.31987635890547733
25.6220785 1.506906193545467 0.655902865746055 1.2988554256055684 -0.47450498392710505 0.6790866806250518 -0.46084496002032765 0.31828952739581157
25.62707875 1.507167930927292 0.6561526298755594 1.2978824508265085 -0.4740126698894555 0.6785804837508422 -0.4620838353786297 0.3183065266979589
25.63207725 1.5068754875246608 0.6565971506528144 1.296846263664874 -0.47384331049822265 0.6790141305065298 -0.4618483431450051 0.3179755267355648
25.6370775 1.5064227321517498 0.6569596330256579 1.2960516807604534 -0.4740190112194701 0.678840358670831 -0.4625685521301661 0.3170364001536343
25.64207775 1.506765223431411 0.6580454047196924 1.2953023662610978 -0.4728801490877154 0.6805484228251386 -0.4605281309405554 0.318044099774536
25.647078 1.5066757945719187 0.6585276463758455 1.294248712513334 -0.4728986893787386 0.6806663731073983 -0.4605500111186508 0.31773228567978734
25.65207875 1.5066092131182485 0.6589466337205039 1.2930859636118701 -0.47334800244070674 0.6807215983529694 -0.46026967584862666 0.3173509092713796
25.65707975 1.5064202541991996 0.6591725100064199 1.2921308449202988 -0.4736294220826099 0.680762142727322 -0.46091632379621533 0.315902228585334
25.66208 1.5063296237863018 0.6597374703453988 1.2907584028645949 -0.4741006142968841 0.6801385725709009 -0.46113149696008027 0.3162244015503703
25.66707975 1.5064346061067886 0.6603507781064913 1.2897391137287253 -0.47405302350970363 0.6802040670314963 -0.46122373579664194 0.3160202899070081
25.672081 1.5062112018543852 0.6607251461432095 1.2885833143650236 -0.4743826824532165 0.6802478824577157 -0.46160995391430315 0.31486527189818714
25.677083 1.5064656972474566 0.6610373234330272 1.2875572621775027 -0.47488041377343604 0.6799450196266962 -0.4620792395996602 0.31407982939090806
25.68208425 1.506553405074823 0.6619935022701533 1.2864378636094125 -0.47458042795891725 0.6818917727445853 -0.46004780981459403 0.31329385622187494
25.687082 1.506799597173861 0.6628005677263986 1.2851805230650915 -0.47490526444292563 0.6812256433108804 -0.460023376097343 0.3142850714623182
25.6920805 1.5073799871821938 0.6632673962276586 1.2842828681721785 -0.4738629502834364 0.6808742673027187 -0.46138047845252145 0.3146302442178529
25.69708 1.5076829749378549 0.6644895371395925 1.282923411878792 -0.47564765639443307 0.6810619668476928 -0.45947401930475423 0.31432074361067847
25.702079 1.5077240951090725 0.6641790143130516 1.281516323302827 -0.47482335704330303 0.6815331303556802 -0.4606512661699775 0.3128190895864763
25.70707775 1.5079250050699016 0.6651951932534781 1.280310744594673 -0.475372134465854 0.6821358753585478 -0.4594359556445584 0.3124589316745112
25.7120795 1.5081604771269672 0.6657382645041557 1.2789943281412863 -0.4759130469922618 0.6824455638355038 -0.4588727434556196 0.3117861918323127
25.71708125 1.5085243546749485 0.6662985647446578 1.2780173865541116 -0.4759243447517496 0.6827355928043176 -0.4591761251785833 0.3106853946627312
25.7220795 1.509403385845416 0.6679260150168256 1.2766008817444798 -0.4765141234645041 0.6830060843118805 -0.457197811926631 0.31210116901624824
25.72707925 1.5090480322527637 0.6684279453068935 1.275350958036178 -0.47739835029645167 0.6836591056629856 -0.4565775676626371 0.31022244774610214
25.73208 1.5096328132457804 0.6684411372642297 1.2738807097053824 -0.4769590121122141 0.6834393040748107 -0.45733648918307007 0.31026465166432143
25.737079 1.5104937073555877 0.6697965383495074 1.2727776522247312 -0.4777367215120563 0.6831376627059167 -0.4561185586507121 0.31152274261441315
25.74207775 1.51114709282684 0.6702263438896542 1.2713422015098372 -0.4780291045178992 0.6826640749845823 -0.45708563059493595 0.3106938400787665
25.74707575 1.5119312617683007 0.6711939677004842 1.2699767715802124 -0.47746145537542817 0.6831813475405444 -0.45647659002713653 0.3113244734367367
25.75207775 1.511422568193892 0.6716313205368617 1.2684567274838323 -0.47849148090114824 0.6854830045955644 -0.4536436511850777 0.30881449262483607
25.7570805 1.5118560394860265 0.6717197610426981 1.26693172087875 -0.4785092701078624 0.6845185732656359 -0.4548004205020596 0.30922447960400706
25.76208125 1.5126755383665025 0.6725646394913176 1.2658757264166183 -0.47873217632802845 0.6843324624136465 -0.45474466802898006 0.30937335233390295
25.76708275 1.5140312341305937 0.6739848628608437 1.264565939227057 -0.47864929441468745 0.6843174190008798 -0.45365035469611215 0.31113643099513133
25.77208325 1.513883932541104 0.673791923454806 1.2630501095022235 -0.47982831223347394 0.6849898928758414 -0.4535824401965584 0.3079230543211316
25.7770825 1.5142322522038723 0.6744836978425578 1.2613076012728324 -0.4799440622604897 0.6859403715161687 -0.4523437027125324 0.3074486598466087
25.78208075 1.5152938912299139 0.6754926324918218 1.2600514883264844 -0.4802835001799415 0.6860052661518398 -0.4514362590965128 0.3081068617213741
25.78707925 1.5160453854972689 0.6759544814015737 1.25861670712862 -0.4805637110525074 0.685852091993311 -0.4517031775061683 0.30761935400535545
25.79208 1.5166379191823778 0.676878679663172 1.257237719028459 -0.48142428557536565 0.6865816925954566 -0.4499163097661381 0.30726462675912963
25.79708225 1.5173104467679923 0.677080776873651 1.255622638012166 -0.48059783226047237 0.6872966679328127 -0.45046439113464626 0.30615493821704143
25.80208125 1.518489126067592 0.6781036351146646 1.2544117336063687 -0.4811959593154193 0.6872695302292706 -0.4493846034685567 0.30686237912516956
25.8070795 1.5190961710394955 0.6785647592775947 1.2529563228017442 -0.48014855184890615 0.6882124031079633 -0.44953819775096326 0.3061641146976187
25.81207775 1.520155116389047 0.6798645194600711 1.2515784410102024 -0.48045845368115575 0.6887303240298661 -0.448081794327942 0.30664787727926685
25.81707525 1.521335659918887 0.6800658820472406 1.250106351326585 -0.4805250359685747 0.6883137057346245 -0.4488782533216443 0.30631396638119257
25.82207575 1.5218651456279846 0.6807234138499832 1.2487951742702694 -0.48042073458828605 0.6905000168442927 -0.4468717067956323 0.3044853398461761
25.8270765 1.5227296680944418 0.6812308469584555 1.2472422487752326 -0.48061203553062487 0.6906362752961785 -0.44685205678454615 0.30390269149112686
25.83207725 1.5239784489331691 0.6823793061026789 1.2458428336929857 -0.4811477505766721 0.6907765815648766 -0.4459696087951465 0.30403234121990347
25.837076 1.525769194130162 0.6832623763091025 1.2443066033115686 -0.48043309355381775 0.6908447407701603 -0.44545405935261206 0.30575851218698386
25.84207375 1.5263397743824119 0.6828668272358205 1.2431402792421662 -0.48058699552242273 0.6899871058102977 -0.4480924989967445 0.3035902598785287
25.847073 1.5267141020183777 0.6840345320959921 1.2412849517631397 -0.4808547045296085 0.6915189834673416 -0.44605581049649606 0.30267881088432935
25.85207175 1.528146932092969 0.6839880407793493 1.240174838068333 -0.4822527286258565 0.6902615418977999 -0.4465965738576572 0.30252737021365506
25.85707275 1.5293821657703666 0.6849029618225979 1.2383056305783324 -0.48136879795851256 0.6910265980730853 -0.44653725779875114 0.30227603031846023
25.86207275 1.5310983120160644 0.6855289465485417 1.2368816705190728 -0.4804161554961063 0.6906461050565238 -0.4472580363733645 0.30359269425998436
25.8670715 1.5312319964299113 0.6865709994976965 1.2356809035994518 -0.4819671804863138 0.6929302438937254 -0.4440935155082385 0.30055991668049986
25.87207025 1.532339474335567 0.6871899292933357 1.234246419852805 -0.4814007114901435 0.692948367885364 -0.4448005495245671 0.30038040143197914
25.8770705 1.5335396187079713 0.6877262560232261 1.232895826399886 -0.48293213446313715 0.6919329206949154 -0.444873931910952 0.3001542461261747
25.8820705 1.535376013268517 0.6887355631369131 1.2315459117676455 -0.4806003334275719 0.6933919924183014 -0.44407647316315463 0.3017067290307907
25.88707 1.5357927932883535 0.6894054547971382 1.2302073375804088 -0.4815739055439856 0.6944387978292893 -0.442723222778898 0.29972900690588844
25.8920715 1.5371503494463903 0.6902311101510432 1.228838112796185 -0.4819278634428833 0.6945716132346103 -0.44194580032603153 0.2999995301666855
25.89707 1.5386324826323186 0.6910004062942865 1.2275209990714395 -0.4809668298050958 0.6949251649966991 -0.4420415425647117 0.3005814337722089
25.9020695 1.5393752688354103 0.6914870381931992 1.2262349982131637 -0.482414632406952 0.695282215848898 -0.44107201420753095 0.29885488292283835
25.90707175 1.5407505520695124 0.6921527169763104 1.2248627037118291 -0.48283676261477115 0.6949542868148445 -0.44117267268156557 0.2987873370549063
25.9120715 1.5427323021928807 0.6933829996847786 1.2238820068706133 -0.4813885385476009 0.6957936549696003 -0.4402663817971065 0.30050254194987125
25.91707025 1.5431447077150484 0.6938648312454435 1.2223773115932812 -0.482936240255467 0.6954732016087612 -0.4398935894681701 0.2993046000929188
25.92207 1.5446467727114057 0.6947269007090499 1.2213416152558152 -0.4830464505369083 0.696314827313643 -0.4382804784884487 0.2995363251140035
25.92707125 1.5457469435154094 0.6951785683687156 1.2201268082864563 -0.4835081045578985 0.6966816540509336 -0.4378455955936146 0.2985729729144226
25.932071 1.547548728435473 0.6960981378234771 1.2190285298369046 -0.4834905501058637 0.6960779726156843 -0.43807893688561295 0.29966512819268665
25.93707175 1.5490699030062507 0.6970850421860189 1.217956630146259 -0.48348457209183543 0.6968949542517408 -0.43666415011701787 0.29984080991456386
25.942073 1.550244721488613 0.6972988824870977 1.2166477052151607 -0.48432038857117027 0.6961336925778506 -0.4367169471284274 0.30018319633687596
25.947074 1.5512663628473997 0.6980139969885462 1.215608248086219 -0.4851675381035226 0.6963602486197802 -0.43648646759204635 0.2986208762323599
25.9520745 1.5525984703269828 0.6990654019482393 1.2145757329839015 -0.4845984863664107 0.6979395578498921 -0.43493655069402737 0.2981188982101981
25.9570745 1.5543672931964534 0.6996960567708891 1.213508689033845 -0.48415125731228104 0.697879190814329 -0.43479352975359653 0.2991935519954985
25.96207575 1.555714209312721 0.7003237837181984 1.212484392902301 -0.48498514877845905 0.6977464819047148 -0.4341589259696725 0.2990740367447329
25.96707375 1.5570224787373659 0.7010160896020908 1.2115480809484875 -0.48553057991879783 0.6986696246088127 -0.43302629553700733 0.2976727044695115
25.972076 1.5591585990336334 0.7016802573690036 1.210581022069775 -0.4849441643211235 0.6984320294723635 -0.4331985989400843 0.29893282117283626
25.9770745 1.5607884615898795 0.7025256847970098 1.209455129314374 -0.4851119619345984 0.6988405270903236 -0.43208469737786664 0.29931775152162426
25.98207425 1.5616690934016457 0.7029573360191147 1.2086209089240374 -0.48622269796460776 0.698915714333729 -0.43208246078247703 0.2973366094606418
25.98707325 1.5632322514468848 0.7037119990241034 1.207440850458578 -0.4862121938779942 0.6991470295662899 -0.43117256293894296 0.2981297612477567
25.9920745 1.564668864845117 0.7045101371943328 1.206723054615542 -0.4872261479741855 0.6998183159813441 -0.4299524443636719 0.2966578853375993
25.99707425 1.566652402301509 0.7050719826619153 1.205814644857989 -0.48683846302475153 0.6994287668869824 -0.42993813110803714 0.29822963365497623
26.002075 1.5677237831569377 0.7056371900121621 1.2049367880839112 -0.48644882778805437 0.7004078617352629 -0.4292270714002326 0.29759113955264904
26.00707525 1.5701085714527485 0.7064231920554734 1.2043625246293939 -0.48691121269604287 0.7002660024824963 -0.4291499283392095 0.2972798945850605
26.0120755 1.5708620141238305 0.7070691003317865 1.203482087469723 -0.487416121501485 0.7015177125079589 -0.4273862718495214 0.29603952130183125
26.017075 1.573119724474984 0.707618022217712 1.202603797098836 -0.4874280398819689 0.7003156001423162 -0.4285428465862974 0.2971918484310129
26.02207675 1.5745582063784769 0.7086953851737315 1.2018066469928763 -0.4865340821114031 0.7018816282880682 -0.42702248554437605 0.2971507423097033
26.02707875 1.5761006049480226 0.709178036837756 1.2011904859106122 -0.48781046558412716 0.7017763154323329 -0.4261508190051184 0.2965576372749195
26.0320785 1.5777642154773424 0.7096908171836953 1.2005228603417888 -0.48755857563630794 0.7020338523629427 -0.42571165267076105 0.296992751157785
26.03707825 1.5795479710052311 0.7105236067304227 1.1999796785712116 -0.4878201905133568 0.70197378664246 -0.42545486968523705 0.29707308605034577
26.04207575 1.581082213217547 0.711156895357317 1.199360434678816 -0.4881875099650316 0.7021735943460753 -0.424742941377534 0.29701621549541074
26.04707775 1.582144966275946 0.7117308373765489 1.1988297234179601 -0.48881616494613683 0.7028134062149106 -0.4235608198879383 0.2961558792051977
26.052081 1.5837857010417637 0.7124015758276484 1.1982395147829716 -0.4892616999254612 0.7029705947429316 -0.4228773638888029 0.2960237609099546
26.05708 1.5852928313647707 0.7130919960048685 1.197728174272421 -0.48958784494056184 0.7032912375290852 -0.42221017379519615 0.29567506902864554
26.06208225 1.5874186152205272 0.7135860213635558 1.197273277951025 -0.4898659052160552 0.702757987656644 -0.42205248579337273 0.29670575479298333
26.06708125 1.5883510124403823 0.7141240821174903 1.196781164381118 -0.4914598747033257 0.7026308581593133 -0.42075683703811584 0.296210656129348
26.072083 1.5902275981290284 0.7148017195578014 1.1964757001820674 -0.4908165094023579 0.7035924524797736 -0.42015326834283584 0.29585139177028663
26.0770855 1.5918855137268255 0.715558403734946 1.1959458334354989 -0.4907571956191006 0.7038223555690373 -0.4194376230446891 0.2964178589828024
26.08208525 1.5932741291223949 0.7159552184000825 1.1956289916119125 -0.4919571140640755 0.7038640448516028 -0.41871105214395254 0.29535514063478113
26.0870855 1.5950206989784916 0.7164748658605697 1.195449737913438 -0.49186277409865975 0.70415205760425 -0.41804549098958294 0.29576825166158455
26.092087 1.5970761435191065 0.7170262052609923 1.1951266652392785 -0.49066390948274324 0.7040817085105958 -0.4186606011654594 0.29705416459576334
26.097086 1.5983201804603782 0.7175859091437414 1.194804230425694 -0.4925252507944917 0.7044496057811345 -0.41665505710729706 0.2959192349806654
26.1020895 1.599838695386798 0.7181363424626769 1.194641673140093 -0.493000080053159 0.7045348078295429 -0.41612162593939805 0.2956762047404554
26.1070895 1.601826205874811 0.7185711472785025 1.1944595185258389 -0.4930666373495039 0.7043330133246394 -0.4160780510784227 0.2961069956699229
26.1120895 1.6034381516848721 0.7191326179177835 1.1941717401974734 -0.49321620937855015 0.7047187021750384 -0.41528492394746586 0.29605363289939723
26.11708975 1.6051398954813991 0.7195748476446957 1.1941317397663083 -0.4932002206590489 0.7047708125867903 -0.41513449425261356 0.2961671753406299
26.12209125 1.6066318004042108 0.7200025756954893 1.1939232359304486 -0.49390557785012124 0.7049292275574766 -0.4144609565949587 0.29555740518915957
26.1270905 1.6082784140778057 0.7205295765292314 1.193918390494396 -0.4945276793754552 0.7058706448928607 -0.4127487296668735 0.2946650525061399
26.132093 1.6097382833340792 0.7208318293064887 1.1938229824681075 -0.4938720721081528 0.7054681025498982 -0.41368248881945396 0.29541823085312136
26.13709325 1.6113566241349433 0.7214742166320572 1.1933280746296338 -0.4944720759613646 0.705057907161917 -0.41338777898856144 0.2958061152610276
26.14209575 1.6130717154453145 0.7218248029731967 1.193423321456177 -0.49480458683089507 0.7058696979047017 -0.4123088333654047 0.2948182768416695
26.14709575 1.6146070314733245 0.7221674399458082 1.193442082993764 -0.4951453315983022 0.7057393058075363 -0.4121628287354004 0.29476250684837296
26.15209625 1.6158023369590915 0.7222917589708363 1.1934262545010241 -0.49679586294632083 0.7050080340101275 -0.4117714020429098 0.29428193114802675
26.15709875 1.6175148831391086 0.7226629384388015 1.1934763942073239 -0.4960499278012871 0.7058006669436476 -0.41178084975478263 0.29362632621321505
26.16209775 1.6189895880857819 0.7228954908170456 1.193791031687149 -0.49537020829031436 0.7058265952229954 -0.41243157508787104 0.29379817917213524
26.16709775 1.6207669572941426 0.7231460769684773 1.1939105198280413 -0.4956594072498892 0.7053386589259212 -0.41262282256792077 0.2942134166304347
26.17209925 1.6217801929301638 0.7234939249176912 1.1938152557648594 -0.49636015284423013 0.7052706057306433 -0.4120922736901982 0.2939386489144068
26.177101 1.6229431519530655 0.7237842067468655 1.1937984279166431 -0.49807238330486864 0.705104092845563 -0.41126733672872107 0.292594082273563
26.1821015 1.6248330521353795 0.7244163136553756 1.1939826721860023 -0.49755141081922766 0.7052733742376329 -0.4106389643824867 0.29395187040421894
26.18710275 1.6260272085711502 0.7245435907864436 1.1942377490382168 -0.49828432070032114 0.7050129513358498 -0.4106106637395337 0.2933740905675104
26.192104 1.6269385132070386 0.7249877332479301 1.1944077258436172 -0.49858255963256143 0.705574441471574 -0.4095579778888326 0.2929887395787258
26.197104 1.6285306057255233 0.7252841833928618 1.1948050648404094 -0.4991187706497455 0.7051880461027281 -0.4091796231639673 0.2935341690609412
26.20210675 1.629642010075716 0.7255176795928547 1.1949718210053142 -0.5001181701904542 0.7041244737448794 -0.4092549900716394 0.29428029906928993
26.20710475 1.630739377239842 0.7256142210545939 1.1954604688391532 -0.5003674599408107 0.7043715708899685 -0.4088683743790643 0.2938022252927987
26.21210875 1.6317746041910997 0.7257786406857794 1.1958414318472692 -0.5011683131241594 0.7038394481589793 -0.4087723471827954 0.2938460843949027
26.21710775 1.6328940385325321 0.7260493916658819 1.196311580391401 -0.501818544812929 0.7034123800420391 -0.40845188098973684 0.2942044061556085
26.2221085 1.6333949095715514 0.7262972875716777 1.196474257431847 -0.5031071771009326 0.7025093719624159 -0.40787617267743825 0.29495894361166175
26.227108 1.6348045267653257 0.7266082310744195 1.197038373570547 -0.5023638393082821 0.7028111424462431 -0.4078652467404172 0.29552159229103336
26.23210725 1.6358532417087477 0.7267200233935206 1.1975246899847984 -0.5029804206478996 0.7021094558305088 -0.4080070263675192 0.2959447159740877
26.237109 1.636274380036812 0.7269117397671996 1.1978678293557041 -0.5037017396794611 0.7022279444382674 -0.4072857794088677 0.29542979772731337
26.2421085 1.6373212616594703 0.72707831251987 1.1984590661047936 -0.5036875188129888 0.701930867972125 -0.4076195524474929 0.29569957802205254
26.247109 1.637685578912709 0.7271507772566723 1.1989307131306903 -0.5059934754455664 0.7003916867444556 -0.40719186901625803 0.29600146917341474
26.25210875 1.6388746693275154 0.7270451075583059 1.1995791191667045 -0.5064492342593732 0.6993916792296502 -0.40813330928845876 0.2962898141881961
26.257108 1.639701042881721 0.7271467197345574 1.200225886841843 -0.5066882996787684 0.6992275477179605 -0.4080990805946063 0.29631561534755974
26.26210775 1.6396460609606938 0.7269240151634937 1.2006151143523887 -0.5080694480400078 0.6988430803931355 -0.4081110996124378 0.2948374388168545
26.2671065 1.6406309999042725 0.7268632244916877 1.2014963393342883 -0.5075910190647097 0.6981761045716073 -0.4093044879124201 0.295586401150014
26.2721085 1.6410585956551975 0.7271351546293041 1.2016820904138628 -0.5089964667351882 0.6982822425019304 -0.40799004153298707 0.29473485146395767
26.27711 1.6417083621880526 0.726855434363106 1.2022567918755442 -0.5094261893616611 0.6976350567293823 -0.40936385444094514 0.29361798291641006
26.28210925 1.6426704373953063 0.7267847322424171 1.2031561780992672 -0.5088299384383337 0.6971422914325268 -0.4106573043072147 0.29401581192884646
26.2871095 1.6433502386739216 0.7266849244467726 1.2038307279245664 -0.5087238976971429 0.6967769116808501 -0.4116170333628223 0.29372325257955473
26.2921095 1.644455404307487 0.726680871980493 1.2044126653938434 -0.5084836224779513 0.6960710132031436 -0.41272495321950475 0.29425781763617914
26.29710675 1.644507312959424 0.7265571050695228 1.2050603848363561 -0.5091009865743237 0.6962491529450094 -0.4128384617760459 0.2926050357919284
26.30210425 1.6455373113682827 0.7268212994995971 1.2054952876546245 -0.5092972466459997 0.6958386276329739 -0.412899285173348 0.2931537125059161
26.307103 1.6460440465252928 0.7265260944731287 1.2061758504086402 -0.5094896246825996 0.6954989614418855 -0.4141092604236106 0.29191614790116144
26.31210375 1.6464483223403383 0.7263360494614697 1.2067262305966424 -0.5102993298683808 0.6950641558000931 -0.414572934228075 0.29087745781223645
26.317103 1.646925581607666 0.7263209142412396 1.207502363160231 -0.509693670763568 0.6957742000768632 -0.4149246447789865 0.2897380949167584
26.32210125 1.6471975940076762 0.7257785801606161 1.2083204709546336 -0.50991188479592 0.6949984819816598 -0.4167823250222196 0.28854717696788157
26.327099 1.6479931642673438 0.7257191884320066 1.2089249024730657 -0.5094397526864259 0.6944101473144039 -0.4182418136763469 0.28868576511892846
26.3320985 1.6485311956220055 0.7257270478603071 1.2096132689954364 -0.5094502246643952 0.694107667356167 -0.4187795415186397 0.2886151595329248
26.3370985 1.6489002057426327 0.7255688147788371 1.2102749223998788 -0.5090996976872318 0.6939621409354498 -0.41984049030566317 0.28804167660766783
26.34209725 1.6496151354327402 0.7252028403879521 1.2113363645674187 -0.5098736991347652 0.6929856952620553 -0.4209106879396148 0.2874610058268724
26.34709525 1.6491835538839816 0.7249110325420641 1.211737977634673 -0.5102104542948163 0.6936282531606577 -0.4210024478825502 0.2851702607609574
26.352094 1.6496554749230896 0.7247659764833239 1.2123044977633701 -0.5097749061638717 0.6933133465271144 -0.42186941187334237 0.285433613820498
26.35709225 1.6504144039079973 0.7244751649230131 1.2131079598848933 -0.5097512452649579 0.6926430639822498 -0.4231104303555543 0.2852662223124978
26.3620905 1.6505684329827819 0.7240077810879001 1.2138542894578912 -0.5100835293654983 0.6922271156598776 -0.4242568590092236 0.28397628597978264
26.3670925 1.6504974112183919 0.723743942762918 1.2143016260416528 -0.5114473171309087 0.6917169067485874 -0.4241537436036623 0.2829186535114999
26.37209275 1.6504329196986802 0.7234883078992124 1.2148933513697877 -0.5113270639336518 0.6916983586864108 -0.4247899189357793 0.28222604247314
26.37709175 1.65018820802531 0.722839798647703 1.2158496197888873 -0.512872219638792 0.6912452103989442 -0.4248484323799704 0.280438861300605
26.38209 1.6504643639988428 0.7226589309197844 1.216587531540667 -0.5123864590097318 0.691341482923503 -0.4255574686148852 0.2800141273555522
26.387091 1.6506082776503226 0.7223204167104174 1.2172929970967181 -0.5125926505598254 0.6909492854475063 -0.4262516609705266 0.27954853076255
26.39209125 1.6507830269061774 0.7220303201147638 1.2180875145127896 -0.5125053983712142 0.6905893602923723 -0.4269244371864287 0.27957123783462795
26.39709225 1.651236487502519 0.7218159600855486 1.2187112947879883 -0.512148763874736 0.6900214728448985 -0.42790983206865446 0.2801199498313406
26.40209175 1.6509919088144371 0.7210361688019193 1.2196193799710424 -0.5128264352086291 0.6895114766278524 -0.4289431743579983 0.27855111581426506
26.40709275 1.6511063806764426 0.7207897567627771 1.2202851872562404 -0.5125602427065782 0.689583219839441 -0.4291284267797643 0.27857812879328314
26.41209525 1.6511850392529783 0.7205199976997336 1.2208304828465035 -0.5126812357916833 0.6891134721222933 -0.42972617963700194 0.2785964528511746
26.41709375 1.6510935663044095 0.7201361198184767 1.2214410192294183 -0.5134404060009621 0.6887477185386017 -0.4299356509811899 0.2777784471639566
26.4220925 1.6510571457393444 0.7197598282352593 1.2220807767408743 -0.5137808239017587 0.6883998751974115 -0.4302951472640382 0.27745443420503824
26.42709325 1.6514811810542096 0.7193989937097549 1.2227733757725046 -0.513024877190931 0.6878226761331956 -0.43146017349526267 0.2784736258025832
26.43209525 1.6514915939529777 0.7189818220466346 1.22336937619123 -0.5131990644481136 0.6874432963840797 -0.4319568199276998 0.2783194930724756
26.43709725 1.6513713304676756 0.7186103581548637 1.2238891278682973 -0.5131676247026931 0.687264299868045 -0.43234706054597727 0.2782135696207765
26.442098 1.6519912865905584 0.7184494938997852 1.2247372212347283 -0.5140059255500042 0.6860203336828116 -0.43271261088431723 0.27916627062538324
26.4470975 1.6519032118558685 0.7180537951250701 1.2253007896873538 -0.5142192833654082 0.6856835217763021 -0.432963386920159 0.27921200218872816
26.4520995 1.6504358279838267 0.717160882698606 1.225567908000605 -0.5166805887923246 0.6863244441334482 -0.431286853085701 0.2756656977310797
26.4571025 1.6503300279854003 0.7167766686048143 1.2261213735234762 -0.5169724220355031 0.6861383595318356 -0.4313054220001547 0.27555271616693555
26.4621045 1.6501532543190476 0.7163171148595159 1.2265666245389641 -0.5172825810774435 0.6857689579942782 -0.4315420167176766 0.2755197912538052
26.46710525 1.6499790225748272 0.7158677972919443 1.227026036594196 -0.5177384775394384 0.6853628704765913 -0.431793973927326 0.2752790742633363
26.47210625 1.6500579700147695 0.7154414706515783 1.2276475335764503 -0.5168058397297669 0.6849392973050691 -0.4329366683265224 0.2762892039996849
26.47710575 1.6497846564767855 0.7150606254466891 1.2279960832653887 -0.5173348321624637 0.6846948512205657 -0.4329507388750417 0.2758827465628075
26.482109 1.649801160669045 0.7148848238495352 1.2283162034370645 -0.5171581407674203 0.6844161459109744 -0.4330100441719516 0.2768109432456699
26.48711 1.64961276862311 0.7144820127859625 1.2286819364585844 -0.5174333647139621 0.684034720916945 -0.43334987979709366 0.27670759899343156
26.4921105 1.6491246874915675 0.7139294324038816 1.228999344797641 -0.5179946174594006 0.6835715517552337 -0.43411962720556296 0.27559328581976444
26.497112 1.6490705966815076 0.7135638756561846 1.2292694930532526 -0.5178563310761032 0.6830939642247706 -0.4347306293965127 0.27607378772458124
26.50211125 1.6486248986863066 0.7133490594643651 1.229415154076741 -0.5188856002465585 0.6831191084574476 -0.43381605316774796 0.27551705851186115
26.50711225 1.648227324927711 0.7124914991746807 1.2301827888970216 -0.5194243787044553 0.6823563577153992 -0.4347842452745914 0.27486501405939007
26.5121135 1.6478452930177012 0.7122313547007674 1.2302728829196667 -0.5199823834979919 0.6825206167575415 -0.4338566784220122 0.2748678066658065
26.51711475 1.6475054491683463 0.7117587652270442 1.2303929729795708 -0.5202612174674452 0.6819194825912617 -0.43450427536837977 0.27480924210869784
26.52211625 1.6471454359724176 0.7113564486162005 1.2305445951354548 -0.5206348173012297 0.6816268545355315 -0.4344801307367369 0.27486584761425065
26.52711575 1.6465322399136406 0.710791097026704 1.230652701588034 -0.5217257013227726 0.6813162547232113 -0.4344461106703861 0.2736184031686688
26.53211625 1.6461903093239323 0.7105040073606196 1.2308127380009295 -0.5217524138650578 0.6810897079958355 -0.4348954354590099 0.27341760825713324
26.5371165 1.646062159138865 0.7099186603551925 1.2311387852583664 -0.5209650783117111 0.6806572016589265 -0.4362031496981724 0.27391234583878454
26.5421135 1.6461097376047085 0.709523720606664 1.2311342984844444 -0.520851768267574 0.6800550931092723 -0.43674392991586586 0.2747603419533569
26.5471125 1.6453757150428339 0.7092492156297153 1.2311440881858333 -0.521332892692793 0.6802228941312471 -0.43618133715183477 0.27432584715391345
26.55211075 1.6449036247487132 0.708859901743424 1.2311821843543054 -0.5216960742217228 0.679970743802459 -0.4364760328586646 0.2737912826485447
26.55711225 1.6448477551955039 0.7085232518716569 1.2311398645842215 -0.5213795791248016 0.6794872736203084 -0.437236025520717 0.2743811900377494
26.56211125 1.6444572743406853 0.7081019151911805 1.2311187285770435 -0.5215460439468483 0.6791831731286404 -0.4376262391583072 0.27419558016580003
26.56711025 1.6441415004704034 0.7076850396847896 1.2310538541951745 -0.5221025228002176 0.6788285051614172 -0.4376923966035352 0.27390907655902463
26.572111 1.643639486133302 0.7072193534125399 1.2310090986791096 -0.5224254880158492 0.6785499089437129 -0.4380383236341935 0.27343016946128373
26.5771125 1.6431701448870515 0.7068145053981418 1.2309318959325526 -0.5226652990352767 0.6783740913822223 -0.4382107253690349 0.2731317218802195
26.5821135 1.6421724316217052 0.7061470075524773 1.2310014221160015 -0.5235980118094693 0.6783475278411926 -0.43805951944856825 0.27164979462794153
26.58711625 1.6416997742336779 0.7057643057746484 1.2308972634533881 -0.5236745278263818 0.6781901698492377 -0.4385454007344779 0.27111070417878075
26.59211625 1.6412561314699285 0.7053117562468314 1.230721612868868 -0.5238352423454531 0.6779687406934061 -0.4387156117009969 0.2710786556874177
26.5971175 1.6408725209326456 0.7050309401850247 1.2305347499961037 -0.5238904930511605 0.6778883125343341 -0.4386285677459434 0.27131377881911434
26.602116 1.6403208192232772 0.7046191184565619 1.230335749236429 -0.5243670097811433 0.6777621502178156 -0.43851887051730176 0.2708854130172669
26.607115 1.639767830623868 0.7040539275814578 1.2302431276208017 -0.5248492580054054 0.6775349048566407 -0.43859945233990244 0.27038903357794714
26.612116 1.6393268550319575 0.7035740222339169 1.2300687951200115 -0.5249243620401306 0.6773313062093385 -0.4388001188803599 0.27042775640842626
26.61711575 1.639158305544889 0.7033045579785325 1.2301042110516458 -0.5240960311502202 0.6776227140501778 -0.4390679465245513 0.2708692412780978
26.6221135 1.63839005260541 0.7027386422200992 1.2296121706757668 -0.5246918922511318 0.6770825414202898 -0.4393636970194801 0.2705867551288175
26.6271135 1.6377525167785383 0.7021295245504373 1.2295038559592615 -0.5250253408491181 0.6768763284714551 -0.43986057266212364 0.2696469989423558
26.63211425 1.6373217662930954 0.7019356539340394 1.229264314472936 -0.525212389936504 0.6769219521828492 -0.439304451270122 0.2700744623328964
26.637114 1.636885514383718 0.7014909476567117 1.2291020893765654 -0.5250522318294684 0.6767579687773485 -0.4396437061015315 0.27024473580915803
26.64211425 1.6366352768368642 0.7010773873849728 1.228763034225207 -0.5248046059490707 0.6765026606611491 -0.44001146667872576 0.2707659226790979
26.64711325 1.6360682456272075 0.7006276500038601 1.228466797066261 -0.5250818346243991 0.6764074195392853 -0.4399298137676249 0.27059901828732397
26.65211025 1.634963127027219 0.6997324067480637 1.2281847227663485 -0.5264862398018885 0.6759739384540441 -0.4399527862393864 0.2689108025171124
26.65710875 1.634674753423197 0.6994741307986454 1.228092667021088 -0.5268820563818063 0.6755039212120019 -0.43997690393570393 0.26927694868525387
26.66211 1.6339072244564798 0.6988803879700959 1.2276612814809966 -0.5266236314359799 0.6760994899236007 -0.4397663082371455 0.2686310195746209
26.66711175 1.6335571525631207 0.6985719252714642 1.2275799247604442 -0.5267563058178163 0.6763911043317263 -0.43894887941325467 0.26897351082201854
26.6721115 1.6327450809394313 0.6982017365570448 1.2268088773475878 -0.5274781422067001 0.6760713329985437 -0.4387131834440652 0.2687472881056006
26.677111 1.6322128148474802 0.6977460832165632 1.2265192902550919 -0.5275747873564667 0.675983105995633 -0.4386776785142807 0.2688374574489146
26.68210975 1.6316574632478467 0.6970412239012299 1.226448379385516 -0.527210440968352 0.6758857466355646 -0.43954253903947377 0.26838398760651455
26.687109 1.6311503077785126 0.6966472907004133 1.2262484316345796 -0.5272025358383271 0.6760100310452866 -0.4393379070229187 0.26842154828647696
26.6921105 1.6306068286883812 0.6962096864586186 1.2258974640016571 -0.5273869434441575 0.6761360428669007 -0.4390210946982456 0.26826021291065805
26.697109 1.6302661981960647 0.6958815753261209 1.2258380319602384 -0.527658167237888 0.6757956799887995 -0.43907659122171416 0.2684935837161638
26.70210725 1.6291449887311455 0.695239231309484 1.2251768321199261 -0.5280341166029019 0.6764854105930539 -0.43824506887288445 0.2673737469661913
26.70710475 1.6288330529842237 0.6949431621904015 1.2251995153043713 -0.5279128167431351 0.6760849936044077 -0.4385005705448074 0.2682058705046102
26.712104 1.6284223704183614 0.6943378897216004 1.224717155465316 -0.5273558094194821 0.6760344488780151 -0.43882469849469713 0.2688980442337937
26.717103 1.6275554078806007 0.6941092420458861 1.2246736335844033 -0.5280124890605246 0.6760872258078805 -0.43818976662651066 0.26851183012917257
26.7221035 1.6265726268854346 0.6936344268653414 1.2242923256418434 -0.5282671609903907 0.6770441867067254 -0.4369608353779508 0.267600829990463
26.72710175 1.625701894542234 0.6930239973807828 1.2238548294251357 -0.5286883704764302 0.6761605745924275 -0.4373995507657209 0.2682855144799301
26.73209975 1.6252750257283177 0.6929606193470612 1.223557911744527 -0.5278957603355153 0.6765955454749525 -0.437029235737443 0.269351037076129
26.73709725 1.6242508103202615 0.6922649273995013 1.2234844234402802 -0.5281798917137925 0.6766055985148812 -0.43720595223896136 0.268480579138136
26.74209825 1.6236259147471206 0.6919874161467684 1.2234533143720543 -0.5280067964442504 0.6770635412010936 -0.43656944350161003 0.2687022610355362
26.74709725 1.6227863451783644 0.6917494206138829 1.2230783710097193 -0.5281368284656109 0.6766707823111479 -0.43638941697913025 0.26972656438200493
26.75209675 1.622040711365495 0.6913675554402389 1.2228759173952326 -0.5280432795012424 0.6766512191026667 -0.4363076965620908 0.27009075619341405
26.75709475 1.6215510050348498 0.6910207370700062 1.2226149734799463 -0.5271074475802272 0.6769604927601206 -0.43631510326701073 0.27112978554288436
26.76209625 1.6204300271580017 0.6905033684332484 1.2224572026184575 -0.5284722026994908 0.6769774016626534 -0.4355535898775454 0.26965125432086084
26.7670965 1.6192545297498429 0.6899270437151039 1.2222034100540609 -0.5279621108093607 0.6773689290138244 -0.43543980654130104 0.26985091890831736
26.7720975 1.618964964120707 0.6897542291751511 1.2222134854909688 -0.5278830567514773 0.6762172016465153 -0.4359580399378086 0.27204845525320825
26.77709575 1.6176363758852883 0.6892268965124996 1.2219307084167523 -0.5279321871360898 0.6766316124745992 -0.43533228440948757 0.2719247486650399
26.78209725 1.6168054811681078 0.6889267431822026 1.221842294258825 -0.5278079344437029 0.6768037005758545 -0.4348922522457455 0.27244130406699296
26.7870965 1.6159535400620049 0.688445373736657 1.2215972129557093 -0.5272606332031272 0.6773834217058318 -0.4342759645398942 0.27304269134199727
26.792094 1.6147221245568188 0.6879638329904924 1.221459730038119 -0.5281213248685502 0.677128016873185 -0.4337062311393396 0.2729183395365447
26.7970935 1.613749987209036 0.6873810919134251 1.2213378448812886 -0.5281378591239597 0.6771237365505062 -0.433313780563885 0.27351967887754364
26.80209275 1.612819598579681 0.6871831815799836 1.2210398466443535 -0.5278606226717539 0.677486330050016 -0.4324397908037698 0.2745382723001306
26.80709075 1.6119118448026701 0.6867723324476137 1.220967504775419 -0.5275848761669275 0.6776164835356197 -0.43203287361949594 0.27538644809218477
26.812092 1.6111802808003948 0.6862820778616376 1.2209755479191327 -0.526939955439638 0.6778677526278858 -0.4320620021544488 0.27595655383190465
26.8170905 1.6099924829961585 0.6858390505756982 1.2210647355792101 -0.5273682875349324 0.6787488155958629 -0.4304862483133255 0.27543479199767834
26.8220915 1.6089626013996172 0.6855018016838141 1.2206954910657577 -0.5266289060785962 0.6786146246952496 -0.4303935473934725 0.27731855472407424
26.82708825 1.6084253427187374 0.6850421467028562 1.2203226114479762 -0.5262050385800381 0.67804544376969 -0.43065148506517265 0.2791091757132074
26.8320885 1.6069726867110494 0.6843821128442527 1.2202910151152155 -0.5269781599588315 0.6779993733375449 -0.4298862191019376 0.2789421217861177
26.8370875 1.6055595121254482 0.6838899853050863 1.2201658622305371 -0.5271191606524981 0.6787614936529032 -0.4286481953209913 0.2787273755036327
26.842086 1.6046534574696636 0.6834774430718734 1.2199547344937607 -0.5261712157387243 0.6793271495544229 -0.42843741663728885 0.2794635139539003
26.84708475 1.6035001713962658 0.6828823657911249 1.219805067059497 -0.5262716449869016 0.6796358087016734 -0.4280346225413976 0.27914097714066666
26.8520835 1.6026790070302257 0.6825884604723863 1.2197534753958172 -0.5262083462372865 0.6803665311684706 -0.4264283428775157 0.27993754304619145
26.85708175 1.6014375268055432 0.6818059941803668 1.2193264032689801 -0.526307456565127 0.6798400274992967 -0.42645903068609936 0.28098166011320913
26.86208025 1.6000725917411027 0.680906030094755 1.2190250620504843 -0.5264609769783342 0.6793581263466812 -0.42708344632105455 0.2809112061920555
26.86707875 1.5991869988165992 0.6805952112643461 1.2189015728230737 -0.5254398928517302 0.6803961708309388 -0.42576392295832904 0.28231020460779016
26.87208 1.5987209530627413 0.680106681623083 1.2184600144855204 -0.5244816433190098 0.6797551259146134 -0.42676545643554814 0.28411832008435733
26.87707875 1.5970654781915214 0.6795421750468824 1.2184324105900102 -0.5256185499815137 0.6810344855414483 -0.4240238322792337 0.2830564591700002
26.88207975 1.5958193873239008 0.6787255899102885 1.2179946455628687 -0.5265218690728733 0.6796646463509339 -0.4247179375886779 0.28362891844642346
26.887078 1.5945489396677304 0.6779496462834862 1.2176685370725258 -0.5246813533513035 0.680534458004169 -0.4245788231839165 0.28515811722301904
26.892079 1.5940346525117988 0.6776861801306672 1.2174355343502847 -0.5253493638675102 0.6798425466297411 -0.4236210334488931 0.28699717367194133
26.89708075 1.5920626744435238 0.676462891717883 1.2172028394521208 -0.5259267270907072 0.6804017565736967 -0.4230040864238344 0.28552070021597686
26.90208 1.5909490088359224 0.6761579506808663 1.21665731238948 -0.525974436389077 0.6804990788994089 -0.4216873721885883 0.28714396392564456
26.907079 1.5895353606075526 0.6748428435732138 1.2164148567624615 -0.5253196748530189 0.6803470603566527 -0.42280456965904994 0.28705994592036926
26.91208025 1.588729977084282 0.6745216617447723 1.2158918392674418 -0.5243994648821734 0.6810417034746161 -0.42126783694977293 0.28934548365464896
26.91707975 1.5871070958593745 0.6734515883162957 1.2158485476797563 -0.5252684160123834 0.6805493161720024 -0.42160653188580094 0.28843309738809275
26.92207875 1.5857213152485417 0.6728254288350866 1.2154059279668947 -0.5245420867984165 0.6810092311365413 -0.42125216363923357 0.2891861699895823
26.927079 1.5850778056404724 0.672516065587933 1.2150479390023985 -0.5228516618927226 0.6812249287778768 -0.4208147905799952 0.29235876606783956
26.93207825 1.5836829201696254 0.6714099338155008 1.2147774555997326 -0.5234028972938907 0.6807428806748741 -0.4206181928675711 0.2927778566484389
26.937078 1.582351786219262 0.6706795335868945 1.2143770704824164 -0.5231412835411938 0.6810082431656985 -0.4200499197074855 0.2934434104712115
26.9420785 1.581042821810619 0.6701666593035933 1.2139401041429139 -0.5228227588293838 0.6814067730855408 -0.419126904562114 0.2944041615116251
26.947077 1.5798127067489436 0.6687157692934881 1.2136265757943565 -0.5212816049616134 0.6816953121279998 -0.42006584396425206 0.2951299315317815
26.952077 1.578861884658465 0.6688497429273622 1.212952138387205 -0.5222802274981005 0.6815459259168493 -0.41735302952751463 0.29754825419565567
26.957078 1.5765279215212176 0.6671052233027074 1.212466475175444 -0.5231291878140901 0.6817412576605921 -0.4178628821324106 0.2948818783789869
26.9620785 1.575560590309764 0.6663953235882727 1.2124339015485412 -0.5204376823386289 0.683360893018256 -0.41765206499518254 0.2961912579745526
26.9670775 1.5740131408473081 0.6651785387547586 1.2121062448955078 -0.5224242535375215 0.6817594160794743 -0.41759628271261134 0.29646305430415226
26.97207925 1.5731013528063535 0.6652456755422469 1.2117279699122332 -0.5219822231363976 0.682836154279733 -0.41521757322725644 0.29810017111923387
26.97707725 1.5720706322273534 0.6644182241961207 1.211041655789493 -0.5206354156929464 0.6821344866081497 -0.41584558902055163 0.30117063634793406
26.982077 1.570121137827124 0.6631864172581088 1.2107479232934655 -0.5211175233236418 0.6822140779749238 -0.4156717237583675 0.3003955671537206
26.9870755 1.5687932657605819 0.6630439408277415 1.2101910302651318 -0.5209944421316844 0.6833527315196221 -0.41356941455738233 0.30092220744775644
26.99207475 1.5669203676926635 0.6610981148868612 1.209794814650833 -0.5204466170184172 0.6825390618798797 -0.41567783852196405 0.30081170589577605
26.9970775 1.566390630080197 0.6612368013428171 1.2094781124536385 -0.519254014518137 0.6831122937942362 -0.4140918698778183 0.3037446061662123
27.00207825 1.5647276330654756 0.6593900088914084 1.2092946420030752 -0.5199090901373907 0.6824061438386919 -0.41517166116166143 0.3027356678886445
27.00707875 1.5634508643429812 0.6591488016635515 1.2085565031253813 -0.5192179628145603 0.6823979641371494 -0.4138231786256069 0.3057713238097562
27.01208025 1.5618139591104134 0.657351118625412 1.2084938167269526 -0.5187019168576747 0.6821193461820826 -0.4156389292203473 0.3048045267525815
27.01708125 1.5598822582217056 0.6563323654949635 1.208112317152597 -0.518876571918091 0.6827137630121481 -0.4148917885789676 0.3041937288605206
27.022079 1.5582777040373244 0.656606228203493 1.2071868505624266 -0.51973958708829 0.6831515471963063 -0.4115132639331474 0.3063193738301163
27.0270825 1.5568921097467312 0.6555531214662734 1.2068610945996219 -0.5185683644705517 0.6835666055224304 -0.4116419467235921 0.3072042559641556
27.03208325 1.5554143816457469 0.6542786515258445 1.2062933954454897 -0.5179809419297097 0.6832237355036018 -0.4132309898589815 0.3068244124288053
27.0370855 1.5540981364823312 0.6532191185440263 1.2063232163640527 -0.5182562173779471 0.6834822006925096 -0.4119680484262343 0.3074815467007828
27.042087 1.552478972673976 0.652190417937886 1.2057997400339773 -0.51757676065119 0.6830370897302586 -0.4128625427627539 0.30841392911169335
27.0470875 1.551422309890649 0.6515556791833351 1.20535168130846 -0.5167017953326996 0.6827817523813277 -0.4128843078140074 0.31041082725316854
27.0520885 1.54913721124582 0.6506863041165312 1.2047693789335128 -0.5178411783981425 0.683308001917449 -0.4114787157342643 0.30921829662632694
27.05709025 1.548272139715673 0.6501195770778321 1.204348982624646 -0.5172918811514787 0.6827792125182884 -0.41126503448889523 0.3115810136297109
27.06209375 1.5468137120028742 0.6489633765944756 1.2039780140414373 -0.5165642304125653 0.6829629403994865 -0.4113600255671558 0.31225942301962745
27.0670935 1.5457590614959307 0.6481128455754261 1.2039383151051963 -0.5146501533937923 0.6831822038363042 -0.41249043315834094 0.31344686714969844
27.07209275 1.5439300880052897 0.6464461232608587 1.203421406508151 -0.5151773914339691 0.683012779553408 -0.4126968839714842 0.31267727816751556
27.0770925 1.5423313327771666 0.6455573075050133 1.2029732278251433 -0.5149645664644231 0.6831928398456519 -0.41210688397848194 0.31341179787507717
27.082094 1.5404716376807315 0.6440329282306 1.2025668684494635 -0.5157482039736949 0.6831173233581503 -0.4125221585369178 0.3117370387713758
27.0870945 1.5391339921075695 0.6435518676366349 1.2021029291221734 -0.5148299562597636 0.6837903694532769 -0.41151618568775994 0.31310585382186323
27.0920955 1.537595032782057 0.6424362909446251 1.2015863903004438 -0.5130623824990218 0.6843466519789351 -0.41190994001375625 0.31427194101210093
27.09709475 1.5360901432345757 0.6411468428218271 1.2012960957480134 -0.5137149288056484 0.6838788370322464 -0.41184123107379134 0.3143143467442327
27.10209375 1.5337994524913532 0.640300117977294 1.2012438929064548 -0.514399206098549 0.6856295857309299 -0.4097343114000161 0.3121270926997058
27.107094 1.5328591482605682 0.638792336139681 1.200404475723426 -0.5132262472899047 0.6837830043158535 -0.41221893673196797 0.3148256188766615
27.11209175 1.5312017901529353 0.6374056402123658 1.200495943834908 -0.5139968898293723 0.6838664270011537 -0.41179896356834583 0.31393553617015696
27.11709125 1.5293902583833785 0.6371123317202442 1.1995780713710114 -0.512535887824022 0.6854793433518027 -0.4099142791157407 0.31527022902178004
27.12208975 1.527496481067513 0.6352111917285936 1.1998644955788935 -0.5131310591636691 0.684972785394724 -0.4112075043873725 0.3137151378650284
27.12708825 1.527035241974696 0.6349947158359229 1.199348519621962 -0.5121529136584176 0.6849656535441215 -0.4103405800018824 0.3164522948246489
27.1320885 1.5251851638183862 0.633199271272582 1.1992737945195475 -0.5117972271785856 0.6855211700575492 -0.41046319890315985 0.3156648317463083
27.13708675 1.5233235310698108 0.6310935239795707 1.199014949705173 -0.5115842156443886 0.6850117766232049 -0.41250125178327435 0.3144569501032977
27.1420865 1.5222576810730475 0.6298134743145025 1.1988645680065544 -0.5108610622408862 0.6854028909775097 -0.4133290798502644 0.31369240328053727
27.147086 1.519331324755944 0.6295148853448316 1.1983227566375478 -0.5116123052438083 0.6874117036474467 -0.4087857363183019 0.31402582790964007
27.15208575 1.5178909241632097 0.6281284124335845 1.1981057591618018 -0.5120437154650259 0.6869406505029249 -0.4086751951599606 0.31449699680657983
27.157084 1.5174853751874133 0.6273689437202674 1.1978333763321076 -0.5106540508103006 0.6867177627910996 -0.40914871600912334 0.31662040813299414
27.162084 1.5156144400649079 0.6255146286860092 1.1974113451931647 -0.5107428538339773 0.6863876235787527 -0.4096979627060928 0.31648277490238536
27.1670825 1.5141185991866821 0.6241772262974913 1.1972422841120323 -0.5102862030817534 0.6869460345143457 -0.40967265087331406 0.31604027549642266
27.17208225 1.512551685458941 0.6229782182182773 1.197000961619461 -0.5091886638426296 0.6878512567184939 -0.40964324507503097 0.31587966855963384
27.17708075 1.5111661568495096 0.6212767823557782 1.1969058792564378 -0.5095990452540287 0.6877507067519231 -0.40972155557614975 0.31533478294452827
27.18208325 1.5091667519120275 0.6190453498242171 1.1967720947432292 -0.5095525140841157 0.6875877293394161 -0.4111555904423025 0.31389557228553633
27.18708275 1.5077429134218074 0.6184347220571009 1.1961358646220162 -0.5078703245005427 0.6895333226553936 -0.40913692996891243 0.3149896870933072
27.1920825 1.505681723086063 0.6171609469267753 1.196166450959994 -0.5088632100090278 0.6898929631322362 -0.40854549226913833 0.31336322960184454
27.1970815 1.5045345962166226 0.6146449745413226 1.1959545982931095 -0.5081475926748327 0.6892676987200256 -0.41137869090921525 0.31219166584935076
27.202082 1.5027635748196775 0.6131803561478035 1.1955946313101353 -0.5073991914607427 0.6902252507264742 -0.4108187954088465 0.3120305771929803
27.20708225 1.5017530361886593 0.611403359015612 1.1956334491439078 -0.5078341000043545 0.6892402684596406 -0.4121867665352678 0.3116960838696094
27.212083 1.5000144953893608 0.609796670262383 1.1952080665870746 -0.5066199598439964 0.6901302850468923 -0.4124702807923209 0.3113272770122572
27.2170835 1.4983789613034952 0.6088900701410852 1.1952477461009083 -0.506326815116458 0.691536222072054 -0.4105406998907217 0.3112348688524007
27.22208375 1.4971152950165045 0.6070192463229576 1.1950582037804882 -0.5055687047467867 0.691588397181977 -0.4117997249013986 0.31068756047684465
27.22708525 1.495689703935086 0.6053440720713799 1.194798684634252 -0.5050518455700135 0.6909017959480208 -0.4132918835940719 0.3110742043265351
27.23208725 1.4941073533448508 0.6037510204839899 1.1944809653869939 -0.5044876368910911 0.6914726176687218 -0.4133169796947837 0.31068781362388503
27.23708925 1.4924831275098371 0.6030204896853032 1.1945397479860884 -0.504739000291406 0.6925054437943432 -0.41171762647856747 0.31010215727544793
27.242089 1.4909927967876626 0.6013950690479518 1.1944047788856844 -0.5044713251315622 0.6927236105284953 -0.4120519547039631 0.309605988574211
27.2470895 1.4901531463953541 0.5998317002859821 1.19422309685151 -0.503247000303144 0.6930843487637895 -0.41215776979045365 0.310648539326874
27.25209075 1.4882976632421465 0.597257244653295 1.1943407513333153 -0.5031052084094146 0.6931667825014128 -0.41375912306648105 0.30855850172571014
27.25709275 1.4861088522394408 0.5955941268933125 1.1942631523434784 -0.5043202544553514 0.6932559390321649 -0.41358169189239075 0.30660637317927436
27.262091 1.486170492577923 0.5946424758101828 1.1944032218695073 -0.501262097856203 0.6930662388003925 -0.41444134727532467 0.3108598841222352
27.26709025 1.4843710715311034 0.5930801804390489 1.1939485156944045 -0.5023565008226689 0.6931056015360975 -0.4145180177028441 0.3088970446608273
27.2720905 1.4820073047616276 0.5907318972672535 1.1941978579820514 -0.5016578173662223 0.6946499470990615 -0.4148916221502258 0.3060487332765543
27.2770915 1.4811606693959893 0.5889974972313287 1.1942366491102203 -0.5010745110255242 0.6947012702922206 -0.41482053290965776 0.3069827437030532
27.2820895 1.479964059637347 0.5875027806060146 1.1943364528596097 -0.5000001453427494 0.6950425659849354 -0.4151991264813057 0.3074497869497832
27.28709 1.4783413309316455 0.5853405408954253 1.1943032090325547 -0.49954852627965124 0.6950875738922988 -0.41643161524736 0.3064135185249199
27.29209 1.4762958405802533 0.5835181390008307 1.194543967988362 -0.5002509060208696 0.6958019647353824 -0.4158027963553413 0.30449415665782387
27.29709075 1.4758183114619503 0.5821738038564132 1.1946788263123576 -0.4991154412983259 0.6961739611914296 -0.4159262834329523 0.305337385143488
27.30209 1.4739301331392676 0.5803161502721209 1.194923472296346 -0.4990862282418457 0.6970492538392105 -0.41575831358052784 0.30361208669979484
27.307091 1.472510654208493 0.5784546495823297 1.1948339988016938 -0.4981023733303224 0.6974307332020959 -0.4168269382628628 0.3028856246280015
27.3120905 1.4714303520009555 0.5766065052923368 1.1953728448406633 -0.49958895429633743 0.6963304651082223 -0.4176756329478139 0.30179765696390326
27.31708925 1.4699572053762728 0.5745984129093373 1.1955511672587487 -0.49845046581952623 0.697494828719056 -0.41756799788769006 0.3011396091093596
27.32208925 1.4695919137406035 0.5732020096829202 1.1955529001047396 -0.49531293788538444 0.6979183775544322 -0.4186860484336061 0.30377133617606217
27.3270895 1.4682693059303171 0.5712784619342685 1.1957518661477773 -0.494490897295416 0.6984903252540217 -0.4197337072407325 0.3023468753343687
27.33209175 1.466423077499152 0.5697895531324103 1.1966052367582727 -0.49705322736570173 0.6986184026867658 -0.4186797218603703 0.29929535094226717
27.337092 1.466106975570669 0.5678951551170441 1.1968784318844912 -0.4936032852856865 0.6990907491736483 -0.42028464769385215 0.30164339224962144
27.3420925 1.464711900844188 0.5662604076558261 1.1973022296006774 -0.49563174793177983 0.6990520039847122 -0.41990321414403364 0.29892600575820816
27.3470935 1.4628206139918691 0.5647021415027056 1.1974010161320208 -0.49379560343515 0.7012358230406909 -0.4191398769464001 0.2979194288157749
27.3520935 1.4623667750819662 0.5626672404711909 1.197628937691509 -0.49266710811004044 0.7010382131037098 -0.42025739602763706 0.298677527509046
27.35709425 1.4613004436229853 0.5608636278870645 1.1984786814901212 -0.4935028726237153 0.7002770701873643 -0.4215166509988879 0.2973056551978517
27.362094 1.4598886103917532 0.5591056941690449 1.1989488432831008 -0.49326959222584943 0.7003226473249666 -0.4225064530860329 0.296178318129053
27.367095 1.4586649205274358 0.5573974900607437 1.1997014233647594 -0.49228074074935596 0.7017325932980698 -0.42219115644686095 0.2949333267172317
27.37209375 1.4580789157476683 0.5558667573224056 1.200049572888244 -0.49227099354767834 0.7017821176558181 -0.42221074558624977 0.29480368817502955
27.37709225 1.456308923492236 0.5537306595384838 1.2002350389919016 -0.49260959522905506 0.7018122951171036 -0.4226466287350644 0.293538951980167
27.38209225 1.4556568224261996 0.5524929624838341 1.2011000631563802 -0.48894624669234 0.7037184214021057 -0.42299780183700003 0.29459261848503254
27.38709275 1.4551979306314213 0.5507500839227132 1.201739190773685 -0.4885434319514295 0.7033428369486692 -0.42403060397280035 0.294673065794244
27.3920915 1.4538674282259267 0.5489557078422359 1.202203535763387 -0.4903750206314583 0.7031520642573496 -0.4239153162092196 0.2922418832997119
27.397091 1.4524550989302647 0.5468206698318374 1.2027415239377608 -0.4889653522997098 0.7034161788600962 -0.4250538973915852 0.29231446744987793
27.40209225 1.451210140805086 0.5453522173126706 1.2032637926827645 -0.4884986580961439 0.7044304473120396 -0.4244531983737559 0.2915240784709139
27.40709225 1.451097758505203 0.5437709989718705 1.2040581651142674 -0.4882511003831435 0.7031218207014458 -0.42690260057161733 0.2915214192016148
27.41209275 1.4496557654195152 0.5423327152979204 1.2048333665312398 -0.48733059938651596 0.7054019744306709 -0.42462650172018895 0.29087673576235823
27.41709425 1.4491072591643028 0.540828711602982 1.2054930494328078 -0.4867484579789467 0.705703817765171 -0.4250042083754315 0.2905675190208855
27.42209475 1.4492047115251618 0.538469102377368 1.2066160090410345 -0.48521049169767366 0.7028142922681903 -0.4301456330000412 0.292570647435894
27.427094 1.4466235534980814 0.5370184985091669 1.2069367920287337 -0.48604403885981484 0.7063017929173032 -0.4264106882224638 0.288223688444039
27.43209325 1.445872266109904 0.5354299946731588 1.2078505614110595 -0.48642756402896903 0.706084533371155 -0.4268374730173035 0.28747630913709116
27.437098 1.4458609860696663 0.5342564900775653 1.2092297019975178 -0.48432198394129494 0.7064053700827345 -0.4273603343094133 0.2894595198786691
27.44209825 1.444715315698795 0.5325806299678492 1.2098479244205158 -0.4839673709174424 0.7066088276310053 -0.42783448089007997 0.28885499054492864
27.447099 1.4438358775203999 0.5306026382591309 1.2109414192752543 -0.4833327936682886 0.7065506548507752 -0.42937140812493885 0.2877773037950623
27.4521 1.442909427341082 0.5295754956274668 1.2117615930492114 -0.4834391292603042 0.7079765129412824 -0.42814655400404444 0.2859132625780111
27.45710025 1.4426796374058235 0.5284622636504805 1.2125926115795123 -0.4828721409167776 0.7081768641221013 -0.42778737330062205 0.28691111496975663
27.46210175 1.4413943693368219 0.5269196866761323 1.2136079637653123 -0.48255396596644934 0.7088862856701474 -0.42775478628403396 0.2857406984136725
27.4671015 1.4412061407768852 0.5253156639633932 1.2145999803284535 -0.48168032602426786 0.708920954434571 -0.4285174015645255 0.2859859794485023
27.472104 1.4414229228661113 0.5238762132281616 1.2162231528529752 -0.47974473742268053 0.7078682282053641 -0.4310187398564232 0.2880805517649929
27.4771075 1.4399547571656997 0.5221664207898772 1.216801758947315 -0.4796157750963541 0.7088296969667923 -0.4306970274705782 0.28640747110488723
27.482109 1.4395886170777827 0.5209747425372645 1.2179387715083623 -0.479214164543527 0.709000896015081 -0.4311373694758699 0.2859931513027698
27.4871065 1.4389128900902255 0.5193352626171067 1.2192226803001551 -0.47980405428298245 0.7088076308042852 -0.43171712138851975 0.2846052338015568
27.49210875 1.438297780426829 0.5180107549631009 1.220710438744085 -0.47996252202335704 0.7084824790272596 -0.4320619890916476 0.2846242996417139
27.49710825 1.4376915250013353 0.5168312062548834 1.2215207416255653 -0.4779755365231022 0.7093574325814506 -0.4326564698247771 0.28488558834322797
27.5021075 1.436926334074497 0.5155194426906468 1.2226597819239458 -0.4777384120126795 0.7096384898768282 -0.43225326234618183 0.2851952674292142
27.50710725 1.436578938684818 0.5140587716295882 1.2237190398657976 -0.4770324230619002 0.7091441732509051 -0.4340970969331496 0.2848057571858305
27.51210875 1.4363236644962156 0.5125786050902285 1.225211813884643 -0.47796174137426906 0.7081215534887235 -0.435298338169434 0.28395738422186184
27.517109 1.4356747781239612 0.5116478321637856 1.2261818238871984 -0.476440652487902 0.7095448509356552 -0.43440232128393075 0.284332608806541
27.52210925 1.436066743846337 0.5103001197458459 1.2275833204376312 -0.4746877557198791 0.7090572436118863 -0.4360827890951181 0.28590411138380134
27.52710825 1.4350277593779954 0.5087382921486768 1.228396366776601 -0.4743598726548451 0.7096381475618437 -0.436375646653208 0.2845570342617952
27.53210975 1.4345667934313924 0.5078273942240035 1.2295729069459427 -0.47476284042494044 0.7096016808375184 -0.4361543984048728 0.28431503768934735
27.537111 1.4338929789279586 0.5065486909400561 1.2305997498037395 -0.4750752780063117 0.7101025537532568 -0.4358834990779063 0.28295479959161224
27.54211075 1.4333349284413754 0.5052483922333944 1.2322146327028003 -0.4758778945754321 0.7090912436350134 -0.43730042948326503 0.281954202005141
27.5471125 1.432774049160624 0.5042252450003339 1.2331833522110032 -0.4743742568767455 0.7102173052378143 -0.4373779751633567 0.2815332140181236
27.55211375 1.4326667025458173 0.5031863766441195 1.2346644663265236 -0.4732712487381051 0.7107242405346545 -0.43732885484193723 0.28218584613150416
27.55711775 1.4322985459380813 0.5021304287821711 1.235528359323863 -0.4735215490888369 0.7105870864430573 -0.43801445536018807 0.28104567604642666
27.5621175 1.4322134418319958 0.5008257600478747 1.2367484393164108 -0.47328133731698346 0.7098112855390902 -0.43886626579190907 0.2820799805350558
27.567118 1.4319553167569374 0.5001043892620723 1.2381371909097723 -0.47248693419891946 0.7103818723743777 -0.43897312449518056 0.2818089572460713
27.57212 1.4321246214230248 0.4989320154823672 1.2391736223162988 -0.4722081121079936 0.710137637704248 -0.4399887520331228 0.28130754070868763
27.57712325 1.4319310572861195 0.49797902923602827 1.2405142455183902 -0.4716546071822023 0.7105429538312577 -0.43988660406368274 0.2813723828840959
27.58212325 1.43193637890578 0.4969004500036617 1.2419500678193134 -0.4734615408709281 0.7088635350425014 -0.4412899384666216 0.2803744785305893
27.58712375 1.4317153615666545 0.4959347461628292 1.2431852247792428 -0.4710216551948104 0.7095774475750416 -0.44215416297585936 0.28131502340534054
27.59212425 1.4319263234343989 0.49510289168387694 1.2447760890082225 -0.4718192814723369 0.7083837672757018 -0.4436513374493995 0.2806287488312114
27.59712375 1.4314307222975367 0.49451027390782726 1.2452482632653894 -0.47136085594238497 0.7096951725776157 -0.4423272820021044 0.2801754470004849
27.60212225 1.4316417723156416 0.493542403583222 1.2464693870094188 -0.470405638746038 0.7094782381565162 -0.44321974883938015 0.2809188830552596
27.6071205 1.4315677908305153 0.4927488217705259 1.2476325994591027 -0.4703768176567146 0.7093783125928889 -0.4437401300962757 0.28039749637995653
27.61211975 1.4310292729168879 0.49193507290569566 1.248804891735627 -0.4696087646581326 0.7099167126571183 -0.4441804545154173 0.2796240209153184
27.61711975 1.430970845127649 0.4911756804595263 1.2497636460430714 -0.4698487216009177 0.7098403643071579 -0.4447294741770513 0.2785399985791417
27.622123 1.4316182807172344 0.4904207101106599 1.2510821718011127 -0.4688649346957315 0.7091636669809757 -0.4460151880821993 0.27986249917926453
27.62712225 1.4316464786195857 0.48971201676165216 1.2523426168110956 -0.46850519644607663 0.7096706789485264 -0.4458321271006552 0.27947114840116477
27.63212275 1.4316802544643257 0.48902232116315775 1.2534362534036694 -0.46827467750228857 0.7095861569572923 -0.44638057324781866 0.2791965187670811
27.637123 1.4316769366173465 0.4885434836271441 1.2546149507535078 -0.46828501108497755 0.7099585489028829 -0.4458841482785005 0.2790256861774764
27.6421245 1.4314260902769025 0.48755382140674913 1.255564678913605 -0.46840427757724323 0.7095719510293129 -0.446653899900829 0.27857740892465677
27.64712325 1.431981689132804 0.4874306178569456 1.2567528810157134 -0.4679507494078892 0.7093469306677671 -0.4471977165269212 0.27903983660746445
27.65212175 1.4320050785049119 0.4865345482572996 1.257743544526128 -0.46781592475064115 0.7092154436469288 -0.4480815293920834 0.27818098076619835
27.657121 1.4322409117331956 0.485943797165796 1.258819825376653 -0.467371199395664 0.7089611231153398 -0.44884632966506416 0.2783437806610651
27.66212075 1.4326502847351092 0.48518840593968016 1.259701798718933 -0.46679521922534095 0.7076454300637507 -0.4513578172175504 0.2785970018770187
27.66712175 1.4329963708734008 0.4849354585195288 1.2607721589612715 -0.4668032532663831 0.7071504099675063 -0.45160671419892817 0.27943585330654386
27.6721215 1.432531540032212 0.4840765266350969 1.2616823389014862 -0.46718848305652666 0.708263362486828 -0.45014905872663724 0.2783231136390152
27.67712125 1.433284949582986 0.4835886201566865 1.2626600808411537 -0.46620833477272317 0.7069690718880267 -0.45289566412984245 0.27880107136561677
27.6821195 1.4338778413038822 0.48294795931322987 1.2640673704114478 -0.46693264082491476 0.7054085154886517 -0.4544610159619558 0.2789944805532803
27.687122 1.434725534037122 0.4830024696045956 1.2650998614703133 -0.46471248330027093 0.7055880359255774 -0.4550739307270019 0.2812393091234886
27.69211925 1.4341525905770018 0.4824069639800048 1.265479701242227 -0.465345929552298 0.7063662453017208 -0.45414446343428233 0.2797368400469352
27.69712125 1.4342247932689423 0.48134911463635505 1.2667389245090621 -0.46681398293276044 0.7046337982759291 -0.45567053638538 0.27917786075537915
27.70212 1.4339651103786903 0.48125985709520974 1.26737148516914 -0.4665725373131492 0.7064485334732761 -0.45367079372430946 0.2782505128480138
27.70711675 1.4344845627308447 0.4811340261204479 1.268471114608518 -0.4678313444974165 0.7050063852041373 -0.45412008942292914 0.27906052087252736
27.712119 1.4347698249978875 0.4807859716140394 1.2691172208113128 -0.4657719692598565 0.7052974709641814 -0.4548555201993719 0.2805680057445675
27.7171195 1.4363979491625105 0.4809941692384592 1.2705405403809829 -0.46384398593570264 0.7043286312585834 -0.45668917515015645 0.2832047549059866
27.72212025 1.4367283840058487 0.48072626175941996 1.2713442783228819 -0.46382078465753235 0.7039590392864379 -0.4570471382788705 0.28358396308268474
27.72712175 1.4361806709701512 0.48030848791179 1.271877929771259 -0.46691044218492916 0.7037230620686488 -0.4558706776221732 0.2809811669413083
27.7321225 1.4361177344905292 0.4799625071163411 1.2725005640033213 -0.46680955606625246 0.7033950104243406 -0.456801593599035 0.2804578431079294
27.737124 1.4366556615325419 0.4791527667610846 1.2732507514551468 -0.466269122271982 0.7025875524383214 -0.45805048631098 0.2813424759340817
27.74212175 1.4372780447700408 0.4792168244562305 1.2741474422111012 -0.46635534965223213 0.7021160557545766 -0.45796882110965226 0.28250715211090804
27.747121 1.4372348640969401 0.4794070417009889 1.2745136796319532 -0.46443103016937676 0.7034265695157762 -0.4575351637104906 0.2831191506830522
27.7521215 1.437991397812889 0.47941197327964535 1.2754005230935161 -0.4645366781427285 0.7026074903563068 -0.4580120981483144 0.28420645155434143
27.7571235 1.4391958080235772 0.47929164805653307 1.2763113796637722 -0.46328140075883795 0.7015414558766494 -0.4594795289174184 0.2865108931667826
27.76212425 1.4388298731945943 0.4789932609395294 1.276532632338192 -0.46390652227808465 0.7022339883288288 -0.4586196942908445 0.2851773838021025
27.767123 1.4389789993126971 0.4789571323605227 1.2768370768135417 -0.46464346690839864 0.7023139549429287 -0.4579952942691743 0.28478389662875625
27.7721245 1.4390519863664262 0.47865081669218246 1.2774847319581333 -0.4666629846872227 0.7001368123893562 -0.4597468569604022 0.28401924261415085
27.77712575 1.4400299394811276 0.478567580407517 1.2781429693540776 -0.4662309502371617 0.6991684564163655 -0.46075318639381724 0.28547972225931306
27.7821275 1.4399429044419292 0.4786044947696872 1.2786595098672455 -0.46603015120063646 0.6999948425883823 -0.45992777283227165 0.2851132446925682
27.78712925 1.44033260835517 0.47855820061779303 1.2791341847176334 -0.46629955122305244 0.6995477106098948 -0.46015952786720327 0.2853961072311032
27.792131 1.440759779112227 0.47851929459586284 1.2795439021473525 -0.4663105175641298 0.6992042274689515 -0.4604030481708854 0.2858268404709001
27.79712975 1.4410425556827495 0.47848670532166737 1.2798444905542878 -0.46476907114315497 0.6997253446465056 -0.4607505862574415 0.28650139586305995
27.80213075 1.4416148770473318 0.4786214570331177 1.2804214975105321 -0.4662246658888939 0.6986280024114132 -0.46056493329983905 0.2871122034639813
27.80713275 1.4426594205359724 0.47848670033012564 1.2808244745388668 -0.4657932923452203 0.6975761747664174 -0.4618395255404988 0.28831986031659346
27.8121355 1.4429676290975586 0.4785680625308789 1.2811711612732866 -0.4661143523823409 0.6973895813082597 -0.46151641964528634 0.28876941802011674
27.817135 1.4430831498868184 0.47857305533210026 1.2814020110706856 -0.4658028671369463 0.6973136192549473 -0.46199359388139166 0.28869243942494
27.82213325 1.4436986742078322 0.4784128279746179 1.281811102807387 -0.464795653598351 0.6969706807711729 -0.4630009765113878 0.28952886952936313
27.82713325 1.4441711550969618 0.4785446153570688 1.282060531015627 -0.46462617542294554 0.6966844590262526 -0.4631983155655584 0.29017340009100284
27.83213425 1.4442423240849005 0.47913143108004475 1.2818334308619708 -0.464614540922296 0.6975805259088113 -0.4612351833198333 0.29116463367701434
27.83713225 1.4453851095020007 0.47898091560830275 1.2823290289011107 -0.46299633930589945 0.696907078420622 -0.4626254035973261 0.29314271231429356
27.8421325 1.4458939922658856 0.478863586914714 1.2827302087884334 -0.4650017337717284 0.695516360637589 -0.463058157949984 0.29258763136998384
27.8471315 1.4458174996435849 0.479020050928078 1.2825601958322423 -0.46375416291656263 0.6962545438671578 -0.4628968921062671 0.2930668077422847
27.85213275 1.446365546495396 0.4790054516582841 1.282841406306404 -0.46528664917358825 0.6950104235009056 -0.4631799298767096 0.29314364718566305
27.857131 1.4468777109683313 0.47940476614598465 1.2827314071095743 -0.46349457831609553 0.6960117961710568 -0.462538765179334 0.2946154207924306
27.86213125 1.44772342789624 0.4797077460283216 1.2826568316987084 -0.4639909982920607 0.6954684005147637 -0.46218596223131697 0.29566906112355584
27.86713075 1.4477978639860674 0.4796120159576879 1.2825842638127658 -0.46401228864314825 0.6951648106627558 -0.4628525755544227 0.29530657850274883
27.87213 1.4482737495325044 0.4797507655483885 1.2824888294762733 -0.46427777391273 0.6949769384469292 -0.46268510880010805 0.2955937986024156
27.8771285 1.4488184494679344 0.4797516727493894 1.282302815141122 -0.4640184350431758 0.6949679949939425 -0.46258665897338114 0.2961755574216521
27.8821285 1.4492439527013143 0.47942089632670465 1.282284193403082 -0.46601496573539003 0.6935094663907587 -0.4628207429946609 0.29609395736981625
27.88712825 1.4497333203293086 0.47960331621099817 1.2822398577248955 -0.4664042313015586 0.6932796499428219 -0.46244601279511516 0.2966042906787774
27.89212875 1.4502967420098272 0.4798301992750326 1.2818910145325504 -0.4650221648904824 0.6930848931883308 -0.46273680432497477 0.29876808216039213
27.897128 1.450884566745038 0.47971882074159655 1.2817338408729715 -0.4645498666620494 0.6935244518719186 -0.4622183078788326 0.2992849677174843
27.90212675 1.451347269261511 0.47984484396637195 1.2815774966103914 -0.4646994364251049 0.6934866943788495 -0.4618583790948063 0.29969563921686343
27.907125 1.4520816653765056 0.4796931177350206 1.2815712770687533 -0.4639399679286265 0.6928058362622462 -0.46279850958493796 0.30099388519588666
27.91212375 1.4539239138131381 0.4802535913241731 1.2821365802092615 -0.4643410559780573 0.6907889437963902 -0.464059141403609 0.3030629177936412
27.91712325 1.4544392016885843 0.48034775458708256 1.281837810399501 -0.46413715185579024 0.6907633512206148 -0.4638163250776071 0.3038044000161355
27.9221215 1.454951328815947 0.480313951570206 1.2815170593187768 -0.46450636087454916 0.6904987457790589 -0.46348127439610215 0.3043524783352268
27.92712 1.4546325110517062 0.4800212271615758 1.2807359523329775 -0.4650722828198407 0.6914247210601064 -0.4622922640010339 0.30319216596820964
27.9321205 1.4551539944791798 0.48003020994117973 1.2803716525470148 -0.46508471093911113 0.6913384094150656 -0.46197202811337845 0.3038573029547626
27.93712125 1.4557441017081791 0.48018722059236996 1.279705012325361 -0.4639854582589213 0.69131412653635 -0.46192560225878654 0.305658323873896
27.94212025 1.456280823183977 0.4799179294062459 1.2794828218448568 -0.4654547715725392 0.690288050061716 -0.4620429045025155 0.3055660615337191
27.947122 1.4565316564216455 0.47994345946136885 1.2788533857293984 -0.46614623485358614 0.6913285411376867 -0.46016427621288786 0.3049940570531369
27.95212225 1.4570415190457853 0.4798119636125844 1.2783422770071973 -0.46625289879915094 0.6912426715937949 -0.45989911356777685 0.3054252914688543
27.9571205 1.4576839705562803 0.47988140069750146 1.2779578390145994 -0.46620052721149224 0.6909218306191911 -0.4597517299011513 0.30645136523509114
27.96211875 1.45772551046467 0.47975361090850877 1.2773796629325265 -0.46602830417123925 0.6913058819877648 -0.45916294623118176 0.30672982582184344
27.9671155 1.459719335417481 0.48006162807193037 1.2771925833930244 -0.46320286158906615 0.6909724107247883 -0.4596910940427653 0.3109410469697435
27.9721125 1.4592517280652353 0.4794673908040003 1.276233079059733 -0.466404565535167 0.6912332737973427 -0.45829836755885167 0.3076133104016335
27.97711025 1.4594786608809507 0.4792505351107854 1.2757647815457123 -0.4656703466149427 0.6915108450955012 -0.4585400988262391 0.30774154280377525
27.982112 1.4600295289675145 0.47894143215168405 1.275187823407296 -0.465157955069534 0.6915770497207767 -0.4583013449266198 0.3087217815015439
27.98711175 1.460506705719112 0.4784864081227789 1.2745186846152425 -0.46555089844040043 0.6914195320509641 -0.457940595949042 0.3090174788609833
27.99211 1.4611493743478807 0.47829201876330557 1.2738153490143156 -0.4654021981432487 0.6914351995095693 -0.4574535082294201 0.30992651814775407
27.99710925 1.4621758468705544 0.4783630739639861 1.2732899377818903 -0.4648857235472087 0.6915366061202594 -0.45730278013390374 0.31069688398737466
28.00210925 1.4634445474184117 0.4786285741011843 1.272760789808905 -0.4627291585033602 0.6918116716719179 -0.4570533304713021 0.31365680275480906
28.0071095 1.4625505728895223 0.4782568805835251 1.2714503219296018 -0.4645853192267444 0.6931159702696531 -0.45485673966850676 0.31121709351235455
28.0121085 1.4629357113325858 0.47761043537099584 1.2707547411231241 -0.4656294332734562 0.6929705109230175 -0.4548844426310034 0.3099374867821144
28.01710725 1.4641585355550317 0.47768248836747956 1.2703663559421576 -0.46340608192472676 0.6929428312432331 -0.45482482494102383 0.3133997678383834
28.022109 1.4646582477599124 0.47737312905611423 1.269678473108347 -0.4635938929237974 0.6930876434505957 -0.4543587412281391 0.31347783846619776
28.02710675 1.4651963963992631 0.4764832043764599 1.2689614069676687 -0.46456186336383176 0.6925713016797022 -0.45476587371811983 0.31259441341617505
28.0321065 1.4649742201873586 0.4763198144087991 1.2680082965213824 -0.465495313784676 0.693350769340783 -0.4531189606323908 0.3118686117814236
28.03711025 1.4660541217835932 0.4758289978238032 1.2670670990269992 -0.46320290462209146 0.6933892604705914 -0.4540496749192457 0.3138364149034191
28.04210875 1.4663887031131244 0.47526697984940885 1.2662135948330269 -0.465145781858947 0.6930535909189208 -0.45317418140044075 0.31296850168229157
28.04710825 1.4667893796419396 0.4748589723793803 1.2655533396021352 -0.4638724418009199 0.6937829823877695 -0.4523865047065044 0.3143787229540444
28.052106 1.4671935329019512 0.4741544071135221 1.2647321423780506 -0.4636935698903073 0.6941201005738198 -0.45228466533774686 0.31404480687012687
28.05710575 1.4677714820223913 0.4741311470373763 1.264236421369192 -0.4633533359256089 0.6950753127146226 -0.4513610931565478 0.31376290304273613
28.06210575 1.4679212492340667 0.47339195818282703 1.2630541511218916 -0.464177006190157 0.6946229013985252 -0.4519138740994153 0.3127500314524294
28.06710575 1.4683004227776004 0.47261151446006816 1.2622624102518247 -0.46291678687001414 0.6961420688243838 -0.45056544400108445 0.31318532711312397
28.072106 1.468772261670652 0.4722501957371384 1.2613682633435168 -0.46253926082409164 0.6961726794890765 -0.45098406151407316 0.3130725295990902
28.077106 1.470495012087892 0.47200113085240647 1.2610126271356497 -0.46125689338299697 0.6961114178136303 -0.4505955379870786 0.3156495421227458
28.0821065 1.4697930017688303 0.47096311051579987 1.2594306613086539 -0.461729965082436 0.6970226539989565 -0.44985897187300206 0.31399325563232877
28.08710675 1.4699099674969802 0.47023271159625546 1.2584252284667665 -0.46273944336683526 0.6974844538236177 -0.4492350598831444 0.3123707816021032
28.09210725 1.470882590384733 0.47001892506340553 1.258117187135327 -0.46121546484436954 0.6975567507654591 -0.44993986172809086 0.31344695767870157
28.097107 1.4711955073973702 0.4690299022167278 1.2571428148008486 -0.46136212991391773 0.6978980475827711 -0.4496742585450524 0.31285198011744597
28.10210675 1.4719997314635864 0.46861136619737664 1.256636454421591 -0.4622185842493108 0.6981971998054276 -0.4483562747430896 0.3128119266538946
28.107107 1.4725030614137493 0.4678207874943632 1.255645455670204 -0.461694681220535 0.69846571621486 -0.44852119556960696 0.31274974297342223
28.112106 1.4731786827262268 0.4672556604554163 1.2549180915479936 -0.4616719788130436 0.6984292364889605 -0.44853847106675887 0.3128399360206282
28.11710575 1.473553934641348 0.466456165408048 1.2538756588408566 -0.46153401826931667 0.698318532079527 -0.449206511589496 0.3123316949655742
28.122106 1.475281349870928 0.46695858060314543 1.2532058668274602 -0.4576041229237578 0.6992817192273948 -0.44907484233941386 0.3161254969397244
28.127107 1.4741384923192322 0.46501502550947044 1.2522328891517052 -0.46045361380755456 0.7006807824344018 -0.44739876993500644 0.3112286158426327
28.132105 1.4745338103495884 0.4641073135287099 1.2512454763139 -0.4599695233826149 0.7002720611640231 -0.448464005088441 0.3113311967219086
28.1371055 1.4750853627247942 0.4634916451059511 1.250598430630304 -0.45981144742213936 0.7010559764480091 -0.4474215614074297 0.31130033262722895
28.14210625 1.475461059795541 0.46266388748380216 1.249670637580531 -0.45961936598017894 0.7007503177082078 -0.4482674902635187 0.3110551202289882
28.147106 1.4762760915132873 0.4623943335465089 1.2487555192881916 -0.45676864128093203 0.702330477039687 -0.4480943150381917 0.31193876673801035
28.15210775 1.475759461931591 0.46089149704351257 1.2479226940864667 -0.4593162617112709 0.7021937480978302 -0.44751066136850187 0.30933270086014236
28.15710775 1.4762839769562885 0.46013620312375153 1.247271455033571 -0.45895743479341145 0.702373758239801 -0.44735236719622334 0.3096853828450484
28.16210975 1.4770282290379102 0.46010295884361574 1.2462040888296204 -0.4571147453706416 0.7035395301444853 -0.4460957242603509 0.3115715710481991
28.16710975 1.4775435481419532 0.4594356830524189 1.2456243888436416 -0.45679177451302794 0.7045529292640133 -0.44530277071224117 0.3108888659935228
28.1721115 1.477766332053068 0.45860534329430497 1.244895681208474 -0.4565987635476928 0.7050477368928897 -0.4448960217280493 0.3106328824826628
28.177113 1.4771002982477703 0.45673256605597734 1.2440253980429705 -0.45849453176772204 0.7049018080800032 -0.44550860430355876 0.307275590954008
28.18211525 1.4784444291468988 0.45628884916515855 1.2438097109128397 -0.4566761454931067 0.7049522656145106 -0.4462851851264937 0.30873732343067706
28.1871155 1.4770990042743928 0.454976252845926 1.2422594501204058 -0.45663256509935024 0.7069334994003504 -0.444633293343191 0.3066479453170203
28.1921145 1.477423022613876 0.4542314524268619 1.2415216462202157 -0.45639325910558715 0.7072733489891045 -0.4439481242762087 0.3072127370477219
28.19711475 1.4775825560414961 0.4530767866504621 1.2411891627112919 -0.45748779488491925 0.7066339651523552 -0.44455962515385905 0.30617004508516893
28.202116 1.4787918039864532 0.45259325525211314 1.2408741921227102 -0.45564242551839557 0.7063454437863506 -0.44559867954210425 0.30807127568195986
28.20711875 1.4788041224514814 0.45191884746433936 1.2401065086132603 -0.45463324575045283 0.7078324704637141 -0.4445587996171094 0.307651229964449
28.212118 1.4787481951347148 0.45096515468584863 1.2393634090006584 -0.45472107345689483 0.7080343959398017 -0.4444593089756963 0.30720019886910244
28.21711725 1.4776848176148407 0.44936864104185176 1.2383026665080805 -0.45515020203966106 0.7091762598476046 -0.44361707270837214 0.30514130964763453
28.22211775 1.4774967211022614 0.44841798243563996 1.2376014629177379 -0.45515217527009877 0.7097934263424996 -0.44336367695211965 0.30406979334910655
28.22711725 1.4779104910536742 0.44766192276887906 1.2371508296563043 -0.4552501925479446 0.7096264366253351 -0.4431935273843318 0.3045604700418658
28.2321205 1.4773688845252986 0.44654645957247985 1.2363105958840659 -0.4550927341673949 0.7105999051322562 -0.4425946398239423 0.3033947312218653
28.237124 1.4787414469921885 0.4465331108856861 1.2362711391427188 -0.4540612500174716 0.7094113538933824 -0.44273858837279234 0.30748407205153955
28.24212275 1.4786828764811346 0.4451534854899198 1.2358305260944458 -0.45296464289422833 0.7099539173489575 -0.4438370110075497 0.3062632449192329
28.24712125 1.4789474619310508 0.44407603903033943 1.2356038040214525 -0.45428212938789386 0.7088932829389548 -0.44439539201670986 0.30595881402101555
28.2521215 1.4777351084087031 0.44313994219569225 1.2343002905553009 -0.45654473782024557 0.7103226191750218 -0.4419124629794384 0.30285649096631
28.257119 1.478505865334283 0.44231045991399265 1.2342526190535046 -0.4530785197256427 0.7105765279610637 -0.44345548345499997 0.30520171537478624
28.26211825 1.4782125085323459 0.4413056211775515 1.233754638288856 -0.45333699951289835 0.7110289014685046 -0.4427644691589584 0.30476727350475097
28.26711875 1.477003895303745 0.43993691469273166 1.233027905762052 -0.4541761433860263 0.7130357408999514 -0.4404669414644734 0.30214720990799376
28.2721215 1.4769231466251458 0.4386442906317127 1.2324030340803496 -0.4538587196824477 0.7121344055921053 -0.4422536426607101 0.3021399783105857
28.27712075 1.47783667275181 0.43810155821107427 1.2323866780614428 -0.45297717760221706 0.7113649442479708 -0.44331652025392865 0.30371377238538105
28.2821225 1.4775895711403435 0.43713809618457117 1.2318262844550703 -0.45294914961185156 0.7116547644129373 -0.4432472855779666 0.3031771890859069
28.2871235 1.4783520153638867 0.43687225961823856 1.2317315277372405 -0.45150621744861164 0.7115419616872455 -0.4430202694815889 0.30591373488611784
28.292122 1.476177797801409 0.4347748299392275 1.2308622430745038 -0.4535550013543909 0.7140742717478048 -0.4402725019528192 0.30090848974142553
28.2971245 1.4763541612046853 0.43358430051185504 1.2309313455095399 -0.45484678232941 0.7127368078774509 -0.44128054400527705 0.3006528376444346
28.3021225 1.4757154774954073 0.43235518105812315 1.2302734774372632 -0.4535392777647482 0.714012231807961 -0.44095253892170533 0.30008251327217783
28.30712225 1.4754585844521793 0.4310702799135586 1.229583630515846 -0.4531440989287861 0.7133694596814577 -0.4426325990684934 0.2997345856615046
28.31212425 1.4771089742018209 0.43132598164095953 1.2298595956062301 -0.4507266920671331 0.7125088934470247 -0.44351261921249385 0.3040938710602199
28.31712575 1.4759002976026498 0.4293455356572771 1.229266832208922 -0.45142178401169275 0.7132602609070583 -0.4437587893561557 0.3009257549623408
28.322126 1.475703458533142 0.42820820454838326 1.2290210591580841 -0.4511973042001147 0.7133260005055088 -0.44387434495876077 0.3009361652789427
28.32712525 1.4738498720480373 0.4267591389038964 1.2282974813699756 -0.4533000679105968 0.7150120245714353 -0.4412259634775277 0.29765164589471543
28.3321245 1.4740877621635362 0.42561823784622305 1.22848949077248 -0.4544160955213945 0.7135494257011997 -0.44224693162763823 0.2979444254865629
28.337125 1.4743974586631459 0.4248604547076042 1.2282425027621322 -0.45169806013703184 0.7144511706812708 -0.442727298111938 0.29920047908903363
28.34212475 1.4738482961845363 0.42396742466024545 1.2278315717512582 -0.45225155302778886 0.7146620060800273 -0.4417154899683335 0.2993562689700337
28.34712775 1.4734456662296593 0.42274390882908375 1.227585984886853 -0.452021403229663 0.7148814967942684 -0.44203162298207 0.29871247186434974
28.352126 1.4721171427322721 0.42079038462981205 1.2270293739691436 -0.45196814515028777 0.7161057768616711 -0.44242325655194215 0.295260857847303
28.3571245 1.4717131269425832 0.4195034501838916 1.2268939069356548 -0.4515883080036631 0.7165537965667708 -0.44244740012972295 0.2947184331163973
28.362124 1.4721593051614144 0.41842762451976845 1.22700608336628 -0.44960149873154404 0.7168260568911128 -0.44356020734765605 0.2954204443805352
28.36712325 1.4710977427652756 0.41715899355836944 1.2268176899878458 -0.4499049522300095 0.7176501230806278 -0.443079412190363 0.29367408686214513
28.37212575 1.4705773925899452 0.4158540956536221 1.2265916498314309 -0.4497928924683211 0.7179867561516908 -0.44329131276371986 0.29270152699289387
28.3771245 1.4697644088194963 0.4144860405892862 1.2261669979767185 -0.4506954929821475 0.7176695734029372 -0.4435567842529241 0.2916870500389586
28.382124 1.470585195196675 0.41388099888032875 1.2266193535806167 -0.44903646362293886 0.7166147708574249 -0.4446174084670724 0.29520312432965534
28.387124 1.4694530107454187 0.4117002608310317 1.2261167988901345 -0.4482882203686859 0.7170128595484659 -0.4471539714679203 0.29151939304491337
28.39212275 1.4685202337954766 0.41056391055103236 1.226041211986117 -0.44952104140338855 0.7180548976740896 -0.4448410933410487 0.29059318460178307
28.39712125 1.4689494274163217 0.4095608918153031 1.2263653039291567 -0.4478723795818846 0.7176493545814207 -0.4463474672004367 0.29182815834029063
28.40212225 1.4683189878706728 0.40780277887441824 1.2260826337427808 -0.44789689565758134 0.7168296014965019 -0.44819959611138654 0.2909653163596269
28.40712425 1.4670926237851487 0.4064100151359274 1.2261248531250395 -0.4493615715084672 0.7179741600284901 -0.4466461052975544 0.2882612360435418
28.41212375 1.46731323155596 0.405565121715586 1.2262996912756183 -0.44601286126499806 0.7190657017467642 -0.44735096239214417 0.28964488706770797
28.41712275 1.4669372240398917 0.40416266292239145 1.2263801238242886 -0.4448377631104248 0.7196525971896373 -0.4479483715349632 0.2890705109628059
28.42212325 1.46496536368324 0.4020452449311287 1.2256635222948975 -0.44762036822743123 0.7189716561129714 -0.44787789369255676 0.28656789072683786
28.4271245 1.4647747398153232 0.4009245580622779 1.2260372859526094 -0.44514339447788076 0.7208767239804963 -0.4477863227084619 0.28578228841390857
28.432127 1.4643157005341978 0.39961765524060405 1.2259618067943203 -0.444274904678234 0.7201377891812016 -0.4503452714851244 0.2849745780194203
28.43713225 1.4633886476885383 0.3982903141218521 1.2261590388238026 -0.4451085037005074 0.7209110647572082 -0.448512277154995 0.28460919501197557
28.44213125 1.462635090807314 0.3967903389938312 1.226175602156593 -0.44491466670027463 0.7212987851532138 -0.4485830725776416 0.28381724557941085
28.4471305 1.46205016962263 0.3949926885244802 1.2262167026874704 -0.4443059322635061 0.7214232612474871 -0.44915091058396595 0.2835563016546995
28.4521315 1.461839111309051 0.39373939404676517 1.2263593966116717 -0.4423235594827959 0.7211008003465033 -0.45210791433572695 0.28277542018552615
28.4571305 1.4614123710834128 0.3923287236429326 1.226565591514592 -0.4420285789817727 0.7210784212356066 -0.4522537129386582 0.2830604616065578
28.46213025 1.461367496795686 0.39066828984785434 1.2269512711101191 -0.4405096695765685 0.7207883873427292 -0.45393205165426376 0.2834802006531693
28.467132 1.4607416100488002 0.3891631277301892 1.2271823785418905 -0.4397669642083229 0.7210228874222351 -0.4543093877930048 0.283432519601128
28.47213275 1.460127087212145 0.3877121766523109 1.2273686191895665 -0.4393882649579735 0.7213596222948746 -0.4544259346383315 0.2829758255892125
28.47713225 1.4584371299517684 0.38598776749047925 1.2274536640699651 -0.4396914516853027 0.7224594737878267 -0.4537175500332197 0.28082756424706656
28.48213525 1.4578094408344109 0.3844648630101361 1.2277334369373967 -0.4395688238439008 0.7225249969288178 -0.4538168615022762 0.28069045964144507
28.48713425 1.457279313608597 0.38273364427727435 1.2281530786382775 -0.440529148920928 0.721938909851694 -0.45435219483839384 0.27982559289436854
28.492134 1.4566061841628006 0.3811478784363532 1.228617924946632 -0.43959648165555615 0.7220304737561649 -0.45521746988867623 0.2796497512812353
28.4971355 1.455326013770042 0.3797241454292774 1.2284716381626726 -0.440208198029986 0.7230828242927319 -0.45394211158797015 0.27803692367578403
28.50213525 1.4551083928495752 0.37810179967396645 1.2293743298979471 -0.43916593054920555 0.7237564730124111 -0.4529466678536978 0.27955172919822446
28.507136 1.4540801566167267 0.3762138519413134 1.2294922427961266 -0.43972108032312657 0.7233438259820019 -0.45338299482158195 0.27903931791021
28.512135 1.4534625723669852 0.3748948405054824 1.2300128381314737 -0.4388914581894894 0.7237008579496514 -0.4537721857287645 0.27878694300519496
28.51713475 1.4521599649023471 0.37362518445860243 1.2300192487620245 -0.43891934168864105 0.7254217091402746 -0.4520551145532571 0.2770547397281889
28.522137 1.4520325385539408 0.37154370550407395 1.2304789413317514 -0.4381183749488697 0.723834886443328 -0.4543205474906944 0.27876188194853985
28.5271355 1.4511709683670184 0.3701518905451595 1.2307620343165329 -0.4365714593609723 0.7252364330947874 -0.45369366698048524 0.2785669282689196
28.53213725 1.45058198352694 0.36842768265356973 1.231322292649099 -0.4371867841816988 0.7246351053550787 -0.45409248577034295 0.27851695494315887
28.53713775 1.4490238223804635 0.36690915609430813 1.2311647900332292 -0.4366188070863303 0.7260883574958733 -0.45324322772937886 0.2770023301795657
28.542136 1.448981680661747 0.3652693086924885 1.232029330582121 -0.43682149007448506 0.7250426316409383 -0.45425003552121557 0.2777716208349293
28.5471385 1.448170797851452 0.36372463186978365 1.2325625461978733 -0.4366476001902394 0.7254743933830206 -0.4544621232835012 0.2765681765754965
28.55213775 1.4470054695629981 0.36200155734093065 1.2326895288373605 -0.4358725630857813 0.7259693741815593 -0.45419618479771856 0.2769285146290707
28.557137 1.445959545456037 0.36049649711117715 1.2329481252591152 -0.4348325359317451 0.7273618460488054 -0.45350933611003136 0.2760338614530476
28.56213725 1.4453124351651003 0.3587451335777848 1.2335605171991064 -0.4357294630718177 0.7266764582782169 -0.4539967548759736 0.2756231241341284
28.56713725 1.4445163124244615 0.3572502828486105 1.2340678203936157 -0.4351621886664619 0.7271286622430015 -0.45413719139361264 0.27509487362151797
28.572139 1.4437943225198704 0.3556840429373484 1.2344346329047493 -0.4342038245395964 0.7275853008525824 -0.45420837187637286 0.2752842597313894
28.577139 1.4430681132959524 0.353960603730944 1.23494345776759 -0.43431286889082593 0.7274626863917275 -0.4544950803628571 0.2749628952231759
28.5821385 1.442396200655637 0.35233103868258503 1.2353214920998443 -0.43394243176278163 0.7274501879572141 -0.4548537384905117 0.2749877570693336
28.58714225 1.4416102241874345 0.3509034738419899 1.2359046480474758 -0.4331511263013676 0.7279642993059987 -0.4550203113357499 0.2745989748555158
28.5921415 1.4408564977791924 0.3494208631676671 1.2364935835347417 -0.4331049095200166 0.7286202554407535 -0.45465275099010555 0.2735389126399362
28.59714125 1.4401214790034558 0.3477555401073735 1.236872879105027 -0.4323659299598347 0.7283337835519309 -0.4555766920092172 0.2739333496397166
28.6021415 1.4394595418251315 0.34635796861709733 1.2374185291081226 -0.43173941964269524 0.7291012865477814 -0.4552831884712259 0.27336716294469754
28.60714175 1.43867827160095 0.34481729461010635 1.2378801454099857 -0.4316093928727869 0.7292322015734498 -0.45535784340488444 0.27309881475754616
28.6121435 1.4378480216918934 0.3431717179751168 1.2382509970042213 -0.4317258263310647 0.7286862709958162 -0.4561281520925332 0.2730865031626833
28.6171435 1.4371923612163295 0.34176609377384887 1.238855875601103 -0.4316218781021154 0.7291974679682168 -0.4559396688208433 0.2721996058922273
28.62214275 1.4365553590410634 0.3403874751406409 1.239365905616268 -0.4317271439119308 0.7290165144019235 -0.45617274503104804 0.27212684841771057
28.627144 1.43565977610685 0.3387360247372765 1.239688075407363 -0.43158539551507225 0.7290557861947412 -0.45656844776230554 0.27158232545949174
28.632145 1.434911463969521 0.3372272954070318 1.240170422742011 -0.43089834076999084 0.7290737165459336 -0.45701968920026415 0.27186603216816674
