# timestamp[secs] tx ty tz qx qy qz qw
0.0466148670212766 -0.0 -0.0 -0.0 -0.0 -0.0 -0.0 1.0
0.0966328670212766 -0.0 -0.0 -0.0 -0.0 -0.0 -0.0 1.0
0.1466498670212766 -0.0 -0.0 -0.0 -0.0 -0.0 -0.0 1.0
0.19666686702127661 -0.0 -0.0 -0.0 -0.0 -0.0 -0.0 1.0
0.2466838670212766 -0.0 -0.0 -0.0 -0.0 -0.0 -0.0 1.0
0.2967008670212766 -0.0 -0.0 -0.0 -0.0 -0.0 -0.0 1.0
0.34671886702127663 -0.010031301528215408 -0.0027526195626705885 0.0032822892535477877 0.009143211878836155 0.00030761834932491183 -0.00022636327776126564 0.9999581575393677
0.3967358670212766 -0.010031301528215408 -0.0027526195626705885 0.0032822892535477877 0.009143211878836155 0.00030761834932491183 -0.00022636327776126564 0.9999581575393677
0.4467528670212766 -0.010031301528215408 -0.0027526195626705885 0.0032822892535477877 0.009143211878836155 0.00030761834932491183 -0.00022636327776126564 0.9999581575393677
0.4967698670212766 -0.010031301528215408 -0.0027526195626705885 0.0032822892535477877 0.009143211878836155 0.00030761834932491183 -0.00022636327776126564 0.9999581575393677
0.5467878670212766 -0.03071407601237297 -0.003976734820753336 0.006238865666091442 0.016113165766000748 -0.0035761671606451273 -0.005583195015788078 0.9998481869697571
0.5968048670212767 -0.03071407601237297 -0.003976734820753336 0.006238865666091442 0.016113165766000748 -0.0035761671606451273 -0.005583195015788078 0.9998481869697571
0.6468218670212766 -0.046702686697244644 -0.005817924160510302 0.00881719309836626 0.015882138162851334 -0.0094069205224514 -0.011331661604344845 0.9997654557228088
0.6968388670212766 -0.046702686697244644 -0.005817924160510302 0.00881719309836626 0.015882138162851334 -0.0094069205224514 -0.011331661604344845 0.9997654557228088
0.7468568670212766 -0.06222417950630188 -0.007527580484747887 0.010863845236599445 0.016290534287691116 -0.020318053662776947 -0.015349364839494228 0.9995429515838623
0.7968738670212766 -0.06222417950630188 -0.007527580484747887 0.010863845236599445 0.016290536150336266 -0.020318055525422096 -0.015349365770816803 0.9995430111885071
0.8468908670212766 -0.08008789271116257 -0.01076191570609808 0.012242318131029606 0.01659364067018032 -0.03446965664625168 -0.017707647755742073 0.9991110563278198
0.8969078670212766 -0.08008789271116257 -0.01076191570609808 0.012242318131029606 0.01659364067018032 -0.03446965664625168 -0.017707647755742073 0.9991110563278198
0.9469248670212767 -0.09375330060720444 -0.013570765033364296 0.013929439708590508 0.020874235779047012 -0.04653359577059746 -0.0173986554145813 0.9985470771789551
0.9969428670212767 -0.09375330060720444 -0.013570765033364296 0.013929439708590508 0.020874235779047012 -0.04653359577059746 -0.0173986554145813 0.9985470771789551
1.0469598670212765 -0.10200423002243042 -0.014450998045504093 0.014106963761150837 0.02572900429368019 -0.06031215563416481 -0.01672225631773472 0.9977078437805176
1.0969768670212767 -0.10796822607517242 -0.013687074184417725 0.015302409417927265 0.027783045545220375 -0.06511139869689941 -0.016841817647218704 0.997348964214325
1.1469938670212767 -0.10957834869623184 -0.011250353418290615 0.014124448411166668 0.030700093135237694 -0.06854118406772614 -0.016824152320623398 0.9970338940620422
1.1970118670212766 -0.11782870441675186 -0.016474904492497444 0.014821923337876797 0.02849728800356388 -0.06219172105193138 -0.014883406460285187 0.9975463151931763
1.2470288670212766 -0.11102785915136337 -0.016598574817180634 0.014926089905202389 0.028494302183389664 -0.06356585025787354 -0.015263578854501247 0.997454047203064
1.2970458670212766 -0.10606373101472855 -0.016894934698939323 0.015219963155686855 0.027571536600589752 -0.062799833714962 -0.015867996960878372 0.9975190758705139
1.3470628670212765 -0.10268959403038025 -0.017352519556879997 0.01649671234190464 0.02567034773528576 -0.05684790015220642 -0.012916043400764465 0.9979692101478577
1.3970808670212767 -0.09447059035301208 -0.014168626628816128 0.016936369240283966 0.02614540047943592 -0.05316631495952606 -0.01185366977006197 0.9981729984283447
1.4470978670212766 -0.08313006907701492 -0.012422211468219757 0.01670796610414982 0.02517160214483738 -0.050086427479982376 -0.009569083340466022 0.9983817934989929
1.4971148670212766 -0.07595031708478928 -0.012192727997899055 0.018855981528759003 0.022775612771511078 -0.042517680674791336 -0.00781310349702835 0.9988055229187012
1.5471318670212766 -0.05968591198325157 -0.00915650837123394 0.019112251698970795 0.02269948273897171 -0.042429957538843155 -0.004025148693472147 0.998833417892456
1.5971498670212767 -0.0508236363530159 -0.010167006403207779 0.01956992782652378 0.019510211423039436 -0.03611467406153679 -0.00325932539999485 0.999151885509491
1.6471668670212767 -0.04066801443696022 -0.008912679739296436 0.0196602214127779 0.019880900159478188 -0.03180868551135063 -0.0019481164636090398 0.9992943406105042
1.6971838670212767 -0.030067646875977516 -0.008345370180904865 0.02120949886739254 0.02036888711154461 -0.026712477207183838 -0.001130936318077147 0.9994350075721741
1.7472008670212766 -0.017400192096829414 -0.008546886034309864 0.021372074261307716 0.021190224215388298 -0.02317078784108162 -0.0011653072433546185 0.9995062351226807
1.7972178670212766 -0.005415783729404211 -0.009897222742438316 0.022529279813170433 0.021873166784644127 -0.02093384973704815 -0.0006379734259098768 0.9995413422584534
1.8472358670212765 0.004463243298232555 -0.008856196887791157 0.023253310471773148 0.025265229865908623 -0.01572398655116558 -0.003797585377469659 0.999549925327301
1.8972528670212767 0.014235793612897396 -0.009437686763703823 0.02429206110537052 0.02698436938226223 -0.012615788727998734 -0.00659913569688797 0.9995344281196594
1.9472698670212767 0.02162477746605873 -0.010504081845283508 0.025412973016500473 0.028164049610495567 -0.008673551492393017 -0.00913094449788332 0.9995239973068237
1.9972868670212767 0.02976646088063717 -0.010016417130827904 0.025709163397550583 0.029677102342247963 -0.0054905004799366 -0.011573709547519684 0.9994774460792542
2.0473048670212766 0.03793812170624733 -0.01085607334971428 0.026290498673915863 0.029397953301668167 -0.004509099759161472 -0.013415061868727207 0.9994676113128662
2.0973218670212765 0.0454275943338871 -0.011309836991131306 0.026617424562573433 0.029781730845570564 -0.0016652375925332308 -0.014716257341206074 0.9994467496871948
2.1473388670212765 0.049671825021505356 -0.012787050567567348 0.028086910024285316 0.028776081278920174 0.0036658328026533127 -0.016307543963193893 0.9994461536407471
2.1973558670212765 0.05372469499707222 -0.013579344376921654 0.02895836904644966 0.028726136311888695 0.00968322716653347 -0.016104813665151596 0.9994106888771057
2.2473738670212766 0.05767711624503136 -0.013270695693790913 0.0304493997246027 0.029808666557073593 0.013436244800686836 -0.014872427098453045 0.9993547201156616
2.2973908670212766 0.05960557609796524 -0.012468479573726654 0.03184349089860916 0.02999962493777275 0.01643277145922184 -0.014932354912161827 0.9993032813072205
2.3474078670212766 0.05875559523701668 -0.009625735692679882 0.03132035210728645 0.029613038524985313 0.01821516640484333 -0.015901407226920128 0.9992689490318298
2.3974248670212766 0.05704227834939957 -0.01117708906531334 0.033990103751420975 0.02404693514108658 0.0178450345993042 -0.0159652940928936 0.9994240999221802
2.4474418670212765 0.050371576100587845 -0.007604474201798439 0.03520301729440689 0.02182348258793354 0.019845495000481606 -0.015234783291816711 0.999448835849762
2.4974598670212766 0.045646265149116516 -0.0033335050102323294 0.03718262165784836 0.01841357722878456 0.01593661494553089 -0.015317721292376518 0.9995861053466797
2.5474768670212766 0.038709137588739395 0.001565950340591371 0.038003090769052505 0.01536882296204567 0.011411100625991821 -0.014097127132117748 0.9997174143791199
2.5974938670212766 0.0328291654586792 0.006642925553023815 0.03923483192920685 0.011847828514873981 0.004219856113195419 -0.010565230622887611 0.9998651742935181
2.6475108670212766 0.023318298161029816 0.013266551308333874 0.041176702827215195 0.009136375971138477 0.00019304097804706544 -0.003913814667612314 0.9999505877494812
2.6975288670212767 0.0157488863915205 0.01861671358346939 0.04300658404827118 0.00575793394818902 -0.006537498440593481 0.0017557456158101559 0.9999605417251587
2.7475458670212767 0.006902094930410385 0.023501913994550705 0.0448785237967968 0.0005215472192503512 -0.010169798508286476 0.006187384016811848 0.9999290108680725
2.7975628670212767 -0.001223528292030096 0.02727326564490795 0.04776904359459877 -0.00495494157075882 -0.012643453665077686 0.009550259448587894 0.9998622536659241
2.8475798670212766 -0.01187498401850462 0.02936946041882038 0.05076939985156059 -0.01133390050381422 -0.014205667190253735 0.01396868098527193 0.9997373223304749
2.8975978670212768 -0.01771041378378868 0.031151242554187775 0.052636537700891495 -0.01520472951233387 -0.021373353898525238 0.01779121533036232 0.999497652053833
2.9476148670212767 -0.024318769574165344 0.03145507350564003 0.05403945967555046 -0.01816842146217823 -0.0270483810454607 0.020233765244483948 0.9992642402648926
2.9976318670212767 -0.03109283745288849 0.03192955255508423 0.05505034327507019 -0.019378099590539932 -0.029503000900149345 0.019908785820007324 0.9991785287857056
3.0476488670212767 -0.03654414415359497 0.0327107310295105 0.05588865280151367 -0.017788778990507126 -0.0333406962454319 0.019981367513537407 0.9990859627723694
3.097666867021277 -0.041472677141427994 0.027865566313266754 0.05530555918812752 -0.018334656953811646 -0.03602064773440361 0.018250200897455215 0.9990161657333374
3.147683867021277 -0.04625769332051277 0.019930751994252205 0.053860269486904144 -0.018261881545186043 -0.03706713020801544 0.018387503921985626 0.9989767670631409
3.1977008670212768 -0.05023819953203201 0.011544954031705856 0.05333363637328148 -0.0154948178678751 -0.03877689689397812 0.017236242070794106 0.9989790916442871
3.2477178670212767 -0.053664565086364746 0.004548868164420128 0.051097869873046875 -0.008622737601399422 -0.038173872977495193 0.01543482206761837 0.9991146922111511
3.2977348670212767 -0.054711271077394485 -0.004746238701045513 0.04946894943714142 -0.00475311279296875 -0.03894234076142311 0.015467158518731594 0.9991105198860168
3.347752867021277 -0.05247265100479126 -0.015897687524557114 0.04585586488246918 8.836880442686379e-05 -0.0417277067899704 0.012481429614126682 0.9990510940551758
3.397769867021277 -0.056454095989465714 -0.02730073779821396 0.044124189764261246 0.004595119971781969 -0.04012325033545494 0.010867789387702942 0.9991251230239868
3.447786867021277 -0.055724579840898514 -0.03790726885199547 0.040595073252916336 0.011888111010193825 -0.04121683910489082 0.006574710365384817 0.999057948589325
3.4978038670212768 -0.0562547892332077 -0.04818166792392731 0.03788556903600693 0.018342318013310432 -0.03984019532799721 0.0034770341590046883 0.999031662940979
3.5478218670212764 -0.058300651609897614 -0.05689171329140663 0.03527531772851944 0.027504295110702515 -0.03777896612882614 -0.0013376830611377954 0.998906672000885
3.5978388670212764 -0.05454292148351669 -0.06456748396158218 0.031235894188284874 0.035588834434747696 -0.040204968303442 -0.006468445993959904 0.9985365271568298
3.6478558670212764 -0.05446918308734894 -0.07292620092630386 0.030022472143173218 0.041197486221790314 -0.038842733949422836 -0.01153219398111105 0.9983291625976562
3.697872867021277 -0.053466878831386566 -0.07793835550546646 0.028761673718690872 0.04752731695771217 -0.03884683921933174 -0.01768053136765957 0.997957706451416
3.7478908670212765 -0.05448848009109497 -0.08127988129854202 0.027389977127313614 0.05439013987779617 -0.03729280084371567 -0.024827538058161736 0.9975142478942871
3.7979078670212765 -0.0539197139441967 -0.08178125321865082 0.028509438037872314 0.06016545742750168 -0.03836166113615036 -0.03217245638370514 0.9969320297241211
3.8479248670212765 -0.05407341197133064 -0.07677433639764786 0.028111668303608894 0.06381113827228546 -0.04345400258898735 -0.03775520250201225 0.9963003993034363
3.8979418670212764 -0.05580030754208565 -0.07149972766637802 0.030830083414912224 0.061584584414958954 -0.0468621701002121 -0.03872855007648468 0.996248722076416
3.9479588670212764 -0.05789847671985626 -0.06138916686177254 0.0343053825199604 0.05872591957449913 -0.04833060875535011 -0.040735259652137756 0.9962711334228516
3.9979768670212765 -0.06213769689202309 -0.049664389342069626 0.037607066333293915 0.05796166881918907 -0.043769486248493195 -0.04410373419523239 0.9963832497596741
4.047993867021277 -0.05923526734113693 -0.03739921748638153 0.041344575583934784 0.057479098439216614 -0.04283057153224945 -0.044851645827293396 0.9964186549186707
4.0980108670212765 -0.05787355825304985 -0.025399887934327126 0.04588254913687706 0.05574106052517891 -0.0429372675716877 -0.04568907618522644 0.9964747428894043
4.148027867021277 -0.059478599578142166 -0.01360178180038929 0.04820481315255165 0.050747428089380264 -0.04682788997888565 -0.04019888862967491 0.9968028664588928
4.198045867021277 -0.06024985387921333 4.033820005133748e-06 0.05203316733241081 0.047132521867752075 -0.05431213974952698 -0.03395611420273781 0.9968329071998596
4.248062867021277 -0.06082210689783096 0.01476200670003891 0.055689502507448196 0.043489810079336166 -0.05906001105904579 -0.028197303414344788 0.9969080090522766
4.2980798670212765 -0.059946704655885696 0.027274316176772118 0.05930037423968315 0.03786337375640869 -0.06271843612194061 -0.020767098292708397 0.9970965385437012
4.348096867021277 -0.05967625975608826 0.03989614173769951 0.06255730241537094 0.034013357013463974 -0.06386212259531021 -0.016192514449357986 0.9972475171089172
4.398114867021277 -0.06215161457657814 0.051456939429044724 0.0670391395688057 0.028441499918699265 -0.05838007852435112 -0.01261865720152855 0.9978094100952148
4.448131867021277 -0.06081051006913185 0.061486877501010895 0.07058843225240707 0.024012863636016846 -0.05621800571680069 -0.010518924333155155 0.9980742931365967
4.498148867021277 -0.06090431287884712 0.0693129301071167 0.07378879934549332 0.018186450004577637 -0.05513543635606766 -0.009561833925545216 0.9982675313949585
4.548165867021277 -0.060928430408239365 0.0744825080037117 0.0756157636642456 0.01441198866814375 -0.0588340237736702 -0.008827386423945427 0.9981247782707214
4.598183867021277 -0.060093630105257034 0.0766911581158638 0.07642453163862228 0.010303166694939137 -0.06492958962917328 -0.006230085156857967 0.9978172183036804
4.648200867021276 -0.060080599039793015 0.07457926124334335 0.07652423530817032 0.006530983839184046 -0.06843245029449463 -0.004452201072126627 0.9976244568824768
4.698217867021277 -0.06101943179965019 0.06999599933624268 0.07814320176839828 0.003527388907968998 -0.0687224268913269 0.0014787353575229645 0.9976285696029663
4.748234867021276 -0.06032499670982361 0.062233828008174896 0.07628998905420303 0.0032569814939051867 -0.06879591941833496 0.0028401368763297796 0.997621476650238
4.798251867021277 -0.05945631116628647 0.05447804555296898 0.07324568927288055 0.0065811253152787685 -0.06570740789175034 0.004039414692670107 0.9978090524673462
4.848269867021276 -0.0573151521384716 0.041549306362867355 0.07070943713188171 0.009278432466089725 -0.06362113356590271 0.0028156121261417866 0.9979270100593567
4.898286867021277 -0.05701370909810066 0.030265554785728455 0.06767366826534271 0.015697525814175606 -0.060988377779722214 5.55193837499246e-05 0.9980150461196899
4.948303867021276 -0.058628812432289124 0.01838742196559906 0.06389912217855453 0.022546306252479553 -0.057949550449848175 -0.0042064012959599495 0.9980560541152954
4.998320867021277 -0.05919553339481354 0.005400836002081633 0.05939919501543045 0.027320459485054016 -0.05734892562031746 -0.009656880982220173 0.997933566570282
5.048338867021276 -0.05738867446780205 -0.006548258010298014 0.05590387433767319 0.02961660921573639 -0.05845087394118309 -0.01293453760445118 0.9977670907974243
5.098355867021277 -0.055916041135787964 -0.017512911930680275 0.05251135304570198 0.02882406674325466 -0.059217359870672226 -0.0168832428753376 0.9976860880851746
5.148372867021276 -0.05470544099807739 -0.025213155895471573 0.048508208245038986 0.026522835716605186 -0.06386297941207886 -0.022743793204426765 0.9973469376564026
5.198389867021277 -0.04826546460390091 -0.029876621440052986 0.04550578072667122 0.02321048080921173 -0.07231120765209198 -0.028669044375419617 0.9966998100280762
5.248407867021276 -0.04466859996318817 -0.03000638447701931 0.0417504645884037 0.02174709364771843 -0.0728054791688919 -0.03436388820409775 0.996516764163971
5.298424867021277 -0.04273685812950134 -0.03210655599832535 0.03919002041220665 0.018035760149359703 -0.06578059494495392 -0.03980911523103714 0.9968765377998352
5.348441867021276 -0.04177501052618027 -0.03327269107103348 0.039031218737363815 0.014122571796178818 -0.05299166217446327 -0.04470015689730644 0.9974940419197083
5.398458867021277 -0.03671760857105255 -0.030538778752088547 0.037455879151821136 0.012866786681115627 -0.045878391712903976 -0.04673447832465172 0.9977703094482422
5.448475867021276 -0.033854104578495026 -0.028287403285503387 0.037035342305898666 0.010527681559324265 -0.03383534029126167 -0.045497797429561615 0.9983357787132263
5.498493867021277 -0.030495567247271538 -0.025772763416171074 0.037286385893821716 0.008236100897192955 -0.026399778202176094 -0.041663479059934616 0.9987488985061646
5.548510867021276 -0.030789507552981377 -0.024597827345132828 0.03890054672956467 0.004896884318441153 -0.01960853673517704 -0.036888495087623596 0.999114990234375
5.598527867021277 -0.033115677535533905 -0.021722376346588135 0.03993390500545502 0.003756627906113863 -0.018368108198046684 -0.031641267240047455 0.9993234872817993
5.648544867021276 -0.035032112151384354 -0.020636383444070816 0.039114709943532944 0.0031164928805083036 -0.022230876609683037 -0.027269357815384865 0.9993760585784912
5.698562867021277 -0.043613459914922714 -0.019158879294991493 0.04014280438423157 0.0029638458508998156 -0.029644498601555824 -0.024791540578007698 0.9992486238479614
5.748579867021276 -0.05226335674524307 -0.01793987676501274 0.03874155133962631 0.0035958464723080397 -0.044524651020765305 -0.024766650050878525 0.9986948370933533
5.798596867021277 -0.06864023208618164 -0.01730327121913433 0.0396927110850811 0.003038387279957533 -0.0535731241106987 -0.02560453861951828 0.9982309937477112
5.848613867021276 -0.08088040351867676 -0.017023487016558647 0.038976095616817474 0.0034523573704063892 -0.07007034122943878 -0.025437142699956894 0.997211754322052
5.898631867021277 -0.0940362960100174 -0.015872417017817497 0.03943011537194252 0.004489024635404348 -0.08537770062685013 -0.024311333894729614 0.9960419535636902
5.9486488670212765 -0.10611920803785324 -0.01571180671453476 0.03860649839043617 0.004380187951028347 -0.10135109722614288 -0.023342542350292206 0.9945672154426575
5.998665867021277 -0.11832216382026672 -0.014943325892090797 0.03763485699892044 0.004498335998505354 -0.11737757921218872 -0.023324551060795784 0.9928032755851746
6.048682867021276 -0.13026848435401917 -0.016475331038236618 0.036962442100048065 0.003091902006417513 -0.1311253160238266 -0.023780325427651405 0.9910757541656494
6.098700867021277 -0.1402856409549713 -0.0147959403693676 0.035325244069099426 0.004725981038063765 -0.14501890540122986 -0.024265199899673462 0.9891200661659241
6.1487178670212765 -0.14795048534870148 -0.014679222367703915 0.03410520404577255 0.006106373853981495 -0.15319108963012695 -0.025149716064333916 0.9878576397895813
6.198734867021277 -0.15377913415431976 -0.015688922256231308 0.03338572382926941 0.006805365905165672 -0.15885424613952637 -0.023676320910453796 0.9869946837425232
6.2487518670212765 -0.15997931361198425 -0.01692969910800457 0.03803415223956108 0.007336355745792389 -0.15447232127189636 -0.02110053412616253 0.9877445101737976
6.298768867021277 -0.16031867265701294 -0.01685435138642788 0.03429850935935974 0.00876373890787363 -0.14702151715755463 -0.016312837600708008 0.9889599680900574
6.348786867021277 -0.15600627660751343 -0.015132775530219078 0.03352481871843338 0.012227700091898441 -0.13900510966777802 -0.010281055234372616 0.9901628494262695
6.398803867021277 -0.14816132187843323 -0.016150644049048424 0.03399926796555519 0.012645567767322063 -0.12979985773563385 -0.002721690572798252 0.9914559125900269
6.4488208670212765 -0.14050601422786713 -0.017067255452275276 0.03526075556874275 0.011650105006992817 -0.118768110871315 0.004146876744925976 0.9928450584411621
6.498837867021277 -0.1288050413131714 -0.01629050262272358 0.036872029304504395 0.011014037765562534 -0.10673472285270691 0.010034364648163319 0.9941759705543518
6.548855867021277 -0.11972562968730927 -0.012694784440100193 0.03783191367983818 0.011850368231534958 -0.09037116914987564 0.014849704690277576 0.9957269430160522
6.598872867021276 -0.10950959473848343 -0.010795250535011292 0.038307562470436096 0.011095792055130005 -0.07241211086511612 0.01943567954003811 0.9971237182617188
6.648889867021277 -0.09710042923688889 -0.010277021676301956 0.040438905358314514 0.009788858704268932 -0.055994242429733276 0.025417661294341087 0.9980595707893372
6.698906867021277 -0.08292005956172943 -0.009524296037852764 0.041186973452568054 0.009005087427794933 -0.04082261770963669 0.029804814606904984 0.9986811876296997
6.748924867021277 -0.07023416459560394 -0.007603196427226067 0.04260660707950592 0.009885581210255623 -0.02511889487504959 0.035187795758247375 0.9990161657333374
6.798941867021276 -0.056725550442934036 -0.007983430288732052 0.04484974965453148 0.009099024347960949 -0.010902062058448792 0.03937404602766037 0.9991236329078674
6.848958867021277 -0.04355045408010483 -0.007517029065638781 0.04608406126499176 0.008700475096702576 0.00308496062643826 0.042028509080410004 0.9990738034248352
6.898975867021276 -0.031985629349946976 -0.005712422542273998 0.04774099960923195 0.009865978732705116 0.014550430700182915 0.044107723981142044 0.9988721609115601
6.948993867021277 -0.023501913994550705 -0.006727884989231825 0.04920206218957901 0.008463327772915363 0.027392027899622917 0.04414172098040581 0.9986138939857483
6.999010867021276 -0.01411883719265461 -0.005683175753802061 0.050358016043901443 0.00915612280368805 0.035164061933755875 0.0438857339322567 0.9983755946159363
7.049027867021277 -0.007251285947859287 -0.004817109555006027 0.05089898779988289 0.009250364266335964 0.04455358907580376 0.04234632849693298 0.9980663061141968
7.099044867021276 0.0014994088560342789 -0.005060495343059301 0.051558420062065125 0.009013736620545387 0.04963098466396332 0.0420578196644783 0.9978410601615906
7.149061867021277 0.007276035845279694 -0.003620806382969022 0.051118943840265274 0.009979351423680782 0.053838759660720825 0.04229532554745674 0.9976036548614502
7.199079867021276 0.01045389287173748 -0.00220593623816967 0.05004817992448807 0.010981849394738674 0.0573708638548851 0.04381028562784195 0.9973307847976685
7.249096867021277 0.01082305796444416 -0.004492945037782192 0.049879517406225204 0.008807841688394547 0.06143293157219887 0.044776007533073425 0.9970675110816956
7.299113867021276 0.012326953001320362 0.005072242580354214 0.044384848326444626 0.015866750851273537 0.05632792040705681 0.04439082741737366 0.9972988367080688
7.349130867021277 0.008061075583100319 -0.0005284339422360063 0.04599618539214134 0.01118163950741291 0.05595504119992256 0.04855003207921982 0.9971895217895508
7.399148867021276 -0.0007427277159877121 0.0010470881825312972 0.04489748924970627 0.01036487240344286 0.05521920323371887 0.050081461668014526 0.9971635937690735
7.449165867021277 -0.010263822972774506 0.0023912424221634865 0.043009061366319656 0.007728548254817724 0.052139244973659515 0.05412786826491356 0.9971418976783752
7.499182867021276 -0.020765017718076706 0.0037868369836360216 0.04194594547152519 0.0034043120685964823 0.0500495620071888 0.05794655159115791 0.9970585703849792
7.549199867021277 -0.030553946271538734 0.005236202850937843 0.040723297744989395 -0.0017608036287128925 0.04926662519574165 0.062273748219013214 0.9968408942222595
7.599217867021276 -0.03934785723686218 0.010172329843044281 0.037396080791950226 -0.006429679691791534 0.047969453036785126 0.06724832952022552 0.9965617656707764
7.649234867021277 -0.04392511397600174 0.012541170231997967 0.03410474956035614 -0.015375697053968906 0.04414522647857666 0.07337506115436554 0.9962082505226135
7.699251867021276 -0.052742861211299896 0.015208401717245579 0.03436834737658501 -0.02551899291574955 0.04560815915465355 0.07911462336778641 0.9954946041107178
7.749268867021277 -0.05933089181780815 0.018869206309318542 0.03231216222047806 -0.035386860370635986 0.045893941074609756 0.08304652571678162 0.9948592185974121
7.799285867021276 -0.06703710556030273 0.021178854629397392 0.030018839985132217 -0.045525211840867996 0.04994571954011917 0.08519264310598373 0.9940699934959412
7.849303867021277 -0.07430504262447357 0.025187429040670395 0.03078966960310936 -0.05320495739579201 0.05637547746300697 0.08763106167316437 0.9931323528289795
7.8993208670212764 -0.07821322977542877 0.027871714904904366 0.029667174443602562 -0.06072130426764488 0.06337607651948929 0.08911003172397614 0.9921470880508423
7.949337867021277 -0.08358592540025711 0.030684543773531914 0.02934580110013485 -0.06495720148086548 0.06939861923456192 0.09161844849586487 0.9912469387054443
7.999354867021276 -0.0823683962225914 0.03072122111916542 0.028889594599604607 -0.06750499457120895 0.0719110295176506 0.09305812418460846 0.9907633662223816
8.049372867021276 -0.08141079545021057 0.024327371269464493 0.03227280080318451 -0.06885744631290436 0.07454988360404968 0.0932985246181488 0.9904526472091675
8.099389867021277 -0.07883210480213165 0.023095715790987015 0.03287605941295624 -0.06343207508325577 0.07608373463153839 0.09086671471595764 0.9909242987632751
8.149406867021277 -0.0744851753115654 0.01824645884335041 0.03581962734460831 -0.05577029287815094 0.07816517353057861 0.08681965619325638 0.9915857315063477
8.199423867021277 -0.07113239169120789 0.012449454516172409 0.037938568741083145 -0.0452023521065712 0.07935867458581924 0.08049257099628448 0.9925622940063477
8.249441867021277 -0.06843287497758865 0.006129886955022812 0.04124343767762184 -0.03337214142084122 0.07920201122760773 0.07330023497343063 0.9935997128486633
8.299458867021277 -0.0634731724858284 -0.0007380734896287322 0.04661472141742706 -0.022177578881382942 0.07619765400886536 0.06832702457904816 0.9945016503334045
8.349475867021276 -0.05755823478102684 -0.007463119458407164 0.05149979516863823 -0.011878350749611855 0.07369882613420486 0.06256864219903946 0.9952449798583984
8.399492867021278 -0.05159218609333038 -0.015191134996712208 0.05686475336551666 -0.0007875252631492913 0.06749670952558517 0.05679865926504135 0.9961012005805969
8.449509867021277 -0.049326375126838684 -0.023271173238754272 0.0636226087808609 0.011309213936328888 0.0584513396024704 0.05010286718606949 0.9969680309295654
8.499527867021278 -0.047114674001932144 -0.030087076127529144 0.06792157143354416 0.023068910464644432 0.04739292338490486 0.04217681661248207 0.9977188110351562
8.549544867021277 -0.04677237197756767 -0.03675847873091698 0.07246812433004379 0.03292137756943703 0.03501974418759346 0.03528745472431183 0.9982208013534546
8.599561867021277 -0.04735114797949791 -0.04165829345583916 0.0764605775475502 0.042565759271383286 0.023384535685181618 0.028440279886126518 0.9984149932861328
8.649578867021278 -0.052218932658433914 -0.04433434456586838 0.07994917780160904 0.05254769325256348 0.011349298991262913 0.023089954629540443 0.9982869625091553
8.699596867021278 -0.05671880766749382 -0.045946650207042694 0.08160476386547089 0.06003127619624138 -0.0024267882108688354 0.018103983253240585 0.998029351234436
8.749613867021278 -0.0601947195827961 -0.046015236526727676 0.081233911216259 0.06594844162464142 -0.02052663080394268 0.015318858437240124 0.9974942803382874
8.799630867021278 -0.06657194346189499 -0.0459747239947319 0.08096455037593842 0.06869316846132278 -0.036568786948919296 0.013466458767652512 0.9968764781951904
8.849647867021277 -0.07445432990789413 -0.04189899563789368 0.08116060495376587 0.07227488607168198 -0.04637816548347473 0.011365935206413269 0.9962410926818848
8.899665867021277 -0.08121294528245926 -0.03633318096399307 0.07926354557275772 0.07406936585903168 -0.05487222224473953 0.009816107340157032 0.9956939220428467
8.949682867021277 -0.08538234978914261 -0.029537595808506012 0.07812448590993881 0.07361353933811188 -0.059012364596128464 0.010546439327299595 0.9954835176467896
8.999699867021278 -0.08699806034564972 -0.02204165607690811 0.07713830471038818 0.07149215042591095 -0.061544518917798996 0.015027187764644623 0.9954271912574768
9.049716867021278 -0.08725392073392868 -0.01129391510039568 0.07603027671575546 0.06940633058547974 -0.06506912410259247 0.020693141967058182 0.9952490329742432
9.099734867021278 -0.08838985860347748 0.001285000704228878 0.07623042911291122 0.06749728322029114 -0.06328269094228745 0.026660632342100143 0.9953535795211792
9.149751867021278 -0.08857140690088272 0.014447251334786415 0.07743611931800842 0.06223893165588379 -0.05643576383590698 0.03218740224838257 0.9959444403648376
9.199768867021277 -0.08356871455907822 0.027645155787467957 0.0780506581068039 0.0537065751850605 -0.05131854861974716 0.03939888998866081 0.9964586496353149
9.249785867021277 -0.07701823860406876 0.040503792464733124 0.0801335796713829 0.04002952203154564 -0.0435294583439827 0.04677434265613556 0.9971534609794617
9.299802867021278 -0.0683736503124237 0.05211653560400009 0.08183206617832184 0.02427460066974163 -0.03426609933376312 0.05513874068856239 0.9975953102111816
9.349820867021277 -0.058990877121686935 0.06558498740196228 0.08391793817281723 0.00954674743115902 -0.021716909483075142 0.062193021178245544 0.9977822303771973
9.399837867021278 -0.049604304134845734 0.07349973917007446 0.08493848890066147 -0.006493124179542065 -0.0010042288340628147 0.06883794814348221 0.9976062774658203
9.449854867021278 -0.03588085249066353 0.08063012361526489 0.085523821413517 -0.01988004893064499 0.01731793023645878 0.07655191421508789 0.9967169761657715
9.499871867021277 -0.024915587157011032 0.08272957056760788 0.08398231118917465 -0.03172542527318001 0.034711141139268875 0.08505373448133469 0.9952660799026489
9.549889867021278 -0.013700862415134907 0.08241425454616547 0.08137255162000656 -0.03965627774596214 0.04920177534222603 0.09482455998659134 0.9934862852096558
9.599906867021277 -0.0037669569719582796 0.07713475823402405 0.0777602270245552 -0.04336189106106758 0.0633416548371315 0.10125653445720673 0.991894543170929
9.649923867021277 0.004228036385029554 0.06575674563646317 0.07564917951822281 -0.043907683342695236 0.07738690823316574 0.10378233343362808 0.990612268447876
9.699940867021278 0.011307191103696823 0.056051596999168396 0.07010865211486816 -0.034445807337760925 0.08760475367307663 0.1009526178240776 0.9904279708862305
9.749958867021277 0.01441219262778759 0.04404746741056442 0.06576483696699142 -0.020047584548592567 0.0977286770939827 0.09000494331121445 0.990932047367096
9.799975867021278 0.016515202820301056 0.03181558474898338 0.061531178653240204 -0.002468592720106244 0.10182452946901321 0.0762985572218895 0.9918690919876099
9.849992867021278 0.014534097164869308 0.018074696883559227 0.05886407569050789 0.012368283234536648 0.10555757582187653 0.06145155802369118 0.9924355745315552
9.900009867021277 0.011576718650758266 0.0038339891470968723 0.057873211801052094 0.02436155453324318 0.10220756381750107 0.04876561462879181 0.9932683706283569
9.950026867021277 0.006435077171772718 -0.0083020543679595 0.057295192033052444 0.03484317660331726 0.0951724499464035 0.03693182021379471 0.9941651225090027
10.000044867021277 0.00019682987476699054 -0.019123433157801628 0.057451583445072174 0.04487622156739235 0.08191218972206116 0.027799278497695923 0.9952405691146851
10.050061867021277 -0.010275110602378845 -0.029001785442233086 0.05849951133131981 0.05451706051826477 0.06539802998304367 0.01844869926571846 0.9961981177330017
10.100078867021278 -0.02032579854130745 -0.03551192209124565 0.060521841049194336 0.06446720659732819 0.04841367155313492 0.009034821763634682 0.9967038631439209
10.150095867021278 -0.03270248696208 -0.040803760290145874 0.06389934569597244 0.07092860341072083 0.03124258480966091 0.0018760774983093143 0.9969902634620667
10.200113867021278 -0.04517915099859238 -0.04176623374223709 0.06739416718482971 0.07651619613170624 0.015003597363829613 -0.003940030932426453 0.9969477653503418
10.250130867021278 -0.0569339282810688 -0.04124300181865692 0.07031353563070297 0.07873990386724472 -0.005584964994341135 -0.006090314593166113 0.9968609809875488
10.300147867021277 -0.0690942034125328 -0.04069319739937782 0.07418913394212723 0.07662642747163773 -0.025828201323747635 -0.0044522760435938835 0.9967153668403625
10.350164867021277 -0.08107854425907135 -0.03694502264261246 0.07790987938642502 0.07361417263746262 -0.04560117796063423 0.0007702376460656524 0.996243417263031
10.400182867021277 -0.09027859568595886 -0.03460113704204559 0.08118489384651184 0.06675852835178375 -0.06265679001808167 0.00792739074677229 0.9957683682441711
10.450199867021277 -0.09923411905765533 -0.028726451098918915 0.08500958234071732 0.061119694262742996 -0.07223101705312729 0.014720899984240532 0.9954046607017517
10.500216867021278 -0.10414798557758331 -0.021854769438505173 0.08698884397745132 0.054068952798843384 -0.08177533000707626 0.0229928158223629 0.9949174523353577
10.550233867021278 -0.10926230251789093 -0.013311536982655525 0.09035710245370865 0.046462029218673706 -0.08330585807561874 0.02908993512392044 0.9950152039527893
10.600251867021278 -0.11106216907501221 -0.003982288762927055 0.09205576032400131 0.03811202570796013 -0.08428390324115753 0.033968616276979446 0.995133101940155
10.650268867021278 -0.10970834642648697 0.006013105157762766 0.09251916408538818 0.027667470276355743 -0.07931124418973923 0.03926559165120125 0.9956920146942139
10.700285867021277 -0.10757071524858475 0.014935624785721302 0.09309594333171844 0.014418124221265316 -0.0705416277050972 0.04661194235086441 0.9963149428367615
10.750302867021277 -0.10288704931735992 0.022690096870064735 0.09303409606218338 4.807339792023413e-05 -0.059720948338508606 0.05505140498280525 0.9966959357261658
10.800319867021278 -0.09427423775196075 0.030404649674892426 0.09089873731136322 -0.014115842990577221 -0.049200333654880524 0.062482479959726334 0.9967327117919922
10.850337867021278 -0.08492137491703033 0.035565756261348724 0.08838014304637909 -0.027080431580543518 -0.03908306732773781 0.07200425863265991 0.9962703585624695
10.900354867021278 -0.07422194629907608 0.03864547237753868 0.08598727732896805 -0.037383902817964554 -0.027782414108514786 0.08059899508953094 0.9956578016281128
10.950371867021278 -0.06270980834960938 0.0393323190510273 0.08211909979581833 -0.04321015626192093 -0.013922035694122314 0.08712497353553772 0.9951624274253845
11.000388867021277 -0.051507916301488876 0.038671985268592834 0.07766769826412201 -0.04360976070165634 0.0038499454967677593 0.08649629354476929 0.9952898621559143
11.050406867021277 -0.039819423109292984 0.035133831202983856 0.07259266078472137 -0.03903191164135933 0.019476670771837234 0.08405574411153793 0.9955058693885803
11.100423867021277 -0.031267520040273666 0.02873927913606167 0.0690850242972374 -0.03316909819841385 0.03720003366470337 0.08036407083272934 0.9955187439918518
11.150440867021278 -0.021315913647413254 0.02413318306207657 0.06488578766584396 -0.021681752055883408 0.0484919399023056 0.07667983323335648 0.9956398010253906
11.200457867021278 -0.013799900189042091 0.016189847141504288 0.06186951324343681 -0.011602832935750484 0.057462841272354126 0.06978002190589905 0.9958384037017822
11.250475867021278 -0.008725523948669434 0.00889491755515337 0.05906356871128082 0.0008761706994846463 0.06392980366945267 0.060406360775232315 0.9961241483688354
11.300492867021278 -0.007345384918153286 0.00230694143101573 0.05791737884283066 0.013339382596313953 0.06631272286176682 0.050410542637109756 0.9964354038238525
11.350509867021277 -0.009646234102547169 -0.0058313035406172276 0.057775188237428665 0.022579161450266838 0.06546276807785034 0.039353471249341965 0.9968230128288269
11.400526867021277 -0.013711288571357727 -0.013633369468152523 0.059228722006082535 0.02922246977686882 0.06036044657230377 0.030213547870516777 0.9972912669181824
11.450543867021278 -0.019867898896336555 -0.01887674815952778 0.06036419793963432 0.0361812449991703 0.0501430444419384 0.02185872569680214 0.9978470802307129
11.500561867021277 -0.02744966931641102 -0.02291255071759224 0.06237052008509636 0.042908672243356705 0.03780876472592354 0.01570644974708557 0.9982398152351379
11.550578867021278 -0.03558776155114174 -0.025873839855194092 0.06396312266588211 0.0485839769244194 0.023089300841093063 0.011834650300443172 0.9984821081161499
11.600595867021278 -0.046813782304525375 -0.027414849027991295 0.06703300029039383 0.05181479826569557 0.01369181927293539 0.009577387012541294 0.9985169768333435
11.650612867021277 -0.05730185657739639 -0.028558019548654556 0.06892956793308258 0.053599726408720016 0.005809684284031391 0.008777713403105736 0.998507022857666
11.700630867021278 -0.06788314878940582 -0.02903672307729721 0.07113061845302582 0.05451967939734459 0.001920616952702403 0.008115359582006931 0.9984778761863708
11.750647867021277 -0.0782376155257225 -0.028745034709572792 0.07265817373991013 0.05593625456094742 -0.0034171161241829395 0.009326537139713764 0.998384952545166
11.800664867021277 -0.08983898162841797 -0.029555346816778183 0.07394563406705856 0.05670815333724022 -0.012836718931794167 0.012356770224869251 0.998231828212738
11.850681867021278 -0.09931394457817078 -0.029834292829036713 0.0745258629322052 0.0565011203289032 -0.024563021957874298 0.01597520522773266 0.9979725480079651
11.900699867021277 -0.10867751389741898 -0.029350731521844864 0.07606653869152069 0.055787093937397 -0.03465139493346214 0.020522480830550194 0.99763023853302
11.950716867021278 -0.11592525243759155 -0.02947687730193138 0.07720132172107697 0.053428132086992264 -0.04024902731180191 0.025967275723814964 0.9974223375320435
12.000733867021278 -0.12203184515237808 -0.02894033119082451 0.07881544530391693 0.05077729746699333 -0.04562307894229889 0.02999328263103962 0.9972164630889893
12.050750867021277 -0.12823213636875153 -0.02784704975783825 0.0799327939748764 0.0486336313188076 -0.04820467531681061 0.033022861927747726 0.99710613489151
12.100768867021278 -0.13088379800319672 -0.027103090658783913 0.0807756781578064 0.04748465493321419 -0.05252910032868385 0.036719292402267456 0.9968137145042419
12.150785867021277 -0.1338377445936203 -0.028669027611613274 0.08283901959657669 0.04545659199357033 -0.05160018801689148 0.03958065062761307 0.9968472719192505
12.200802867021277 -0.1335945427417755 -0.02537424862384796 0.08094795048236847 0.046718355268239975 -0.05026496574282646 0.03875982388854027 0.9968894720077515
12.250819867021278 -0.12698231637477875 -0.02518213540315628 0.08167444169521332 0.044764988124370575 -0.05344299599528313 0.04096263274550438 0.9967256784439087
12.300836867021278 -0.12287607043981552 -0.023200413212180138 0.08424637466669083 0.04200000688433647 -0.0476103276014328 0.04170086234807968 0.9971109628677368
12.350854867021278 -0.1144661083817482 -0.02162746526300907 0.08619961142539978 0.03682784363627434 -0.04162659868597984 0.039939120411872864 0.9976551532745361
12.400871867021278 -0.10444019734859467 -0.01913580112159252 0.08774007111787796 0.03044048696756363 -0.03350457921624184 0.03949029743671417 0.9981940388679504
12.450888867021277 -0.09339212626218796 -0.01836525835096836 0.09019076079130173 0.022222965955734253 -0.02567831054329872 0.038984693586826324 0.9986625909805298
12.500905867021277 -0.08107558637857437 -0.015523438341915607 0.09115789085626602 0.01701575517654419 -0.017085107043385506 0.03866702690720558 0.9989612102508545
12.550923867021277 -0.06784219294786453 -0.014161859638988972 0.09223872423171997 0.012673621997237206 -0.010667531751096249 0.038141388446092606 0.9991350769996643
12.600940867021277 -0.05677037313580513 -0.011816488578915596 0.093166284263134 0.009493639692664146 0.0008061088155955076 0.03634590283036232 0.999293863773346
12.650957867021278 -0.043411049991846085 -0.010137731209397316 0.09475190937519073 0.006571786943823099 0.014224143698811531 0.03524378687143326 0.9992559552192688
12.700974867021278 -0.031004486605525017 -0.008321278728544712 0.09591789543628693 0.004665732849389315 0.024216510355472565 0.03521932289004326 0.9990752935409546
12.750992867021278 -0.019114190712571144 -0.00954354926943779 0.09791658818721771 0.0012782004196196795 0.02994448132812977 0.03612904995679855 0.9988976120948792
12.801009867021278 -0.008789271116256714 -0.012339850887656212 0.09997875988483429 -0.002137382747605443 0.03148053213953972 0.035871412605047226 0.9988582134246826
12.851026867021277 -0.0038340387400239706 -0.015128090977668762 0.10151062160730362 8.673864795127884e-05 0.034175168722867966 0.03423772007226944 0.9988292455673218
12.901043867021277 0.0006105200154706836 -0.019401943311095238 0.10430095344781876 0.0036713206209242344 0.033097054809331894 0.03150418400764465 0.9989487528800964
12.951060867021278 0.00207618554122746 -0.02452251687645912 0.10612200945615768 0.008737076073884964 0.0315713994204998 0.027412235736846924 0.9990873336791992
13.001078867021278 7.582418038509786e-05 -0.02816794440150261 0.10929569602012634 0.01722671277821064 0.03032989613711834 0.02386343851685524 0.9991065859794617
13.051095867021278 0.0002778898342512548 -0.0329916812479496 0.11254705488681793 0.025153452530503273 0.0252577755600214 0.02169743739068508 0.9991289377212524
13.101112867021278 -0.00144928228110075 -0.03704677149653435 0.1163269579410553 0.03381715342402458 0.020982863381505013 0.021178876981139183 0.9989833235740662
13.151129867021277 -0.0034170704893767834 -0.03993895649909973 0.12114031612873077 0.042217694222927094 0.015600531361997128 0.0208558551967144 0.9987689256668091
13.201147867021277 -0.006872913800179958 -0.04180459678173065 0.1251731663942337 0.04984232783317566 0.009921847842633724 0.020499754697084427 0.9984974265098572
13.251164867021277 -0.011966650374233723 -0.043929506093263626 0.12975363433361053 0.05311470851302147 0.004004271700978279 0.019651930779218674 0.9983870387077332
13.301181867021278 -0.0166475810110569 -0.042986005544662476 0.13255764544010162 0.05718110501766205 -0.0008449846645817161 0.02123691327869892 0.9981375932693481
13.351198867021278 -0.021084895357489586 -0.043029095977544785 0.13333965837955475 0.05591733008623123 -0.004026410169899464 0.02189962938427925 0.9981871247291565
13.401216867021278 -0.02504611946642399 -0.042282938957214355 0.13347876071929932 0.05285622924566269 -0.011583046056330204 0.02508787252008915 0.9982197284698486
13.451233867021278 -0.029165633022785187 -0.03995311260223389 0.1316542774438858 0.047397416085004807 -0.010927684605121613 0.027299147099256516 0.9984431862831116
13.501250867021277 -0.034077487885951996 -0.03576183319091797 0.1290816366672516 0.041409291326999664 -0.008583719842135906 0.02999289147555828 0.9986551403999329
13.551267867021277 -0.03748857229948044 -0.031704675406217575 0.12440378218889236 0.035054877400398254 -0.010671860538423061 0.031726136803627014 0.9988247156143188
13.601285867021277 -0.0428817979991436 -0.029052579775452614 0.11881363391876221 0.02842564322054386 -0.012301653623580933 0.031055739149451256 0.9990376234054565
13.651302867021277 -0.05075544863939285 -0.025796009227633476 0.11205311119556427 0.0244697704911232 -0.015178131870925426 0.029519053176045418 0.9991493821144104
13.701319867021278 -0.05732246860861778 -0.023383231833577156 0.10483845323324203 0.02009468339383602 -0.01997002214193344 0.027436720207333565 0.9992220401763916
13.751336867021278 -0.0649162158370018 -0.018328992649912834 0.09807571023702621 0.01891167275607586 -0.02879161201417446 0.02696305699646473 0.999042809009552
13.801353867021277 -0.07434947043657303 -0.015753306448459625 0.0915864109992981 0.015478281304240227 -0.03091604821383953 0.02643379382789135 0.9990525245666504
13.851371867021278 -0.08124101907014847 -0.013608085922896862 0.08580107986927032 0.013395107351243496 -0.03596838563680649 0.028555115684866905 0.9988551139831543
13.901388867021277 -0.08781172335147858 -0.012141180224716663 0.07989230751991272 0.011548109352588654 -0.04182571545243263 0.03299041464924812 0.9985133409500122
13.951405867021277 -0.09429372847080231 -0.009922423399984837 0.0761278048157692 0.011925287544727325 -0.04545130208134651 0.038536664098501205 0.9981517791748047
14.001422867021278 -0.10128510743379593 -0.009082158096134663 0.07242332398891449 0.012416974641382694 -0.05351504683494568 0.044037237763404846 0.9975183010101318
14.051440867021277 -0.10989449173212051 -0.009692368097603321 0.07083023339509964 0.012536460533738136 -0.05757766216993332 0.04661725088953972 0.9971732497215271
14.101457867021278 -0.11749424785375595 -0.008728977292776108 0.07000894844532013 0.013770423829555511 -0.06485792994499207 0.04827141389250755 0.9966312050819397
14.151474867021278 -0.12530861794948578 -0.009649371728301048 0.06914844363927841 0.015117090195417404 -0.07724372297525406 0.05062764883041382 0.995611310005188
14.201491867021277 -0.12954957783222198 -0.010830249637365341 0.06756990402936935 0.018686678260564804 -0.08852355182170868 0.05505264550447464 0.994376003742218
14.251509867021278 -0.13225769996643066 -0.010610807687044144 0.06829237192869186 0.025494251400232315 -0.09592203050851822 0.062184590846300125 0.9931173920631409
14.301526867021277 -0.13221994042396545 -0.015367775224149227 0.06960590183734894 0.03133656829595566 -0.10285500437021255 0.07279007136821747 0.9915344715118408
14.351543867021277 -0.1300337016582489 -0.017883028835058212 0.07028427720069885 0.04264380410313606 -0.1080017238855362 0.0880390927195549 0.9893261790275574
14.401560867021278 -0.12340573966503143 -0.02125343680381775 0.0695020779967308 0.05477176606655121 -0.11261321604251862 0.10805288702249527 0.9862266778945923
14.451577867021278 -0.11544803529977798 -0.024565327912569046 0.06843458861112595 0.06645423173904419 -0.11440128833055496 0.13151051104068756 0.982446551322937
14.501595867021278 -0.1060260757803917 -0.025996236130595207 0.06776852905750275 0.0792762041091919 -0.11331441253423691 0.15414643287658691 0.9783220887184143
14.551612867021278 -0.09603692591190338 -0.026398181915283203 0.06747706234455109 0.09099341183900833 -0.10790738463401794 0.16904854774475098 0.9754480123519897
14.601629867021277 -0.08857139945030212 -0.025825221091508865 0.06591267883777618 0.10191219300031662 -0.09978923946619034 0.17638364434242249 0.973932683467865
14.651646867021277 -0.08124265819787979 -0.025384508073329926 0.06486743688583374 0.10907615721225739 -0.09169518947601318 0.17494554817676544 0.9742116928100586
14.701664867021277 -0.07441387325525284 -0.022631607949733734 0.06272291392087936 0.11348411440849304 -0.08430804312229156 0.16985031962394714 0.9752765893936157
14.751681867021277 -0.06829380244016647 -0.020778939127922058 0.06430577486753464 0.11255458742380142 -0.0782555341720581 0.16144542396068573 0.9773141741752625
14.801698867021278 -0.06377603113651276 -0.01981397345662117 0.06528888642787933 0.10585493594408035 -0.07224898785352707 0.1500217318534851 0.9803408980369568
14.851715867021278 -0.059192296117544174 -0.018279194831848145 0.06736250221729279 0.09560193866491318 -0.06754814088344574 0.13507534563541412 0.9838964343070984
14.901733867021278 -0.05345853045582771 -0.016400139778852463 0.06937966495752335 0.08115368336439133 -0.0638282373547554 0.11430439352989197 0.9880660772323608
14.951750867021278 -0.05488726124167442 -0.01459432765841484 0.07328851521015167 0.06445375829935074 -0.054428063333034515 0.08773474395275116 0.992565393447876
15.001767867021277 -0.05408555641770363 -0.01041893009096384 0.07742170244455338 0.046144384890794754 -0.047425802797079086 0.058032065629959106 0.9961193799972534
15.051784867021277 -0.05344661697745323 -0.006201156880706549 0.0803675651550293 0.027183789759874344 -0.04276387766003609 0.029417412355542183 0.9982820153236389
15.101802867021277 -0.05255991593003273 -0.000705244077835232 0.0833289623260498 0.00805650744587183 -0.03952601179480553 0.0008408839930780232 0.9991857409477234
15.151819867021278 -0.05390104651451111 0.005127657204866409 0.08754553645849228 -0.009963701479136944 -0.0349370539188385 -0.024207700043916702 0.9990466237068176
15.201836867021278 -0.053821370005607605 0.010772625915706158 0.09085191786289215 -0.025990046560764313 -0.026882315054535866 -0.047235485166311264 0.9981837272644043
15.251853867021278 -0.054671380668878555 0.01575370319187641 0.0953056737780571 -0.04101604223251343 -0.015296285040676594 -0.06727617979049683 0.9967736005783081
15.301870867021277 -0.054143525660037994 0.0214077141135931 0.09940746426582336 -0.05470127984881401 -0.003453050507232547 -0.08605732023715973 0.9947813749313354
15.351888867021277 -0.055848103016614914 0.027365652844309807 0.10329806804656982 -0.06732518970966339 0.0076357717625796795 -0.1043129488825798 0.9922337532043457
15.401905867021277 -0.05527869239449501 0.03293367102742195 0.10612981021404266 -0.07902827113866806 0.012462591752409935 -0.1222134530544281 0.9892740249633789
15.451922867021278 -0.05806926637887955 0.036282848566770554 0.109377920627594 -0.0906829982995987 0.014684559777379036 -0.13505585491657257 0.9865702390670776
15.501939867021278 -0.057393189519643784 0.03882192075252533 0.10939262062311172 -0.09494432806968689 0.007200261112302542 -0.13864246010780334 0.9857545495033264
15.551957867021278 -0.0590403713285923 0.038714468479156494 0.10871224105358124 -0.09217263758182526 -0.00040801981231197715 -0.13170142471790314 0.9869948625564575
15.601974867021278 -0.06017758697271347 0.03492400050163269 0.1057925671339035 -0.08024071902036667 -0.008328074589371681 -0.1149320974946022 0.9900922775268555
15.651991867021277 -0.06421498954296112 0.02890891395509243 0.10399345308542252 -0.05988850072026253 -0.004552353639155626 -0.0926462858915329 0.9938859939575195
15.702008867021277 -0.06222088634967804 0.0208379328250885 0.09982357919216156 -0.03585658222436905 -0.0017615428660064936 -0.06609922647476196 0.9971670508384705
15.752026867021277 -0.06274432688951492 0.013466418720781803 0.09561368077993393 -0.009285406209528446 0.000641592254396528 -0.038135889917612076 0.9992292523384094
15.802043867021277 -0.062312159687280655 0.0063788630068302155 0.09046263992786407 0.01571277715265751 -0.0006694623734802008 -0.00883371289819479 0.9998373985290527
15.852060867021278 -0.0649978443980217 0.0014071802143007517 0.08626270294189453 0.04100169613957405 -0.0014359097694978118 0.018460627645254135 0.9989874958992004
15.902077867021278 -0.06677331775426865 -0.0042974441312253475 0.08195698261260986 0.06077418848872185 -0.0001320790033787489 0.043546561151742935 0.9972012639045715
15.952094867021277 -0.06971839815378189 -0.007891560904681683 0.07861515134572983 0.07718472182750702 0.0032493046019226313 0.06306223571300507 0.9950151443481445
16.002112867021278 -0.07467327266931534 -0.00971374474465847 0.07428533583879471 0.08998773992061615 0.005482114385813475 0.07703797519207001 0.9929437637329102
16.05212986702128 -0.08142620325088501 -0.011110605672001839 0.07060113549232483 0.09938923269510269 0.005505905486643314 0.08527019619941711 0.9913730621337891
16.10214686702128 -0.08891909569501877 -0.011621144600212574 0.06586308032274246 0.10595812648534775 0.0025701194535940886 0.08906318992376328 0.9903706312179565
16.152163867021276 -0.09748058021068573 -0.01092130783945322 0.06223291903734207 0.11023952811956406 -0.00021361382096074522 0.09142114222049713 0.9896915555000305
16.202181867021277 -0.10624406486749649 -0.010539391078054905 0.0599755197763443 0.11228339374065399 -0.0017466527642682195 0.09403747320175171 0.9892150163650513
16.252198867021278 -0.11417610943317413 -0.01031184010207653 0.055941201746463776 0.11227836459875107 -0.008355364203453064 0.1002407819032669 0.9885725378990173
16.30221586702128 -0.11852362006902695 -0.007911911234259605 0.05355404317378998 0.11387209594249725 -0.019373547285795212 0.11192627996206284 0.9869804978370667
16.35223286702128 -0.12135510891675949 -0.007355017121881247 0.05200789496302605 0.1116364598274231 -0.02522995136678219 0.12709268927574158 0.9852656126022339
16.402250867021277 -0.12423516064882278 -0.0038620708510279655 0.05358843505382538 0.11002388596534729 -0.02478032372891903 0.14112892746925354 0.9835463166236877
16.452267867021277 -0.12155666202306747 -0.0019795421976596117 0.05555572360754013 0.10237707942724228 -0.022003378719091415 0.15055117011070251 0.9830408096313477
16.502284867021277 -0.12199936807155609 0.0018017070833593607 0.05796818435192108 0.09694637358188629 -0.016601184383034706 0.1567600965499878 0.9827268719673157
16.552301867021278 -0.11246790736913681 0.0025128184352070093 0.05866537243127823 0.0936308354139328 -0.011805552057921886 0.15926234424114227 0.9827153086662292
16.60231986702128 -0.10480600595474243 0.004008284769952297 0.059739746153354645 0.09377779811620712 0.0031536377500742674 0.15992070734500885 0.9826602935791016
16.652336867021276 -0.09642400592565536 0.007764005102217197 0.06182665750384331 0.09447938948869705 0.012729327194392681 0.15373572707176208 0.9835023880004883
16.702353867021277 -0.0886714905500412 0.01047163549810648 0.06513237953186035 0.09315064549446106 0.019254708662629128 0.14468292891979218 0.9848954677581787
16.752370867021277 -0.08151044696569443 0.010804364457726479 0.06974466890096664 0.08809269964694977 0.024476060643792152 0.13175001740455627 0.9870575666427612
16.802387867021277 -0.07358191162347794 0.010560307651758194 0.07364712655544281 0.08300614356994629 0.024983983486890793 0.11802012473344803 0.9892204999923706
16.85240586702128 -0.06548735499382019 0.01114196889102459 0.07837831228971481 0.07939907163381577 0.02755848877131939 0.10098985582590103 0.991331160068512
16.90242286702128 -0.05765895918011665 0.008387398906052113 0.08271593600511551 0.07362129539251328 0.03162664175033569 0.08702392131090164 0.9929786324501038
16.952439867021276 -0.048154331743717194 0.007539387792348862 0.08598966151475906 0.0746210366487503 0.03030974417924881 0.07439801096916199 0.9939708709716797
17.002456867021277 -0.03913506492972374 0.0029368135146796703 0.08928053826093674 0.074772909283638 0.02932792715728283 0.06240279600024223 0.9948139786720276
17.052474867021278 -0.03897010162472725 -0.0025787733029574156 0.09257588535547256 0.07711770385503769 0.030868902802467346 0.05116667225956917 0.9952296614646912
17.10249186702128 -0.03776787221431732 -0.006383517291396856 0.09461633116006851 0.08307427912950516 0.025035088881850243 0.038659028708934784 0.9954785108566284
17.15250886702128 -0.03982953354716301 -0.012000170536339283 0.09697827696800232 0.08695023506879807 0.020837171003222466 0.025860099121928215 0.9956589937210083
17.20252586702128 -0.04359434172511101 -0.0159650556743145 0.09971465170383453 0.09216900169849396 0.013610489666461945 0.013000350445508957 0.9955654740333557
17.252543867021277 -0.046574823558330536 -0.018125860020518303 0.09963136166334152 0.09793057292699814 0.0017391340807080269 0.0033261629287153482 0.9951861500740051
17.302560867021278 -0.05393923074007034 -0.018527435138821602 0.09949301183223724 0.10416676849126816 -0.009387246333062649 -0.0037945255171507597 0.9945083260536194
17.352577867021278 -0.06239907443523407 -0.01762198843061924 0.09972062706947327 0.10878483951091766 -0.018468709662556648 -0.007807596120983362 0.993863046169281
17.40259486702128 -0.07060562819242477 -0.01394690852612257 0.09981545805931091 0.11297975480556488 -0.02882670797407627 -0.006949859671294689 0.993154764175415
17.45261186702128 -0.08044613152742386 -0.008693036623299122 0.10015463083982468 0.11522676050662994 -0.03581590577960014 -0.0053877513855695724 0.9926787614822388
17.502629867021277 -0.08837676048278809 -0.002719431882724166 0.1012934073805809 0.11319100111722946 -0.04229907691478729 -0.00011834765609819442 0.9926725029945374
17.552646867021277 -0.09504075348377228 0.005601254757493734 0.1013847216963768 0.10902388393878937 -0.04660918191075325 0.006192436441779137 0.9929265379905701
17.602663867021278 -0.10121960937976837 0.012043194845318794 0.10379765927791595 0.09974905848503113 -0.04715733975172043 0.014215479604899883 0.9937928915023804
17.652680867021278 -0.10702233761548996 0.02237791381776333 0.10477729141712189 0.09305094182491302 -0.04395849257707596 0.023093704134225845 0.994422435760498
17.702698867021276 -0.10750935226678848 0.03211638331413269 0.10563898086547852 0.08479605615139008 -0.04120254889130592 0.031930215656757355 0.9950339198112488
17.752715867021276 -0.10695647448301315 0.0412299744784832 0.10560043156147003 0.07491567730903625 -0.03451596200466156 0.04190831631422043 0.9957107901573181
17.802732867021277 -0.10339277237653732 0.05135885626077652 0.10467162728309631 0.06580877304077148 -0.023437878116965294 0.052994947880506516 0.9961482882499695
17.852749867021277 -0.09918349981307983 0.059497568756341934 0.1033477708697319 0.05290426313877106 -0.008764910511672497 0.06316255033016205 0.9965615272521973
17.90276786702128 -0.09490048140287399 0.06524423509836197 0.10102492570877075 0.0397033765912056 0.008029738441109657 0.07098432630300522 0.9966545701026917
17.95278486702128 -0.09060128033161163 0.06922557204961777 0.0974189043045044 0.026696307584643364 0.025335432961583138 0.07709584385156631 0.9963441491127014
18.002801867021276 -0.08588533103466034 0.06970752030611038 0.0927455872297287 0.013768281787633896 0.04102378338575363 0.07957988977432251 0.9958888292312622
18.052818867021276 -0.08149131387472153 0.06765646487474442 0.0877995416522026 0.002382662845775485 0.053140584379434586 0.07916249334812164 0.9954414367675781
18.102836867021278 -0.07880145311355591 0.0628734827041626 0.08328845351934433 -0.0070871454663574696 0.06679390370845795 0.07687673717737198 0.9947755336761475
18.15285386702128 -0.07219351828098297 0.053179964423179626 0.07741808891296387 -0.015738703310489655 0.07520215958356857 0.07374820113182068 0.9943128824234009
18.20287086702128 -0.07020892947912216 0.04160618036985397 0.07334186136722565 -0.02034602127969265 0.08020361512899399 0.07013638317584991 0.9940997362136841
18.25288786702128 -0.06652148067951202 0.03168531134724617 0.07016926258802414 -0.022982841357588768 0.08430680632591248 0.06619966775178909 0.9939727783203125
18.302904867021276 -0.0632583349943161 0.021389812231063843 0.06922037899494171 -0.02560020238161087 0.08110883086919785 0.063339963555336 0.994361162185669
18.352922867021277 -0.0583675242960453 0.010407192632555962 0.0684140995144844 -0.030864985659718513 0.0733306035399437 0.061722561717033386 0.9949172735214233
18.402939867021278 -0.055612772703170776 -0.002608095994219184 0.07085824012756348 -0.037156593054533005 0.062486711889505386 0.05742763727903366 0.9956992864608765
18.45295686702128 -0.0529676228761673 -0.01227587927132845 0.0726691260933876 -0.04094024375081062 0.05264784395694733 0.049241211265325546 0.9965577721595764
18.50297386702128 -0.05528481677174568 -0.021066302433609962 0.076166070997715 -0.03807650879025459 0.04224023222923279 0.039818406105041504 0.9975873827934265
18.552991867021277 -0.05633882060647011 -0.029760541394352913 0.07827185839414597 -0.03375942260026932 0.03056376799941063 0.0284288190305233 0.998557984828949
18.603008867021277 -0.06049620360136032 -0.03609402850270271 0.08036041259765625 -0.027334952726960182 0.021362710744142532 0.015222250483930111 0.9992821216583252
18.653025867021277 -0.0655447244644165 -0.040816061198711395 0.08251681923866272 -0.02166481874883175 0.011635285802185535 0.0028342155274003744 0.9996936321258545
18.703042867021278 -0.0719962790608406 -0.04234681650996208 0.08433648943901062 -0.01592419296503067 0.003660487709566951 -0.007636618334800005 0.9998373985290527
18.75306086702128 -0.07769173383712769 -0.0434182845056057 0.08744733780622482 -0.013959784992039204 -0.008562874980270863 -0.015143833123147488 0.9997512698173523
18.803077867021276 -0.08345969021320343 -0.04127125069499016 0.09129801392555237 -0.0149517972022295 -0.017141910269856453 -0.02124626748263836 0.9995154738426208
18.853094867021277 -0.09007558226585388 -0.038282833993434906 0.09612132608890533 -0.01973324455320835 -0.026853598654270172 -0.02383299171924591 0.9991604089736938
18.903111867021277 -0.09445462375879288 -0.0343935526907444 0.1000891849398613 -0.027880607172846794 -0.034634094685316086 -0.022892683744430542 0.998748779296875
18.953128867021277 -0.09815407544374466 -0.02796325460076332 0.10288497805595398 -0.03556707873940468 -0.04282115399837494 -0.01622970774769783 0.9983175992965698
19.00314686702128 -0.10240505635738373 -0.022736292332410812 0.10591838508844376 -0.04483955726027489 -0.04943924397230148 -0.007880587130784988 0.9977390170097351
19.05316386702128 -0.10324881970882416 -0.013774696737527847 0.1054060161113739 -0.050891242921352386 -0.056261755526065826 0.0022517004981637 0.9971156716346741
19.103180867021276 -0.10209877043962479 -0.007014350965619087 0.10572205483913422 -0.059973619878292084 -0.056267812848091125 0.013269633986055851 0.9965245127677917
19.153197867021277 -0.10053043812513351 0.00023763737408444285 0.10419623553752899 -0.06995458155870438 -0.05071546137332916 0.023760134354233742 0.9959768056869507
19.203215867021278 -0.09615077823400497 0.005956308450549841 0.1012381762266159 -0.08019202947616577 -0.047732871025800705 0.03605757653713226 0.9949828386306763
19.25323286702128 -0.08868949860334396 0.011407224461436272 0.09860508888959885 -0.08994777500629425 -0.035588834434747696 0.046908024698495865 0.9942044615745544
19.30324986702128 -0.08263401687145233 0.014677533879876137 0.09604848176240921 -0.10086622834205627 -0.021514026448130608 0.05655064061284065 0.9930585622787476
19.35326686702128 -0.07273611426353455 0.0162003505975008 0.09263215214014053 -0.11221648752689362 -0.00783584639430046 0.06307634711265564 0.9916489124298096
19.403284867021277 -0.06530250608921051 0.015787137672305107 0.09069155901670456 -0.11901514232158661 0.0045407116413116455 0.06619305908679962 0.9906731247901917
19.453301867021278 -0.05723830312490463 0.01415574923157692 0.08974553644657135 -0.1209871917963028 0.019882747903466225 0.06359361857175827 0.9904153943061829
19.503318867021278 -0.05053193122148514 0.012692347168922424 0.08959679305553436 -0.11572429537773132 0.03476895019412041 0.05777263268828392 0.9909901022911072
19.55333586702128 -0.04209907352924347 0.009631692431867123 0.08990856260061264 -0.10904337465763092 0.04239773377776146 0.05350445210933685 0.9916900396347046
19.603353867021276 -0.03546224907040596 0.004531391896307468 0.09221310168504715 -0.10309784859418869 0.04959762468934059 0.04931461438536644 0.9922091960906982
19.653370867021277 -0.031358759850263596 0.0008231555111706257 0.09544834494590759 -0.09579866379499435 0.05343736335635185 0.04644060507416725 0.9928798675537109
19.703387867021277 -0.025305552408099174 -0.0058631012216210365 0.0986003652215004 -0.09218090027570724 0.057498786598443985 0.041557587683200836 0.9932117462158203
19.753404867021278 -0.020616287365555763 -0.007950947619974613 0.10303011536598206 -0.08485676348209381 0.06196272000670433 0.03555474430322647 0.9938288927078247
19.803421867021278 -0.015651321038603783 -0.01242414303123951 0.10820470750331879 -0.08127105236053467 0.06657573580741882 0.03346167877316475 0.9939029216766357
19.853439867021276 -0.014093244448304176 -0.015093970112502575 0.1121368333697319 -0.07610856741666794 0.06940172612667084 0.033786993473768234 0.9941073656082153
19.903456867021276 -0.01083946879953146 -0.018612703308463097 0.11785541474819183 -0.07476136833429337 0.07023809850215912 0.03598770499229431 0.9940735697746277
19.953473867021277 -0.01046817097812891 -0.019846735522150993 0.11980962753295898 -0.07128821313381195 0.06993255764245987 0.03593148663640022 0.9943522214889526
20.003490867021277 -0.01007714681327343 -0.021086018532514572 0.12245891243219376 -0.06965632736682892 0.06612958759069443 0.03593352064490318 0.9947279691696167
20.05350886702128 -0.01426673773676157 -0.020440388470888138 0.12382376194000244 -0.0668225884437561 0.0575253963470459 0.03609223663806915 0.9954511523246765
20.10352586702128 -0.01890646666288376 -0.0186908058822155 0.12485089898109436 -0.06478855013847351 0.044686563313007355 0.0330374538898468 0.9963504076004028
20.153542867021276 -0.029766526073217392 -0.018750740215182304 0.12670855224132538 -0.0681261345744133 0.03602735698223114 0.029683446511626244 0.9965840578079224
20.203559867021276 -0.040881332010030746 -0.020993294194340706 0.12789687514305115 -0.07622894644737244 0.026908449828624725 0.026934852823615074 0.9963632225990295
20.253577867021278 -0.05179975554347038 -0.021223900839686394 0.1274740844964981 -0.08214020729064941 0.013503961265087128 0.024932894855737686 0.9962173104286194
20.30359486702128 -0.06289944797754288 -0.0206666998565197 0.12534427642822266 -0.08569898456335068 -0.0029352805577218533 0.02206507883965969 0.9960724711418152
20.35361186702128 -0.07417947053909302 -0.02105064131319523 0.1229422315955162 -0.0879892110824585 -0.021151337772607803 0.0204537995159626 0.9956867694854736
20.40362886702128 -0.08479415625333786 -0.02128610759973526 0.11986591666936874 -0.08769635111093521 -0.040252648293972015 0.019068870693445206 0.9951509833335876
20.453645867021276 -0.09591110050678253 -0.021339312195777893 0.11666176468133926 -0.08654303848743439 -0.05524711310863495 0.019548555836081505 0.9945229887962341
20.503663867021277 -0.1053474023938179 -0.022233469411730766 0.11341719329357147 -0.08363949507474899 -0.07257237285375595 0.021533582359552383 0.9936165809631348
20.553680867021278 -0.11442801356315613 -0.021638326346874237 0.1110757514834404 -0.08069385588169098 -0.0854133814573288 0.023561827838420868 0.9927930235862732
20.60369786702128 -0.12152256816625595 -0.021387064829468727 0.10780061781406403 -0.07543719559907913 -0.09881838411092758 0.02631884627044201 0.99189293384552
20.65371486702128 -0.1277589499950409 -0.02147819474339485 0.10552352666854858 -0.06917750835418701 -0.10137077420949936 0.02170911245048046 0.9922031760215759
20.703732867021277 -0.12976787984371185 -0.022101983428001404 0.10233156383037567 -0.061233945190906525 -0.10523546487092972 0.016651388257741928 0.9924206137657166
20.753749867021277 -0.13167990744113922 -0.025933317840099335 0.10085730254650116 -0.0568598248064518 -0.1017419844865799 0.01673046499490738 0.9930436015129089
20.803766867021277 -0.1229574903845787 -0.023700635880231857 0.09998439997434616 -0.05081213638186455 -0.10311266034841537 0.020961573347449303 0.9931498169898987
20.853783867021278 -0.11405805498361588 -0.023127852007746696 0.10149543732404709 -0.05035564675927162 -0.09743709862232208 0.028636688366532326 0.9935543537139893
20.90380186702128 -0.10452928394079208 -0.02110549621284008 0.10454460233449936 -0.051715899258852005 -0.08439931273460388 0.03547387197613716 0.9944565892219543
20.953818867021276 -0.09252636134624481 -0.0197836272418499 0.10643773525953293 -0.05331479012966156 -0.07228165864944458 0.03905535116791725 0.9951922297477722
21.003835867021277 -0.08312905579805374 -0.017611756920814514 0.11026066541671753 -0.05400661379098892 -0.05295777693390846 0.039243265986442566 0.9963628053665161
21.053852867021277 -0.07147805392742157 -0.015572704374790192 0.11315864324569702 -0.05329935625195503 -0.03760504350066185 0.03598922863602638 0.9972211122512817
21.10387086702128 -0.05934892222285271 -0.014575513079762459 0.1166510358452797 -0.05262833088636398 -0.020519202575087547 0.03121861070394516 0.9979152083396912
21.15388786702128 -0.047456856817007065 -0.013713759370148182 0.11929028481245041 -0.051636725664138794 -0.0065900892950594425 0.026859208941459656 0.9982829689979553
21.20390486702128 -0.03681209683418274 -0.01305483840405941 0.12337320297956467 -0.050749436020851135 0.010035362094640732 0.021700304001569748 0.9984252452850342
21.253921867021276 -0.02538571134209633 -0.014382588677108288 0.12696129083633423 -0.05351051688194275 0.02566673792898655 0.01785709522664547 0.9980776906013489
21.303938867021277 -0.015530138276517391 -0.014552676118910313 0.1303340345621109 -0.05417589098215103 0.04141334071755409 0.013653126545250416 0.9975789189338684
21.353956867021278 -0.006653320975601673 -0.015945902094244957 0.13422386348247528 -0.056695278733968735 0.05600259080529213 0.009134461171925068 0.9967778325080872
21.40397386702128 0.0035223064478486776 -0.016717415302991867 0.13644523918628693 -0.05860688164830208 0.0638880506157875 0.006877283100038767 0.9962109923362732
21.45399086702128 0.007620884571224451 -0.01834016852080822 0.1390366107225418 -0.06133681535720825 0.07373039424419403 0.004653423558920622 0.9953793287277222
21.50400786702128 0.00871253851801157 -0.024550434201955795 0.14079760015010834 -0.06553523987531662 0.07460028678178787 0.007082060910761356 0.9950326085090637
21.554025867021277 0.011477519758045673 -0.027735117822885513 0.13994956016540527 -0.06405200064182281 0.07047924399375916 0.007073632441461086 0.9954295754432678
21.604042867021278 0.011524510569870472 -0.031611643731594086 0.13748393952846527 -0.06033846363425255 0.0643373355269432 0.009142205119132996 0.9960604906082153
21.654059867021278 0.009916331619024277 -0.03716399520635605 0.13597145676612854 -0.05789712071418762 0.05915503203868866 0.011860664933919907 0.9964978694915771
21.70407686702128 0.004104618914425373 -0.04234161600470543 0.13400894403457642 -0.053611136972904205 0.056219808757305145 0.015248434618115425 0.996861457824707
21.754094867021276 -0.0016023671487346292 -0.0499621145427227 0.13268958032131195 -0.05084386095404625 0.05141741782426834 0.0158391110599041 0.9972564578056335
21.804111867021277 -0.006626137066632509 -0.05805272236466408 0.1322413980960846 -0.048037610948085785 0.04593343660235405 0.013277122750878334 0.9977004528045654
21.854128867021277 -0.013242131099104881 -0.06478459388017654 0.13058757781982422 -0.04486432671546936 0.03995903581380844 0.006282606162130833 0.9981738924980164
21.904145867021278 -0.0224362313747406 -0.06954998522996902 0.12861867249011993 -0.03912274166941643 0.03516616299748421 -0.004058911930769682 0.9986071586608887
21.954162867021278 -0.03299952298402786 -0.07327611744403839 0.12610313296318054 -0.031005382537841797 0.025492921471595764 -0.015650814399123192 0.999071478843689
22.004180867021276 -0.043686393648386 -0.07707228511571884 0.12355005741119385 -0.0247910488396883 0.01755046471953392 -0.02783789671957493 0.9991508722305298
22.054197867021276 -0.05469239130616188 -0.07989795506000519 0.12161244451999664 -0.019956843927502632 0.009657137095928192 -0.037240780889987946 0.9990603923797607
22.104214867021277 -0.06426436454057693 -0.07947365194559097 0.11979112774133682 -0.015895340591669083 0.0007670142222195864 -0.0435919463634491 0.9989227056503296
22.154231867021277 -0.0737314373254776 -0.0795534998178482 0.11805351078510284 -0.013152439147233963 -0.010400180704891682 -0.045320622622966766 0.9988317489624023
22.20424986702128 -0.08191754668951035 -0.07931184768676758 0.11634509265422821 -0.011425869539380074 -0.018834857270121574 -0.044653814285993576 0.9987596273422241
22.25426686702128 -0.08889110386371613 -0.07686914503574371 0.11565110832452774 -0.00967831164598465 -0.020302601158618927 -0.04226166382431984 0.9988534450531006
22.304283867021276 -0.09322412312030792 -0.07272368669509888 0.11337616294622421 -0.006571882404386997 -0.025385618209838867 -0.03844575211405754 0.9989166259765625
22.354300867021276 -0.09745074063539505 -0.06630788743495941 0.11371225863695145 -0.004011728335171938 -0.02723059430718422 -0.03345729783177376 0.999061107635498
22.404318867021278 -0.10276380181312561 -0.05525500327348709 0.11550520360469818 0.0006088456138968468 -0.023074772208929062 -0.02950618602335453 0.999298095703125
22.45433586702128 -0.10306598246097565 -0.04438772425055504 0.1162007600069046 0.0012609836412593722 -0.023770051077008247 -0.025079788640141487 0.9994020462036133
22.50435286702128 -0.1052626222372055 -0.030424362048506737 0.11759838461875916 0.0022248150780797005 -0.024548407644033432 -0.020703164860606194 0.9994817972183228
22.55436986702128 -0.1078093945980072 -0.015466572716832161 0.12192100286483765 -0.0006275573396123946 -0.023122292011976242 -0.01703272946178913 0.99958735704422
22.604387867021277 -0.11051875352859497 0.000606435991358012 0.1256520003080368 -0.004127838648855686 -0.02140696905553341 -0.016268586739897728 0.9996299743652344
22.654404867021277 -0.112422876060009 0.01599900797009468 0.12977242469787598 -0.011379729025065899 -0.016203399747610092 -0.017750175669789314 0.9996464252471924
22.704421867021278 -0.11286795884370804 0.030515817925333977 0.13448350131511688 -0.022134490311145782 -0.014816317707300186 -0.018305182456970215 0.9994776248931885
22.75443886702128 -0.11182447522878647 0.04449142888188362 0.138767272233963 -0.034707073122262955 -0.013796999119222164 -0.01779530756175518 0.9991438388824463
22.80445586702128 -0.11121487617492676 0.05709746107459068 0.14348164200782776 -0.05101161450147629 -0.010807870887219906 -0.012856977060437202 0.9985568523406982
22.854473867021277 -0.10838200896978378 0.06786727905273438 0.14617429673671722 -0.06585713475942612 -0.012317271903157234 -0.005541387479752302 0.9977376461029053
22.904490867021277 -0.10702210664749146 0.07633248716592789 0.14921686053276062 -0.07988946884870529 -0.010822009295225143 0.0016647424781695008 0.9967436194419861
22.954507867021277 -0.10574352741241455 0.08125590533018112 0.15092313289642334 -0.08776131272315979 -0.007457203697413206 0.007958289235830307 0.9960818290710449
23.004524867021278 -0.10212557762861252 0.08293382078409195 0.150340273976326 -0.0908137857913971 -0.0058313957415521145 0.012666596099734306 0.995770275592804
23.05454286702128 -0.10356651246547699 0.07983667403459549 0.15042367577552795 -0.08978817611932755 0.0017404768150299788 0.015470028854906559 0.9958392381668091
23.104559867021276 -0.1050487756729126 0.07283969968557358 0.1474762111902237 -0.08908393979072571 0.004072669427841902 0.020847925916314125 0.9957976341247559
23.154576867021277 -0.10439785569906235 0.062459852546453476 0.14445027709007263 -0.08616786450147629 0.007805363275110722 0.021124420687556267 0.9960260987281799
23.204593867021277 -0.10101797431707382 0.04943523928523064 0.14137789607048035 -0.0833565890789032 0.008013869635760784 0.022156232967972755 0.9962412118911743
23.25461186702128 -0.1001836284995079 0.034125182777643204 0.1372143030166626 -0.08105382323265076 0.009858882054686546 0.0206071138381958 0.9964479804039001
23.30462886702128 -0.10191641747951508 0.01734490506350994 0.13432101905345917 -0.08014597743749619 0.017975902184844017 0.01948838122189045 0.9964304566383362
23.35464586702128 -0.09847060590982437 0.0011069150641560555 0.1304297000169754 -0.07777287811040878 0.024272371083498 0.014584675431251526 0.9965689182281494
23.404662867021276 -0.09737657010555267 -0.01586480811238289 0.12867476046085358 -0.07390423864126205 0.035640016198158264 0.010671356692910194 0.9965711832046509
23.454679867021277 -0.09726198762655258 -0.030940715223550797 0.12690071761608124 -0.06943564862012863 0.04279175400733948 0.007763612549751997 0.9966380000114441
23.504697867021278 -0.09739948809146881 -0.04514344409108162 0.12631601095199585 -0.06400184333324432 0.04694753512740135 0.005690994206815958 0.9968286156654358
23.55471486702128 -0.0950755774974823 -0.05651407688856125 0.12602144479751587 -0.06006436422467232 0.04586347937583923 0.006327256094664335 0.9971202611923218
23.60473186702128 -0.09485568851232529 -0.06675323098897934 0.12656977772712708 -0.05761346220970154 0.04846567660570145 0.004966050386428833 0.9971495270729065
23.654748867021276 -0.0945160984992981 -0.07361042499542236 0.12908878922462463 -0.05474323779344559 0.050785381346940994 0.003565644845366478 0.9972018003463745
23.704766867021277 -0.09423797577619553 -0.07585476338863373 0.1323297619819641 -0.04783743619918823 0.05529359355568886 0.0021279833745211363 0.9973212480545044
23.754783867021278 -0.09427029639482498 -0.07661455869674683 0.13573892414569855 -0.04066793620586395 0.05899632349610329 -0.0006425250321626663 0.9974293112754822
23.804800867021278 -0.0950162261724472 -0.0753716379404068 0.13908468186855316 -0.0350627675652504 0.05801662057638168 -0.003701568115502596 0.9976928234100342
23.85481786702128 -0.0957222729921341 -0.06481229513883591 0.14328187704086304 -0.02579783834517002 0.05382002145051956 -0.004966548178344965 0.9982050061225891
23.904835867021276 -0.09667495638132095 -0.0568176731467247 0.14648857712745667 -0.02285545878112316 0.04915174841880798 -0.005389986094087362 0.9985153079032898
23.954852867021277 -0.0981624498963356 -0.04453873261809349 0.1496993899345398 -0.018709467723965645 0.04880598187446594 -0.006280867848545313 0.9986133575439453
24.004869867021277 -0.09902624785900116 -0.029554232954978943 0.15347667038440704 -0.016810322180390358 0.051461901515722275 -0.005843338556587696 0.9985163807868958
24.054886867021278 -0.0998329445719719 -0.013137465342879295 0.15663112699985504 -0.015909407287836075 0.0524558462202549 -0.007684064097702503 0.998466968536377
24.10490486702128 -0.10235752910375595 0.002906979061663151 0.16038472950458527 -0.019108405336737633 0.054926078766584396 -0.008745141327381134 0.9982693195343018
24.154921867021276 -0.10421697795391083 0.017936324700713158 0.16227702796459198 -0.022465718910098076 0.05337032303214073 -0.007091479375958443 0.998296856880188
24.204938867021276 -0.10392048954963684 0.03174567595124245 0.16386297345161438 -0.0267843846231699 0.04864560440182686 -0.004685382824391127 0.998445987701416
24.254955867021277 -0.1044875979423523 0.04283063858747482 0.16535648703575134 -0.03686842322349548 0.0463222935795784 0.0005199547740630805 0.9982458353042603
24.304972867021277 -0.10351965576410294 0.0530293770134449 0.16780869662761688 -0.04853289574384689 0.04524889960885048 0.007423030212521553 0.9977685213088989
24.35499086702128 -0.09903565794229507 0.06040039658546448 0.16806933283805847 -0.06285304576158524 0.04595232754945755 0.018313324078917503 0.9967961311340332
24.40500786702128 -0.09631703794002533 0.06523825228214264 0.1691352277994156 -0.07437576353549957 0.05458960682153702 0.027138760313391685 0.9953652024269104
24.455024867021276 -0.09116695076227188 0.06754177808761597 0.16578088700771332 -0.08212649822235107 0.05699792131781578 0.03570151329040527 0.9943499565124512
24.505041867021276 -0.0904262363910675 0.06523633003234863 0.16447383165359497 -0.08707490563392639 0.06242106854915619 0.04290785640478134 0.9933179616928101
24.555059867021278 -0.08660200983285904 0.061775315552949905 0.16032347083091736 -0.08491325378417969 0.06316400319337845 0.04857056587934494 0.9931973814964294
24.60507686702128 -0.08748763054609299 0.05264415591955185 0.15827538073062897 -0.08263474702835083 0.06551845371723175 0.045452915132045746 0.993384599685669
24.65509386702128 -0.0882808044552803 0.04253695160150528 0.15488608181476593 -0.07260778546333313 0.06770280748605728 0.03856230154633522 0.994312584400177
24.70511086702128 -0.09194690734148026 0.031952306628227234 0.1512574851512909 -0.05840363726019859 0.0677303820848465 0.028986839577555656 0.9955708980560303
24.755128867021277 -0.09889394789934158 0.0225706547498703 0.14810846745967865 -0.04035303369164467 0.06325986981391907 0.018720999360084534 0.9970052242279053
24.805145867021277 -0.10555413365364075 0.013011780567467213 0.1443474441766739 -0.023748967796564102 0.049433156847953796 0.00879676267504692 0.9984562993049622
24.855162867021278 -0.11588622629642487 0.005375754088163376 0.14235250651836395 -0.010914860293269157 0.03261605650186539 -0.0034078960306942463 0.9994025826454163
24.90517986702128 -0.126699298620224 0.0003734093043021858 0.14027272164821625 -0.001413250807672739 0.014143481850624084 -0.013709310442209244 0.9998049736022949
24.95519686702128 -0.13785408437252045 -0.003138123545795679 0.13936728239059448 0.0041380454786121845 -0.0057724216021597385 -0.022541973739862442 0.9997207522392273
25.005214867021277 -0.14795781672000885 -0.004300219006836414 0.13810889422893524 0.008398668840527534 -0.024135123938322067 -0.02711467072367668 0.9993056654930115
25.055231867021277 -0.15720951557159424 -0.006745457649230957 0.13698582351207733 0.008275619708001614 -0.041711755096912384 -0.02923562563955784 0.9986675977706909
25.105248867021277 -0.16227000951766968 -0.008374437689781189 0.1364603042602539 0.007527527865022421 -0.05467798933386803 -0.028438154608011246 0.9980706572532654
25.155265867021278 -0.1674126237630844 -0.007697616703808308 0.13602112233638763 0.009153717197477818 -0.0629020631313324 -0.024732062593102455 0.9976713061332703
25.20528386702128 -0.16645604372024536 -0.007103516720235348 0.13477014005184174 0.01071704737842083 -0.0677979588508606 -0.017091546207666397 0.9974951148033142
25.255300867021276 -0.16499648988246918 -0.008202788420021534 0.13391833007335663 0.00724185723811388 -0.06415461748838425 -0.009845489636063576 0.9978651404380798
25.305317867021277 -0.15830859541893005 -0.0056812455877661705 0.13494841754436493 0.004163253586739302 -0.05696486309170723 -0.003308831714093685 0.9983620047569275
25.355334867021277 -0.15061210095882416 -0.0017631895607337356 0.13648831844329834 -0.0007927133119665086 -0.045999184250831604 0.0024266832042485476 0.998938262462616
25.40535286702128 -0.14312036335468292 0.0005244143540039659 0.13835588097572327 -0.010499028488993645 -0.03299211338162422 0.0038842272479087114 0.9993929266929626
25.45536986702128 -0.13295462727546692 0.00273437169380486 0.1406984180212021 -0.02285127155482769 -0.01701025478541851 0.004106865730136633 0.999585747718811
25.505386867021276 -0.12156321108341217 0.005983837880194187 0.14343556761741638 -0.03498834744095802 0.0003253122267778963 0.003562917234376073 0.9993813633918762
25.555403867021276 -0.109490305185318 0.008725719526410103 0.14677132666110992 -0.047063443809747696 0.02089594677090645 0.0027368213050067425 0.9986696243286133
25.605421867021278 -0.09498586505651474 0.01293132919818163 0.14859037101268768 -0.05556204169988632 0.03913942351937294 0.0036289915442466736 0.997681200504303
25.655438867021278 -0.081025131046772 0.014933446422219276 0.15174788236618042 -0.0651472955942154 0.05940455198287964 0.007731616031378508 0.9960759282112122
25.70545586702128 -0.06635759770870209 0.017235998064279556 0.15451382100582123 -0.07190673798322678 0.07788754254579544 0.014620768837630749 0.9942581653594971
25.75547286702128 -0.05272199958562851 0.01721768081188202 0.1569395214319229 -0.07719334959983826 0.09542930871248245 0.02313418500125408 0.9921689629554749
25.805489867021276 -0.03871660307049751 0.01634916476905346 0.15896180272102356 -0.08074511587619781 0.11111752688884735 0.029453270137310028 0.990083634853363
25.855507867021277 -0.028717130422592163 0.016445469111204147 0.16055279970169067 -0.08127551525831223 0.12829382717609406 0.03356613218784332 0.9878301620483398
25.905524867021278 -0.01940978690981865 0.014234613627195358 0.16163285076618195 -0.08065347373485565 0.14177481830120087 0.03684242069721222 0.985919713973999
25.955541867021278 -0.0133073003962636 0.010115193203091621 0.16217148303985596 -0.08028208464384079 0.15091770887374878 0.038815394043922424 0.9845161437988281
26.00555886702128 -0.0074927918612957 0.003613770240917802 0.1625775843858719 -0.07909680902957916 0.1563149392604828 0.04081348702311516 0.9836887717247009
26.055576867021276 -0.007438319735229015 -0.005291575565934181 0.16368061304092407 -0.07767851650714874 0.16007284820079803 0.04381351172924042 0.9830682873725891
26.105593867021277 -0.005746064241975546 -0.013956528156995773 0.16300037503242493 -0.07570239156484604 0.16176632046699524 0.04605032131075859 0.9828429818153381
26.155610867021277 -0.008772769942879677 -0.023901525884866714 0.16152483224868774 -0.07417047023773193 0.16290676593780518 0.04602581635117531 0.9827725291252136
26.205627867021278 -0.010574588552117348 -0.03382286801934242 0.1616961508989334 -0.07343993335962296 0.16567206382751465 0.047188762575387955 0.982309877872467
26.25564586702128 -0.014757613651454449 -0.044566478580236435 0.16165345907211304 -0.0744415819644928 0.1701284646987915 0.04454731196165085 0.9815957546234131
26.305662867021276 -0.019125789403915405 -0.053646788001060486 0.15960407257080078 -0.07470900565385818 0.16798317432403564 0.04118158295750618 0.9820917844772339
26.355679867021276 -0.02498559281229973 -0.06302177906036377 0.15776632726192474 -0.07308387756347656 0.16098856925964355 0.03434479236602783 0.9836472272872925
26.405696867021277 -0.034127309918403625 -0.06864207237958908 0.15635210275650024 -0.06664373725652695 0.1517775058746338 0.026992134749889374 0.9857960343360901
26.455713867021277 -0.044215984642505646 -0.07444820553064346 0.1584366410970688 -0.0607798770070076 0.14545169472694397 0.018151307478547096 0.9873298406600952
26.50573186702128 -0.05412033200263977 -0.07736310362815857 0.15848438441753387 -0.05113121494650841 0.13720425963401794 0.01044091023504734 0.9891671538352966
26.55574886702128 -0.0641983225941658 -0.07873959839344025 0.16150283813476562 -0.04303998127579689 0.1295849084854126 0.006193234119564295 0.9906144142150879
26.605765867021276 -0.07220451533794403 -0.08042322844266891 0.16477838158607483 -0.03755733743309975 0.12186412513256073 0.007282649632543325 0.9918092489242554
26.655782867021276 -0.08043341338634491 -0.08170338720083237 0.16910499334335327 -0.03245588019490242 0.1171899363398552 0.012336543761193752 0.9925023913383484
26.705800867021278 -0.08565845340490341 -0.08285614103078842 0.17421677708625793 -0.027385972440242767 0.11205774545669556 0.020708099007606506 0.9931083917617798
26.75581786702128 -0.09285852313041687 -0.08265496790409088 0.1797942966222763 -0.021733136847615242 0.10726764798164368 0.02951497957110405 0.9935543537139893
26.80583486702128 -0.09696000069379807 -0.08333105593919754 0.1856430470943451 -0.017637891694903374 0.10332177579402924 0.03888401761651039 0.9937312006950378
26.85585186702128 -0.10157891362905502 -0.0837538093328476 0.19017276167869568 -0.01158573292195797 0.09704387933015823 0.04767552390694618 0.9940701127052307
26.905869867021277 -0.10639223456382751 -0.08374180644750595 0.19533933699131012 -0.006936685182154179 0.0963560938835144 0.055229801684617996 0.9937893152236938
26.955886867021277 -0.11115014553070068 -0.08457958698272705 0.19994224607944489 -0.003876043949276209 0.09127513319253922 0.057872842997312546 0.9941351413726807
27.005903867021278 -0.11679591238498688 -0.08270148932933807 0.20314182341098785 0.0010900837369263172 0.08771587908267975 0.05902397260069847 0.9943947792053223
27.05592086702128 -0.1214786022901535 -0.08161294460296631 0.2063935548067093 0.001438958221115172 0.08282031118869781 0.05717683210968971 0.994921863079071
27.105938867021276 -0.12593163549900055 -0.08017832040786743 0.2073061317205429 0.0011895850766450167 0.06867241859436035 0.055900104343891144 0.9960712790489197
27.155955867021277 -0.13044346868991852 -0.07687682658433914 0.20725028216838837 0.0021659538615494967 0.058742642402648926 0.05280505120754242 0.9968732595443726
27.205972867021277 -0.13459253311157227 -0.07386208325624466 0.20533595979213715 0.0007988062570802867 0.050392501056194305 0.04680590331554413 0.9976317882537842
27.255989867021277 -0.13642847537994385 -0.07197942584753036 0.20058758556842804 -0.0019219635287299752 0.04430943354964256 0.03930238261818886 0.9982426166534424
27.306006867021278 -0.13789640367031097 -0.0674864873290062 0.1963788866996765 -0.0016825218917801976 0.040089160203933716 0.03325416520237923 0.9986411929130554
27.356024867021276 -0.13788163661956787 -0.06200661510229111 0.19002850353717804 -0.0005831540911458433 0.03805423900485039 0.030023811385035515 0.998824417591095
27.406041867021276 -0.1373717486858368 -0.055165745317935944 0.18247732520103455 0.0023295567370951176 0.04188775271177292 0.029388628900051117 0.9986873269081116
27.456058867021277 -0.1342713087797165 -0.05110635980963707 0.17303501069545746 0.0008594511309638619 0.04298118129372597 0.02881496213376522 0.9986599087715149
27.506075867021277 -0.13042373955249786 -0.04640664905309677 0.1621159017086029 9.261342347599566e-05 0.045502182096242905 0.029256047680974007 0.9985357522964478
27.55609386702128 -0.126020148396492 -0.04245534911751747 0.15117113292217255 -0.001945870229974389 0.04659249261021614 0.03019535355269909 0.9984555840492249
27.60611086702128 -0.12101612240076065 -0.03798903524875641 0.13662220537662506 -0.001987190917134285 0.049217503517866135 0.029961837455630302 0.998336672782898
27.656127867021276 -0.1173567846417427 -0.033294107764959335 0.12474443018436432 -0.0003360567206982523 0.05373081564903259 0.02927144058048725 0.9981262683868408
27.706144867021276 -0.11329863965511322 -0.02954358421266079 0.11004496365785599 0.0003988071403000504 0.056195635348558426 0.026835542172193527 0.9980590343475342
27.756162867021278 -0.10829902440309525 -0.02532411925494671 0.09441424161195755 0.0006429045461118221 0.05978010222315788 0.023949023336172104 0.9979240298271179
27.806179867021278 -0.10277078300714493 -0.022811587899923325 0.0798162892460823 -0.0024622734636068344 0.06950850039720535 0.022974306717514992 0.9973137378692627
27.85619686702128 -0.09771672636270523 -0.020309515297412872 0.06613058596849442 -0.0044964756816625595 0.08213239908218384 0.021880343556404114 0.9963711500167847
27.90621386702128 -0.09343408793210983 -0.019475741311907768 0.05370274558663368 -0.007875935174524784 0.09466365724802017 0.022250523790717125 0.9952295422554016
27.956230867021276 -0.08783180266618729 -0.01805213652551174 0.042309392243623734 -0.010245141573250294 0.1090555265545845 0.024155249819159508 0.9936893582344055
28.006248867021277 -0.08079340308904648 -0.01711948961019516 0.031598370522260666 -0.01283864863216877 0.12387488782405853 0.028015390038490295 0.9918192028999329
28.056265867021278 -0.07405202090740204 -0.017438441514968872 0.021780282258987427 -0.015519732609391212 0.13778117299079895 0.033274002373218536 0.9897820353507996
28.106282867021278 -0.07048100978136063 -0.017524078488349915 0.015545068308711052 -0.017162051051855087 0.15456707775592804 0.03976663202047348 0.9870325326919556
28.15629986702128 -0.06118856370449066 -0.018921853974461555 0.006633362267166376 -0.01750062219798565 0.1648443192243576 0.046593766659498215 0.9850630164146423
28.206317867021276 -0.059553004801273346 -0.019691765308380127 0.00077177828643471 -0.01543623860925436 0.1825149804353714 0.053806427866220474 0.9816083312034607
28.256334867021277 -0.05911263823509216 -0.023413358256220818 -0.0031172367744147778 -0.013942922465503216 0.19619867205619812 0.06064676493406296 0.9785876274108887
28.306351867021277 -0.05985090509057045 -0.028837699443101883 -0.005529191344976425 -0.012906641699373722 0.20383216440677643 0.06404945254325867 0.9768232107162476
28.356368867021278 -0.06181987002491951 -0.03390432521700859 -0.007323647849261761 -0.009801633656024933 0.20145583152770996 0.06222433224320412 0.9774700999259949
28.40638686702128 -0.0645543783903122 -0.037385243922472 -0.011758146807551384 -0.006698907352983952 0.19136591255664825 0.05631101131439209 0.9798792600631714
28.456403867021276 -0.0729571208357811 -0.03968921676278114 -0.01480082981288433 -0.002387728076428175 0.17992308735847473 0.04794425517320633 0.9825087189674377
28.506420867021276 -0.08595926314592361 -0.040448423475027084 -0.013596353121101856 0.0024654732551425695 0.16805772483348846 0.039979711174964905 0.984963059425354
28.556437867021277 -0.09893640130758286 -0.042327363044023514 -0.013003034517168999 0.005584084894508123 0.15100057423114777 0.032084353268146515 0.9879971146583557
28.60645586702128 -0.11275386065244675 -0.043906357139348984 -0.010568920522928238 0.007421793881803751 0.12903349101543427 0.026991765946149826 0.9912450909614563
28.65647286702128 -0.12368524819612503 -0.04310012236237526 -0.010302669368684292 0.007750277407467365 0.11239363998174667 0.02448350191116333 0.9933319091796875
28.70648986702128 -0.13314345479011536 -0.04096513241529465 -0.00980345532298088 0.0076161655597388744 0.09518939256668091 0.025620119646191597 0.9951003789901733
28.756506867021276 -0.14162279665470123 -0.038385819643735886 -0.009114539250731468 0.005537036340683699 0.08334361016750336 0.02853144332766533 0.9960969686508179
28.806523867021276 -0.14854887127876282 -0.0347009003162384 -0.009746394120156765 0.00449410080909729 0.07142142206430435 0.033528219908475876 0.9968724250793457
28.856541867021278 -0.1555602252483368 -0.029052922502160072 -0.011653095483779907 0.0027584910858422518 0.06295664608478546 0.0379209890961647 0.9972918033599854
28.90655886702128 -0.1598535180091858 -0.023637065663933754 -0.013819173909723759 0.0008267089142464101 0.05763806402683258 0.043954186141490936 0.9973692297935486
28.95657586702128 -0.16093651950359344 -0.01722390204668045 -0.017445404082536697 -0.0017895807977765799 0.051017988473176956 0.05062785744667053 0.9974120855331421
29.00659286702128 -0.16602060198783875 -0.013365477323532104 -0.02082156576216221 -0.006633216515183449 0.05452550947666168 0.05593840405344963 0.9969221949577332
29.056610867021277 -0.16385959088802338 -0.006251826882362366 -0.02574208192527294 -0.009206709451973438 0.05369534343481064 0.06178126484155655 0.9966018199920654
29.106627867021277 -0.16287833452224731 -9.104763739742339e-05 -0.030517578125 -0.014610370621085167 0.06067577376961708 0.0656939446926117 0.9958862662315369
29.156644867021278 -0.15675441920757294 0.005360333248972893 -0.03434544801712036 -0.0215760525316 0.0691317543387413 0.07091651111841202 0.9948498606681824
29.20666186702128 -0.15077269077301025 0.009202220477163792 -0.039780549705028534 -0.029022322967648506 0.07935784757137299 0.07552071660757065 0.9935576319694519
29.256679867021276 -0.14552901685237885 0.01107337698340416 -0.04372578114271164 -0.03356119245290756 0.08838498592376709 0.078340545296669 0.9924336075782776
29.306696867021277 -0.1395750194787979 0.012734677642583847 -0.04752454161643982 -0.03707192838191986 0.0994003638625145 0.08081711083650589 0.9910670518875122
29.356713867021277 -0.1343696415424347 0.011708148755133152 -0.050541531294584274 -0.03862627595663071 0.11213803291320801 0.08102437853813171 0.9896302819252014
29.406730867021277 -0.1287011206150055 0.011703030206263065 -0.05372164025902748 -0.03638544678688049 0.12359444051980972 0.07934442907571793 0.9884862303733826
29.456747867021278 -0.12538792192935944 0.006447222083806992 -0.05662471801042557 -0.03282792493700981 0.13328801095485687 0.07488172501325607 0.9876990914344788
29.506765867021276 -0.12171533703804016 -0.0001920595532283187 -0.057812437415122986 -0.026651427149772644 0.1374834030866623 0.07046506553888321 0.9876348972320557
29.556782867021276 -0.12240084260702133 -0.004429919645190239 -0.059412695467472076 -0.01709936372935772 0.13886667788028717 0.06382609158754349 0.9881042242050171
29.606799867021277 -0.12525507807731628 -0.012236012145876884 -0.05829155072569847 -0.009387119673192501 0.139035165309906 0.05531507357954979 0.988696813583374
29.656816867021277 -0.12899023294448853 -0.015152320265769958 -0.05644822120666504 0.0012517591239884496 0.1325771063566208 0.04705015569925308 0.9900546073913574
29.70683486702128 -0.13555747270584106 -0.022677702829241753 -0.0543442964553833 0.008116750046610832 0.12103764712810516 0.036906976252794266 0.9919283986091614
29.75685186702128 -0.14331252872943878 -0.027515390887856483 -0.050475914031267166 0.015325868502259254 0.10366872698068619 0.028385212644934654 0.9940886497497559
29.806868867021276 -0.1519405096769333 -0.0318787507712841 -0.04547450318932533 0.020973926410079002 0.08396107703447342 0.02116137556731701 0.9960235357284546
29.856885867021276 -0.16078178584575653 -0.03691874071955681 -0.039021044969558716 0.023100532591342926 0.0647081583738327 0.01510699838399887 0.9975224733352661
29.906903867021278 -0.16807477176189423 -0.038892485201358795 -0.03375282511115074 0.02511420287191868 0.04395096376538277 0.010902442038059235 0.9986584782600403
29.956920867021278 -0.17525580525398254 -0.03994768485426903 -0.02845180220901966 0.02534213662147522 0.030604837462306023 0.008216670714318752 0.9991765022277832
30.00693786702128 -0.18138782680034637 -0.04052674025297165 -0.023989303037524223 0.024753058329224586 0.01934993825852871 0.007800843100994825 0.99947589635849
30.05695486702128 -0.18710990250110626 -0.037649791687726974 -0.02069610171020031 0.025241486728191376 0.013399669900536537 0.010244930163025856 0.9995391368865967
30.106972867021277 -0.19058185815811157 -0.037438634783029556 -0.01874386891722679 0.022882049903273582 0.007538382429629564 0.014851772226393223 0.9995993971824646
30.156989867021277 -0.19437308609485626 -0.03585955500602722 -0.016524584963917732 0.019921397790312767 0.009763922542333603 0.020848676562309265 0.9995365142822266
30.207006867021278 -0.19214780628681183 -0.03112698346376419 -0.018775099888443947 0.019680136814713478 0.012718251906335354 0.02878493443131447 0.9993109703063965
30.257023867021278 -0.18934261798858643 -0.028003331273794174 -0.019608210772275925 0.01648535206913948 0.016960712149739265 0.037367500364780426 0.9990217089653015
30.30704086702128 -0.1823624223470688 -0.022786566987633705 -0.02176569402217865 0.015420522540807724 0.01900552026927471 0.04376239702105522 0.9987421631813049
30.357058867021276 -0.1731337606906891 -0.022176897153258324 -0.021610021591186523 0.010435173287987709 0.02255387045443058 0.04724031686782837 0.9985743761062622
30.407075867021277 -0.16482485830783844 -0.017588315531611443 -0.022722793743014336 0.007804002147167921 0.029809903353452682 0.048221655189991 0.9983612298965454
30.457092867021277 -0.15288813412189484 -0.014319478534162045 -0.02470485121011734 0.003935107961297035 0.035249724984169006 0.04606227949261665 0.9983087182044983
30.507109867021278 -0.1435810923576355 -0.008895168080925941 -0.0256146602332592 0.0024891067296266556 0.044294752180576324 0.04183965176343918 0.9981389045715332
30.55712786702128 -0.13228601217269897 -0.0058315210044384 -0.02708541788160801 0.0005852771573700011 0.04701213911175728 0.038578253239393234 0.9981489777565002
30.607144867021276 -0.12009237706661224 -0.002972964197397232 -0.029787857085466385 -0.00032415171153843403 0.05069117248058319 0.03367501497268677 0.9981464743614197
30.657161867021276 -0.1058303639292717 -0.0016903260257095098 -0.032563887536525726 -0.0010168375447392464 0.05637091398239136 0.029643867164850235 0.9979692101478577
30.707178867021277 -0.09446869045495987 0.00037757508107461035 -0.03539180010557175 0.0002924827567767352 0.06997712701559067 0.02589787356555462 0.9972124099731445
30.75719686702128 -0.08260641247034073 0.0007368318038061261 -0.03735645115375519 0.0007093348540365696 0.08486725389957428 0.024736590683460236 0.996084988117218
30.80721386702128 -0.07131557166576385 0.0023409330751746893 -0.0400715246796608 0.001626449404284358 0.09890815615653992 0.02384129911661148 0.9948096871376038
30.85723086702128 -0.061511170119047165 0.002363751642405987 -0.04166419804096222 0.0029177444521337748 0.11451853811740875 0.02369888685643673 0.9931341409683228
30.907247867021276 -0.053679924458265305 0.003271650057286024 -0.04247739538550377 0.0036557281855493784 0.13189101219177246 0.0241736751049757 0.9909626841545105
30.957264867021276 -0.04643912985920906 0.004043396562337875 -0.04338112473487854 0.004246169701218605 0.14753906428813934 0.02474314533174038 0.9887375831604004
31.007282867021278 -0.04206909239292145 0.002580033615231514 -0.043842509388923645 0.0020860673394054174 0.1565602421760559 0.027620645239949226 0.9872799515724182
31.05729986702128 -0.04109989479184151 -0.0013647841988131404 -0.039617642760276794 -0.0031017125584185123 0.15989907085895538 0.028749089688062668 0.9867097735404968
31.10731686702128 -0.04581742733716965 0.001577210146933794 -0.04112684354186058 -0.0017937023658305407 0.15589593350887299 0.028796600177884102 0.9873520731925964
31.15733386702128 -0.05321972072124481 0.0026928125880658627 -0.04043957591056824 0.000933044299017638 0.1507195234298706 0.027090780436992645 0.9882048964500427
31.207351867021277 -0.0640864148736 0.0025911342818289995 -0.03999791666865349 0.00287054805085063 0.1449580192565918 0.023434923961758614 0.9891560673713684
31.257368867021277 -0.07486395537853241 0.0008782753720879555 -0.03980231285095215 0.004432738292962313 0.13047157227993011 0.02182668447494507 0.9912018775939941
31.307385867021278 -0.0890328660607338 0.0002029367897193879 -0.03624780848622322 0.005712468177080154 0.1201525405049324 0.02145613543689251 0.9925071001052856
31.35740286702128 -0.10294511169195175 -0.0009521710453554988 -0.034400925040245056 0.005588062573224306 0.10909488052129745 0.02277825027704239 0.9937546849250793
31.407420867021276 -0.1175541803240776 -0.0013465620577335358 -0.03258047625422478 0.005128717981278896 0.09373148530721664 0.0242607481777668 0.9952886700630188
31.457437867021277 -0.13010914623737335 -0.0010733389062806964 -0.030528388917446136 0.005443146452307701 0.07943093031644821 0.028675546869635582 0.996412992477417
31.507454867021277 -0.14462624490261078 -0.0020046751014888287 -0.02760794758796692 0.003210825612768531 0.06285463273525238 0.033321313560009 0.9974611401557922
31.557471867021277 -0.15659698843955994 -6.468255014624447e-05 -0.02699940651655197 0.0028522852808237076 0.045988280326128006 0.037675611674785614 0.9982272386550903
31.60748986702128 -0.16896454989910126 0.001700865221209824 -0.023730220273137093 0.0014934943756088614 0.02983713708817959 0.04125520959496498 0.9987019300460815
31.657506867021276 -0.18072018027305603 0.0033980547450482845 -0.02190382406115532 -1.2138314559706487e-05 0.013970731757581234 0.043980780988931656 0.9989347457885742
31.707523867021276 -0.19061823189258575 0.0018383737187832594 -0.019599683582782745 -0.003909541293978691 -0.0017818133346736431 0.04704662412405014 0.9988835453987122
31.757540867021277 -0.19885428249835968 0.005079683847725391 -0.01951862871646881 -0.00485209608450532 -0.019573576748371124 0.04843030124902725 0.9986230134963989
31.807557867021277 -0.2056325227022171 0.006206810474395752 -0.017562607303261757 -0.007985703647136688 -0.03101237490773201 0.048955295234918594 0.9982874393463135
31.85757586702128 -0.21109367907047272 0.005022475030273199 -0.016136586666107178 -0.01224623341113329 -0.04064064845442772 0.0491645373404026 0.997888445854187
31.90759286702128 -0.2126448154449463 0.008864791132509708 -0.01632140576839447 -0.01115573849529028 -0.04812940955162048 0.04808104783296585 0.9976208806037903
31.957609867021276 -0.20973996818065643 0.0023345742374658585 -0.01062814798206091 -0.015118325129151344 -0.05082748085260391 0.049643054604530334 0.9973583221435547
32.00762686702128 -0.20930199325084686 0.004998852964490652 -0.013552097603678703 -0.011914309114217758 -0.04657519981265068 0.047142211347818375 0.9977306723594666
32.057644867021274 -0.197811096906662 0.006321695167571306 -0.01732541434466839 -0.008435984142124653 -0.04793199896812439 0.047797612845897675 0.9976707100868225
32.10766186702128 -0.1873643845319748 0.00828920304775238 -0.016873424872756004 -0.005536593962460756 -0.04153531417250633 0.04623271897435188 0.9980514645576477
32.157678867021275 -0.17238150537014008 0.008537041954696178 -0.017220227047801018 -0.005795560777187347 -0.03067215532064438 0.045756060630083084 0.998464822769165
32.20769586702128 -0.15829165279865265 0.011701231822371483 -0.017370104789733887 -0.006588637363165617 -0.0167208444327116 0.047709256410598755 0.9986996650695801
32.25771386702128 -0.14167550206184387 0.013062635436654091 -0.018349485471844673 -0.010081424377858639 -0.006096402183175087 0.050287775695323944 0.9986652731895447
32.30773086702128 -0.12682180106639862 0.013104259967803955 -0.01980428211390972 -0.014481732621788979 0.00639340141788125 0.05387658253312111 0.9984221458435059
32.357747867021274 -0.11120416969060898 0.012945624999701977 -0.02074172906577587 -0.01862945780158043 0.013935012742877007 0.05532962456345558 0.9981971383094788
32.40776486702128 -0.09715909510850906 0.011946354061365128 -0.022826896980404854 -0.021824348717927933 0.024180997163057327 0.05655540153384209 0.997868001461029
32.457781867021275 -0.08541196584701538 0.011019575409591198 -0.023722119629383087 -0.02122608944773674 0.032842349261045456 0.05701887607574463 0.9976070523262024
32.507799867021276 -0.07622631639242172 0.006545612588524818 -0.02503734827041626 -0.018549686297774315 0.04227384179830551 0.055702511221170425 0.9973796606063843
32.55781686702128 -0.07071304321289062 -0.0003876867704093456 -0.02629917673766613 -0.011402751319110394 0.05119546130299568 0.05560325086116791 0.9970743656158447
32.60783386702128 -0.06545326858758926 -0.007513392250984907 -0.029441483318805695 -0.0010676910169422626 0.05864456668496132 0.051323164254426956 0.9969581961631775
32.657850867021274 -0.06316027790307999 -0.017852742224931717 -0.031953487545251846 0.011024351231753826 0.06347782164812088 0.044886693358421326 0.9969123601913452
32.707868867021276 -0.061451926827430725 -0.027720589190721512 -0.03486870601773262 0.02443494088947773 0.06507199257612228 0.03711247444152832 0.9968908429145813
32.75788586702128 -0.06377235800027847 -0.0367579460144043 -0.03782288730144501 0.03903847932815552 0.0666775330901146 0.03103310614824295 0.9965275526046753
32.80790286702128 -0.06578493863344193 -0.04520862549543381 -0.04051337018609047 0.05152156576514244 0.06567425280809402 0.026058148592710495 0.99616938829422
32.85791986702128 -0.06949274986982346 -0.053335580974817276 -0.04333321377635002 0.06147013604640961 0.06437201052904129 0.024108165875077248 0.9957391619682312
32.907937867021275 -0.07458022236824036 -0.06226249411702156 -0.04358837381005287 0.06779458373785019 0.060912445187568665 0.02309209667146206 0.9955703616142273
32.95795486702128 -0.08081629127264023 -0.06619603931903839 -0.0446036271750927 0.0757751539349556 0.0590951070189476 0.020735112950205803 0.9951562285423279
33.007971867021276 -0.08723918348550797 -0.0663825273513794 -0.04450955241918564 0.08347181230783463 0.05637110397219658 0.018723001703619957 0.9947382807731628
33.05798886702128 -0.09764253348112106 -0.06405222415924072 -0.04106929525732994 0.08767681568861008 0.053942661732435226 0.016344334930181503 0.9945531487464905
33.10800686702128 -0.1030934751033783 -0.05836281180381775 -0.041113197803497314 0.09072127938270569 0.04612996056675911 0.01820480078458786 0.9946408271789551
33.15802386702128 -0.11218937486410141 -0.052748747169971466 -0.03891051188111305 0.08917712420225143 0.043252233415842056 0.019583582878112793 0.9948835372924805
33.208040867021275 -0.12267294526100159 -0.0413786917924881 -0.0339832603931427 0.08895174413919449 0.04068365693092346 0.023381007835268974 0.9949300289154053
33.25805786702128 -0.13277678191661835 -0.030352657660841942 -0.02973911538720131 0.08541906625032425 0.03683185949921608 0.02689467929303646 0.995300829410553
33.308074867021276 -0.1419277787208557 -0.018943024799227715 -0.026775119826197624 0.07964680343866348 0.03003336675465107 0.03217606619000435 0.9958509802818298
33.35809286702128 -0.1509746015071869 -0.009015931747853756 -0.02153874561190605 0.07183438539505005 0.020818475633859634 0.03794443979859352 0.9964771866798401
33.40810986702128 -0.1603705734014511 0.0035532498732209206 -0.01732434332370758 0.06708084791898727 0.011046894825994968 0.043500062078237534 0.9967375993728638
33.45812686702128 -0.16899581253528595 0.014135317876935005 -0.013775202445685863 0.061408959329128265 0.0006417168769985437 0.049955591559410095 0.9968615770339966
33.508143867021275 -0.17735391855239868 0.024794690310955048 -0.010004602372646332 0.0552685372531414 -0.005699471570551395 0.05608862265944481 0.9968786239624023
33.558161867021276 -0.18468321859836578 0.03582078590989113 -0.007040449883788824 0.04969297721982002 -0.01410658098757267 0.06310427188873291 0.9966692328453064
33.60817886702128 -0.19105760753154755 0.04709969460964203 -0.0035370681434869766 0.044048912823200226 -0.019652510061860085 0.0679205060005188 0.9965240955352783
33.65819586702128 -0.19560664892196655 0.053702887147665024 -0.0011367014376446605 0.035965368151664734 -0.02777739241719246 0.07370292395353317 0.9962443709373474
33.70821286702128 -0.20165212452411652 0.05771369859576225 -0.0002185186604037881 0.030652161687612534 -0.03210281580686569 0.07738541811704636 0.9960127472877502
33.758230867021275 -0.20357567071914673 0.0597364716231823 6.261514499783516e-05 0.02790704369544983 -0.0369778610765934 0.08078792691230774 0.9956541657447815
33.80824786702128 -0.2011500746011734 0.05982070043683052 -0.002326388144865632 0.02546350099146366 -0.04253394901752472 0.0864400640130043 0.9950229525566101
33.858264867021276 -0.1991070657968521 0.059898845851421356 -0.002036881633102894 0.02447451837360859 -0.04108287766575813 0.08558950573205948 0.99518221616745
33.90828186702128 -0.19349664449691772 0.054734669625759125 -0.0025260387919843197 0.025474507361650467 -0.03949838876724243 0.08589784055948257 0.9951947331428528
33.95829886702128 -0.18350739777088165 0.04703139141201973 -0.005600184202194214 0.02682569995522499 -0.036132775247097015 0.08008549362421036 0.9957716464996338
34.00831686702128 -0.17335499823093414 0.03762836009263992 -0.0082782544195652 0.02959056757390499 -0.030083565041422844 0.0723171979188919 0.9964886903762817
34.058333867021275 -0.16401410102844238 0.03017919324338436 -0.013528919778764248 0.03623511642217636 -0.022662360221147537 0.060308244079351425 0.9972645044326782
34.10835086702128 -0.15282930433750153 0.0198677871376276 -0.017392698675394058 0.041230302304029465 -0.015098252333700657 0.04982215538620949 0.9977924823760986
34.158367867021276 -0.14187468588352203 0.008843113668262959 -0.021491678431630135 0.045559704303741455 -0.009873669594526291 0.0371554009616375 0.9982215762138367
34.20838586702128 -0.13104678690433502 -0.0007164173293858767 -0.025284867733716965 0.04809519648551941 -0.00311043462716043 0.024815429002046585 0.9985296726226807
34.258402867021275 -0.12147260457277298 -0.007740326225757599 -0.028867347165942192 0.04911324754357338 0.004107512068003416 0.011067393235862255 0.9987235069274902
34.30841986702128 -0.11127586662769318 -0.01421504095196724 -0.03227916359901428 0.04638228937983513 0.012750294990837574 -0.002344334265217185 0.9988396167755127
34.358436867021275 -0.10385030508041382 -0.021153951063752174 -0.03357679024338722 0.042170628905296326 0.020206114277243614 -0.014207461848855019 0.998805046081543
34.40845486702128 -0.098330557346344 -0.02714608609676361 -0.03560648113489151 0.0386185497045517 0.02683871053159237 -0.027264010161161423 0.9985213875770569
34.45847186702128 -0.09158755838871002 -0.033364906907081604 -0.03762965649366379 0.03718530014157295 0.027783876284956932 -0.03723651543259621 0.9982278347015381
34.50848886702128 -0.08775844424962997 -0.03369000554084778 -0.04034373536705971 0.0401446595788002 0.030289558693766594 -0.04698742926120758 0.9976288080215454
34.558505867021275 -0.08399425446987152 -0.03324739262461662 -0.04262560233473778 0.042123280465602875 0.035848408937454224 -0.05502256378531456 0.9969519376754761
34.608523867021276 -0.08152343332767487 -0.03051571547985077 -0.04168018326163292 0.04110785201191902 0.043678559362888336 -0.06169735640287399 0.9962910413742065
34.65854086702128 -0.07870538532733917 -0.023978857323527336 -0.040818456560373306 0.038438137620687485 0.052807826548814774 -0.06376037001609802 0.9958255290985107
34.70855786702128 -0.07337092608213425 -0.015941757708787918 -0.03975705802440643 0.033024780452251434 0.06011335179209709 -0.06242123246192932 0.9956904053688049
34.75857486702128 -0.06888627260923386 -0.004403029102832079 -0.03870665282011032 0.025825869292020798 0.06611613929271698 -0.057136502116918564 0.9958398938179016
34.80859186702128 -0.06260387599468231 0.007210179697722197 -0.03647201508283615 0.015427874401211739 0.06794421374797821 -0.04836910590529442 0.996396541595459
34.85860986702128 -0.0578189492225647 0.022110609337687492 -0.03403044492006302 0.0048021008260548115 0.06825492531061172 -0.036506157368421555 0.9969882965087891
34.908626867021276 -0.05357763171195984 0.035278867930173874 -0.030047880485653877 -0.009453883394598961 0.06989267468452454 -0.024350613355636597 0.9972124695777893
34.95864386702128 -0.0478622131049633 0.049800045788288116 -0.02809859625995159 -0.023341670632362366 0.07103611528873444 -0.012176655232906342 0.9971262812614441
35.00866086702128 -0.044583771377801895 0.06416315585374832 -0.02436074987053871 -0.036534227430820465 0.07619144022464752 -0.0016056927852332592 0.9964224100112915
35.05867886702128 -0.042371202260255814 0.07696721702814102 -0.022761216387152672 -0.048738982528448105 0.07876277714967728 0.006685617845505476 0.9956788420677185
35.108695867021275 -0.04076550900936127 0.08758547157049179 -0.020073985680937767 -0.057636409997940063 0.08140279352664948 0.010927438735961914 0.9949533939361572
35.15871286702128 -0.0385441854596138 0.09591348469257355 -0.02032473124563694 -0.06412683427333832 0.0797046571969986 0.01600986160337925 0.9946249127388
35.208729867021276 -0.038432199507951736 0.10112516582012177 -0.016888508573174477 -0.06933795660734177 0.0806293860077858 0.02023380994796753 0.994123637676239
35.25874786702128 -0.038966912776231766 0.10188918560743332 -0.015322290360927582 -0.07543986290693283 0.08372990787029266 0.024479888379573822 0.9933272004127502
35.308764867021274 -0.03815837204456329 0.10278903692960739 -0.016977103427052498 -0.07649853825569153 0.08249669522047043 0.030814150348305702 0.9931731224060059
35.35878186702128 -0.037356168031692505 0.09445993602275848 -0.0176800936460495 -0.07711020857095718 0.08191775530576706 0.03134124353528023 0.9931572079658508
35.408798867021275 -0.039000287652015686 0.08635152876377106 -0.014198911376297474 -0.07593176513910294 0.0827103927731514 0.03075193613767624 0.9932007193565369
35.45881586702128 -0.03924252837896347 0.07776454091072083 -0.017370076850056648 -0.06921465694904327 0.0822557732462883 0.027137577533721924 0.9938344359397888
35.50883386702128 -0.04220373183488846 0.06733813881874084 -0.017783353105187416 -0.06196819990873337 0.08372850716114044 0.023901399224996567 0.994272768497467
35.55885086702128 -0.0461299754679203 0.05304987356066704 -0.018350297585129738 -0.05459942668676376 0.08574508875608444 0.015152039006352425 0.99470454454422
35.608867867021274 -0.05093446373939514 0.04116496071219444 -0.01961151324212551 -0.04423949494957924 0.08979523181915283 0.00542508065700531 0.9949624538421631
35.65888486702128 -0.0555642805993557 0.029303835704922676 -0.02247788943350315 -0.030512871220707893 0.09166275709867477 -0.0045045604929327965 0.9953123927116394
35.70890286702128 -0.06388802081346512 0.0169819388538599 -0.02348807267844677 -0.015782082453370094 0.09605778753757477 -0.012976182624697685 0.9951660633087158
35.75891986702128 -0.07159383594989777 0.006223275326192379 -0.025927359238266945 -0.0006046834751032293 0.10132867097854614 -0.019488710910081863 0.9946619272232056
35.80893686702128 -0.07834552973508835 -0.002154387068003416 -0.027518346905708313 0.013547580689191818 0.10616464912891388 -0.024177083745598793 0.993962287902832
35.85895386702128 -0.08890329301357269 -0.00975886546075344 -0.02731153927743435 0.02453485131263733 0.1122177392244339 -0.02520012855529785 0.9930610656738281
35.90897186702128 -0.09825116395950317 -0.014825419522821903 -0.02671380527317524 0.03354082256555557 0.11154719442129135 -0.025115065276622772 0.9928753972053528
35.958988867021276 -0.11095524579286575 -0.01768242008984089 -0.023730073124170303 0.040368422865867615 0.10505617409944534 -0.021904533728957176 0.9934051632881165
36.00900586702128 -0.12138549238443375 -0.021091192960739136 -0.022059665992856026 0.04291081428527832 0.09258224070072174 -0.01848486252129078 0.9946082234382629
36.05902286702128 -0.13410505652427673 -0.023042602464556694 -0.0189890805631876 0.04440530017018318 0.07750355452299118 -0.012661151587963104 0.9959222674369812
36.10904086702128 -0.14670264720916748 -0.022822419181466103 -0.014674962498247623 0.04632453992962837 0.060277387499809265 -0.007159287575632334 0.9970804452896118
36.159057867021275 -0.1584472954273224 -0.022780613973736763 -0.011777171865105629 0.04775996878743172 0.04221733286976814 -0.0015533756231889129 0.9979650974273682
36.20907486702128 -0.1720799058675766 -0.02081115171313286 -0.008914297446608543 0.05012613907456398 0.02660885639488697 0.004614755045622587 0.9983777403831482
36.259091867021276 -0.18218789994716644 -0.018376730382442474 -0.00845292117446661 0.05183683708310127 0.010649715550243855 0.01218855194747448 0.9985244274139404
36.30910886702128 -0.19211402535438538 -0.015391496010124683 -0.007313570939004421 0.05274910479784012 -0.0029991199262440205 0.020272696390748024 0.9983975291252136
36.359126867021274 -0.2024325579404831 -0.011075455695390701 -0.0060519864782691 0.05348711460828781 -0.013821973465383053 0.027976535260677338 0.9980809092521667
36.40914386702128 -0.20906716585159302 -0.0073357634246349335 -0.006727633997797966 0.053698379546403885 -0.0234481543302536 0.038820624351501465 0.9975267648696899
36.459160867021275 -0.21357625722885132 -0.0030474967788904905 -0.007985392585396767 0.05309880152344704 -0.0326806977391243 0.048328764736652374 0.9968836307525635
36.50917786702128 -0.216264545917511 0.003175097517669201 -0.007607238367199898 0.05165378749370575 -0.037014711648225784 0.05705810338258743 0.9963464140892029
36.55919586702128 -0.21506303548812866 0.011897045187652111 -0.008930674754083157 0.049011241644620895 -0.03626345843076706 0.06496895104646683 0.9960231184959412
36.60921286702128 -0.21296609938144684 0.01916125975549221 -0.009112540632486343 0.04266873002052307 -0.029747921973466873 0.0718289390206337 0.9960598349571228
36.659229867021274 -0.20548105239868164 0.02598576992750168 -0.0080999955534935 0.033805567771196365 -0.023401746526360512 0.07935290783643723 0.9959983229637146
36.70924686702128 -0.19368475675582886 0.03181556612253189 -0.009273890405893326 0.02173418365418911 -0.01323789358139038 0.08462737500667572 0.9960876703262329
36.75926486702128 -0.18288497626781464 0.04005201905965805 -0.010623013600707054 0.011105180718004704 0.0011436038184911013 0.08969448506832123 0.9959067702293396
36.80928186702128 -0.16839642822742462 0.04713069275021553 -0.011572166346013546 -0.0008682094630785286 0.017519552260637283 0.09218022227287292 0.9955878853797913
36.85929886702128 -0.15279339253902435 0.05468988046050072 -0.014134876430034637 -0.011277861893177032 0.03436266630887985 0.0939326360821724 0.9949215054512024
36.90931586702128 -0.13742731511592865 0.06146986410021782 -0.016309022903442383 -0.020626656711101532 0.05171109363436699 0.09380180388689041 0.9940330982208252
36.95933386702128 -0.12208660691976547 0.06562525033950806 -0.017614200711250305 -0.029368838295340538 0.06824056804180145 0.09258124977350235 0.9929297566413879
37.009350867021276 -0.10537278652191162 0.0666772872209549 -0.019437307491898537 -0.03798089921474457 0.08255680650472641 0.09169434756040573 0.9916319847106934
37.05936786702128 -0.09097790718078613 0.06715899705886841 -0.02034776471555233 -0.04279538616538048 0.09839984029531479 0.08859240263700485 0.9902713894844055
37.10938486702128 -0.07709638774394989 0.06530483067035675 -0.021758317947387695 -0.04443788900971413 0.11069750040769577 0.08559225499629974 0.9891639947891235
37.15940186702128 -0.06485119462013245 0.06214755401015282 -0.021890992298722267 -0.042111191898584366 0.12045040726661682 0.08095704764127731 0.9885162115097046
37.209419867021275 -0.05478847771883011 0.055601973086595535 -0.020753325894474983 -0.03857056051492691 0.13065959513187408 0.07625202089548111 0.9877378344535828
37.25943686702128 -0.04777136445045471 0.04719390347599983 -0.018704621121287346 -0.03238412365317345 0.13832615315914154 0.06964690238237381 0.987403929233551
37.309453867021276 -0.040418725460767746 0.038243066519498825 -0.01710822992026806 -0.025379925966262817 0.14366498589515686 0.061575211584568024 0.9873828291893005
37.35947086702128 -0.03626633808016777 0.029366659000515938 -0.014992523938417435 -0.015154775232076645 0.146135613322258 0.054129015654325485 0.9876663684844971
37.40948886702128 -0.033785369247198105 0.019772915169596672 -0.012016166932880878 -0.0055837733671069145 0.14703752100467682 0.04558748006820679 0.9880640506744385
37.45950586702128 -0.03501174598932266 0.010364833287894726 -0.00806803535670042 0.005907353945076466 0.14548732340335846 0.038400012999773026 0.9885969758033752
37.509522867021275 -0.03690825775265694 0.0029706088826060295 -0.002962933387607336 0.01691584661602974 0.14132606983184814 0.03050895594060421 0.989348292350769
37.55953986702128 -0.04077007621526718 -0.006209396757185459 0.0012668747222051024 0.025435885414481163 0.13362008333206177 0.02281731553375721 0.9904433488845825
37.60955786702128 -0.046225085854530334 -0.015398153103888035 0.0056975046172738075 0.032241977751255035 0.12077361345291138 0.01673710346221924 0.9920151829719543
37.65957486702128 -0.05654868111014366 -0.018786298111081123 0.008810743689537048 0.042026322335004807 0.10246255248785019 0.011836663819849491 0.9937782287597656
37.70959186702128 -0.06551516056060791 -0.023495934903621674 0.01243955735117197 0.04701631888747215 0.08693601936101913 0.009148698300123215 0.9950617551803589
37.75960886702128 -0.07597183436155319 -0.027302628383040428 0.016147838905453682 0.04922407492995262 0.07600261270999908 0.0070846364833414555 0.9958666563034058
37.809625867021275 -0.08707626163959503 -0.025510884821414948 0.017607636749744415 0.053450003266334534 0.06132880225777626 0.004992324393242598 0.9966729283332825
37.859643867021276 -0.09765119105577469 -0.0275978185236454 0.01958272233605385 0.05147683992981911 0.04263343662023544 0.0049491701647639275 0.9977514743804932
37.90966086702128 -0.11031373590230942 -0.025335486978292465 0.01874965988099575 0.05177793279290199 0.019102029502391815 0.005915756803005934 0.9984583854675293
37.95967786702128 -0.12157788127660751 -0.022718673571944237 0.016483530402183533 0.05087793245911598 -0.0016501287464052439 0.007725206203758717 0.9986736178398132
38.00969486702128 -0.13247084617614746 -0.01952756941318512 0.013643081299960613 0.04985136538743973 -0.01892198622226715 0.008849749341607094 0.9985382556915283
38.059712867021275 -0.1423238068819046 -0.014334877952933311 0.009343588724732399 0.047559045255184174 -0.03279450908303261 0.011231020092964172 0.9982668161392212
38.10972986702128 -0.1511654555797577 -0.009309422224760056 0.004968414548784494 0.041645318269729614 -0.045337338000535965 0.014348718337714672 0.9980002045631409
38.159746867021276 -0.15814024209976196 -0.00048393342876806855 -0.0005114460363984108 0.035999104380607605 -0.05355372652411461 0.01755283586680889 0.9977615475654602
38.20976386702128 -0.16253960132598877 0.008362426422536373 -0.004495023749768734 0.029009412974119186 -0.05291872099041939 0.022205766290426254 0.9979304075241089
38.259781867021275 -0.1654748022556305 0.017146039754152298 -0.007320205215364695 0.020827017724514008 -0.04658181592822075 0.029603613540530205 0.9982584714889526
38.30979886702128 -0.16486893594264984 0.024570059031248093 -0.009107341058552265 0.008842501789331436 -0.03551998734474182 0.039764340966939926 0.9985384345054626
38.359815867021275 -0.16091357171535492 0.03308835253119469 -0.009960860945284367 -0.0034131587017327547 -0.01900275982916355 0.05208246037364006 0.9984561800956726
38.40983286702128 -0.1545824557542801 0.04189629852771759 -0.011440831236541271 -0.015183189883828163 -0.0002023580454988405 0.06419119238853455 0.997822105884552
38.459849867021276 -0.1471956968307495 0.05091538652777672 -0.012758134864270687 -0.027371956035494804 0.020327473059296608 0.07624762505292892 0.996505856513977
38.50986786702128 -0.1363709419965744 0.05921657010912895 -0.014137030579149723 -0.039933376014232635 0.04043727368116379 0.0883038192987442 0.9944710731506348
38.559884867021275 -0.127223402261734 0.06757554411888123 -0.014488067477941513 -0.05055869743227959 0.05964359641075134 0.09805312752723694 0.9921048879623413
38.60990186702128 -0.11619998514652252 0.07382851839065552 -0.015698716044425964 -0.060330767184495926 0.07394426316022873 0.10553700476884842 0.989825427532196
38.659918867021275 -0.10644567757844925 0.07902614772319794 -0.01614968851208687 -0.06775569915771484 0.088676817715168 0.11041048914194107 0.9876007437705994
38.70993686702128 -0.0968732163310051 0.08266277611255646 -0.016221731901168823 -0.07339977473020554 0.10237075388431549 0.11046355962753296 0.9858653545379639
38.75995386702128 -0.08894186466932297 0.08267820626497269 -0.015041382052004337 -0.07802833616733551 0.11579614877700806 0.10683655738830566 0.9844231009483337
38.80997086702128 -0.0804414302110672 0.08094726502895355 -0.013996895402669907 -0.07817336916923523 0.1259545534849167 0.10137777030467987 0.983741283416748
38.859987867021275 -0.07330388575792313 0.07915414869785309 -0.01249244250357151 -0.07516073435544968 0.13739213347434998 0.09302672743797302 0.9832702279090881
38.910005867021276 -0.06542499363422394 0.07176030427217484 -0.01004719641059637 -0.0704875960946083 0.14560122787952423 0.08768073469400406 0.9829261898994446
38.96002286702128 -0.05851205065846443 0.06376596540212631 -0.008812552317976952 -0.06343535333871841 0.14793026447296143 0.08177085965871811 0.9835680723190308
39.01003986702128 -0.05413801968097687 0.05495220050215721 -0.005760236643254757 -0.05478966236114502 0.15039677917957306 0.07658026367425919 0.9841312766075134
39.06005686702128 -0.052210837602615356 0.04428437352180481 -0.002156758215278387 -0.045517586171627045 0.14864607155323029 0.07222795486450195 0.9851983189582825
39.110074867021275 -0.05040201172232628 0.03398888558149338 -0.0002689271932467818 -0.03345311060547829 0.1439526230096817 0.06746959686279297 0.9867150187492371
39.16009186702128 -0.05043647438287735 0.022061578929424286 0.002588640432804823 -0.022593412548303604 0.14222639799118042 0.061519041657447815 0.9876621961593628
39.210108867021276 -0.051529597491025925 0.012754060328006744 0.0040365103632211685 -0.007978714071214199 0.13954730331897736 0.05471743270754814 0.988670289516449
39.26012586702128 -0.054117023944854736 0.0029925398994237185 0.005784785374999046 0.005713805090636015 0.13667167723178864 0.04808938503265381 0.9894320368766785
39.31014286702128 -0.05753438547253609 -0.006491636857390404 0.006894924212247133 0.018610754981637 0.13013774156570435 0.04141513258218765 0.9904558062553406
39.36016086702128 -0.06151891127228737 -0.013719302602112293 0.00731297442689538 0.03233567625284195 0.12076224386692047 0.037770699709653854 0.9914354681968689
39.410177867021275 -0.06666744500398636 -0.021451929584145546 0.008863700553774834 0.04299469292163849 0.11141954362392426 0.034457992762327194 0.9922448396682739
39.46019486702128 -0.07195565849542618 -0.027052586898207664 0.01032132189720869 0.05407402291893959 0.10277562588453293 0.03338121995329857 0.9926726222038269
39.510211867021276 -0.07893115282058716 -0.032293252646923065 0.011856448836624622 0.06295572221279144 0.09184467792510986 0.032679684460163116 0.9932438135147095
39.56022986702128 -0.08643337339162827 -0.03475693240761757 0.014300007373094559 0.07209126651287079 0.08349258452653885 0.03144746646285057 0.9933997392654419
39.610246867021274 -0.09240786731243134 -0.03585906699299812 0.016716236248612404 0.07748831063508987 0.0723281130194664 0.02985205128788948 0.9939180016517639
39.66026386702128 -0.09978706389665604 -0.035054199397563934 0.020340483635663986 0.07946263253688812 0.060196179896593094 0.02767607383430004 0.994633674621582
39.710280867021275 -0.10772542655467987 -0.03592810779809952 0.024185728281736374 0.07358970493078232 0.048143740743398666 0.025960689410567284 0.995787501335144
39.76029886702128 -0.1147303357720375 -0.03121187910437584 0.02956792712211609 0.06735583394765854 0.03577444702386856 0.026188144460320473 0.9967435598373413
39.81031586702128 -0.11966338753700256 -0.025359338149428368 0.03226328268647194 0.061636343598365784 0.02537093125283718 0.026970088481903076 0.9974116683006287
39.86033286702128 -0.12452636659145355 -0.019582143053412437 0.03474028781056404 0.05529316887259483 0.017682090401649475 0.028466220945119858 0.9979076981544495
39.910349867021274 -0.12831801176071167 -0.014192049391567707 0.035884007811546326 0.047952938824892044 0.01269946713000536 0.03052094765007496 0.9983024597167969
39.96036686702128 -0.13057123124599457 -0.008794667199254036 0.03508775308728218 0.040133532136678696 0.00990348495543003 0.03349940851330757 0.9985835552215576
40.01038486702128 -0.13487279415130615 -0.002451122272759676 0.034024499356746674 0.03362055495381355 0.013154388405382633 0.03592429682612419 0.9987022280693054
40.06040186702128 -0.13424640893936157 0.0026340631302446127 0.03107641264796257 0.02700124680995941 0.013401852920651436 0.038861315697431564 0.9987898468971252
40.11041886702128 -0.13592685759067535 0.005617472343146801 0.02910206839442253 0.020157793536782265 0.01830713078379631 0.041479095816612244 0.9987682700157166
40.16043586702128 -0.13448047637939453 0.008848350495100021 0.024272404611110687 0.01582418568432331 0.024024274200201035 0.04392421618103981 0.9986206293106079
40.21045386702128 -0.1329544633626938 0.010287965647876263 0.018158452585339546 0.012415504083037376 0.03311941772699356 0.04595252126455307 0.998317301273346
40.260470867021276 -0.1303953230381012 0.01301482692360878 0.011365266516804695 0.012336140498518944 0.04421344771981239 0.046195100992918015 0.997877299785614
40.31048786702128 -0.12785613536834717 0.012105477042496204 0.004123402293771505 0.01093761995434761 0.05612820386886597 0.04615728184580803 0.9972960948944092
40.36050486702128 -0.1270184963941574 0.011677907779812813 -0.0013684279983863235 0.01164804957807064 0.07090489566326141 0.044848665595054626 0.9964062571525574
40.41052286702128 -0.12391150742769241 0.012017845176160336 -0.007802709937095642 0.014352571219205856 0.08346235007047653 0.04439406841993332 0.9954181909561157
40.460539867021275 -0.12216801196336746 0.010291273705661297 -0.013300711289048195 0.017876386642456055 0.09298653900623322 0.043019529432058334 0.9945769906044006
40.51055686702128 -0.12227138876914978 0.0093119777739048 -0.016759630292654037 0.023464631289243698 0.10179763287305832 0.04079698771238327 0.9936912655830383
40.560573867021276 -0.12157218903303146 0.007449548225849867 -0.019276659935712814 0.028368312865495682 0.10581018030643463 0.03722909837961197 0.9932842254638672
40.61059186702128 -0.12073317915201187 0.004365932196378708 -0.021291477605700493 0.03245553746819496 0.10711002349853516 0.03410268574953079 0.9931319952011108
40.660608867021274 -0.12139969319105148 0.0031756148673594 -0.020870104432106018 0.0373682901263237 0.10645332932472229 0.029321525245904922 0.9931825995445251
40.71062586702128 -0.12152677029371262 -0.0003503410844132304 -0.019390076398849487 0.03994780033826828 0.10274723172187805 0.026236318051815033 0.9935587048530579
40.760642867021275 -0.12222813814878464 -0.001949511468410492 -0.018805254250764847 0.04257558286190033 0.09739803522825241 0.021977975964546204 0.9940915703773499
40.81065986702128 -0.12315995246171951 -0.005288010463118553 -0.015127180144190788 0.04376298934221268 0.09051469713449478 0.019161231815814972 0.9947486519813538
40.86067786702128 -0.12589900195598602 -0.00778235262259841 -0.011093171313405037 0.04347117990255356 0.08292297273874283 0.015761135146021843 0.9954826235771179
40.91069486702128 -0.12779441475868225 -0.009279289282858372 -0.007844657637178898 0.04374957084655762 0.0753432959318161 0.013959234580397606 0.9960996508598328
40.960711867021274 -0.12882636487483978 -0.009048028849065304 -0.0040374924428761005 0.04359351098537445 0.06785901635885239 0.012005829252302647 0.9966697692871094
41.01072886702128 -0.12920331954956055 -0.009802852757275105 0.00019313364464323968 0.04295025020837784 0.0612763836979866 0.011034490540623665 0.9971352815628052
41.06074686702128 -0.13082855939865112 -0.012710277922451496 0.004138832911849022 0.03971903771162033 0.05632976442575455 0.010014381259679794 0.997571587562561
41.11076386702128 -0.1322638988494873 -0.011398540809750557 0.007677536457777023 0.040344756096601486 0.0532488077878952 0.00992746651172638 0.9977166056632996
41.16078086702128 -0.13285334408283234 -0.012601582333445549 0.010944178327918053 0.03852098062634468 0.05282457545399666 0.012097442522644997 0.9977872967720032
41.21079786702128 -0.129536971449852 -0.009927572682499886 0.013511119410395622 0.03836340084671974 0.05126134306192398 0.01175446342676878 0.9978789687156677
41.26081586702128 -0.1265217512845993 -0.009550211019814014 0.014598771929740906 0.03736546263098717 0.049224093556404114 0.016155211254954338 0.9979578852653503
41.310832867021276 -0.1289757788181305 -0.012092912569642067 0.017134377732872963 0.03390081599354744 0.053952232003211975 0.019180191680788994 0.9977836012840271
41.36084986702128 -0.12813425064086914 -0.011413401924073696 0.016883714124560356 0.032361842691898346 0.056047867983579636 0.02224770188331604 0.9976555109024048
41.41086686702128 -0.12523356080055237 -0.00893609318882227 0.01689279079437256 0.03186919167637825 0.05840253084897995 0.024300388991832733 0.9974883794784546
41.46088386702128 -0.1239275112748146 -0.010854178108274937 0.017069298774003983 0.028196582570672035 0.06214484944939613 0.026753878220915794 0.9973099827766418
41.510901867021275 -0.1226041316986084 -0.009291998110711575 0.01690380461513996 0.026964589953422546 0.06474685668945312 0.02828064188361168 0.9971364140510559
41.56091886702128 -0.11943790316581726 -0.006926222238689661 0.016165299341082573 0.027316492050886154 0.0656563863158226 0.028600959107279778 0.9970582127571106
41.610935867021276 -0.11988221108913422 -0.005137065891176462 0.014236061833798885 0.027309471741318703 0.06732843816280365 0.028809044510126114 0.9969409108161926
41.66095286702128 -0.12005442380905151 -0.006497455760836601 0.012925063259899616 0.0252779982984066 0.06938477605581284 0.029015103355050087 0.9968475699424744
41.71097086702128 -0.11767428368330002 -0.002020966960117221 0.013644765131175518 0.0291734728962183 0.07028749585151672 0.02763311378657818 0.9967171549797058
41.76098786702128 -0.1183009147644043 -0.006375908851623535 0.012327702715992928 0.02673971839249134 0.07232850790023804 0.028790025040507317 0.9966066479682922
41.811004867021275 -0.11810467392206192 -0.00865163840353489 0.013112769462168217 0.025748303160071373 0.07423461973667145 0.027805110439658165 0.9965205788612366
41.86102186702128 -0.11736100912094116 -0.006505880504846573 0.011230570264160633 0.02782464772462845 0.07532844692468643 0.02657749503850937 0.9964161515235901
41.91103986702128 -0.11877679824829102 -0.004544864874333143 0.010178797878324986 0.030636873096227646 0.07809362560510635 0.02656717225909233 0.9961209893226624
41.96105686702128 -0.11736750602722168 -0.0031491252593696117 0.008961510844528675 0.0312749408185482 0.07812262326478958 0.02554248459637165 0.9961256384849548
42.011073867021274 -0.11654391884803772 -0.0059837340377271175 0.008337968960404396 0.028677677735686302 0.07914705574512482 0.027632731944322586 0.996067225933075
42.06109086702128 -0.11864510178565979 -0.003596265334635973 0.009212138131260872 0.029312007129192352 0.08139599114656448 0.024546632543206215 0.995948314666748
42.11110886702128 -0.1213025152683258 -0.007298656273633242 0.01035362109541893 0.02551478147506714 0.08259116113185883 0.021826082840561867 0.9960177540779114
42.161125867021276 -0.11934532225131989 -0.008548790588974953 0.007919203490018845 0.02308591827750206 0.08079317957162857 0.024132007732987404 0.9961712956428528
42.21114286702128 -0.11721093207597733 -0.005143540911376476 0.007506415247917175 0.02557307481765747 0.08135546743869781 0.024433350190520287 0.9960574507713318
42.26115986702128 -0.115992970764637 -0.004928314592689276 0.009079353883862495 0.024010946974158287 0.08163456618785858 0.024769814684987068 0.9960651397705078
42.311176867021274 -0.11570475995540619 -0.00678487541154027 0.01068219542503357 0.021496368572115898 0.08269394934177399 0.026897111907601357 0.9959800243377686
