# timestamp[secs] tx ty tz qx qy qz qw
0.001637 0.0 0.0 -0.0 0.0 -0.0 0.0 1.0
0.006631 3.5e-05 -0.0011 -0.000399 -0.00029 0.000316 0.000175 1.0
0.011627 3.5e-05 -0.0011 -0.000399 -0.00029 0.000316 0.000175 1.0
0.016634 4.2e-05 -0.002217 -0.000789 -0.000367 0.000878 0.000739 0.999999
0.02163 2.3e-05 -0.00333 -0.001153 -0.000425 0.001669 0.001163 0.999998
0.02663 4.3e-05 -0.005532 -0.001948 -0.000837 0.00264 0.001669 0.999995
0.031634 2.8e-05 -0.008858 -0.003117 -0.001285 0.004208 0.002786 0.999986
0.036641 -5e-05 -0.011068 -0.003884 -0.001469 0.005686 0.003274 0.999977
0.041646 -0.000144 -0.013268 -0.004665 -0.001415 0.007105 0.004021 0.999966
0.046652 -0.000339 -0.016534 -0.005881 -0.001554 0.009049 0.004685 0.999947
0.051655 -0.000469 -0.018684 -0.00672 -0.001697 0.010208 0.004744 0.999935
0.056655 -0.00052 -0.019763 -0.007152 -0.001817 0.010637 0.004831 0.99993
0.061652 -0.000734 -0.021908 -0.007984 -0.001756 0.012435 0.004937 0.999909
0.06665 -0.000791 -0.022965 -0.008467 -0.001773 0.012443 0.004678 0.99991
0.071648 -0.000874 -0.025099 -0.009416 -0.001824 0.01254 0.00435 0.99991
0.076657 -0.001056 -0.028315 -0.010872 -0.002199 0.012727 0.003981 0.999909
0.081663 -0.001236 -0.031523 -0.012438 -0.002668 0.01194 0.002984 0.999921
0.086667 -0.001392 -0.033635 -0.013477 -0.002778 0.011868 0.002447 0.999923
0.091667 -0.001575 -0.035769 -0.014506 -0.002687 0.011915 0.001838 0.999924
0.096663 -0.001717 -0.037883 -0.015594 -0.003022 0.011299 0.000791 0.999931
0.101655 -0.001829 -0.038955 -0.016137 -0.003172 0.011429 0.000276 0.99993
0.106648 -0.002036 -0.041087 -0.017223 -0.003509 0.011588 -0.000472 0.999927
0.111642 -0.002302 -0.043246 -0.018312 -0.003699 0.012011 -0.000928 0.999921
0.116638 -0.002432 -0.044298 -0.018841 -0.003748 0.012258 -0.001366 0.999917
0.121638 -0.002921 -0.048599 -0.021113 -0.004051 0.012761 -0.002359 0.999908
0.12664 -0.003072 -0.049684 -0.021653 -0.004163 0.013279 -0.002485 0.9999
0.131641 -0.003355 -0.051852 -0.022796 -0.004212 0.014096 -0.002817 0.999888
0.13664 -0.003493 -0.052931 -0.023386 -0.004168 0.014565 -0.002842 0.999881
0.141639 -0.003987 -0.057268 -0.02577 -0.004614 0.015324 -0.003031 0.999867
0.146636 -0.004126 -0.058345 -0.026385 -0.004369 0.015856 -0.0028 0.999861
0.151635 -0.00426 -0.059443 -0.026981 -0.004301 0.016098 -0.002665 0.999858
0.156637 -0.004503 -0.061549 -0.028243 -0.004125 0.016688 -0.002658 0.999849
0.161636 -0.004719 -0.063659 -0.029533 -0.00364 0.017336 -0.00243 0.99984
0.166635 -0.004981 -0.065781 -0.030846 -0.003539 0.01844 -0.002353 0.999821
0.171639 -0.00527 -0.068961 -0.032901 -0.003025 0.018924 -0.001871 0.999815
0.176642 -0.005462 -0.07105 -0.034349 -0.002626 0.019149 -0.001815 0.999812
0.181645 -0.005702 -0.07317 -0.03579 -0.001983 0.019884 -0.001037 0.9998
0.186649 -0.005862 -0.075246 -0.037321 -0.001853 0.019888 -0.001191 0.9998
0.191654 -0.006097 -0.078378 -0.039677 -0.001032 0.020062 -0.001129 0.999798
0.196652 -0.006282 -0.080473 -0.041273 -0.000624 0.020412 -0.001022 0.999791
0.201653 -0.0064 -0.082548 -0.042928 -2e-06 0.020412 -0.00087 0.999791
0.206656 -0.006538 -0.084635 -0.044625 0.00046 0.020527 -0.000629 0.999789
0.211653 -0.006531 -0.085664 -0.045551 0.000662 0.020043 -0.000775 0.999799
0.216649 -0.006588 -0.086715 -0.046392 0.000866 0.020003 -0.000538 0.999799
0.221646 -0.006633 -0.088767 -0.04821 0.001315 0.019599 -0.000837 0.999807
0.22665 -0.006694 -0.090844 -0.050037 0.002106 0.019472 -0.000231 0.999808
0.231652 -0.00673 -0.092889 -0.051928 0.002436 0.019236 -0.000259 0.999812
0.236657 -0.006771 -0.095945 -0.054828 0.002838 0.018959 -0.000435 0.999816
0.241661 -0.006764 -0.097922 -0.056845 0.00297 0.018717 -0.00119 0.99982
0.246663 -0.006742 -0.099904 -0.058881 0.003233 0.018585 -0.001892 0.99982
0.251664 -0.006805 -0.101888 -0.060907 0.003447 0.019171 -0.002027 0.999808
0.256667 -0.006846 -0.103878 -0.062951 0.003702 0.019707 -0.002067 0.999797
0.261668 -0.006857 -0.105859 -0.065037 0.003875 0.019842 -0.00254 0.999792
0.26667 -0.00687 -0.107884 -0.067107 0.004364 0.020126 -0.00222 0.999785
0.271673 -0.006824 -0.111045 -0.070212 0.004783 0.020196 -0.000696 0.999784
0.276679 -0.006806 -0.113163 -0.072269 0.00511 0.020203 0.000577 0.999783
0.281681 -0.006803 -0.115273 -0.074294 0.00543 0.020573 0.001774 0.999772
0.28668 -0.006765 -0.117415 -0.076308 0.005773 0.020836 0.003162 0.999761
0.291672 -0.006731 -0.118488 -0.077289 0.005939 0.021073 0.003896 0.999753
0.296657 -0.006651 -0.120648 -0.079288 0.006246 0.021211 0.00538 0.999741
0.301646 -0.006544 -0.122805 -0.081278 0.006289 0.021491 0.006579 0.999728
0.306637 -0.0065 -0.123888 -0.08228 0.006265 0.021631 0.007231 0.99972
0.311627 -0.006363 -0.126026 -0.084269 0.006569 0.021694 0.008507 0.999707
0.31663 -0.006211 -0.128168 -0.086243 0.006604 0.02192 0.009945 0.999688
0.321634 -0.006054 -0.130319 -0.088187 0.006735 0.022297 0.011564 0.999662
0.32664 -0.005684 -0.133538 -0.091154 0.006567 0.021903 0.013283 0.99965
0.331649 -0.005394 -0.135662 -0.093141 0.006328 0.021375 0.014188 0.999651
0.336656 -0.005081 -0.137753 -0.095115 0.006163 0.020632 0.014909 0.999657
0.341662 -0.004432 -0.14193 -0.098874 0.006225 0.01906 0.016762 0.999658
0.346667 -0.004274 -0.142976 -0.099831 0.006139 0.018741 0.017228 0.999657
0.351667 -0.003992 -0.14504 -0.101631 0.006267 0.01835 0.017984 0.99965
0.35667 -0.003638 -0.147104 -0.103433 0.006234 0.017445 0.01846 0.999658
0.361663 -0.003349 -0.149175 -0.105155 0.006503 0.016998 0.019532 0.999644
0.366653 -0.00321 -0.150196 -0.105973 0.006569 0.016894 0.019999 0.999636
0.37164 -0.002912 -0.152239 -0.107645 0.006513 0.016313 0.020877 0.999628
0.376626 -0.002636 -0.154271 -0.109263 0.006439 0.015889 0.021833 0.999615
0.381612 -0.0024 -0.156266 -0.110854 0.006395 0.01571 0.022742 0.999597
0.386604 -0.002283 -0.157276 -0.111649 0.006467 0.015681 0.02327 0.999585
0.391599 -0.00207 -0.159267 -0.113178 0.006224 0.015573 0.024529 0.999558
0.396598 -0.001832 -0.161211 -0.1147 0.006021 0.015006 0.025708 0.999539
0.401602 -0.001693 -0.163124 -0.116154 0.005867 0.015083 0.02732 0.999496
0.406615 -0.00146 -0.165942 -0.118316 0.005469 0.014789 0.029355 0.999445
0.41163 -0.001334 -0.16777 -0.119709 0.005359 0.014656 0.031001 0.999398
0.416645 -0.001211 -0.169546 -0.121078 0.005105 0.014631 0.03212 0.999364
0.42166 -0.001108 -0.171294 -0.122387 0.004904 0.014491 0.033554 0.99932
0.426678 -0.000975 -0.172981 -0.123677 0.004883 0.014061 0.034272 0.999302
0.431689 -0.00085 -0.175417 -0.125456 0.004955 0.013584 0.034877 0.999287
0.436696 -0.00075 -0.177012 -0.126605 0.005173 0.012955 0.0351 0.999286
0.441699 -0.000723 -0.178572 -0.127676 0.005359 0.012838 0.035297 0.99928
0.446697 -0.000769 -0.180102 -0.128646 0.005992 0.013169 0.035562 0.999263
0.451687 -0.000817 -0.180852 -0.129059 0.006383 0.013352 0.035727 0.999252
0.456672 -0.000862 -0.18236 -0.129963 0.006874 0.013315 0.036046 0.999238
0.461656 -0.000946 -0.18385 -0.130797 0.00748 0.013597 0.0361 0.999228
0.466641 -0.001041 -0.185311 -0.131584 0.007987 0.013776 0.036083 0.999222
0.471626 -0.001126 -0.186748 -0.132335 0.008422 0.013881 0.035734 0.999229
0.476622 -0.001195 -0.187487 -0.132704 0.008706 0.014214 0.035881 0.999217
0.481619 -0.001336 -0.188892 -0.133371 0.009035 0.014783 0.035531 0.999218
0.48662 -0.001431 -0.190259 -0.134023 0.00926 0.014884 0.03485 0.999239
0.491626 -0.001498 -0.1916 -0.134669 0.009108 0.014799 0.033791 0.999278
0.496631 -0.001621 -0.193575 -0.135585 0.008929 0.014995 0.032537 0.999318
0.501636 -0.001625 -0.194827 -0.136184 0.008507 0.014562 0.031698 0.999355
0.506652 -0.001668 -0.196039 -0.136742 0.008109 0.014616 0.031074 0.999377
0.51166 -0.001752 -0.197213 -0.137256 0.007856 0.014891 0.030896 0.999381
0.516677 -0.001771 -0.198348 -0.137754 0.00756 0.015004 0.030591 0.999391
0.521689 -0.001779 -0.199451 -0.13823 0.007378 0.015102 0.030527 0.999393
0.526706 -0.00171 -0.200965 -0.138913 0.007176 0.014959 0.0301 0.999409
0.531715 -0.001635 -0.201927 -0.13937 0.006884 0.014621 0.029317 0.99944
0.536714 -0.001573 -0.202836 -0.139793 0.00681 0.014458 0.028528 0.999465
0.541711 -0.001468 -0.20371 -0.140199 0.006756 0.014056 0.027746 0.999493
0.546703 -0.001404 -0.204094 -0.140371 0.006696 0.013843 0.027094 0.999515
0.551689 -0.001278 -0.204898 -0.140733 0.006643 0.013473 0.026176 0.999544
0.556674 -0.001145 -0.20566 -0.141076 0.00658 0.012989 0.025045 0.99958
0.561654 -0.000997 -0.206379 -0.141395 0.006482 0.012496 0.023973 0.999613
0.566637 -0.000853 -0.20706 -0.141678 0.006403 0.012042 0.023014 0.999642
0.571624 -0.000692 -0.207697 -0.141941 0.006339 0.011447 0.02205 0.999671
0.576616 -0.000634 -0.208029 -0.142065 0.006403 0.011306 0.021675 0.999681
0.581613 -0.000473 -0.208617 -0.14227 0.006446 0.010843 0.020965 0.999701
0.586616 -0.000323 -0.209153 -0.142448 0.006585 0.01061 0.020474 0.999712
0.591623 -0.000158 -0.209648 -0.142616 0.006679 0.010241 0.020208 0.999721
0.596632 0.00011 -0.210346 -0.142841 0.006763 0.009696 0.019782 0.999734
0.60164 0.000276 -0.210733 -0.142952 0.006856 0.009591 0.019758 0.999735
0.60665 0.000448 -0.211077 -0.143044 0.007071 0.009581 0.019807 0.999733
0.611658 0.000616 -0.211369 -0.143115 0.007273 0.009607 0.019759 0.999732
0.616664 0.000851 -0.211683 -0.143176 0.00769 0.009714 0.019465 0.999734
0.621669 0.001002 -0.211864 -0.143195 0.007938 0.00983 0.019257 0.999735
0.626668 0.001134 -0.212006 -0.143181 0.008362 0.010138 0.019262 0.999728
0.631663 0.001256 -0.212101 -0.14314 0.008865 0.010502 0.019267 0.99972
0.636664 0.001303 -0.212114 -0.143083 0.009143 0.010754 0.019472 0.999711
0.64166 0.001418 -0.212159 -0.142996 0.009622 0.011168 0.01965 0.999698
0.646657 0.001536 -0.212167 -0.142876 0.009961 0.011553 0.019715 0.999689
0.651655 0.001739 -0.212102 -0.142609 0.010211 0.01214 0.019851 0.999677
0.656653 0.001705 -0.212148 -0.142656 0.01044 0.012299 0.019991 0.99967
0.661653 0.001842 -0.212084 -0.142451 0.010585 0.012741 0.020229 0.999658
0.666655 0.002107 -0.211806 -0.141853 0.010946 0.013397 0.020554 0.999639
0.671658 0.002252 -0.211692 -0.141592 0.011036 0.013726 0.020714 0.99963
0.676655 0.002395 -0.211506 -0.141223 0.011128 0.013962 0.020743 0.999625
0.681655 0.002542 -0.211282 -0.140814 0.011165 0.014162 0.020545 0.999626
0.686656 0.002673 -0.211026 -0.140368 0.011325 0.014329 0.020363 0.999626
0.691654 0.002725 -0.210882 -0.1401 0.011353 0.014494 0.020317 0.999624
0.696649 0.002842 -0.210596 -0.139594 0.011468 0.014686 0.020038 0.999626
0.701643 0.002918 -0.210294 -0.139036 0.01175 0.01504 0.019833 0.999621
0.706636 0.003012 -0.209976 -0.138456 0.01193 0.015154 0.019276 0.999628
0.711632 0.00311 -0.209638 -0.137855 0.011964 0.015203 0.018571 0.99964
0.716623 0.003154 -0.209289 -0.13721 0.01204 0.015565 0.018012 0.999644
0.721614 0.003196 -0.20911 -0.136902 0.012034 0.015678 0.017595 0.99965
0.726611 0.003239 -0.208771 -0.136208 0.01182 0.015796 0.016878 0.999663
0.73161 0.003261 -0.208435 -0.135475 0.01161 0.016025 0.016248 0.999672
0.736613 0.003255 -0.20809 -0.134702 0.0112 0.016276 0.015172 0.99969
0.741617 0.003261 -0.207593 -0.133523 0.010423 0.016346 0.013641 0.999719
0.746622 0.003222 -0.20728 -0.13265 0.009674 0.016808 0.012731 0.999731
0.751625 0.003158 -0.206996 -0.131738 0.00871 0.01724 0.011945 0.999742
0.756628 0.003101 -0.206727 -0.13078 0.007563 0.017674 0.011203 0.999752
0.761634 0.003012 -0.20645 -0.129786 0.006443 0.018293 0.010202 0.99976
0.766638 0.002905 -0.206185 -0.128762 0.005106 0.018933 0.009326 0.999764
0.771642 0.002801 -0.205911 -0.127714 0.00395 0.019642 0.008549 0.999763
0.776642 0.002687 -0.205634 -0.126641 0.00269 0.020389 0.007701 0.999759
0.781644 0.002555 -0.205369 -0.125543 0.001479 0.021085 0.007002 0.999752
0.786644 0.002439 -0.205068 -0.124449 0.000253 0.021618 0.005861 0.999749
0.791646 0.002343 -0.204769 -0.123347 -0.000814 0.022023 0.004561 0.999747
0.796661 0.002243 -0.204443 -0.12225 -0.001866 0.022375 0.003125 0.999743
0.801672 0.002106 -0.20392 -0.12058 -0.00316 0.022772 0.000531 0.999736
0.806677 0.002022 -0.203576 -0.11947 -0.003964 0.022869 -0.000945 0.99973
0.811679 0.001922 -0.203212 -0.118353 -0.004797 0.02308 -0.002608 0.999719
0.816672 0.001846 -0.202831 -0.117252 -0.005722 0.02308 -0.004484 0.999707
0.821663 0.001834 -0.202635 -0.116707 -0.006286 0.022879 -0.005458 0.999704
0.826654 0.00178 -0.202244 -0.115596 -0.007251 0.022887 -0.007274 0.999685
0.831649 0.001737 -0.201847 -0.114502 -0.008347 0.022711 -0.008961 0.999667
0.83665 0.001672 -0.201442 -0.113384 -0.009319 0.022828 -0.010326 0.999643
0.841645 0.001654 -0.201015 -0.1123 -0.010517 0.02251 -0.011837 0.999621
0.846639 0.0016 -0.200584 -0.111187 -0.011645 0.022661 -0.013001 0.999591
0.851634 0.001598 -0.200128 -0.110096 -0.012851 0.022441 -0.014292 0.999563
0.856632 0.001569 -0.199665 -0.108997 -0.013983 0.022459 -0.015131 0.999535
0.861631 0.001574 -0.199173 -0.107917 -0.015152 0.022334 -0.016167 0.999505
0.866629 0.001553 -0.198936 -0.107363 -0.015693 0.022471 -0.016534 0.999488
0.871626 0.001502 -0.198436 -0.106275 -0.016837 0.022663 -0.017131 0.999455
0.876625 0.001447 -0.197902 -0.105196 -0.018102 0.022996 -0.018 0.99941
0.881623 0.00141 -0.197371 -0.104144 -0.01924 0.022969 -0.018449 0.999381
0.88663 0.001328 -0.196561 -0.102552 -0.020878 0.023286 -0.019263 0.999325
0.891641 0.001229 -0.196014 -0.101491 -0.022003 0.023648 -0.019739 0.999283
0.89665 0.001134 -0.195443 -0.100453 -0.023155 0.023878 -0.020379 0.999239
0.901656 0.00099 -0.194869 -0.099397 -0.024259 0.024428 -0.020797 0.999191
0.906669 0.000879 -0.194263 -0.098363 -0.025253 0.024579 -0.021624 0.999145
0.911679 0.000679 -0.193301 -0.096802 -0.026666 0.024912 -0.023067 0.999068
0.916683 0.000535 -0.192628 -0.095762 -0.027576 0.025123 -0.024245 0.99901
0.921683 0.000398 -0.191941 -0.094713 -0.028456 0.025287 -0.025281 0.998955
0.926674 0.000218 -0.191223 -0.093659 -0.029315 0.025593 -0.026273 0.998897
0.931667 0.000146 -0.190843 -0.09312 -0.029633 0.025646 -0.026792 0.998873
0.936659 -7e-06 -0.190092 -0.092054 -0.030397 0.025798 -0.027802 0.998818
0.941652 -0.000157 -0.189316 -0.090987 -0.031069 0.025905 -0.028726 0.998768
0.946648 -0.000297 -0.188524 -0.089908 -0.031847 0.02596 -0.029591 0.998717
0.951646 -0.000456 -0.187707 -0.088808 -0.032317 0.026182 -0.030103 0.998681
0.956648 -0.000604 -0.186865 -0.08771 -0.032846 0.026278 -0.030678 0.998644
0.961646 -0.000756 -0.186007 -0.086598 -0.033531 0.026585 -0.031134 0.998599
0.966645 -0.000845 -0.185583 -0.086047 -0.033802 0.026697 -0.031356 0.99858
0.971646 -0.000943 -0.184683 -0.084952 -0.034402 0.026581 -0.03197 0.998543
0.976644 -0.001089 -0.18376 -0.083847 -0.035116 0.0268 -0.032217 0.998504
0.981639 -0.001215 -0.182828 -0.082725 -0.035631 0.026973 -0.032407 0.998475
0.986648 -0.001454 -0.181387 -0.081037 -0.036566 0.027572 -0.032344 0.998427
0.991657 -0.001615 -0.180401 -0.079915 -0.037162 0.027807 -0.031982 0.99841
0.996665 -0.001914 -0.178846 -0.078194 -0.038049 0.028808 -0.031348 0.998369
1.001668 -0.002086 -0.177786 -0.077052 -0.03852 0.029111 -0.031006 0.998352
1.00667 -0.002272 -0.176697 -0.0759 -0.038981 0.029536 -0.030694 0.998332
1.01167 -0.002466 -0.175577 -0.074745 -0.039281 0.029957 -0.030341 0.998318
1.016663 -0.002546 -0.174985 -0.07417 -0.039481 0.029955 -0.030444 0.998307
1.021648 -0.002745 -0.173823 -0.073015 -0.039974 0.030314 -0.030395 0.998278
1.026645 -0.002949 -0.172637 -0.07185 -0.040315 0.030626 -0.030273 0.998259
1.031643 -0.003167 -0.171415 -0.070685 -0.040807 0.030993 -0.030605 0.998217
1.036642 -0.003377 -0.170172 -0.069529 -0.041189 0.03109 -0.030792 0.998193
1.041639 -0.003633 -0.168894 -0.06836 -0.041533 0.031422 -0.031116 0.998158
1.046635 -0.003892 -0.167595 -0.067184 -0.041881 0.031737 -0.031534 0.99812
1.051636 -0.004038 -0.166956 -0.066593 -0.04208 0.03207 -0.031575 0.9981
1.056636 -0.00435 -0.165625 -0.06539 -0.042268 0.032703 -0.031893 0.998061
1.061634 -0.004687 -0.164268 -0.064187 -0.04252 0.03344 -0.032259 0.998015
1.066634 -0.005035 -0.162882 -0.062987 -0.042653 0.034156 -0.032565 0.997975
1.071637 -0.005527 -0.160766 -0.061211 -0.042952 0.034706 -0.03331 0.997918
1.076641 -0.005868 -0.159306 -0.060031 -0.043062 0.035142 -0.033887 0.997879
1.081645 -0.00621 -0.157831 -0.05886 -0.04318 0.035556 -0.033931 0.997858
1.086654 -0.006546 -0.156312 -0.057713 -0.043349 0.035751 -0.034061 0.997839
1.091661 -0.007025 -0.153966 -0.056022 -0.043591 0.035731 -0.034181 0.997825
1.096664 -0.007313 -0.152374 -0.05492 -0.043743 0.035442 -0.034365 0.997822
1.101663 -0.007643 -0.150743 -0.053804 -0.043601 0.035463 -0.034344 0.997829
1.106661 -0.007977 -0.149072 -0.052683 -0.043501 0.035689 -0.034484 0.99782
1.111659 -0.008169 -0.148215 -0.052113 -0.043433 0.035998 -0.034353 0.997816
1.116651 -0.00858 -0.146534 -0.05097 -0.043273 0.036717 -0.033837 0.997815
1.121641 -0.008993 -0.14483 -0.04984 -0.04318 0.037296 -0.033381 0.997813
1.12663 -0.009395 -0.143119 -0.0487 -0.043114 0.037923 -0.033059 0.997803
1.131627 -0.00958 -0.142256 -0.048141 -0.04302 0.03815 -0.032974 0.997801
1.136621 -0.010036 -0.140518 -0.046995 -0.042857 0.038954 -0.032373 0.997796
1.14162 -0.010541 -0.138777 -0.045832 -0.042642 0.040153 -0.031531 0.997785
1.146624 -0.011046 -0.137051 -0.044681 -0.042662 0.041127 -0.030557 0.997775
1.151631 -0.011821 -0.134479 -0.042937 -0.042572 0.042671 -0.029043 0.997759
1.15664 -0.012263 -0.132772 -0.041777 -0.042883 0.043074 -0.028979 0.99773
1.16165 -0.012735 -0.131066 -0.040601 -0.042994 0.043742 -0.028611 0.997707
1.166658 -0.013318 -0.129357 -0.0394 -0.042733 0.044991 -0.027649 0.99769
1.171664 -0.013889 -0.127624 -0.038202 -0.042553 0.046187 -0.026681 0.997669
1.176667 -0.01444 -0.125875 -0.037009 -0.042238 0.047096 -0.026066 0.997656
1.181669 -0.015146 -0.123236 -0.035267 -0.042433 0.047399 -0.026221 0.99763
1.186674 -0.015693 -0.121499 -0.03407 -0.04215 0.048134 -0.02543 0.997627
1.191676 -0.016271 -0.119741 -0.032862 -0.041645 0.049098 -0.024354 0.997628
1.196672 -0.016813 -0.117967 -0.031669 -0.041339 0.049726 -0.023859 0.997622
1.201664 -0.017058 -0.117085 -0.031079 -0.041359 0.049735 -0.023818 0.997621
1.206656 -0.01753 -0.115313 -0.029913 -0.041414 0.049622 -0.023686 0.997628
1.211649 -0.017972 -0.113538 -0.02875 -0.041515 0.049394 -0.023968 0.997628
1.216638 -0.018209 -0.11267 -0.02816 -0.041658 0.049383 -0.023887 0.997625
1.221632 -0.018711 -0.110905 -0.026961 -0.041691 0.049705 -0.023569 0.997615
1.22664 -0.019232 -0.109125 -0.025753 -0.041538 0.050048 -0.022976 0.997618
1.231646 -0.019685 -0.107334 -0.024578 -0.041813 0.049771 -0.023052 0.997619
1.236652 -0.020385 -0.104645 -0.022817 -0.042237 0.049492 -0.023124 0.997613
1.24166 -0.020831 -0.102817 -0.021645 -0.042365 0.049406 -0.023184 0.997611
1.246668 -0.021333 -0.100982 -0.02045 -0.042377 0.049765 -0.023086 0.997594
1.251672 -0.022124 -0.098238 -0.018678 -0.042691 0.050423 -0.022632 0.997558
1.256673 -0.022682 -0.096398 -0.017498 -0.042734 0.051066 -0.022254 0.997532
1.261673 -0.023226 -0.094539 -0.016339 -0.042751 0.05157 -0.021939 0.997513
1.266673 -0.023769 -0.092639 -0.015206 -0.042741 0.052237 -0.021905 0.997479
1.27167 -0.024036 -0.09168 -0.014662 -0.042633 0.052534 -0.021697 0.997473
1.276669 -0.024532 -0.089774 -0.013576 -0.042762 0.052767 -0.021644 0.997456
1.281664 -0.0251 -0.087872 -0.012479 -0.042775 0.053513 -0.021097 0.997427
1.286665 -0.025631 -0.085941 -0.011422 -0.042806 0.05418 -0.020921 0.997394
1.291666 -0.026213 -0.083993 -0.010361 -0.042437 0.055201 -0.020391 0.997365
1.296663 -0.026738 -0.082023 -0.009347 -0.04217 0.055706 -0.020102 0.997354
1.301658 -0.027182 -0.080028 -0.008377 -0.042067 0.055788 -0.020474 0.997346
1.306655 -0.027669 -0.078025 -0.007414 -0.041723 0.056181 -0.020439 0.997339
1.311654 -0.028153 -0.076027 -0.006463 -0.041413 0.056576 -0.020217 0.997334
1.316653 -0.028633 -0.074023 -0.005517 -0.041268 0.057112 -0.020168 0.997311
1.321654 -0.029124 -0.072013 -0.004578 -0.040981 0.057738 -0.020069 0.997288
1.326649 -0.02956 -0.069987 -0.003674 -0.040736 0.058113 -0.02015 0.997275
1.331643 -0.030057 -0.067984 -0.002755 -0.040242 0.058694 -0.019467 0.997275
1.336639 -0.030501 -0.065984 -0.001864 -0.040076 0.059029 -0.019269 0.997265
1.341634 -0.030691 -0.064975 -0.001426 -0.040077 0.059032 -0.019445 0.997262
1.346631 -0.031181 -0.062996 -0.000522 -0.039708 0.059763 -0.018789 0.997246
1.351632 -0.031683 -0.061041 0.000391 -0.039392 0.060672 -0.017971 0.997218
1.356636 -0.032137 -0.059055 0.001253 -0.039219 0.061172 -0.017654 0.9972
1.361642 -0.032856 -0.056086 0.002545 -0.038557 0.061996 -0.016779 0.99719
1.366646 -0.03334 -0.054135 0.00339 -0.038325 0.062458 -0.016565 0.997174
1.371652 -0.033748 -0.052181 0.004206 -0.038339 0.062738 -0.016947 0.997149
1.376657 -0.034223 -0.050248 0.005038 -0.038 0.063268 -0.016553 0.997135
1.381663 -0.034705 -0.048306 0.005861 -0.037438 0.063934 -0.015961 0.997124
1.38667 -0.03514 -0.046353 0.006646 -0.036961 0.064149 -0.016084 0.997126
1.391675 -0.035809 -0.0435 0.00786 -0.03604 0.064712 -0.015809 0.997128
1.396675 -0.036183 -0.04158 0.008617 -0.035534 0.064588 -0.016023 0.99715
1.401674 -0.036645 -0.039694 0.009396 -0.034939 0.065068 -0.015885 0.997142
1.406672 -0.037078 -0.037809 0.010158 -0.03432 0.065324 -0.015937 0.997146
1.41167 -0.037288 -0.036877 0.010523 -0.034178 0.065516 -0.016255 0.997134
1.416666 -0.037696 -0.035015 0.011257 -0.033848 0.06577 -0.016702 0.997121
1.421653 -0.038082 -0.033176 0.011966 -0.033701 0.065775 -0.017391 0.997114
1.426639 -0.038458 -0.031353 0.012664 -0.033641 0.065751 -0.018062 0.997105
1.431632 -0.03865 -0.030429 0.013014 -0.033621 0.065803 -0.018425 0.997096
1.43663 -0.039049 -0.028626 0.013687 -0.033505 0.065892 -0.019 0.997083
1.441632 -0.039503 -0.026858 0.014379 -0.033597 0.066536 -0.019468 0.997028
1.446634 -0.039926 -0.025087 0.015062 -0.033577 0.067089 -0.020161 0.996978
1.451644 -0.040546 -0.022469 0.016053 -0.033819 0.067696 -0.02116 0.996908
1.456654 -0.040955 -0.020728 0.016694 -0.033925 0.068178 -0.021833 0.996857
1.461664 -0.04136 -0.019 0.017326 -0.034274 0.068696 -0.022682 0.996791
1.466674 -0.041993 -0.016435 0.018272 -0.034204 0.069882 -0.023714 0.996687
1.471681 -0.042391 -0.014754 0.018893 -0.034416 0.070608 -0.024286 0.996614
1.476676 -0.042778 -0.013094 0.019502 -0.034574 0.071358 -0.02477 0.996544
1.481671 -0.042941 -0.012256 0.019795 -0.034691 0.071438 -0.025069 0.996526
1.486666 -0.043094 -0.01145 0.020086 -0.034863 0.071683 -0.025329 0.996496
1.491662 -0.043409 -0.009827 0.020652 -0.034978 0.072026 -0.0256 0.99646
1.496667 -0.043722 -0.008237 0.021217 -0.035216 0.072395 -0.025921 0.996417
1.501672 -0.044257 -0.005119 0.022282 -0.035713 0.072783 -0.026276 0.996362
1.506677 -0.044466 -0.003584 0.022782 -0.036156 0.07264 -0.026545 0.996349
1.511678 -0.044713 -0.002074 0.023291 -0.036475 0.07301 -0.026761 0.996305
1.516674 -0.044895 -0.000535 0.023769 -0.036542 0.072911 -0.027281 0.996295
1.521664 -0.044974 0.000217 0.02398 -0.036656 0.072911 -0.027447 0.996287
1.526654 -0.045153 0.001713 0.024416 -0.036884 0.072897 -0.027629 0.996274
1.531646 -0.045339 0.003204 0.024851 -0.037134 0.073075 -0.027899 0.996244
1.536635 -0.045492 0.004712 0.025246 -0.037309 0.073092 -0.028328 0.996224
1.541629 -0.045578 0.005466 0.025454 -0.037435 0.073126 -0.028514 0.996212
1.546628 -0.045697 0.006964 0.025814 -0.037654 0.0731 -0.028884 0.996195
1.551631 -0.04585 0.008458 0.026173 -0.037719 0.073475 -0.029258 0.996154
1.556635 -0.0459 0.009938 0.026453 -0.037864 0.072929 -0.029602 0.996178
1.561644 -0.046049 0.012123 0.026884 -0.038208 0.072876 -0.029886 0.996161
1.566655 -0.046129 0.013577 0.027146 -0.038143 0.07292 -0.030068 0.996154
1.571663 -0.046162 0.015028 0.027346 -0.03818 0.072616 -0.030499 0.996162
1.576671 -0.046217 0.016421 0.027541 -0.038403 0.072615 -0.030509 0.996153
1.581678 -0.046283 0.017787 0.027732 -0.038511 0.07282 -0.03047 0.996135
1.586683 -0.046306 0.019113 0.027854 -0.038793 0.072634 -0.03025 0.996145
1.59169 -0.04637 0.021043 0.028011 -0.039282 0.07292 -0.030304 0.996103
1.596694 -0.046381 0.022273 0.028059 -0.039779 0.072727 -0.030147 0.996102
1.60169 -0.046377 0.023476 0.028081 -0.040248 0.072489 -0.030208 0.996099
1.606688 -0.046411 0.024626 0.0281 -0.04083 0.07264 -0.030209 0.996064
1.611684 -0.046413 0.02514 0.028074 -0.04114 0.072601 -0.030238 0.996053
1.616675 -0.046438 0.026206 0.028053 -0.041734 0.072716 -0.030363 0.996016
1.621666 -0.04645 0.027225 0.027982 -0.042443 0.07263 -0.030578 0.995986
1.626658 -0.046473 0.028181 0.027892 -0.043188 0.072586 -0.030899 0.995947
1.631651 -0.0465 0.029081 0.027772 -0.044145 0.072414 -0.031399 0.995902
1.636643 -0.046534 0.029544 0.027731 -0.044568 0.072541 -0.031476 0.995872
1.641639 -0.046574 0.030368 0.027579 -0.045616 0.072408 -0.032298 0.995808
1.646638 -0.046649 0.031124 0.027402 -0.046827 0.072384 -0.033127 0.995726
1.65164 -0.046693 0.031818 0.027182 -0.048177 0.072079 -0.034104 0.995651
1.656646 -0.046764 0.032836 0.026796 -0.050243 0.071356 -0.036073 0.995531
1.661653 -0.046836 0.033428 0.0265 -0.051618 0.070971 -0.03751 0.995435
1.666658 -0.046967 0.034257 0.025955 -0.053477 0.07056 -0.040208 0.995261
1.67166 -0.047035 0.034796 0.025533 -0.054465 0.070137 -0.041992 0.995164
1.67666 -0.047136 0.035317 0.025088 -0.055338 0.070005 -0.04394 0.995041
1.681656 -0.047201 0.035816 0.024579 -0.056203 0.06965 -0.046022 0.994923
1.686647 -0.047233 0.036029 0.024275 -0.056557 0.069572 -0.046966 0.994864
1.691642 -0.047283 0.036486 0.023688 -0.057171 0.069074 -0.049002 0.994766
1.696636 -0.047337 0.036897 0.023074 -0.057771 0.068816 -0.050987 0.994649
1.70163 -0.047367 0.037122 0.022771 -0.05809 0.068635 -0.052066 0.994587
1.706628 -0.047413 0.037479 0.02209 -0.058835 0.068387 -0.053999 0.994458
1.71163 -0.047449 0.037773 0.021394 -0.059548 0.068252 -0.055914 0.994318
1.716634 -0.047457 0.037998 0.020669 -0.060379 0.067963 -0.057824 0.994179
1.721651 -0.047466 0.038212 0.019573 -0.061906 0.067808 -0.060155 0.993957
1.726667 -0.04745 0.038223 0.018838 -0.063172 0.067622 -0.061889 0.993784
1.731687 -0.047431 0.038118 0.01813 -0.064769 0.067636 -0.063511 0.993578
1.736701 -0.047368 0.03772 0.017085 -0.067725 0.067518 -0.065773 0.993241
1.741709 -0.047313 0.037387 0.016397 -0.069823 0.067406 -0.067362 0.992997
1.746708 -0.047287 0.036976 0.015747 -0.072116 0.067587 -0.068922 0.992714
1.751699 -0.04724 0.036493 0.0151 -0.074626 0.06765 -0.070517 0.992412
1.756687 -0.047187 0.036193 0.01477 -0.075872 0.067473 -0.071466 0.992262
1.761672 -0.047094 0.035636 0.014103 -0.078414 0.067161 -0.073275 0.991953
1.766648 -0.04701 0.035045 0.013452 -0.080819 0.067091 -0.075121 0.991627
1.771628 -0.046981 0.034747 0.013132 -0.082132 0.067118 -0.075919 0.991456
1.776621 -0.04688 0.034117 0.012462 -0.084498 0.066947 -0.077969 0.99111
1.781617 -0.046744 0.033472 0.011756 -0.08666 0.066442 -0.080124 0.990785
1.786622 -0.046596 0.032827 0.01103 -0.088495 0.065967 -0.082373 0.99047
1.79164 -0.046308 0.031828 0.009888 -0.091084 0.064774 -0.085706 0.990032
1.796656 -0.046119 0.031164 0.009088 -0.092401 0.064175 -0.088069 0.989741
1.801672 -0.045896 0.030494 0.008256 -0.093395 0.063354 -0.090531 0.989479
1.806686 -0.045484 0.029439 0.006934 -0.094782 0.061658 -0.094108 0.98912
1.811692 -0.045218 0.028705 0.006061 -0.095554 0.060775 -0.096293 0.98889
1.816691 -0.044937 0.027958 0.00519 -0.0964 0.059955 -0.09874 0.988617
1.821687 -0.044628 0.027162 0.004307 -0.097244 0.058917 -0.100888 0.988379
1.826671 -0.044474 0.026728 0.003891 -0.097716 0.058587 -0.101856 0.988253
1.831653 -0.044166 0.025886 0.003049 -0.098579 0.057915 -0.10397 0.987987
1.836638 -0.043836 0.02502 0.002219 -0.099432 0.057144 -0.105999 0.987731
1.841627 -0.04368 0.024603 0.001795 -0.099886 0.056782 -0.107086 0.987589
1.846628 -0.04316 0.023178 0.000619 -0.101389 0.055828 -0.109641 0.987209
1.85163 -0.042804 0.022193 -0.000143 -0.102475 0.05531 -0.111134 0.98696
1.856631 -0.042408 0.021188 -0.000893 -0.103527 0.054668 -0.112525 0.986728
1.86163 -0.042183 0.02065 -0.001262 -0.10403 0.05429 -0.112921 0.98665
1.866628 -0.041572 0.019094 -0.002357 -0.105585 0.053511 -0.114657 0.986328
1.871624 -0.041365 0.018575 -0.002721 -0.106096 0.05321 -0.11529 0.986215
1.876622 -0.04091 0.01749 -0.003424 -0.106995 0.052754 -0.116129 0.986044
1.881622 -0.040439 0.016374 -0.00412 -0.107883 0.052227 -0.116771 0.9859
1.886627 -0.039934 0.015249 -0.004815 -0.108637 0.051684 -0.117348 0.985777
1.891637 -0.039145 0.013579 -0.005878 -0.10946 0.050553 -0.118374 0.985622
1.896649 -0.038612 0.012431 -0.006579 -0.109982 0.049853 -0.118898 0.985536
1.901662 -0.038073 0.011253 -0.007247 -0.110515 0.049312 -0.119407 0.985442
1.906684 -0.037506 0.010051 -0.007925 -0.11084 0.048568 -0.119787 0.985397
1.911702 -0.036653 0.00819 -0.008937 -0.111339 0.047196 -0.120112 0.985368
1.916715 -0.036094 0.00693 -0.009596 -0.111802 0.046406 -0.12033 0.985326
1.921717 -0.035555 0.005635 -0.010234 -0.112217 0.045788 -0.120455 0.985293
1.92671 -0.035021 0.004304 -0.010865 -0.11275 0.045143 -0.120534 0.985252
1.9317 -0.034773 0.00362 -0.011177 -0.112961 0.044736 -0.120647 0.985232
1.936687 -0.034275 0.002277 -0.011798 -0.113408 0.044171 -0.120902 0.985175
1.941671 -0.033793 0.000909 -0.012409 -0.113791 0.043598 -0.121178 0.985123
1.946653 -0.033338 -0.000501 -0.013001 -0.114289 0.043098 -0.121377 0.985063
1.951637 -0.032888 -0.001938 -0.013596 -0.114834 0.042379 -0.121598 0.985003
1.956623 -0.032477 -0.0034 -0.014182 -0.115429 0.041912 -0.121917 0.984914
1.961609 -0.032077 -0.004894 -0.014762 -0.115971 0.041358 -0.122164 0.984843
1.9666 -0.03169 -0.00639 -0.015347 -0.116512 0.040704 -0.12264 0.984747
1.971594 -0.031497 -0.007136 -0.015634 -0.116768 0.040436 -0.122795 0.984709
1.976591 -0.031148 -0.008668 -0.016204 -0.117316 0.039913 -0.123317 0.9846
1.981591 -0.030826 -0.010241 -0.01676 -0.117739 0.039377 -0.123826 0.984507
1.986591 -0.030528 -0.011833 -0.017317 -0.118224 0.038815 -0.124364 0.984403
1.991606 -0.030107 -0.014234 -0.018179 -0.118884 0.037941 -0.125263 0.984244
1.996622 -0.029881 -0.015856 -0.018731 -0.11925 0.037648 -0.126031 0.984113
2.001635 -0.029684 -0.017487 -0.019283 -0.11949 0.037459 -0.126917 0.983977
2.006645 -0.029424 -0.020039 -0.020109 -0.119921 0.037105 -0.12792 0.983808
2.011653 -0.029272 -0.021759 -0.020655 -0.120244 0.036969 -0.128539 0.983693
2.016655 -0.02912 -0.023502 -0.021224 -0.120646 0.036531 -0.129122 0.983584
2.021645 -0.028989 -0.025251 -0.021787 -0.120891 0.036188 -0.129703 0.98349
2.026639 -0.028947 -0.026149 -0.022063 -0.12101 0.03609 -0.129994 0.983441
2.031634 -0.028853 -0.02793 -0.022609 -0.121231 0.035883 -0.130613 0.983339
2.036631 -0.028776 -0.029739 -0.023157 -0.121461 0.035636 -0.131167 0.983246
2.041629 -0.028713 -0.031571 -0.023713 -0.121812 0.035266 -0.131637 0.983153
2.046623 -0.028672 -0.033413 -0.024268 -0.122191 0.034994 -0.132188 0.983042
2.051618 -0.02868 -0.035265 -0.024799 -0.122541 0.035073 -0.132749 0.98292
2.056614 -0.028671 -0.037133 -0.025352 -0.122875 0.034722 -0.133481 0.982791
2.06161 -0.028698 -0.039007 -0.025881 -0.123137 0.034703 -0.134207 0.98266
2.066606 -0.02871 -0.039947 -0.02615 -0.123331 0.0347 -0.13455 0.982589
2.071601 -0.028753 -0.041849 -0.026683 -0.123599 0.034574 -0.135274 0.982461
2.076602 -0.028816 -0.043772 -0.02721 -0.123963 0.034504 -0.135939 0.982325
2.081604 -0.028887 -0.045696 -0.027746 -0.124315 0.034374 -0.136732 0.982175
2.086609 -0.029015 -0.048569 -0.028536 -0.124545 0.034253 -0.138245 0.981939
2.091614 -0.029103 -0.050518 -0.029067 -0.124593 0.034054 -0.139147 0.981812
2.096619 -0.029232 -0.052476 -0.029571 -0.124717 0.034217 -0.139942 0.981678
2.101623 -0.029347 -0.054464 -0.030078 -0.124965 0.03412 -0.140751 0.981534
2.106627 -0.02955 -0.057454 -0.030814 -0.125319 0.034099 -0.142128 0.981291
2.111628 -0.029682 -0.059452 -0.031303 -0.125538 0.033963 -0.143148 0.981119
2.116628 -0.029804 -0.06147 -0.031789 -0.125829 0.033678 -0.144185 0.98094
2.121624 -0.029938 -0.063518 -0.03226 -0.126252 0.03338 -0.144996 0.980776
2.12662 -0.030019 -0.064544 -0.032486 -0.126533 0.033302 -0.145501 0.980668
2.131615 -0.030169 -0.066597 -0.032954 -0.127077 0.03298 -0.146451 0.980467
2.13661 -0.030238 -0.067624 -0.033185 -0.127275 0.032829 -0.146905 0.980379
2.141608 -0.030395 -0.069674 -0.033641 -0.127745 0.032551 -0.147872 0.980181
2.146608 -0.030555 -0.071734 -0.034097 -0.128214 0.032158 -0.148771 0.979997
2.151612 -0.030724 -0.073814 -0.034527 -0.128806 0.03185 -0.149594 0.979804
2.156619 -0.031022 -0.076901 -0.035158 -0.129683 0.031748 -0.150998 0.979476
2.161621 -0.031225 -0.078975 -0.035572 -0.130463 0.031591 -0.151919 0.979235
2.166625 -0.031426 -0.081057 -0.035982 -0.131215 0.031272 -0.152834 0.979003
2.171628 -0.031635 -0.083115 -0.036385 -0.131895 0.030971 -0.153926 0.97875
2.176631 -0.03201 -0.086204 -0.036961 -0.133033 0.030972 -0.155678 0.978319
2.181635 -0.032261 -0.088263 -0.037355 -0.133926 0.030924 -0.15694 0.977997
2.186633 -0.032528 -0.090309 -0.037756 -0.134852 0.030968 -0.158343 0.977642
2.191632 -0.032924 -0.093339 -0.0384 -0.135943 0.030995 -0.160618 0.977119
2.19663 -0.032924 -0.093339 -0.0384 -0.135943 0.030995 -0.160618 0.977119
2.201629 -0.033062 -0.094351 -0.038598 -0.136255 0.031089 -0.161351 0.976951
2.206633 -0.033349 -0.096343 -0.039038 -0.13689 0.031288 -0.162959 0.976589
2.211633 -0.034034 -0.101247 -0.040291 -0.13839 0.031272 -0.167456 0.975617
2.216629 -0.034034 -0.101247 -0.040291 -0.13839 0.031272 -0.167456 0.975617
2.221634 -0.034436 -0.104137 -0.041098 -0.139234 0.031167 -0.170434 0.974984
2.226637 -0.034695 -0.106018 -0.041682 -0.139679 0.031022 -0.172584 0.974547
2.231635 -0.034932 -0.107895 -0.042301 -0.140265 0.030669 -0.174734 0.974091
2.236628 -0.035025 -0.108813 -0.042651 -0.140551 0.03038 -0.175865 0.973855
2.24162 -0.035253 -0.110633 -0.043307 -0.141007 0.030125 -0.178199 0.973373
2.246612 -0.035364 -0.111555 -0.043635 -0.141244 0.029881 -0.179371 0.973131
2.251605 -0.035562 -0.113338 -0.044329 -0.141736 0.029542 -0.181803 0.972618
2.256606 -0.035767 -0.115085 -0.045029 -0.14214 0.029441 -0.184291 0.972094
2.261615 -0.035959 -0.116815 -0.045747 -0.142587 0.029338 -0.186782 0.971556
2.266621 -0.036226 -0.119394 -0.046844 -0.143188 0.029155 -0.190254 0.970799
2.271625 -0.036408 -0.121074 -0.047576 -0.143542 0.029236 -0.1925 0.970301
2.276628 -0.036644 -0.12357 -0.048686 -0.144454 0.029204 -0.195859 0.969494
2.28163 -0.036801 -0.125207 -0.049422 -0.145059 0.029292 -0.198115 0.968943
2.286633 -0.036963 -0.126802 -0.050159 -0.145636 0.029536 -0.200407 0.968377
2.291629 -0.037097 -0.1284 -0.050904 -0.146396 0.029647 -0.202471 0.96783
2.296624 -0.03715 -0.129141 -0.051292 -0.146797 0.029854 -0.203547 0.967537
2.301619 -0.037219 -0.129943 -0.051665 -0.147153 0.029894 -0.204546 0.967271
2.306621 -0.037336 -0.132133 -0.05285 -0.148133 0.030581 -0.20746 0.966479
2.311622 -0.037388 -0.13355 -0.053665 -0.148669 0.03113 -0.209351 0.965971
2.316622 -0.037404 -0.134924 -0.054526 -0.14915 0.031589 -0.211078 0.965506
2.321621 -0.037361 -0.135545 -0.055003 -0.149234 0.031844 -0.211782 0.965331
2.326617 -0.03731 -0.137501 -0.056358 -0.149723 0.032564 -0.214226 0.964692
2.331614 -0.037287 -0.138164 -0.056812 -0.149934 0.032779 -0.214918 0.964497
2.336609 -0.037144 -0.139352 -0.057821 -0.149975 0.033197 -0.216179 0.964195
2.341605 -0.036934 -0.140499 -0.058876 -0.149634 0.033329 -0.217317 0.963988
2.346609 -0.036675 -0.141607 -0.059973 -0.149304 0.033176 -0.218375 0.963805
2.351615 -0.036235 -0.143194 -0.061658 -0.148615 0.032898 -0.220324 0.963477
2.356621 -0.035876 -0.144164 -0.062796 -0.147781 0.032602 -0.221677 0.963305
2.361631 -0.035494 -0.145125 -0.063943 -0.147063 0.032136 -0.222997 0.963126
2.366646 -0.035093 -0.14608 -0.065067 -0.146372 0.031621 -0.224081 0.962997
2.371656 -0.034434 -0.147435 -0.06675 -0.145494 0.030498 -0.22635 0.962635
2.376661 -0.033999 -0.148333 -0.067845 -0.145165 0.029894 -0.2279 0.962338
2.381659 -0.033543 -0.1492 -0.068934 -0.14481 0.029245 -0.22957 0.962015
2.386653 -0.03307 -0.150045 -0.070018 -0.144528 0.028532 -0.231141 0.961702
2.391645 -0.032832 -0.150446 -0.070542 -0.144505 0.028306 -0.231991 0.961508
2.396638 -0.032361 -0.151263 -0.071598 -0.14438 0.027887 -0.233615 0.961146
2.401631 -0.031851 -0.152061 -0.072659 -0.144225 0.027349 -0.235165 0.960806
2.406625 -0.031604 -0.152457 -0.073192 -0.144179 0.027028 -0.236146 0.960581
2.411624 -0.031081 -0.153205 -0.074248 -0.144061 0.026658 -0.237647 0.960239
2.416624 -0.030525 -0.153943 -0.075306 -0.144074 0.02629 -0.238939 0.959927
2.421624 -0.02995 -0.154621 -0.076376 -0.143925 0.026064 -0.240294 0.959617
2.426627 -0.029624 -0.154935 -0.076939 -0.143855 0.025853 -0.24082 0.959501
2.431627 -0.0284 -0.156232 -0.079124 -0.143604 0.025512 -0.243006 0.958997
2.436626 -0.027707 -0.156825 -0.080273 -0.143458 0.025261 -0.243594 0.958876
2.441628 -0.026984 -0.157364 -0.081452 -0.143243 0.025014 -0.244244 0.95875
2.446632 -0.02621 -0.157867 -0.082668 -0.143017 0.024714 -0.244846 0.958638
2.451638 -0.02539 -0.158337 -0.083927 -0.142607 0.024242 -0.245259 0.958605
2.456641 -0.024043 -0.158973 -0.085942 -0.142357 0.023327 -0.245697 0.958553
2.461641 -0.023618 -0.159192 -0.086586 -0.142223 0.023209 -0.245794 0.958551
2.466641 -0.022668 -0.159569 -0.087975 -0.14203 0.022585 -0.246025 0.958535
2.471641 -0.021677 -0.159899 -0.089416 -0.141651 0.021921 -0.246279 0.958541
2.476641 -0.021145 -0.160021 -0.090181 -0.141277 0.02158 -0.246339 0.958589
2.481644 -0.019584 -0.160455 -0.092423 -0.140615 0.02044 -0.246564 0.958653
2.486643 -0.018497 -0.160665 -0.093996 -0.139971 0.019737 -0.246853 0.958688
2.491645 -0.017394 -0.160831 -0.0956 -0.138937 0.019076 -0.246974 0.95882
2.496645 -0.016264 -0.160968 -0.097236 -0.137815 0.018396 -0.246903 0.959014
2.501645 -0.014539 -0.161064 -0.099768 -0.135811 0.017623 -0.246993 0.959291
2.506646 -0.01338 -0.161103 -0.101473 -0.134419 0.017131 -0.247041 0.959484
2.51165 -0.012198 -0.161135 -0.103204 -0.133026 0.016572 -0.246897 0.959724
2.516651 -0.011007 -0.161144 -0.104953 -0.131531 0.016114 -0.246686 0.959993
2.521645 -0.010407 -0.161136 -0.105833 -0.130857 0.016025 -0.246497 0.960135
2.52664 -0.009209 -0.161123 -0.107589 -0.129377 0.01565 -0.246184 0.960422
2.531635 -0.008004 -0.161108 -0.10935 -0.12796 0.015413 -0.245778 0.960719
2.536631 -0.006782 -0.161067 -0.111118 -0.126575 0.015292 -0.245634 0.960942
2.541631 -0.005554 -0.161047 -0.112892 -0.125407 0.015226 -0.245259 0.961192
2.546632 -0.004308 -0.161015 -0.114664 -0.124183 0.015134 -0.24497 0.961426
2.551624 -0.003059 -0.160986 -0.11644 -0.12303 0.015054 -0.244535 0.961686
2.556621 -0.001806 -0.160939 -0.118202 -0.121898 0.015157 -0.244194 0.961915
2.561615 -0.00119 -0.160914 -0.119085 -0.121352 0.015285 -0.244033 0.962023
2.566618 0.00072 -0.160837 -0.121724 -0.119878 0.015477 -0.243398 0.962365
2.571619 0.002012 -0.160784 -0.123489 -0.118967 0.015606 -0.243007 0.962575
2.576619 0.003333 -0.160724 -0.125259 -0.118035 0.015414 -0.242674 0.962777
2.581617 0.003333 -0.160724 -0.125259 -0.118035 0.015414 -0.242674 0.962777
2.586615 0.00529 -0.160638 -0.127894 -0.116666 0.015215 -0.241835 0.963158
2.591614 0.006625 -0.160563 -0.129662 -0.115694 0.014947 -0.241285 0.963417
2.596613 0.007977 -0.160484 -0.131429 -0.114932 0.014568 -0.240902 0.96361
2.601618 0.010006 -0.160362 -0.134087 -0.113889 0.013919 -0.240383 0.963873
2.606626 0.011363 -0.16028 -0.135861 -0.113237 0.013395 -0.239884 0.964082
2.611635 0.012723 -0.160172 -0.137641 -0.112518 0.01295 -0.239612 0.96424
2.616647 0.014081 -0.160038 -0.139438 -0.11192 0.01268 -0.239568 0.964324
2.621656 0.015462 -0.159889 -0.141247 -0.111228 0.012215 -0.239703 0.964376
2.626673 0.017535 -0.159604 -0.144004 -0.110187 0.011433 -0.240024 0.964425
2.631683 0.018924 -0.159394 -0.145841 -0.109402 0.011066 -0.240344 0.96444
2.636686 0.020339 -0.159172 -0.147706 -0.108635 0.0105 -0.240751 0.964431
2.641681 0.021767 -0.158881 -0.149591 -0.107778 0.010022 -0.241534 0.964336
2.646667 0.022485 -0.158715 -0.150549 -0.107523 0.009706 -0.242009 0.964249
2.651649 0.02394 -0.158413 -0.152468 -0.106951 0.008853 -0.242922 0.964091
2.656631 0.025397 -0.158094 -0.154395 -0.106392 0.008065 -0.243709 0.963961
2.661615 0.026884 -0.157755 -0.156355 -0.105847 0.007072 -0.244562 0.963813
2.666604 0.028383 -0.157373 -0.158327 -0.105369 0.006142 -0.245507 0.963632
2.6716 0.029125 -0.157198 -0.1593 -0.105115 0.005772 -0.246011 0.963533
2.676598 0.030663 -0.156801 -0.161317 -0.104626 0.004632 -0.246813 0.963387
2.681597 0.032215 -0.156366 -0.16335 -0.104285 0.003428 -0.247739 0.963192
2.686601 0.033794 -0.155933 -0.165408 -0.104029 0.00216 -0.248484 0.963031
2.691609 0.036179 -0.155244 -0.168501 -0.103379 0.000494 -0.249317 0.962888
2.696622 0.0378 -0.154742 -0.170587 -0.10287 -0.000444 -0.249625 0.962863
2.701635 0.039396 -0.154199 -0.172668 -0.102426 -0.001013 -0.249818 0.96286
2.706657 0.04102 -0.153671 -0.174783 -0.102264 -0.001776 -0.249691 0.962909
2.711675 0.042612 -0.153087 -0.176894 -0.102167 -0.002294 -0.24947 0.962975
2.716688 0.045857 -0.151844 -0.18114 -0.101821 -0.003014 -0.248668 0.963217
2.721697 0.046662 -0.151549 -0.182198 -0.101729 -0.003214 -0.24841 0.963293
2.726699 0.048296 -0.150899 -0.184326 -0.101564 -0.003661 -0.247816 0.963462
2.731697 0.049932 -0.150219 -0.186461 -0.101529 -0.004021 -0.247439 0.963561
2.736689 0.051592 -0.149508 -0.188604 -0.101384 -0.004461 -0.247153 0.963648
2.741675 0.052432 -0.149123 -0.189673 -0.10121 -0.004731 -0.247068 0.963687
2.74666 0.05411 -0.14839 -0.191793 -0.10098 -0.0052 -0.246871 0.963759
2.751645 0.05581 -0.147632 -0.193914 -0.100739 -0.005693 -0.246857 0.963785
2.756628 0.057518 -0.146852 -0.196034 -0.100513 -0.00631 -0.246952 0.96378
2.761614 0.059217 -0.146036 -0.198152 -0.10029 -0.00708 -0.246792 0.963839
2.766603 0.0609 -0.145181 -0.200259 -0.099916 -0.007624 -0.246438 0.963964
2.771594 0.06175 -0.144769 -0.201317 -0.099822 -0.007838 -0.246505 0.963955
2.77659 0.063412 -0.143859 -0.203418 -0.099298 -0.008383 -0.24617 0.96409
2.781597 0.065091 -0.142941 -0.205503 -0.098699 -0.008931 -0.24574 0.964256
2.786603 0.066763 -0.141995 -0.207575 -0.098179 -0.009408 -0.245537 0.964357
2.791611 0.069256 -0.140528 -0.210683 -0.097291 -0.010202 -0.245002 0.964575
2.796619 0.070869 -0.139479 -0.212712 -0.096654 -0.010367 -0.244623 0.964733
2.801631 0.072488 -0.138444 -0.214704 -0.096128 -0.010266 -0.244537 0.964809
2.806638 0.074058 -0.137317 -0.216686 -0.095789 -0.010353 -0.244559 0.964836
2.811642 0.075622 -0.136175 -0.218642 -0.095749 -0.010385 -0.24483 0.964771
2.816646 0.077158 -0.135006 -0.220581 -0.095673 -0.010407 -0.245201 0.964684
2.821647 0.078683 -0.133829 -0.22249 -0.095786 -0.010414 -0.245679 0.964551
2.826649 0.080183 -0.132613 -0.224371 -0.095835 -0.010372 -0.246241 0.964403
2.831654 0.082479 -0.130838 -0.227106 -0.096008 -0.010466 -0.247342 0.964103
2.836654 0.084002 -0.129637 -0.228917 -0.096048 -0.010604 -0.248104 0.963902
2.841654 0.085587 -0.128517 -0.230694 -0.096124 -0.010905 -0.249194 0.96361
2.846653 0.087175 -0.127385 -0.232437 -0.096096 -0.011195 -0.25031 0.96332
2.851649 0.087992 -0.126815 -0.233285 -0.096045 -0.011679 -0.25092 0.963161
2.856645 0.089602 -0.125673 -0.234996 -0.096243 -0.012366 -0.252296 0.962773
2.861641 0.091224 -0.124526 -0.236683 -0.096192 -0.013128 -0.253518 0.962447
2.866635 0.092866 -0.1234 -0.238353 -0.096358 -0.014041 -0.254929 0.962044
2.87163 0.094522 -0.122262 -0.240015 -0.096387 -0.015038 -0.256424 0.961629
2.87663 0.096214 -0.121128 -0.241674 -0.096489 -0.016221 -0.257963 0.961188
2.88163 0.097906 -0.119976 -0.24332 -0.096749 -0.01742 -0.259593 0.960702
2.886629 0.098737 -0.11939 -0.244142 -0.096799 -0.017992 -0.260378 0.960474
2.89163 0.100454 -0.118241 -0.24577 -0.097144 -0.019285 -0.26194 0.959989
2.896629 0.102194 -0.117085 -0.247409 -0.097626 -0.020612 -0.263591 0.95946
2.901629 0.103947 -0.115924 -0.249046 -0.097956 -0.021722 -0.264901 0.959041
2.906632 0.106588 -0.114186 -0.251503 -0.098671 -0.023289 -0.266802 0.958404
2.91164 0.108369 -0.113003 -0.253162 -0.098988 -0.024135 -0.267726 0.958093
2.916646 0.11013 -0.111793 -0.254845 -0.099373 -0.024944 -0.268413 0.95784
2.921653 0.111884 -0.110575 -0.256543 -0.099781 -0.025411 -0.268758 0.957689
2.926659 0.114531 -0.108713 -0.259175 -0.100034 -0.026038 -0.268767 0.957643
2.931667 0.116279 -0.107472 -0.260935 -0.10016 -0.026076 -0.268421 0.957726
2.936661 0.118031 -0.10619 -0.262735 -0.100203 -0.026266 -0.268288 0.957753
2.941659 0.119773 -0.1049 -0.264565 -0.100049 -0.026315 -0.267927 0.957869
2.946652 0.120628 -0.104234 -0.265506 -0.099969 -0.026324 -0.267833 0.957903
2.951644 0.122349 -0.102929 -0.267373 -0.099884 -0.026469 -0.267481 0.958007
2.956638 0.124021 -0.101581 -0.269244 -0.099779 -0.026384 -0.267067 0.958135
2.961631 0.125706 -0.100231 -0.27113 -0.099232 -0.026543 -0.266676 0.958297
2.966623 0.127367 -0.098841 -0.273043 -0.098983 -0.027071 -0.266616 0.958324
2.971618 0.128992 -0.097461 -0.274954 -0.09858 -0.02743 -0.266382 0.958421
2.976615 0.130592 -0.096061 -0.276877 -0.098231 -0.027833 -0.266768 0.958338
2.981613 0.132176 -0.094696 -0.27878 -0.097658 -0.028223 -0.267079 0.958298
2.986615 0.133731 -0.093329 -0.280674 -0.097152 -0.028735 -0.267522 0.958211
2.991613 0.134514 -0.092631 -0.28163 -0.096879 -0.029026 -0.267578 0.958214
2.996609 0.136021 -0.091269 -0.283505 -0.096689 -0.029796 -0.268618 0.957919
3.001611 0.137517 -0.089913 -0.285368 -0.096234 -0.030572 -0.269528 0.957684
3.006613 0.13898 -0.088581 -0.287226 -0.095971 -0.031112 -0.270853 0.957319
3.011618 0.141151 -0.086685 -0.289946 -0.095387 -0.03134 -0.273193 0.956705
3.016623 0.142535 -0.085436 -0.291698 -0.095071 -0.031661 -0.274675 0.956302
3.021626 0.143878 -0.08419 -0.293427 -0.095275 -0.032009 -0.276233 0.955821
3.026631 0.145275 -0.083125 -0.295111 -0.09542 -0.032228 -0.278021 0.95528
3.031634 0.146711 -0.082198 -0.296757 -0.095521 -0.032357 -0.279449 0.954849
3.036638 0.148151 -0.081326 -0.298364 -0.095874 -0.032628 -0.281295 0.954262
3.041641 0.149564 -0.080423 -0.299924 -0.096526 -0.033182 -0.282929 0.953694
3.046641 0.150958 -0.079506 -0.301449 -0.097094 -0.033687 -0.284078 0.953277
3.051642 0.152373 -0.078645 -0.302942 -0.097605 -0.033942 -0.285149 0.952896
3.056642 0.153791 -0.077774 -0.304407 -0.098022 -0.034214 -0.28632 0.952493
3.061642 0.155813 -0.076225 -0.306547 -0.098196 -0.03471 -0.287577 0.952078
3.066643 0.15783 -0.074643 -0.308608 -0.098173 -0.035054 -0.288806 0.951696
3.071644 0.158482 -0.074087 -0.309304 -0.098202 -0.035095 -0.289179 0.951578
3.076644 0.159833 -0.073052 -0.310651 -0.098082 -0.035345 -0.290013 0.951327
3.081642 0.160526 -0.072569 -0.311276 -0.097933 -0.035384 -0.290557 0.951175
3.086644 0.16261 -0.07106 -0.313218 -0.097382 -0.035832 -0.29194 0.950791
3.091644 0.163332 -0.070596 -0.313813 -0.096995 -0.035965 -0.29238 0.95069
3.096641 0.164731 -0.069633 -0.315028 -0.096584 -0.036259 -0.293268 0.950447
3.101636 0.166149 -0.06868 -0.316211 -0.096069 -0.036521 -0.294255 0.950185
3.106624 0.167555 -0.067721 -0.317351 -0.095697 -0.036841 -0.29522 0.949911
3.111612 0.168955 -0.066746 -0.318463 -0.095231 -0.037335 -0.296062 0.949676
3.116607 0.169669 -0.066281 -0.319034 -0.094818 -0.037487 -0.296446 0.949592
3.121604 0.171083 -0.06536 -0.32008 -0.094188 -0.037894 -0.296988 0.949469
3.126604 0.172496 -0.064435 -0.321101 -0.093618 -0.038477 -0.297311 0.9494
3.131611 0.173837 -0.063508 -0.322071 -0.093424 -0.03869 -0.297753 0.949272
3.136621 0.17587 -0.062135 -0.323502 -0.092914 -0.039432 -0.297876 0.949253
3.141634 0.177172 -0.061252 -0.324387 -0.092711 -0.03981 -0.29759 0.949347
3.146644 0.178472 -0.060395 -0.325227 -0.092335 -0.040106 -0.297317 0.949457
3.151649 0.179721 -0.059541 -0.326011 -0.09237 -0.040121 -0.297208 0.949487
3.156654 0.180951 -0.058725 -0.326753 -0.092388 -0.040414 -0.296656 0.949645
3.161664 0.182142 -0.057927 -0.327463 -0.092215 -0.040569 -0.296006 0.949858
3.166672 0.18331 -0.057147 -0.328123 -0.092042 -0.040773 -0.295117 0.950143
3.171677 0.184428 -0.056366 -0.328735 -0.092159 -0.041072 -0.294373 0.95035
3.176676 0.18602 -0.055248 -0.32955 -0.092047 -0.041149 -0.293327 0.95068
3.181681 0.187041 -0.054514 -0.330059 -0.091988 -0.041287 -0.292549 0.95092
3.186683 0.18801 -0.053807 -0.330524 -0.091897 -0.041387 -0.291656 0.951199
3.191681 0.188906 -0.053091 -0.330945 -0.091838 -0.041094 -0.291305 0.951325
3.196674 0.189289 -0.052738 -0.331116 -0.091959 -0.041112 -0.291258 0.951326
3.201665 0.190104 -0.052033 -0.331486 -0.092024 -0.041122 -0.290911 0.951426
3.206649 0.190897 -0.051339 -0.331833 -0.09183 -0.041391 -0.290771 0.951476
3.211632 0.19167 -0.050676 -0.33213 -0.09139 -0.041812 -0.290697 0.951522
3.216616 0.19237 -0.050019 -0.332374 -0.091114 -0.042256 -0.290825 0.95149
3.221604 0.192725 -0.049686 -0.332511 -0.090992 -0.042391 -0.290737 0.951523
3.226599 0.193327 -0.049055 -0.332703 -0.090699 -0.042814 -0.290873 0.95149
3.231597 0.193879 -0.048443 -0.332866 -0.090224 -0.043297 -0.29112 0.951438
3.236601 0.194382 -0.047861 -0.332997 -0.089731 -0.043911 -0.291211 0.951429
3.241608 0.195072 -0.047023 -0.333127 -0.088756 -0.04463 -0.291462 0.95141
3.246623 0.195398 -0.04653 -0.333139 -0.088298 -0.044885 -0.2914 0.951459
3.251643 0.1956 -0.046059 -0.33311 -0.088103 -0.044637 -0.291359 0.951502
3.256659 0.195792 -0.045616 -0.333046 -0.088136 -0.044987 -0.291259 0.951513
3.261669 0.195904 -0.045195 -0.332934 -0.088369 -0.045256 -0.291213 0.951493
3.266674 0.195957 -0.044808 -0.332766 -0.088633 -0.045581 -0.291027 0.951509
3.271678 0.19587 -0.044301 -0.332432 -0.0885 -0.045915 -0.290495 0.951668
3.276679 0.19576 -0.043981 -0.332199 -0.088245 -0.046069 -0.290197 0.951775
3.28168 0.195583 -0.043694 -0.331943 -0.087792 -0.046071 -0.28985 0.951923
3.286679 0.195322 -0.043454 -0.331643 -0.087201 -0.045838 -0.289262 0.952167
3.291675 0.195092 -0.043375 -0.331453 -0.08681 -0.045396 -0.288966 0.952314
3.296665 0.194681 -0.043192 -0.331103 -0.086035 -0.044807 -0.288176 0.952651
3.301654 0.194192 -0.043055 -0.330709 -0.085219 -0.044107 -0.287335 0.953012
3.306643 0.193626 -0.042978 -0.330279 -0.0842 -0.043351 -0.28625 0.953463
3.311633 0.192974 -0.042953 -0.329794 -0.083443 -0.042685 -0.285111 0.953901
3.316626 0.192252 -0.042989 -0.329262 -0.082895 -0.042261 -0.28401 0.954296
3.321618 0.191405 -0.043097 -0.328644 -0.082601 -0.04148 -0.282777 0.954722
3.326614 0.190459 -0.043281 -0.327964 -0.082365 -0.040779 -0.281197 0.955239
3.331605 0.190026 -0.043334 -0.327648 -0.082306 -0.040528 -0.280609 0.955428
3.3366 0.188946 -0.043616 -0.326895 -0.082209 -0.040015 -0.278906 0.955956
3.3416 0.187756 -0.043972 -0.32607 -0.082352 -0.039472 -0.277366 0.956414
3.346604 0.186476 -0.044423 -0.32519 -0.082273 -0.039031 -0.275515 0.956974
3.351608 0.184395 -0.045176 -0.323803 -0.082623 -0.038171 -0.27318 0.957648
3.356616 0.18278 -0.045801 -0.322776 -0.082925 -0.037302 -0.271678 0.958083
3.361623 0.181095 -0.04648 -0.321709 -0.08307 -0.036825 -0.27041 0.958448
3.366629 0.179273 -0.047215 -0.320584 -0.083584 -0.036146 -0.269702 0.958628
3.371636 0.177358 -0.048026 -0.319391 -0.08423 -0.035628 -0.269151 0.958746
3.376641 0.175304 -0.048906 -0.318148 -0.084982 -0.03474 -0.268561 0.958878
3.381646 0.171958 -0.05035 -0.316168 -0.086377 -0.033374 -0.268604 0.958789
3.386651 0.169659 -0.051364 -0.314807 -0.087193 -0.032455 -0.26863 0.95874
3.391652 0.167247 -0.052445 -0.313389 -0.088203 -0.031365 -0.268574 0.958699
3.396649 0.164734 -0.05359 -0.311934 -0.089257 -0.030256 -0.268532 0.958649
3.401646 0.163416 -0.054223 -0.311167 -0.089541 -0.029845 -0.26843 0.958664
3.40664 0.160832 -0.055455 -0.30965 -0.090391 -0.02898 -0.268199 0.958676
3.411635 0.158125 -0.056741 -0.3081 -0.091241 -0.027712 -0.26773 0.958764
3.416631 0.155359 -0.058077 -0.30651 -0.092218 -0.026606 -0.267278 0.958828
3.421629 0.152531 -0.059482 -0.304861 -0.093095 -0.025285 -0.26665 0.958953
3.426629 0.149652 -0.060955 -0.303159 -0.094143 -0.024101 -0.265956 0.959075
3.431627 0.146699 -0.062478 -0.301419 -0.095296 -0.022693 -0.265063 0.959242
3.436624 0.143719 -0.064036 -0.299645 -0.096163 -0.021256 -0.264188 0.95943
3.441622 0.1407 -0.065634 -0.297825 -0.097114 -0.019852 -0.263147 0.95965
3.44662 0.139177 -0.066427 -0.296923 -0.097779 -0.019012 -0.262591 0.959752
3.45162 0.136075 -0.068076 -0.295043 -0.098925 -0.017575 -0.261328 0.960006
3.45662 0.132963 -0.069749 -0.293129 -0.099867 -0.016096 -0.260065 0.960278
3.461619 0.129837 -0.071441 -0.291173 -0.100687 -0.01434 -0.259074 0.960488
3.466621 0.125109 -0.073955 -0.288226 -0.102228 -0.012036 -0.257333 0.960825
3.471625 0.12197 -0.075641 -0.286213 -0.102957 -0.010627 -0.256142 0.961082
3.476631 0.11882 -0.077317 -0.284179 -0.10392 -0.009146 -0.255089 0.961273
3.481641 0.112504 -0.080613 -0.280058 -0.105353 -0.006517 -0.251926 0.961973
3.486648 0.110913 -0.081446 -0.279025 -0.105771 -0.005526 -0.251359 0.962082
3.491649 0.107772 -0.083082 -0.276944 -0.106516 -0.004262 -0.25024 0.962297
3.496647 0.104638 -0.084697 -0.274866 -0.107135 -0.003303 -0.248883 0.962584
3.501642 0.101492 -0.086299 -0.272801 -0.107663 -0.002336 -0.247163 0.962971
3.506634 0.101492 -0.086299 -0.272801 -0.107663 -0.002336 -0.247163 0.962971
3.511633 0.098301 -0.087794 -0.270738 -0.108316 -0.001506 -0.245189 0.963404
3.516633 0.09511 -0.08928 -0.268664 -0.108936 -0.000793 -0.243039 0.96388
3.521634 0.091932 -0.090726 -0.266576 -0.109631 -3.7e-05 -0.241446 0.964202
3.526636 0.088768 -0.092087 -0.26451 -0.110027 0.00068 -0.239578 0.964622
3.531636 0.083994 -0.094216 -0.261411 -0.110907 0.00177 -0.236912 0.965178
3.536636 0.080799 -0.095532 -0.259335 -0.111245 0.002697 -0.23471 0.965675
3.541636 0.077659 -0.096841 -0.257246 -0.11145 0.003688 -0.23299 0.966065
3.546635 0.076133 -0.097504 -0.256209 -0.111543 0.004106 -0.232279 0.966223
3.55164 0.071536 -0.099515 -0.253084 -0.11171 0.005514 -0.230241 0.966685
3.556641 0.068505 -0.10079 -0.251027 -0.111418 0.006527 -0.228478 0.967131
3.561642 0.065472 -0.101964 -0.248965 -0.111198 0.007744 -0.227099 0.967471
3.566643 0.062482 -0.103093 -0.246911 -0.110779 0.00873 -0.225685 0.967842
3.571643 0.059541 -0.104168 -0.244869 -0.110387 0.00967 -0.224306 0.968198
3.576644 0.056596 -0.105129 -0.242851 -0.109648 0.010631 -0.222602 0.968665
3.58165 0.053708 -0.106048 -0.24084 -0.108695 0.011676 -0.221063 0.969113
3.586657 0.049395 -0.107287 -0.237847 -0.107223 0.013668 -0.218786 0.969768
3.591662 0.046557 -0.108096 -0.235875 -0.106378 0.01481 -0.217496 0.970134
3.596661 0.043716 -0.108782 -0.233926 -0.105084 0.016048 -0.215953 0.9706
3.601661 0.040911 -0.109425 -0.232 -0.103898 0.017292 -0.21455 0.971017
3.606654 0.0395 -0.109638 -0.231061 -0.103156 0.018107 -0.213959 0.971212
3.611648 0.036734 -0.110164 -0.229183 -0.101824 0.01934 -0.212929 0.971555
3.616641 0.033979 -0.110607 -0.227316 -0.100466 0.02072 -0.211973 0.971877
3.621633 0.03122 -0.111006 -0.225471 -0.09907 0.022277 -0.210753 0.972251
3.626628 0.029833 -0.111181 -0.224554 -0.098329 0.022882 -0.210287 0.972413
3.631627 0.027107 -0.11143 -0.222755 -0.096332 0.024606 -0.208612 0.972931
3.636627 0.024368 -0.111507 -0.220988 -0.09416 0.026446 -0.206823 0.973478
3.641627 0.021725 -0.111615 -0.219241 -0.092107 0.028239 -0.20543 0.973918
3.646638 0.017769 -0.11164 -0.216652 -0.088896 0.031068 -0.203075 0.974624
3.651648 0.01516 -0.111544 -0.214962 -0.086377 0.033323 -0.200747 0.975259
3.656653 0.01263 -0.111453 -0.213308 -0.084019 0.035408 -0.198708 0.975809
3.661658 0.010135 -0.111247 -0.211691 -0.081608 0.037511 -0.19666 0.976349
3.666659 0.007751 -0.111071 -0.210108 -0.079505 0.039251 -0.195008 0.976786
3.671657 0.005459 -0.110925 -0.20855 -0.077291 0.041031 -0.193408 0.977208
3.676658 0.003198 -0.110768 -0.207002 -0.075109 0.042936 -0.191193 0.977732
3.681667 -2.8e-05 -0.110512 -0.204709 -0.071583 0.04602 -0.187382 0.978594
3.686673 -0.002126 -0.110323 -0.203178 -0.069309 0.04806 -0.185206 0.979074
3.691671 -0.004188 -0.110115 -0.201661 -0.066869 0.050327 -0.182564 0.979626
3.696662 -0.006183 -0.10992 -0.200154 -0.064383 0.052482 -0.179736 0.980202
3.701651 -0.00714 -0.109812 -0.199397 -0.063228 0.053568 -0.178066 0.980523
3.706642 -0.009104 -0.109592 -0.197866 -0.060836 0.056004 -0.175012 0.981088
3.71163 -0.011034 -0.10938 -0.196332 -0.058407 0.058502 -0.171349 0.981736
3.716618 -0.012935 -0.10915 -0.194794 -0.056 0.061167 -0.167761 0.982333
3.721607 -0.014805 -0.108958 -0.193248 -0.053809 0.063804 -0.164126 0.982902
3.726598 -0.01665 -0.108809 -0.191693 -0.051626 0.066535 -0.16025 0.983478
3.731589 -0.01758 -0.108723 -0.190929 -0.050551 0.067796 -0.15819 0.983781
3.736585 -0.019397 -0.108623 -0.189341 -0.048464 0.070632 -0.153761 0.984388
3.741587 -0.021205 -0.108535 -0.187733 -0.0464 0.073568 -0.14927 0.984964
3.746594 -0.023008 -0.108488 -0.186102 -0.044272 0.076809 -0.144652 0.985503
3.751605 -0.025706 -0.10848 -0.183616 -0.041345 0.081796 -0.137756 0.986217
3.756627 -0.027472 -0.108621 -0.181909 -0.039591 0.08499 -0.133087 0.98666
3.761648 -0.029255 -0.10877 -0.180158 -0.037913 0.088571 -0.128675 0.986996
3.766669 -0.031018 -0.108935 -0.178402 -0.036367 0.091813 -0.124724 0.987265
3.771688 -0.032804 -0.109099 -0.176587 -0.034779 0.095166 -0.121215 0.987442
3.776706 -0.035526 -0.109409 -0.173744 -0.0327 0.100321 -0.117026 0.987508
3.781714 -0.037323 -0.109672 -0.171821 -0.031764 0.103455 -0.114895 0.987465
3.786717 -0.039088 -0.109989 -0.16989 -0.031158 0.105998 -0.113176 0.987413
3.791713 -0.040853 -0.110317 -0.167911 -0.030632 0.108402 -0.111959 0.987307
3.796702 -0.041712 -0.110554 -0.166873 -0.030611 0.109225 -0.111878 0.987227
3.801685 -0.043445 -0.111007 -0.164826 -0.030465 0.11098 -0.11122 0.98711
3.806666 -0.045176 -0.111519 -0.162708 -0.030557 0.112693 -0.11086 0.986953
3.81164 -0.046877 -0.112097 -0.16055 -0.030872 0.114257 -0.11097 0.986751
3.816617 -0.048553 -0.112768 -0.158345 -0.031476 0.115465 -0.11136 0.986547
3.821596 -0.050188 -0.113512 -0.156113 -0.032451 0.116207 -0.111919 0.986366
3.826581 -0.051807 -0.114283 -0.153817 -0.033305 0.116944 -0.112778 0.986152
3.831567 -0.05345 -0.115105 -0.151433 -0.034129 0.118101 -0.113719 0.985878
3.836557 -0.05428 -0.115504 -0.150258 -0.034626 0.118631 -0.11429 0.985731
3.841554 -0.055902 -0.116408 -0.147804 -0.035783 0.119726 -0.115306 0.985439
3.846554 -0.057534 -0.117298 -0.145276 -0.036701 0.121302 -0.116516 0.98507
3.851557 -0.059137 -0.11826 -0.142718 -0.037839 0.12271 -0.11753 0.984732
3.856563 -0.061517 -0.119754 -0.138832 -0.039754 0.124795 -0.119155 0.984199
3.86157 -0.063093 -0.120778 -0.136137 -0.040882 0.126865 -0.120346 0.983743
3.866584 -0.064646 -0.1219 -0.133438 -0.042534 0.128593 -0.120913 0.983379
3.8716 -0.066122 -0.123059 -0.130738 -0.044314 0.129894 -0.121601 0.983045
3.876616 -0.067583 -0.124222 -0.128014 -0.04601 0.131351 -0.122366 0.982678
3.881628 -0.068982 -0.125482 -0.125309 -0.048223 0.132274 -0.122879 0.982384
3.886634 -0.071042 -0.127308 -0.121221 -0.051385 0.134066 -0.124267 0.981806
3.891637 -0.072382 -0.128573 -0.118537 -0.053905 0.13482 -0.12507 0.981466
3.896637 -0.07368 -0.129874 -0.115898 -0.056684 0.135147 -0.1256 0.981197
3.901637 -0.074978 -0.131124 -0.113252 -0.059241 0.135913 -0.126656 0.980804
3.906634 -0.07559 -0.131746 -0.111986 -0.060676 0.135977 -0.127178 0.98064
3.911627 -0.076844 -0.132968 -0.109408 -0.063283 0.136484 -0.128248 0.980265
3.916619 -0.078059 -0.134193 -0.106873 -0.066056 0.136747 -0.129367 0.979898
3.92161 -0.079242 -0.13536 -0.104374 -0.068642 0.137073 -0.130706 0.979498
3.926601 -0.080371 -0.136543 -0.101951 -0.071418 0.136859 -0.131849 0.979176
3.931591 -0.081478 -0.137665 -0.099569 -0.073939 0.136874 -0.133138 0.978812
3.936582 -0.082048 -0.138231 -0.098356 -0.075222 0.136941 -0.133817 0.978612
3.941575 -0.083096 -0.13927 -0.096031 -0.077338 0.137026 -0.135481 0.978206
3.946576 -0.084093 -0.140304 -0.093789 -0.07955 0.136774 -0.13682 0.977878
3.95158 -0.085071 -0.14127 -0.091572 -0.081509 0.136845 -0.138399 0.977484
3.956587 -0.08646 -0.142722 -0.088333 -0.084574 0.136636 -0.140375 0.976971
3.961595 -0.087336 -0.143657 -0.086277 -0.086587 0.136424 -0.141556 0.976654
3.966601 -0.08819 -0.144561 -0.084259 -0.088552 0.136518 -0.142775 0.976287
3.971606 -0.089014 -0.145467 -0.082298 -0.090613 0.136559 -0.143879 0.97593
3.97661 -0.089844 -0.146362 -0.080374 -0.092716 0.136974 -0.144754 0.975545
3.981612 -0.091012 -0.147688 -0.077595 -0.096006 0.13776 -0.146275 0.974889
3.986612 -0.091765 -0.148626 -0.075811 -0.098567 0.137996 -0.146984 0.974493
3.991613 -0.092517 -0.149555 -0.074071 -0.101131 0.138432 -0.147748 0.974053
3.996611 -0.093241 -0.150456 -0.072384 -0.103651 0.138936 -0.148701 0.973571
4.001609 -0.093579 -0.150892 -0.071612 -0.104978 0.139219 -0.149391 0.973283
4.006607 -0.094269 -0.151798 -0.070053 -0.107572 0.139539 -0.150372 0.972803
4.011606 -0.094928 -0.152675 -0.068573 -0.110201 0.13984 -0.151595 0.972275
4.016604 -0.09552 -0.153561 -0.067214 -0.112844 0.139625 -0.15276 0.971821
4.021597 -0.095851 -0.154028 -0.066481 -0.114242 0.139748 -0.153206 0.971569
4.026593 -0.096399 -0.154866 -0.065288 -0.116667 0.139332 -0.154611 0.971118
4.031592 -0.09691 -0.155653 -0.064211 -0.118767 0.138969 -0.156144 0.97067
4.036593 -0.097354 -0.156404 -0.063284 -0.120705 0.138205 -0.157801 0.970272
4.0416 -0.097978 -0.157517 -0.062074 -0.123403 0.136797 -0.160219 0.969736
4.046607 -0.098284 -0.158209 -0.061497 -0.124896 0.135456 -0.161934 0.969448
4.051612 -0.098533 -0.158869 -0.061064 -0.12613 0.133915 -0.16363 0.969218
4.056617 -0.098761 -0.159525 -0.060726 -0.127302 0.132591 -0.165327 0.968958
4.061622 -0.098921 -0.160207 -0.060508 -0.12854 0.131066 -0.166626 0.96878
4.066624 -0.099044 -0.160899 -0.060376 -0.129804 0.129656 -0.167743 0.968609
4.071623 -0.099142 -0.161611 -0.060315 -0.131017 0.12852 -0.168769 0.968418
4.076622 -0.099206 -0.162377 -0.060334 -0.132501 0.127424 -0.169281 0.968272
4.081629 -0.099265 -0.163174 -0.060414 -0.133965 0.126704 -0.169383 0.968147
4.086635 -0.099307 -0.164042 -0.06055 -0.135635 0.126142 -0.169101 0.968037
4.091642 -0.099329 -0.164924 -0.06076 -0.137376 0.125739 -0.16864 0.967925
4.096651 -0.099367 -0.166315 -0.061226 -0.139973 0.125633 -0.167602 0.967747
4.101654 -0.099379 -0.167233 -0.061603 -0.141564 0.125603 -0.167057 0.967613
4.106653 -0.099392 -0.16819 -0.062048 -0.143151 0.125661 -0.166275 0.967507
4.111649 -0.099396 -0.169147 -0.062562 -0.144578 0.125806 -0.165686 0.967377
4.116642 -0.099388 -0.169616 -0.062899 -0.145128 0.125882 -0.165669 0.967288
4.121631 -0.099377 -0.170575 -0.063523 -0.146345 0.125937 -0.165403 0.967143
4.126625 -0.099359 -0.171511 -0.064206 -0.147315 0.126201 -0.165474 0.966949
4.131615 -0.099355 -0.17198 -0.064529 -0.147827 0.126311 -0.165365 0.966875
4.136606 -0.099319 -0.172932 -0.065307 -0.148628 0.126447 -0.1658 0.96666
4.141604 -0.099242 -0.173893 -0.066153 -0.149199 0.126333 -0.166499 0.966467
4.146612 -0.099153 -0.17489 -0.067028 -0.149744 0.126315 -0.167227 0.966259
4.151619 -0.098962 -0.176376 -0.068411 -0.150483 0.125841 -0.168989 0.965899
4.156626 -0.09877 -0.177423 -0.069368 -0.150915 0.125437 -0.170376 0.965641
4.161633 -0.098512 -0.178489 -0.070355 -0.151503 0.124752 -0.172069 0.965337
4.166639 -0.0982 -0.179594 -0.071357 -0.152029 0.123891 -0.173758 0.965063
4.171648 -0.097825 -0.180697 -0.072359 -0.152488 0.12323 -0.175663 0.96473
4.176659 -0.097397 -0.181833 -0.073365 -0.153142 0.122644 -0.177474 0.96437
4.181673 -0.096861 -0.182987 -0.074422 -0.15366 0.121646 -0.179312 0.964074
4.186686 -0.095878 -0.184837 -0.076032 -0.154524 0.120504 -0.180902 0.963782
4.191691 -0.095133 -0.186098 -0.077158 -0.155146 0.119425 -0.181707 0.963665
4.196691 -0.094312 -0.187382 -0.078296 -0.155562 0.118565 -0.182071 0.963635
4.201684 -0.093402 -0.188718 -0.07947 -0.156198 0.117587 -0.181914 0.963682
4.206675 -0.092845 -0.189424 -0.080112 -0.156492 0.116848 -0.181479 0.963806
4.21166 -0.091792 -0.190808 -0.081385 -0.157047 0.11529 -0.1809 0.964012
4.216643 -0.090669 -0.192221 -0.082686 -0.157414 0.113841 -0.179896 0.964312
4.221632 -0.089502 -0.193654 -0.084008 -0.157814 0.112484 -0.178674 0.964633
4.226628 -0.088272 -0.195094 -0.085379 -0.157975 0.111059 -0.177224 0.965039
4.231623 -0.087021 -0.196528 -0.086758 -0.157873 0.110031 -0.175574 0.965476
4.236617 -0.085724 -0.19797 -0.088153 -0.15761 0.10903 -0.17391 0.965933
4.24161 -0.084382 -0.199442 -0.08959 -0.157395 0.107866 -0.172091 0.966425
4.246604 -0.08371 -0.200166 -0.090317 -0.157238 0.107149 -0.171314 0.966668
4.251602 -0.082306 -0.201678 -0.091797 -0.156659 0.105807 -0.168984 0.96732
4.256601 -0.080904 -0.203151 -0.093263 -0.156004 0.104913 -0.166986 0.96787
4.2616 -0.079464 -0.204658 -0.094757 -0.155224 0.10372 -0.164759 0.968505
4.266607 -0.077273 -0.206916 -0.097021 -0.153927 0.101991 -0.161353 0.969469
4.271618 -0.075772 -0.208412 -0.098576 -0.153038 0.10054 -0.159246 0.970109
4.276628 -0.074279 -0.209913 -0.100152 -0.15193 0.099125 -0.156794 0.970828
4.281633 -0.07204 -0.212163 -0.102525 -0.150094 0.097175 -0.152783 0.97195
4.286635 -0.070567 -0.213635 -0.104114 -0.14873 0.096009 -0.150151 0.972685
4.291634 -0.069096 -0.21513 -0.105715 -0.147165 0.094737 -0.146987 0.973531
4.296633 -0.067667 -0.216591 -0.107315 -0.145561 0.093795 -0.143915 0.974322
4.30163 -0.067667 -0.216591 -0.107315 -0.145561 0.093795 -0.143915 0.974322
4.306629 -0.066244 -0.218071 -0.108926 -0.143926 0.092654 -0.140621 0.975155
4.311626 -0.064886 -0.219519 -0.110513 -0.141932 0.091975 -0.137157 0.976004
4.316626 -0.063568 -0.220975 -0.112101 -0.140097 0.091282 -0.133644 0.976821
4.321631 -0.062976 -0.221679 -0.11288 -0.139006 0.091203 -0.131887 0.977223
4.326634 -0.060011 -0.225193 -0.116762 -0.133463 0.090943 -0.122921 0.979187
4.331636 -0.058958 -0.226588 -0.118269 -0.131156 0.091359 -0.118998 0.979944
4.336638 -0.057949 -0.22797 -0.119761 -0.128765 0.091723 -0.11495 0.980711
4.341637 -0.05701 -0.229313 -0.121196 -0.126242 0.092677 -0.11074 0.981433
4.346634 -0.05701 -0.229313 -0.121196 -0.126242 0.092677 -0.11074 0.981433
4.351631 -0.05609 -0.230696 -0.122614 -0.123918 0.093437 -0.10606 0.982174
4.35663 -0.055198 -0.232058 -0.124001 -0.1214 0.094212 -0.101209 0.982926
4.361635 -0.054363 -0.233414 -0.125333 -0.118843 0.09534 -0.096014 0.98365
4.366641 -0.053119 -0.23545 -0.127288 -0.115186 0.096775 -0.087982 0.984696
4.371645 -0.052336 -0.236794 -0.128529 -0.112433 0.0977 -0.082466 0.9854
4.376648 -0.051581 -0.238135 -0.129719 -0.109936 0.098613 -0.076911 0.98604
4.381651 -0.05054 -0.240103 -0.131415 -0.105713 0.099585 -0.06902 0.986987
4.386653 -0.04985 -0.241402 -0.132522 -0.102923 0.099889 -0.063927 0.987594
4.391653 -0.049217 -0.242675 -0.133562 -0.100123 0.100441 -0.059083 0.988128
4.396651 -0.048597 -0.243928 -0.134579 -0.097269 0.10055 -0.054574 0.988661
4.401645 -0.048326 -0.244541 -0.135028 -0.095711 0.100489 -0.052606 0.988926
4.406641 -0.047739 -0.24578 -0.135977 -0.092831 0.100257 -0.048593 0.989429
4.411634 -0.047173 -0.247006 -0.136871 -0.090174 0.099805 -0.044911 0.989894
4.416625 -0.046643 -0.248223 -0.137712 -0.087322 0.099253 -0.041392 0.990359
4.421616 -0.046372 -0.248835 -0.138145 -0.085896 0.099066 -0.039541 0.990578
4.426619 -0.045857 -0.250047 -0.138912 -0.083297 0.098131 -0.036379 0.991014
4.431621 -0.045395 -0.251264 -0.139606 -0.080671 0.097285 -0.033406 0.991419
4.436622 -0.044939 -0.252493 -0.140247 -0.078058 0.09613 -0.030483 0.991835
4.441626 -0.044268 -0.25434 -0.141132 -0.074514 0.09421 -0.026508 0.992406
4.44663 -0.043614 -0.256859 -0.141902 -0.069994 0.092452 -0.020898 0.993034
4.451633 -0.043439 -0.25748 -0.142121 -0.068765 0.09199 -0.019488 0.993191
4.456633 -0.043174 -0.258757 -0.142404 -0.066664 0.091443 -0.01671 0.993436
4.461634 -0.042981 -0.260051 -0.142603 -0.064689 0.091353 -0.013767 0.99362
4.466632 -0.042821 -0.261362 -0.142732 -0.062959 0.091484 -0.010756 0.993756
4.471626 -0.042821 -0.261362 -0.142732 -0.062959 0.091484 -0.010756 0.993756
4.476624 -0.042709 -0.262674 -0.142794 -0.061359 0.09193 -0.007742 0.993843
4.481625 -0.042649 -0.263991 -0.142795 -0.059907 0.092649 -0.004643 0.993884
4.48663 -0.042642 -0.265311 -0.142729 -0.058568 0.093681 -0.001533 0.993877
4.491635 -0.042656 -0.267296 -0.142565 -0.056804 0.09529 0.003161 0.993823
4.496638 -0.042685 -0.268605 -0.142406 -0.055834 0.09628 0.006227 0.993768
4.501641 -0.042521 -0.269959 -0.142362 -0.055676 0.095147 0.009079 0.993864
4.506648 -0.042229 -0.271987 -0.142301 -0.055759 0.092355 0.012982 0.994079
4.51165 -0.042077 -0.27332 -0.142222 -0.055599 0.09077 0.015481 0.994198
4.516648 -0.041938 -0.274654 -0.142135 -0.055369 0.089058 0.017949 0.994324
4.521644 -0.041781 -0.275971 -0.142054 -0.055133 0.087057 0.020222 0.994471
4.526643 -0.041763 -0.276611 -0.141982 -0.054707 0.086258 0.021192 0.994544
4.531638 -0.041656 -0.277909 -0.141878 -0.054236 0.084264 0.023172 0.994696
4.536634 -0.041521 -0.278584 -0.141878 -0.054347 0.082554 0.024216 0.994809
4.541634 -0.041545 -0.279823 -0.14169 -0.053217 0.08155 0.026051 0.994906
4.546635 -0.041625 -0.281039 -0.141478 -0.051945 0.080863 0.027787 0.994983
4.551634 -0.041695 -0.282241 -0.141276 -0.05057 0.079849 0.029424 0.995088
4.556638 -0.041834 -0.284015 -0.140962 -0.048472 0.078329 0.031592 0.995247
4.561643 -0.041982 -0.285189 -0.140737 -0.047085 0.077411 0.03301 0.99534
4.566648 -0.042126 -0.286329 -0.140515 -0.045543 0.076458 0.034422 0.995437
4.571653 -0.042423 -0.288035 -0.140194 -0.043091 0.07485 0.036413 0.995598
4.576653 -0.042667 -0.289175 -0.139965 -0.041503 0.074085 0.037798 0.995671
4.581653 -0.042909 -0.290309 -0.139751 -0.039913 0.07305 0.039198 0.995758
4.586649 -0.043198 -0.291443 -0.139523 -0.038365 0.072245 0.040459 0.995827
4.591648 -0.043357 -0.291995 -0.139432 -0.037538 0.071621 0.041109 0.995877
4.596641 -0.043691 -0.293109 -0.139222 -0.036027 0.070752 0.04233 0.995944
4.601633 -0.044034 -0.294201 -0.139021 -0.034428 0.069749 0.043446 0.996023
4.60663 -0.044424 -0.295298 -0.138821 -0.032897 0.06875 0.044352 0.996104
4.611628 -0.044593 -0.295846 -0.138723 -0.032162 0.068211 0.044928 0.99614
4.616624 -0.045025 -0.296927 -0.138522 -0.03076 0.067278 0.045654 0.996214
4.621621 -0.045485 -0.298004 -0.138329 -0.02928 0.066151 0.046266 0.996306
4.626626 -0.04599 -0.299073 -0.138141 -0.027686 0.065051 0.046615 0.996408
4.63163 -0.046789 -0.300672 -0.137865 -0.025482 0.063286 0.046776 0.996573
4.636636 -0.047389 -0.301766 -0.137684 -0.024007 0.06213 0.046824 0.99668
4.641643 -0.048025 -0.302867 -0.137518 -0.022564 0.060865 0.046569 0.996804
4.646647 -0.048722 -0.303999 -0.137346 -0.021214 0.059933 0.046472 0.996894
4.651651 -0.049879 -0.305744 -0.137117 -0.019404 0.058578 0.046089 0.99703
4.656654 -0.050687 -0.306919 -0.136976 -0.018297 0.057842 0.045779 0.997108
4.661652 -0.051563 -0.308107 -0.136844 -0.017283 0.05731 0.045468 0.997171
4.666648 -0.05247 -0.309304 -0.136739 -0.016191 0.056803 0.045198 0.99723
4.671644 -0.052961 -0.30992 -0.136712 -0.015682 0.056604 0.045142 0.997252
4.676641 -0.053923 -0.311139 -0.136637 -0.014677 0.05625 0.044996 0.997294
4.681643 -0.054947 -0.312377 -0.136576 -0.01375 0.05615 0.044927 0.997316
4.686639 -0.055995 -0.313614 -0.136548 -0.012811 0.055906 0.044782 0.997349
4.691633 -0.057062 -0.314863 -0.136554 -0.011805 0.055616 0.044793 0.997377
4.696625 -0.058196 -0.316126 -0.136571 -0.010881 0.055639 0.044835 0.997384
4.701614 -0.059347 -0.317396 -0.136622 -0.009936 0.055394 0.044756 0.997411
4.706606 -0.0599 -0.318031 -0.136641 -0.009459 0.055273 0.044825 0.99742
4.711601 -0.061092 -0.319343 -0.136723 -0.008651 0.055122 0.044906 0.997432
4.716602 -0.06232 -0.320659 -0.136829 -0.007898 0.054894 0.044866 0.997452
4.721605 -0.063569 -0.321992 -0.136969 -0.007093 0.054427 0.044737 0.99749
4.726621 -0.065467 -0.324026 -0.137213 -0.006089 0.053588 0.044506 0.997552
4.731641 -0.066758 -0.325402 -0.137431 -0.005575 0.052542 0.044074 0.99763
4.736655 -0.068098 -0.326806 -0.137655 -0.005114 0.051553 0.043479 0.99771
4.741661 -0.069447 -0.328217 -0.137921 -0.004901 0.050332 0.042806 0.997803
4.746667 -0.070816 -0.329642 -0.13821 -0.004772 0.048868 0.042042 0.997909
4.751676 -0.072229 -0.33107 -0.138525 -0.004794 0.047478 0.041039 0.998017
4.756682 -0.074473 -0.333244 -0.139053 -0.005338 0.045725 0.039358 0.998164
4.761684 -0.075975 -0.334699 -0.139431 -0.005787 0.044432 0.03835 0.998259
4.766683 -0.077539 -0.33615 -0.139834 -0.006355 0.043424 0.037304 0.99834
4.771679 -0.079142 -0.33759 -0.140275 -0.00703 0.042443 0.036155 0.99842
4.776672 -0.079999 -0.338292 -0.140533 -0.00742 0.042116 0.035514 0.998454
4.781664 -0.08167 -0.339714 -0.141022 -0.008132 0.041331 0.034299 0.998524
4.786656 -0.083399 -0.341114 -0.141539 -0.008834 0.040857 0.033127 0.998577
4.791648 -0.085171 -0.342479 -0.142102 -0.009489 0.040421 0.03176 0.998633
4.796641 -0.08696 -0.343807 -0.142714 -0.010157 0.039798 0.030242 0.998698
4.801634 -0.088788 -0.345096 -0.143354 -0.010553 0.039455 0.028676 0.998754
4.806628 -0.089696 -0.34575 -0.143665 -0.010844 0.039217 0.027814 0.998785
4.811625 -0.091591 -0.34698 -0.144372 -0.011126 0.039108 0.026 0.998835
4.816624 -0.093501 -0.348144 -0.14513 -0.011272 0.039069 0.024128 0.998882
4.821626 -0.095429 -0.349266 -0.145938 -0.011317 0.039192 0.022277 0.998919
4.826632 -0.098344 -0.350849 -0.14722 -0.011183 0.039437 0.018998 0.998979
4.831639 -0.100263 -0.351826 -0.148185 -0.010958 0.03944 0.017006 0.999017
4.836642 -0.103144 -0.353151 -0.149734 -0.010404 0.040225 0.014528 0.999031
4.841647 -0.105075 -0.353991 -0.150802 -0.00994 0.040987 0.013196 0.999023
4.846647 -0.106976 -0.35477 -0.151913 -0.009491 0.041765 0.011997 0.99901
4.851646 -0.108866 -0.355514 -0.153054 -0.009086 0.042641 0.011038 0.998988
4.856641 -0.109804 -0.355831 -0.153635 -0.008893 0.043322 0.01082 0.998963
4.861637 -0.111666 -0.35648 -0.154793 -0.00839 0.04438 0.010069 0.998929
4.866633 -0.11439 -0.357317 -0.156573 -0.007694 0.045931 0.009363 0.998871
4.871629 -0.114455 -0.357407 -0.156543 -0.007585 0.046258 0.00942 0.998856
4.876628 -0.116231 -0.357918 -0.157756 -0.007201 0.047029 0.008908 0.998828
4.881629 -0.117984 -0.358393 -0.158961 -0.00674 0.047987 0.008674 0.998788
4.886634 -0.121321 -0.359129 -0.161432 -0.006184 0.048575 0.007275 0.998774
4.891635 -0.122896 -0.35941 -0.162688 -0.005931 0.048401 0.006474 0.998789
4.896632 -0.123695 -0.359559 -0.163318 -0.00573 0.048347 0.0061 0.998796
4.90163 -0.123622 -0.359492 -0.163327 -0.005741 0.047969 0.005933 0.998815
4.906631 -0.125865 -0.359815 -0.16524 -0.005277 0.046909 0.00449 0.998875
4.91163 -0.127308 -0.359947 -0.16649 -0.005016 0.046342 0.003539 0.998907
4.916637 -0.129428 -0.360058 -0.168373 -0.004515 0.045371 0.001923 0.998958
4.921646 -0.13078 -0.360035 -0.169613 -0.004268 0.044917 0.000901 0.998981
4.926657 -0.13205 -0.359968 -0.170873 -0.003934 0.044011 0.000129 0.999023
4.931667 -0.133897 -0.359689 -0.172749 -0.003214 0.043009 -0.000987 0.999069
4.93667 -0.135107 -0.35944 -0.173994 -0.002781 0.04248 -0.001733 0.999092
4.941671 -0.136271 -0.359118 -0.175247 -0.002341 0.041996 -0.00249 0.999112
4.946668 -0.137357 -0.358721 -0.176537 -0.001936 0.041024 -0.003321 0.999151
4.95166 -0.137879 -0.358439 -0.177183 -0.00167 0.040707 -0.003821 0.999162
4.956652 -0.138932 -0.357931 -0.178474 -0.001118 0.039972 -0.004737 0.999189
4.961643 -0.139947 -0.357346 -0.17978 -0.000424 0.039227 -0.005719 0.999214
4.966632 -0.140937 -0.356683 -0.181097 0.000201 0.038583 -0.00683 0.999232
4.971625 -0.14192 -0.355938 -0.182407 0.001043 0.038293 -0.007932 0.999235
4.976617 -0.142416 -0.35559 -0.183058 0.00132 0.038078 -0.008574 0.999237
4.981613 -0.143313 -0.354737 -0.1844 0.002162 0.037553 -0.009823 0.999244
4.986614 -0.144226 -0.353804 -0.185724 0.003137 0.037529 -0.011028 0.99923
4.991618 -0.14506 -0.352791 -0.187076 0.004195 0.037235 -0.012371 0.999221
4.996618 -0.145423 -0.352206 -0.187759 0.004765 0.037068 -0.013049 0.999216
5.001621 -0.147261 -0.349318 -0.191164 0.007535 0.03611 -0.016697 0.99918
5.006625 -0.147925 -0.348022 -0.192496 0.008912 0.036024 -0.018256 0.999144
5.011626 -0.148736 -0.34591 -0.194532 0.010989 0.035396 -0.020386 0.999105
5.016626 -0.148794 -0.346 -0.194547 0.01074 0.035243 -0.02047 0.999111
5.021617 -0.149041 -0.345232 -0.195206 0.011619 0.035311 -0.021139 0.999085
5.026621 -0.14952 -0.343762 -0.196545 0.013051 0.035054 -0.022497 0.999047
5.031627 -0.150179 -0.341477 -0.198537 0.015165 0.034703 -0.024541 0.998981
5.03663 -0.150526 -0.339877 -0.199822 0.016791 0.0347 -0.025435 0.998933
5.04163 -0.150794 -0.338257 -0.201122 0.018066 0.034444 -0.026187 0.9989
5.046628 -0.151004 -0.336595 -0.202401 0.019338 0.034316 -0.026727 0.998866
5.051628 -0.151183 -0.334913 -0.203623 0.020365 0.034504 -0.027684 0.998813
5.056633 -0.151258 -0.333206 -0.204853 0.021085 0.034183 -0.02865 0.998782
5.061643 -0.15129 -0.331443 -0.206064 0.021843 0.033856 -0.029631 0.998749
5.066652 -0.151345 -0.32968 -0.207221 0.022604 0.034025 -0.030195 0.998709
5.071663 -0.151352 -0.326969 -0.208912 0.02347 0.034399 -0.031114 0.998648
5.07667 -0.151317 -0.325123 -0.210018 0.02417 0.03463 -0.031882 0.998599
5.081671 -0.151228 -0.323259 -0.211108 0.024822 0.034704 -0.032625 0.998556
5.086669 -0.151069 -0.321359 -0.212199 0.025608 0.034482 -0.033248 0.998524
5.091658 -0.15093 -0.320391 -0.212723 0.026047 0.03429 -0.033523 0.99851
5.096643 -0.150713 -0.318472 -0.213784 0.026867 0.034097 -0.034045 0.998477
5.101629 -0.15045 -0.316546 -0.214832 0.027584 0.033885 -0.034391 0.998453
5.106617 -0.150098 -0.314583 -0.215872 0.028399 0.033364 -0.035208 0.998419
5.111608 -0.149683 -0.312617 -0.216902 0.029224 0.032628 -0.035878 0.998396
5.1166 -0.149486 -0.311625 -0.217424 0.029683 0.032266 -0.036306 0.998379
5.121593 -0.149005 -0.30965 -0.218427 0.03047 0.031542 -0.036878 0.998357
5.126597 -0.148444 -0.307655 -0.219433 0.031221 0.030456 -0.037615 0.99834
5.131601 -0.147864 -0.30568 -0.220396 0.031881 0.029675 -0.037963 0.99833
5.136606 -0.146929 -0.302703 -0.221835 0.032741 0.028293 -0.0385 0.998321
5.141611 -0.146193 -0.300709 -0.222765 0.033321 0.027027 -0.039116 0.998313
5.146624 -0.145427 -0.298736 -0.223672 0.033626 0.025812 -0.039382 0.998325
5.151637 -0.144639 -0.296761 -0.224554 0.033724 0.024763 -0.039617 0.998339
5.156652 -0.14381 -0.294773 -0.225429 0.033769 0.023622 -0.039885 0.998354
5.161663 -0.142515 -0.291779 -0.226689 0.033973 0.021996 -0.040205 0.998371
5.16667 -0.141653 -0.289761 -0.227526 0.034245 0.020904 -0.040439 0.998376
5.171673 -0.140767 -0.287744 -0.228337 0.034468 0.019934 -0.040797 0.998374
5.176671 -0.139865 -0.285726 -0.229137 0.034691 0.018952 -0.041088 0.998373
5.181663 -0.139409 -0.284697 -0.229526 0.034957 0.018536 -0.041241 0.998365
5.186651 -0.138478 -0.282676 -0.230298 0.035287 0.017607 -0.041476 0.998361
5.191638 -0.137523 -0.280651 -0.231059 0.035703 0.016579 -0.041852 0.998348
5.196627 -0.13658 -0.278616 -0.2318 0.036203 0.015739 -0.042336 0.998323
5.201616 -0.135631 -0.276599 -0.232508 0.03662 0.015136 -0.042753 0.9983
5.206606 -0.135164 -0.275577 -0.23288 0.036835 0.01478 -0.042889 0.998291
5.2116 -0.134169 -0.273573 -0.233584 0.037067 0.014073 -0.043273 0.998276
5.216597 -0.133199 -0.271569 -0.23429 0.037391 0.013519 -0.043379 0.998267
5.221598 -0.132247 -0.269597 -0.234954 0.037561 0.013389 -0.043383 0.998262
5.226613 -0.130803 -0.266672 -0.23593 0.037732 0.013229 -0.04346 0.998255
5.231629 -0.129847 -0.264755 -0.236554 0.037757 0.013404 -0.043405 0.998254
5.236642 -0.128868 -0.262879 -0.237159 0.037616 0.013558 -0.043288 0.998262
5.241651 -0.127404 -0.260121 -0.23803 0.037228 0.013858 -0.042954 0.998287
5.246655 -0.126423 -0.258309 -0.238587 0.03688 0.014025 -0.042831 0.998303
5.251655 -0.125444 -0.256527 -0.239105 0.036463 0.014425 -0.042801 0.998314
5.25665 -0.124441 -0.254762 -0.239614 0.036063 0.014618 -0.042889 0.998322
5.261642 -0.123931 -0.253909 -0.239849 0.035743 0.014598 -0.043048 0.998327
5.266633 -0.122929 -0.252178 -0.240333 0.035168 0.014681 -0.043272 0.998336
5.271622 -0.121933 -0.250469 -0.240793 0.034609 0.014927 -0.043479 0.998343
5.276611 -0.120905 -0.248801 -0.241236 0.033925 0.01492 -0.043761 0.998354
5.2816 -0.119855 -0.247163 -0.241655 0.033182 0.014734 -0.044232 0.998361
5.286593 -0.119346 -0.246331 -0.241869 0.032835 0.014788 -0.044425 0.998363
5.291589 -0.118298 -0.244707 -0.24226 0.032152 0.014738 -0.045053 0.998358
5.296589 -0.117193 -0.243145 -0.242622 0.031258 0.014344 -0.045833 0.998357
5.301594 -0.116095 -0.241616 -0.242961 0.030285 0.013937 -0.046424 0.998365
5.306605 -0.114422 -0.239312 -0.243466 0.029054 0.013224 -0.047344 0.998368
5.311619 -0.113255 -0.237859 -0.243754 0.028042 0.012436 -0.047835 0.998384
5.316632 -0.112103 -0.236419 -0.244017 0.027111 0.01183 -0.048142 0.998402
5.321641 -0.110397 -0.234301 -0.244399 0.025509 0.010849 -0.048681 0.99843
5.326645 -0.109239 -0.232952 -0.244633 0.024192 0.010056 -0.049024 0.998454
5.331644 -0.10811 -0.231616 -0.244848 0.022849 0.009339 -0.049428 0.998473
5.336637 -0.107014 -0.230302 -0.245049 0.021477 0.008852 -0.049734 0.998492
5.34163 -0.106513 -0.229677 -0.245142 0.020635 0.008739 -0.049772 0.998509
5.346624 -0.10544 -0.228436 -0.245316 0.018826 0.008374 -0.05032 0.998521
5.351618 -0.104423 -0.227194 -0.245498 0.01704 0.008122 -0.050849 0.998528
5.356615 -0.103429 -0.225987 -0.245667 0.014991 0.00789 -0.051617 0.998523
5.361616 -0.102929 -0.225384 -0.245748 0.014055 0.007814 -0.051808 0.998528
5.366616 -0.10198 -0.224213 -0.245922 0.011816 0.007577 -0.052657 0.998514
5.371616 -0.101105 -0.223067 -0.246069 0.009632 0.007813 -0.053491 0.998491
5.376615 -0.100281 -0.221938 -0.246232 0.007491 0.008115 -0.054149 0.998472
5.381619 -0.099013 -0.220284 -0.246465 0.003823 0.00833 -0.05602 0.998388
5.386625 -0.098284 -0.219183 -0.246636 0.001495 0.008743 -0.057224 0.998322
5.391629 -0.097563 -0.218105 -0.246799 -0.001011 0.009131 -0.058736 0.998231
5.39663 -0.096874 -0.217031 -0.246978 -0.00336 0.009524 -0.060191 0.998136
5.401632 -0.095934 -0.21545 -0.247203 -0.00696 0.01071 -0.06269 0.997951
5.406635 -0.095323 -0.214378 -0.247381 -0.009404 0.011317 -0.064488 0.99781
5.411637 -0.094715 -0.213309 -0.247559 -0.011931 0.011987 -0.066406 0.997649
5.416634 -0.094127 -0.212209 -0.24776 -0.01435 0.012514 -0.068553 0.997466
5.421629 -0.093846 -0.211656 -0.247865 -0.015528 0.012906 -0.069435 0.997382
5.426623 -0.093296 -0.21056 -0.248049 -0.017928 0.013879 -0.071206 0.997204
5.431619 -0.092734 -0.20945 -0.248265 -0.020358 0.014548 -0.073113 0.99701
5.436614 -0.092189 -0.208332 -0.248487 -0.022838 0.015262 -0.074795 0.996821
5.441608 -0.09161 -0.207223 -0.24871 -0.025378 0.015841 -0.076535 0.996618
5.446605 -0.091337 -0.206658 -0.248826 -0.026603 0.016219 -0.077447 0.99651
5.451605 -0.090772 -0.205522 -0.249075 -0.029149 0.016769 -0.079002 0.996307
5.456604 -0.09023 -0.204364 -0.249316 -0.031546 0.017526 -0.08042 0.996108
5.461604 -0.089693 -0.203212 -0.24957 -0.033988 0.018248 -0.081436 0.995932
5.466609 -0.088847 -0.201459 -0.249975 -0.037939 0.018816 -0.083423 0.995614
5.471616 -0.088316 -0.200278 -0.250252 -0.040587 0.019414 -0.084132 0.995438
5.476629 -0.087816 -0.19908 -0.250519 -0.043091 0.020523 -0.085006 0.995237
5.48164 -0.087347 -0.197844 -0.250826 -0.045532 0.021458 -0.085589 0.995058
5.48665 -0.086871 -0.1966 -0.251133 -0.047891 0.022486 -0.08619 0.994873
5.491653 -0.086233 -0.194666 -0.251666 -0.051605 0.024229 -0.087299 0.99455
5.496656 -0.085844 -0.193347 -0.252046 -0.054066 0.025543 -0.087863 0.994336
5.501657 -0.085443 -0.192009 -0.252454 -0.056329 0.026891 -0.08853 0.994116
5.506655 -0.085059 -0.19065 -0.252887 -0.058525 0.028286 -0.089318 0.99388
5.511648 -0.084891 -0.18993 -0.253147 -0.059631 0.029043 -0.089784 0.99375
5.516638 -0.084538 -0.18851 -0.253639 -0.061873 0.030423 -0.090738 0.993485
5.521631 -0.084354 -0.187808 -0.253866 -0.062994 0.031154 -0.091257 0.993344
5.526626 -0.084035 -0.186367 -0.25439 -0.065241 0.032755 -0.092213 0.99306
5.531627 -0.083713 -0.184919 -0.25493 -0.067397 0.034373 -0.093198 0.992769
5.536635 -0.083391 -0.183453 -0.255492 -0.069574 0.035973 -0.094488 0.99244
5.54164 -0.082938 -0.181246 -0.256337 -0.072812 0.038584 -0.096436 0.991922
5.546644 -0.082522 -0.178997 -0.257204 -0.076241 0.041261 -0.098869 0.991317
5.551647 -0.082231 -0.177511 -0.257783 -0.078412 0.043028 -0.100413 0.990917
5.556649 -0.08193 -0.176029 -0.25837 -0.080675 0.044602 -0.102148 0.990489
5.561647 -0.081614 -0.174513 -0.258976 -0.083043 0.046081 -0.10433 0.989998
5.566643 -0.081443 -0.173733 -0.259305 -0.084335 0.046708 -0.105583 0.989726
5.571638 -0.081116 -0.172178 -0.259939 -0.086635 0.048138 -0.107865 0.989213
5.576635 -0.080769 -0.170612 -0.260592 -0.088912 0.049444 -0.110086 0.988702
5.581633 -0.080404 -0.169028 -0.261263 -0.091141 0.050786 -0.11254 0.988154
5.58663 -0.080031 -0.167413 -0.261958 -0.09327 0.052112 -0.114956 0.987608
5.591624 -0.079839 -0.166621 -0.262297 -0.094362 0.052683 -0.116187 0.98733
5.596619 -0.079433 -0.164965 -0.263022 -0.096379 0.053909 -0.118753 0.986764
5.601622 -0.078999 -0.163262 -0.263788 -0.098194 0.055068 -0.121299 0.986211
5.606627 -0.078534 -0.161537 -0.264576 -0.099735 0.056282 -0.123716 0.985687
5.611633 -0.077786 -0.158923 -0.265788 -0.101734 0.057961 -0.127127 0.984951
5.616635 -0.077199 -0.15712 -0.266675 -0.10292 0.05865 -0.129693 0.984453
5.621637 -0.076585 -0.155294 -0.267591 -0.103886 0.059443 -0.131999 0.983997
5.626642 -0.075928 -0.153437 -0.268542 -0.104776 0.060211 -0.134238 0.983553
5.631646 -0.074814 -0.150615 -0.270078 -0.1059 0.060933 -0.137358 0.982957
5.636646 -0.074028 -0.148724 -0.271117 -0.106511 0.061416 -0.139401 0.982574
5.641647 -0.073178 -0.146806 -0.272198 -0.107102 0.061752 -0.141598 0.982174
5.646644 -0.072308 -0.144886 -0.273292 -0.107717 0.062291 -0.14369 0.981769
5.651639 -0.071813 -0.143929 -0.273864 -0.107979 0.062457 -0.144601 0.981596
5.656632 -0.070874 -0.142018 -0.274986 -0.108461 0.062976 -0.14631 0.981256
5.661631 -0.069877 -0.14012 -0.276127 -0.108977 0.063326 -0.147803 0.980953
5.66663 -0.069386 -0.139162 -0.276699 -0.109153 0.063457 -0.148714 0.980787
5.67163 -0.068308 -0.137268 -0.277871 -0.109649 0.063733 -0.150227 0.980483
5.676632 -0.067196 -0.135371 -0.279042 -0.110177 0.064216 -0.151702 0.980165
5.681631 -0.06603 -0.133483 -0.280237 -0.110774 0.064629 -0.153079 0.979857
5.686633 -0.064272 -0.130687 -0.282032 -0.111609 0.065385 -0.154358 0.979511
5.691637 -0.061699 -0.126947 -0.28452 -0.112596 0.066734 -0.155517 0.979124
5.69664 -0.06107 -0.126018 -0.285134 -0.112939 0.067019 -0.155874 0.979008
5.701638 -0.059702 -0.124128 -0.286417 -0.113216 0.067439 -0.156752 0.978807
5.706638 -0.058301 -0.122248 -0.287706 -0.113492 0.068001 -0.157486 0.978618
5.711638 -0.05684 -0.120362 -0.28903 -0.113642 0.068364 -0.158356 0.978435
5.716634 -0.05684 -0.120362 -0.28903 -0.113642 0.068364 -0.158356 0.978435
5.721629 -0.05535 -0.118486 -0.29036 -0.113683 0.0687 -0.159137 0.97828
5.726632 -0.053822 -0.116619 -0.291707 -0.113625 0.068931 -0.15991 0.978145
5.731638 -0.052224 -0.114771 -0.293076 -0.113551 0.068833 -0.160824 0.97801
5.73664 -0.048898 -0.111112 -0.295797 -0.113301 0.068346 -0.163439 0.97764
5.741645 -0.047167 -0.109327 -0.297174 -0.113189 0.067921 -0.164693 0.977472
5.746644 -0.045409 -0.107549 -0.298551 -0.113001 0.067401 -0.166017 0.977306
5.75164 -0.043609 -0.105807 -0.299931 -0.112817 0.066591 -0.167405 0.977146
5.756635 -0.042652 -0.104968 -0.300631 -0.112756 0.065954 -0.168103 0.977076
5.76163 -0.040764 -0.103266 -0.302024 -0.11277 0.064869 -0.169662 0.976878
5.766623 -0.038844 -0.101584 -0.303412 -0.11281 0.063761 -0.171346 0.976652
5.771617 -0.037893 -0.100731 -0.304107 -0.112745 0.063205 -0.172259 0.976535
5.776614 -0.035927 -0.099089 -0.305505 -0.112737 0.062035 -0.173792 0.976339
5.781612 -0.033956 -0.097488 -0.30689 -0.112872 0.061005 -0.175128 0.97615
5.78662 -0.031974 -0.095917 -0.308273 -0.113132 0.060012 -0.176375 0.975957
5.791628 -0.028899 -0.093612 -0.310378 -0.113661 0.057994 -0.178135 0.975698
5.796634 -0.026852 -0.092106 -0.311768 -0.114108 0.057103 -0.179445 0.975458
5.801637 -0.024816 -0.09065 -0.313153 -0.114535 0.056463 -0.180249 0.975297
5.806641 -0.021711 -0.088542 -0.315268 -0.115231 0.055445 -0.181105 0.975115
5.811643 -0.019611 -0.08717 -0.316688 -0.11575 0.054571 -0.181669 0.974998
5.816642 -0.017478 -0.085823 -0.318137 -0.11638 0.053541 -0.182168 0.974887
5.821641 -0.015339 -0.084485 -0.319584 -0.116883 0.052808 -0.182744 0.974759
5.826641 -0.014276 -0.083849 -0.320308 -0.117012 0.052653 -0.182856 0.974731
5.831639 -0.01216 -0.082543 -0.321744 -0.117417 0.052378 -0.183453 0.974584
5.836639 -0.010028 -0.081281 -0.3232 -0.117835 0.051818 -0.183736 0.974511
5.841638 -0.00788 -0.080048 -0.324666 -0.11811 0.051227 -0.183898 0.974478
5.846634 -0.005709 -0.078843 -0.326136 -0.118397 0.050556 -0.184258 0.97441
5.851631 -0.003542 -0.077671 -0.327611 -0.118781 0.049879 -0.184662 0.974322
5.856623 -0.001375 -0.076517 -0.329087 -0.119095 0.049278 -0.18521 0.97421
5.861614 0.000766 -0.075405 -0.330536 -0.119278 0.048916 -0.1858 0.974094
5.866606 0.002929 -0.074336 -0.331994 -0.119525 0.048227 -0.186592 0.973946
5.871595 0.005115 -0.073319 -0.333451 -0.11995 0.047262 -0.187414 0.973783
5.876587 0.0062 -0.072799 -0.334186 -0.120128 0.046753 -0.187662 0.973738
5.881582 0.008389 -0.071867 -0.335629 -0.12053 0.045696 -0.188446 0.973587
5.88658 0.01056 -0.070981 -0.337052 -0.121022 0.044729 -0.189396 0.973387
5.891583 0.012721 -0.070159 -0.338457 -0.121689 0.043719 -0.190362 0.973161
5.896592 0.01595 -0.068994 -0.340524 -0.122651 0.042252 -0.191897 0.972804
5.901605 0.018122 -0.068311 -0.341881 -0.123606 0.041012 -0.193125 0.972493
5.906618 0.020252 -0.067708 -0.343194 -0.124658 0.040058 -0.194027 0.972219
5.911628 0.022352 -0.067158 -0.344483 -0.125777 0.039122 -0.195146 0.971889
5.916637 0.024417 -0.06667 -0.345737 -0.127019 0.038479 -0.196107 0.971559
5.921643 0.027471 -0.066094 -0.34756 -0.129212 0.037215 -0.197734 0.970989
5.926645 0.029479 -0.065745 -0.348746 -0.130636 0.036543 -0.198961 0.970574
5.931646 0.031452 -0.065463 -0.349898 -0.132194 0.035904 -0.200134 0.970145
5.936639 0.033384 -0.065247 -0.351014 -0.133848 0.035283 -0.201171 0.969727
5.941636 0.034329 -0.065196 -0.351539 -0.134694 0.034898 -0.201804 0.969492
5.946635 0.036228 -0.065057 -0.352612 -0.136457 0.03417 -0.202977 0.969026
5.951632 0.038086 -0.064955 -0.353645 -0.138244 0.033664 -0.204301 0.968512
5.956626 0.039921 -0.064925 -0.354632 -0.140029 0.033097 -0.205641 0.967992
5.961618 0.04172 -0.064952 -0.355566 -0.141854 0.032657 -0.207001 0.967451
5.966612 0.043477 -0.065031 -0.356461 -0.143757 0.032204 -0.208357 0.966894
5.971608 0.044376 -0.065053 -0.356924 -0.144729 0.0319 -0.209015 0.966617
5.976604 0.04611 -0.065225 -0.357751 -0.146708 0.031353 -0.210304 0.966057
5.981605 0.047819 -0.065446 -0.358546 -0.148669 0.030747 -0.211787 0.965452
5.986608 0.049497 -0.065712 -0.359282 -0.15079 0.030178 -0.213372 0.964792
5.99161 0.051966 -0.066203 -0.360327 -0.15395 0.029357 -0.215634 0.963815
5.996614 0.053566 -0.066579 -0.360958 -0.156402 0.028557 -0.217797 0.962958
6.00162 0.055132 -0.067017 -0.361553 -0.158892 0.027699 -0.219648 0.962154
6.006627 0.057357 -0.067803 -0.362327 -0.162692 0.026355 -0.222555 0.960888
6.01163 0.058788 -0.068363 -0.362815 -0.165185 0.025398 -0.224486 0.960039
6.016631 0.060142 -0.068948 -0.363237 -0.167783 0.02466 -0.226621 0.959106
6.021627 0.061431 -0.069555 -0.363628 -0.170323 0.023878 -0.229002 0.958112
6.026624 0.061431 -0.069555 -0.363628 -0.170323 0.023878 -0.229002 0.958112
6.031618 0.062658 -0.070208 -0.363966 -0.172855 0.022949 -0.231363 0.957113
6.03662 0.063812 -0.070895 -0.364254 -0.175232 0.022146 -0.233652 0.956143
6.041626 0.064876 -0.071587 -0.364485 -0.177624 0.021464 -0.236352 0.955053
6.046632 0.066377 -0.072649 -0.36476 -0.18121 0.020617 -0.240589 0.953339
6.051639 0.067593 -0.073738 -0.364832 -0.184699 0.020138 -0.245553 0.951412
6.056642 0.06833 -0.074496 -0.364825 -0.18697 0.019815 -0.248624 0.950177
6.061641 0.068985 -0.075281 -0.364761 -0.189295 0.019454 -0.251654 0.948925
6.066637 0.069579 -0.076113 -0.364612 -0.191616 0.019095 -0.254668 0.947662
6.07163 0.069797 -0.076562 -0.364455 -0.192923 0.018867 -0.256221 0.946982
6.076621 0.070268 -0.077416 -0.364199 -0.195408 0.018567 -0.259315 0.945636
6.081611 0.070534 -0.077826 -0.364101 -0.196601 0.0184 -0.260972 0.944935
6.086611 0.070902 -0.078727 -0.363729 -0.199126 0.017925 -0.264091 0.943548
6.091616 0.0712 -0.079657 -0.363281 -0.201752 0.017438 -0.267197 0.942124
6.096619 0.071441 -0.080616 -0.362753 -0.2046 0.016795 -0.270441 0.940595
6.101621 0.071754 -0.082077 -0.361865 -0.208888 0.015584 -0.275683 0.938148
6.106627 0.071857 -0.083031 -0.361155 -0.211804 0.014832 -0.279514 0.936371
6.111633 0.071918 -0.083977 -0.36039 -0.214679 0.014006 -0.28353 0.93452
6.116637 0.071963 -0.084965 -0.359568 -0.217564 0.012822 -0.287319 0.932711
6.121641 0.071937 -0.086401 -0.358227 -0.221724 0.011128 -0.292931 0.930003
6.126643 0.0719 -0.08734 -0.357311 -0.224457 0.010074 -0.296754 0.928146
6.131643 0.071815 -0.088267 -0.356367 -0.227018 0.009111 -0.300218 0.926417
6.136639 0.071719 -0.089185 -0.355411 -0.229436 0.00823 -0.303368 0.924802
6.141633 0.071644 -0.089619 -0.35493 -0.230462 0.007898 -0.30465 0.924128
6.146627 0.071526 -0.090494 -0.353978 -0.23255 0.007166 -0.307566 0.922644
6.151622 0.071384 -0.091372 -0.353017 -0.234514 0.006545 -0.309962 0.921349
6.156616 0.071236 -0.092202 -0.352063 -0.236281 0.006038 -0.312418 0.920071
6.161613 0.07107 -0.093034 -0.351103 -0.237963 0.005611 -0.314459 0.918944
6.166612 0.070993 -0.09345 -0.350629 -0.238874 0.005358 -0.315615 0.918312
6.171611 0.070819 -0.094252 -0.349674 -0.240226 0.005024 -0.317203 0.917414
6.176609 0.070645 -0.095027 -0.34872 -0.241347 0.004741 -0.31865 0.91662
6.181609 0.070454 -0.095784 -0.347754 -0.2424 0.004492 -0.319917 0.915901
6.186623 0.070155 -0.096922 -0.346286 -0.244086 0.004041 -0.321563 0.914879
6.191639 0.069945 -0.097634 -0.345283 -0.244908 0.003666 -0.322507 0.914328
6.196652 0.069694 -0.09834 -0.344231 -0.245841 0.003519 -0.323251 0.913816
6.20166 0.069448 -0.099002 -0.34317 -0.246712 0.00319 -0.324076 0.91329
6.206675 0.069018 -0.099945 -0.341481 -0.248327 0.002812 -0.325369 0.912393
6.211682 0.06872 -0.10057 -0.340325 -0.249494 0.002506 -0.326189 0.911783
6.216681 0.068391 -0.101156 -0.339136 -0.250599 0.002408 -0.326933 0.911213
6.22168 0.068041 -0.101703 -0.337911 -0.25171 0.002472 -0.327797 0.910596
6.226671 0.067855 -0.101955 -0.337269 -0.2524 0.002431 -0.328134 0.910283
6.231657 0.067484 -0.102472 -0.336004 -0.253676 0.002494 -0.328922 0.909644
6.236642 0.0671 -0.102956 -0.334724 -0.254937 0.002537 -0.329608 0.909043
6.241625 0.066693 -0.103411 -0.333421 -0.256211 0.002732 -0.330328 0.908423
6.246609 0.06628 -0.103853 -0.332096 -0.257518 0.00286 -0.330903 0.907843
6.251595 0.065863 -0.104264 -0.330769 -0.25869 0.003113 -0.331459 0.907306
6.256587 0.065443 -0.104644 -0.32944 -0.259816 0.003351 -0.331892 0.906825
6.26158 0.065231 -0.104846 -0.328768 -0.260476 0.003464 -0.332176 0.906532
6.266578 0.064817 -0.105211 -0.327426 -0.261588 0.003632 -0.332321 0.906157
6.271578 0.06438 -0.10553 -0.326093 -0.262535 0.003996 -0.332685 0.905748
6.276583 0.063951 -0.105826 -0.324755 -0.26364 0.004255 -0.333021 0.905302
6.281591 0.063304 -0.106253 -0.322756 -0.265161 0.004688 -0.33356 0.904658
6.286601 0.062858 -0.106473 -0.321437 -0.266042 0.005165 -0.333888 0.904275
6.291612 0.062402 -0.106693 -0.320121 -0.267057 0.005421 -0.334154 0.903876
6.296621 0.061944 -0.106889 -0.318803 -0.268029 0.005702 -0.33446 0.903474
6.301628 0.061472 -0.107033 -0.317514 -0.268825 0.006116 -0.335072 0.903008
6.306637 0.061005 -0.107189 -0.316203 -0.269803 0.006498 -0.335483 0.90256
6.311639 0.060533 -0.107324 -0.314923 -0.270608 0.006698 -0.336015 0.90212
6.31664 0.059836 -0.107485 -0.313013 -0.271569 0.00695 -0.336764 0.90155
6.321641 0.059383 -0.107598 -0.311747 -0.272218 0.006918 -0.337392 0.901119
6.32664 0.058915 -0.107666 -0.31049 -0.272711 0.007092 -0.337986 0.900746
6.331641 0.058469 -0.107724 -0.309252 -0.273132 0.007112 -0.338702 0.90035
6.336638 0.058249 -0.107752 -0.308645 -0.273321 0.007005 -0.338966 0.900194
6.341632 0.057805 -0.107796 -0.307416 -0.273693 0.006969 -0.339639 0.899827
6.346624 0.057365 -0.107838 -0.306203 -0.274039 0.006864 -0.340227 0.899501
6.351614 0.056937 -0.107861 -0.305 -0.274372 0.006751 -0.34089 0.899149
6.356604 0.056507 -0.10787 -0.303795 -0.274669 0.006792 -0.341594 0.898791
6.361599 0.056092 -0.107864 -0.302603 -0.274984 0.006783 -0.342338 0.898411
6.366596 0.055677 -0.107833 -0.301423 -0.275224 0.006808 -0.343051 0.898065
6.371597 0.05529 -0.107814 -0.300246 -0.275469 0.006824 -0.343846 0.897686
6.37659 0.055078 -0.1078 -0.299652 -0.275587 0.006938 -0.344229 0.897502
6.381588 0.054701 -0.107744 -0.298484 -0.275769 0.00701 -0.345108 0.897108
6.386591 0.054342 -0.107702 -0.29732 -0.276034 0.006903 -0.345905 0.896721
6.391597 0.054002 -0.107633 -0.296168 -0.276088 0.006913 -0.346835 0.896344
6.396607 0.053505 -0.107553 -0.294428 -0.27629 0.006745 -0.348107 0.89579
6.401615 0.053193 -0.107489 -0.293249 -0.276422 0.006641 -0.348915 0.895435
6.406624 0.052933 -0.107445 -0.292073 -0.276629 0.006263 -0.349775 0.895039
6.41163 0.052682 -0.107396 -0.290888 -0.276887 0.005775 -0.350694 0.894603
6.416633 0.052436 -0.107344 -0.28968 -0.27713 0.005541 -0.351571 0.894184
6.421635 0.052223 -0.107304 -0.288478 -0.27735 0.005071 -0.352406 0.89379
6.426635 0.052018 -0.107259 -0.287266 -0.277779 0.004571 -0.353216 0.89334
6.431636 0.051843 -0.107214 -0.28605 -0.27797 0.00414 -0.353794 0.893054
6.436637 0.051621 -0.107132 -0.284242 -0.278361 0.003461 -0.354797 0.892537
6.441638 0.051468 -0.107077 -0.283027 -0.27849 0.003068 -0.355317 0.892291
6.44664 0.051337 -0.107011 -0.281817 -0.278572 0.002705 -0.3557 0.892114
6.451639 0.051229 -0.106958 -0.280601 -0.278713 0.002171 -0.356108 0.891909
6.456637 0.051184 -0.106909 -0.279988 -0.27872 0.00201 -0.356324 0.891821
6.46163 0.051071 -0.106824 -0.278747 -0.278979 0.001794 -0.356851 0.89153
6.466619 0.050976 -0.106726 -0.277498 -0.279024 0.00156 -0.357377 0.891305
6.471607 0.05089 -0.106623 -0.276246 -0.279254 0.001315 -0.357921 0.891015
6.4766 0.050807 -0.106519 -0.274973 -0.27939 0.001071 -0.358371 0.890792
6.481593 0.050771 -0.106466 -0.274349 -0.279399 0.000898 -0.358619 0.890689
6.48659 0.050709 -0.106337 -0.273061 -0.279781 0.00073 -0.359208 0.890332
6.491592 0.050656 -0.106195 -0.27176 -0.280027 0.00047 -0.35977 0.890028
6.4966 0.050605 -0.106039 -0.270449 -0.280398 0.000354 -0.360438 0.889641
6.501607 0.050568 -0.105798 -0.268457 -0.280939 7.9e-05 -0.361241 0.889145
6.50662 0.050573 -0.105624 -0.267118 -0.281422 -0.000205 -0.361828 0.888753
6.51163 0.050591 -0.105433 -0.265751 -0.281885 -0.000437 -0.362399 0.888373
6.516638 0.050658 -0.105223 -0.264406 -0.282284 -0.000765 -0.363 0.888001
6.521644 0.050788 -0.104903 -0.262346 -0.282917 -0.001165 -0.363573 0.887565
6.526651 0.050899 -0.104681 -0.260974 -0.283425 -0.00146 -0.363892 0.887271
6.531652 0.051046 -0.104432 -0.259615 -0.283756 -0.001837 -0.364048 0.887101
6.536648 0.051194 -0.104167 -0.258243 -0.284107 -0.00204 -0.364255 0.886903
6.54164 0.051278 -0.104019 -0.257555 -0.28425 -0.00202 -0.364238 0.886864
6.54663 0.051458 -0.103732 -0.256185 -0.28453 -0.002228 -0.3643 0.886749
6.551618 0.051657 -0.103428 -0.254824 -0.284748 -0.002392 -0.364232 0.886706
6.556608 0.051856 -0.103106 -0.25345 -0.285081 -0.002456 -0.363947 0.886716
6.5616 0.051957 -0.102944 -0.252771 -0.285175 -0.002497 -0.36391 0.886701
6.566598 0.052196 -0.102569 -0.251421 -0.285322 -0.002562 -0.363711 0.886735
6.5716 0.052446 -0.10218 -0.250063 -0.285456 -0.002516 -0.363518 0.886771
6.576601 0.0527 -0.101772 -0.24869 -0.285749 -0.002317 -0.363238 0.886792
6.581604 0.053114 -0.101118 -0.246658 -0.28591 -0.00219 -0.362714 0.886955
6.586607 0.053412 -0.100644 -0.245309 -0.286054 -0.002096 -0.362328 0.887066
6.591612 0.053722 -0.100126 -0.243956 -0.286168 -0.001921 -0.361966 0.887178
6.596618 0.054051 -0.099586 -0.242611 -0.286093 -0.001851 -0.361718 0.887304
6.601633 0.054386 -0.099024 -0.241252 -0.286095 -0.001734 -0.361374 0.887443
6.606645 0.05473 -0.098412 -0.239888 -0.286114 -0.001612 -0.361096 0.887551
6.611651 0.055087 -0.097768 -0.238532 -0.285949 -0.001654 -0.360861 0.887699
6.616654 0.055643 -0.096739 -0.236441 -0.286001 -0.001596 -0.36065 0.887768
6.621659 0.056026 -0.096027 -0.235044 -0.286042 -0.001581 -0.360406 0.887854
6.626661 0.056422 -0.095282 -0.233649 -0.28588 -0.001669 -0.360227 0.887979
6.631657 0.056831 -0.094515 -0.232242 -0.285915 -0.001794 -0.359976 0.888069
6.636649 0.057048 -0.094107 -0.231535 -0.285809 -0.001895 -0.359765 0.888188
6.641639 0.057462 -0.093286 -0.23011 -0.285722 -0.001903 -0.3595 0.888324
6.646631 0.057896 -0.092438 -0.228697 -0.28548 -0.001966 -0.359137 0.888548
6.651618 0.058332 -0.091565 -0.227268 -0.285312 -0.001982 -0.35866 0.888795
6.656601 0.05879 -0.09066 -0.22585 -0.285112 -0.002131 -0.358108 0.889081
6.661586 0.05902 -0.090215 -0.225149 -0.284968 -0.002241 -0.357895 0.889213
6.666583 0.059463 -0.089232 -0.223719 -0.284501 -0.002091 -0.357327 0.889591
6.671585 0.059931 -0.088217 -0.222284 -0.284088 -0.001895 -0.35675 0.889955
6.676588 0.060397 -0.087158 -0.220843 -0.283647 -0.001581 -0.356178 0.890326
6.681596 0.061114 -0.085529 -0.218689 -0.282874 -0.001182 -0.355301 0.890922
6.686609 0.061605 -0.08439 -0.217236 -0.282486 -0.001008 -0.354603 0.891324
6.69162 0.062114 -0.083214 -0.215776 -0.281957 -0.000705 -0.353873 0.891781
6.696628 0.062618 -0.082011 -0.214307 -0.281341 -0.000343 -0.352939 0.892346
6.701637 0.063151 -0.08078 -0.21285 -0.280821 -0.000176 -0.352158 0.892818
6.706645 0.063945 -0.078868 -0.210646 -0.27998 0.000159 -0.35062 0.893687
6.711647 0.064489 -0.07757 -0.209183 -0.279288 0.000283 -0.349571 0.894314
6.716644 0.065033 -0.076246 -0.20772 -0.278574 0.000392 -0.348195 0.895074
6.721641 0.065573 -0.074886 -0.206262 -0.277731 0.000691 -0.346925 0.895828
6.726636 0.065827 -0.074171 -0.205524 -0.277414 0.000873 -0.346261 0.896183
6.73163 0.06634 -0.072756 -0.204055 -0.276601 0.001256 -0.344886 0.896964
6.736625 0.066857 -0.071309 -0.20258 -0.275884 0.001694 -0.34352 0.897708
6.74162 0.067365 -0.069845 -0.20109 -0.275119 0.002155 -0.341883 0.898566
6.746615 0.067623 -0.069118 -0.200357 -0.274703 0.002361 -0.341174 0.898962
6.751614 0.068132 -0.06761 -0.198882 -0.27392 0.002571 -0.339435 0.899858
6.756613 0.068608 -0.066054 -0.197386 -0.273058 0.003156 -0.337717 0.900764
6.761615 0.06907 -0.064463 -0.195881 -0.272208 0.003762 -0.336118 0.901617
6.766619 0.069749 -0.062047 -0.193607 -0.270951 0.004578 -0.333577 0.902935
6.771622 0.070202 -0.06038 -0.1921 -0.270005 0.004886 -0.331934 0.903821
6.776623 0.070614 -0.058679 -0.190571 -0.268973 0.005358 -0.330156 0.904777
6.781624 0.071027 -0.056932 -0.189051 -0.267852 0.005678 -0.328404 0.905745
6.786625 0.071389 -0.055146 -0.187495 -0.266826 0.00633 -0.326777 0.906631
6.791624 0.071741 -0.053343 -0.185928 -0.265825 0.006778 -0.324957 0.907576
6.796626 0.072084 -0.0515 -0.184369 -0.264871 0.007134 -0.323113 0.90851
6.801638 0.072415 -0.049611 -0.182808 -0.263565 0.007616 -0.321056 0.909614
6.806648 0.072841 -0.0467 -0.180431 -0.262023 0.008478 -0.318231 0.911044
6.811653 0.073119 -0.044724 -0.178871 -0.26083 0.008892 -0.316419 0.912013
6.816653 0.073356 -0.042721 -0.1773 -0.259735 0.00947 -0.314581 0.912955
6.82165 0.07349 -0.041731 -0.176512 -0.259128 0.009732 -0.313565 0.913474
6.826647 0.073594 -0.040688 -0.175756 -0.258432 0.009969 -0.31261 0.913996
6.831643 0.073801 -0.038605 -0.174227 -0.257127 0.010526 -0.310758 0.914989
6.836633 0.073975 -0.036477 -0.172697 -0.255685 0.011327 -0.308921 0.916005
6.841674 0.074222 -0.033278 -0.170433 -0.253627 0.012263 -0.30603 0.917534
6.846704 0.074419 -0.029924 -0.168275 -0.250996 0.013087 -0.303543 0.919071
6.851718 0.074528 -0.02766 -0.166845 -0.249218 0.013814 -0.301769 0.920128
6.856716 0.074643 -0.025367 -0.165467 -0.247174 0.014299 -0.300004 0.921248
6.861701 0.074734 -0.023033 -0.164108 -0.245118 0.014785 -0.298493 0.92228
6.866672 0.074779 -0.021827 -0.163472 -0.243907 0.014967 -0.297884 0.922795
6.871637 0.074883 -0.019456 -0.162159 -0.241533 0.015354 -0.296332 0.923912
6.876604 0.074985 -0.017055 -0.160895 -0.239101 0.015433 -0.294863 0.925013
6.881575 0.075076 -0.014604 -0.159655 -0.236445 0.01563 -0.293512 0.926121
6.886551 0.075113 -0.013389 -0.159028 -0.235158 0.015811 -0.292796 0.926672
6.891535 0.075192 -0.010899 -0.157811 -0.232458 0.016081 -0.29151 0.927754
6.896528 0.075284 -0.008393 -0.156631 -0.22966 0.01606 -0.290231 0.928851
6.901533 0.075352 -0.005847 -0.155449 -0.226865 0.016206 -0.288969 0.929928
6.906554 0.075378 -0.004548 -0.154868 -0.225349 0.016333 -0.288201 0.930533
6.911578 0.075503 0.000603 -0.152544 -0.219477 0.016545 -0.285362 0.932805
6.916602 0.075512 0.003231 -0.151382 -0.216461 0.016958 -0.283734 0.933998
6.921625 0.0755 0.005864 -0.150208 -0.213686 0.017349 -0.282162 0.935105
6.926647 0.075483 0.008508 -0.149054 -0.210684 0.017696 -0.280351 0.936324
6.931661 0.075382 0.012523 -0.147297 -0.206317 0.018325 -0.277968 0.937993
6.936667 0.075298 0.015192 -0.146119 -0.20338 0.01884 -0.276239 0.939134
6.941667 0.075204 0.017857 -0.144941 -0.200659 0.019128 -0.274738 0.940154
6.946657 0.075079 0.020528 -0.143748 -0.197928 0.019457 -0.273217 0.941169
6.95164 0.075008 0.021869 -0.14315 -0.196582 0.019604 -0.272686 0.941601
6.956618 0.07488 0.024525 -0.14196 -0.193811 0.019819 -0.271281 0.942577
6.961596 0.074754 0.027174 -0.140781 -0.191033 0.019857 -0.269894 0.943541
6.966577 0.07461 0.029804 -0.139598 -0.188271 0.019829 -0.268484 0.944499
6.971562 0.074438 0.032419 -0.138415 -0.185476 0.019995 -0.26691 0.945494
6.976551 0.074365 0.033734 -0.137818 -0.184121 0.02001 -0.266255 0.945942
6.981538 0.074188 0.036348 -0.136642 -0.181386 0.020081 -0.264973 0.946829
6.986536 0.073986 0.038944 -0.135476 -0.178507 0.020236 -0.263493 0.947785
6.991544 0.073765 0.041504 -0.134303 -0.175687 0.02068 -0.261731 0.94879
6.996556 0.073418 0.045316 -0.13256 -0.171519 0.021106 -0.259346 0.950198
7.001581 0.073101 0.047837 -0.131373 -0.16867 0.022046 -0.257735 0.951124
7.006612 0.072768 0.050312 -0.130179 -0.165932 0.022963 -0.256243 0.951987
7.011639 0.072419 0.052746 -0.128981 -0.163471 0.023646 -0.254961 0.95274
7.016661 0.072037 0.055125 -0.127768 -0.161059 0.024422 -0.253742 0.953456
7.021674 0.071394 0.058587 -0.125915 -0.157959 0.025608 -0.252556 0.954258
7.026682 0.070949 0.060867 -0.124684 -0.156041 0.026245 -0.252081 0.954682
7.031681 0.070488 0.063081 -0.123446 -0.15396 0.0271 -0.251384 0.95518
7.036676 0.070043 0.065241 -0.122224 -0.152241 0.027453 -0.251183 0.955498
7.041664 0.069818 0.066281 -0.121631 -0.151265 0.027685 -0.251244 0.95563
7.046647 0.069367 0.068385 -0.12044 -0.149625 0.027957 -0.251263 0.955875
7.051631 0.06892 0.070428 -0.119263 -0.147857 0.028276 -0.251306 0.95613
7.056616 0.068483 0.072421 -0.118113 -0.146174 0.028348 -0.251533 0.956327
7.061601 0.068055 0.074375 -0.11699 -0.144497 0.028478 -0.251907 0.956479
7.066588 0.067622 0.076267 -0.115894 -0.142887 0.02857 -0.252093 0.956669
7.071581 0.067414 0.077229 -0.115337 -0.141921 0.02862 -0.252221 0.956778
7.076579 0.067021 0.079024 -0.114282 -0.140493 0.028397 -0.252645 0.956883
7.08158 0.06662 0.08077 -0.11326 -0.138972 0.028555 -0.252941 0.957023
7.086586 0.066221 0.082422 -0.112254 -0.137613 0.028675 -0.252999 0.9572
7.09159 0.065634 0.084839 -0.110778 -0.135412 0.029177 -0.253235 0.957436
7.096595 0.065219 0.086322 -0.109831 -0.134154 0.030016 -0.252911 0.957673
7.101613 0.064793 0.087724 -0.108912 -0.133004 0.030972 -0.252508 0.957909
7.106629 0.064353 0.089054 -0.108026 -0.131905 0.032232 -0.252044 0.958142
7.111641 0.063897 0.090318 -0.10718 -0.130991 0.033553 -0.251614 0.958335
7.116648 0.063185 0.092019 -0.106008 -0.129789 0.035741 -0.25066 0.958669
7.12165 0.062726 0.093112 -0.105283 -0.129118 0.037113 -0.25026 0.958812
7.126648 0.062255 0.094131 -0.104608 -0.128569 0.038573 -0.249836 0.958939
7.131644 0.061803 0.095078 -0.103995 -0.127955 0.039919 -0.249483 0.959058
7.136636 0.061608 0.09547 -0.103759 -0.127678 0.040415 -0.249452 0.959082
7.141625 0.061196 0.096289 -0.103233 -0.127047 0.041672 -0.249162 0.959188
7.146615 0.060989 0.096728 -0.102949 -0.126795 0.042188 -0.249111 0.959211
7.151616 0.060461 0.097728 -0.10237 -0.125916 0.043836 -0.248758 0.959345
7.156619 0.06013 0.098337 -0.102028 -0.125432 0.044916 -0.2485 0.959425
7.16162 0.059835 0.09886 -0.101751 -0.124911 0.045731 -0.248177 0.959538
7.166619 0.059718 0.09903 -0.101677 -0.124745 0.046087 -0.247932 0.959607
7.171616 0.059325 0.099665 -0.101353 -0.124068 0.047337 -0.247298 0.959797
7.176613 0.059116 0.099947 -0.101235 -0.123811 0.048039 -0.246788 0.959926
7.181613 0.058917 0.10014 -0.101153 -0.123609 0.048936 -0.245944 0.960124
7.186612 0.058739 0.100251 -0.101123 -0.123551 0.049609 -0.24493 0.960356
7.19161 0.058567 0.100277 -0.101125 -0.123516 0.050455 -0.243783 0.960608
7.196609 0.058484 0.10032 -0.10112 -0.1235 0.05078 -0.243319 0.960711
7.201606 0.058341 0.100216 -0.101186 -0.123642 0.051524 -0.242081 0.960966
7.206606 0.05822 0.100022 -0.10128 -0.123873 0.052215 -0.240866 0.961204
7.211609 0.058096 0.099736 -0.101395 -0.124234 0.052996 -0.239548 0.961444
7.21661 0.057912 0.099202 -0.101611 -0.124905 0.054105 -0.237552 0.96179
7.221611 0.05781 0.098712 -0.101799 -0.125504 0.054589 -0.236448 0.961957
7.226628 0.05772 0.098136 -0.101996 -0.126172 0.055122 -0.235535 0.962063
7.231644 0.057643 0.097481 -0.102223 -0.127089 0.055334 -0.234935 0.962077
7.236655 0.057587 0.096747 -0.102471 -0.128006 0.055382 -0.234465 0.962067
7.241664 0.057501 0.095449 -0.102899 -0.129582 0.055254 -0.233715 0.962046
7.24667 0.057447 0.09453 -0.103204 -0.130712 0.055094 -0.233344 0.961992
7.251669 0.057403 0.093521 -0.103531 -0.131708 0.054733 -0.232655 0.962044
7.256661 0.057349 0.092448 -0.103874 -0.13292 0.054328 -0.232306 0.961985
7.261652 0.057296 0.091852 -0.104068 -0.133669 0.054316 -0.232151 0.961919
7.266638 0.057213 0.090703 -0.104438 -0.13494 0.054176 -0.231783 0.961838
7.271622 0.057128 0.089478 -0.10482 -0.136251 0.053943 -0.231302 0.961782
7.276609 0.057026 0.088184 -0.105223 -0.137387 0.053676 -0.230519 0.961824
7.281596 0.056901 0.086859 -0.10563 -0.138696 0.053599 -0.230112 0.961738
7.286587 0.056763 0.085464 -0.106031 -0.14018 0.053577 -0.229734 0.961614
7.291577 0.056703 0.084781 -0.106237 -0.140805 0.053492 -0.229424 0.961601
7.296571 0.056536 0.083309 -0.106631 -0.142426 0.053671 -0.229158 0.961416
7.301569 0.056362 0.081773 -0.107029 -0.144006 0.053764 -0.228606 0.961307
7.306573 0.05619 0.08017 -0.107413 -0.145633 0.053654 -0.22806 0.961198
7.311579 0.055909 0.077683 -0.107965 -0.148159 0.053622 -0.227177 0.961023
7.316586 0.05569 0.075949 -0.108282 -0.150395 0.053788 -0.227061 0.960693
7.321596 0.055474 0.074125 -0.108583 -0.152648 0.053749 -0.226576 0.960455
7.326613 0.055249 0.072241 -0.108861 -0.15503 0.053562 -0.226007 0.960218
7.331626 0.055003 0.070322 -0.109118 -0.157594 0.053321 -0.225725 0.95988
7.336635 0.054605 0.067345 -0.109438 -0.161463 0.053039 -0.225348 0.959341
7.341637 0.05432 0.065329 -0.109637 -0.164049 0.052797 -0.225051 0.958985
7.346638 0.054004 0.063275 -0.109814 -0.166858 0.052422 -0.224736 0.958595
7.351635 0.053675 0.061208 -0.109992 -0.169535 0.051969 -0.224631 0.958174
7.356629 0.053467 0.060166 -0.110066 -0.170903 0.051809 -0.224729 0.957917
7.361622 0.053082 0.058072 -0.110212 -0.173551 0.051473 -0.224578 0.957494
7.366614 0.052673 0.055982 -0.110359 -0.176127 0.051108 -0.224727 0.957009
7.371605 0.05222 0.053883 -0.1105 -0.178666 0.050762 -0.224747 0.956551
7.376596 0.051711 0.051785 -0.110626 -0.181203 0.050533 -0.224688 0.9561
7.381588 0.051475 0.050734 -0.11069 -0.1825 0.050366 -0.224794 0.955837
7.386586 0.050916 0.048636 -0.110814 -0.184863 0.050095 -0.224704 0.955418
7.391587 0.050324 0.046554 -0.110954 -0.187108 0.049772 -0.224677 0.955005
7.396588 0.049682 0.044474 -0.11108 -0.189345 0.049599 -0.224493 0.954616
7.40159 0.049314 0.043454 -0.111143 -0.19026 0.049696 -0.224349 0.954463
7.406602 0.047926 0.039326 -0.111411 -0.194302 0.049408 -0.223631 0.953832
7.411612 0.047152 0.037298 -0.111552 -0.1962 0.049545 -0.22316 0.953546
7.416621 0.046371 0.035274 -0.111711 -0.197972 0.049483 -0.222621 0.953309
7.421632 0.045544 0.03327 -0.111869 -0.199784 0.049616 -0.222282 0.953003
7.426639 0.044233 0.030324 -0.11213 -0.202581 0.050025 -0.221594 0.952552
7.43164 0.043335 0.02839 -0.112307 -0.204484 0.050293 -0.221292 0.952201
7.436638 0.042424 0.026476 -0.112518 -0.206193 0.050373 -0.220863 0.951928
7.441635 0.041482 0.024556 -0.112713 -0.208081 0.05062 -0.220287 0.951637
7.446632 0.040995 0.023605 -0.112833 -0.208879 0.050546 -0.2199 0.951556
7.451628 0.040034 0.021711 -0.11306 -0.210497 0.050442 -0.219253 0.951354
7.456621 0.039039 0.01985 -0.1133 -0.21219 0.050379 -0.218727 0.951103
7.46161 0.038034 0.018025 -0.113549 -0.213711 0.05029 -0.218197 0.950888
7.466602 0.037535 0.017107 -0.113672 -0.21444 0.050256 -0.217988 0.950774
7.471599 0.03649 0.015319 -0.113929 -0.215778 0.050131 -0.217585 0.95057
7.476598 0.035427 0.013544 -0.114203 -0.217038 0.049971 -0.216943 0.950438
7.481599 0.03435 0.011796 -0.114478 -0.218312 0.049712 -0.216387 0.950287
7.486603 0.033762 0.010989 -0.114611 -0.218835 0.049922 -0.216368 0.95016
7.491609 0.031502 0.007686 -0.115182 -0.22104 0.049975 -0.216057 0.949718
7.496613 0.030307 0.006094 -0.115483 -0.22194 0.050071 -0.21587 0.949545
7.501629 0.029074 0.004521 -0.115783 -0.223061 0.050219 -0.215743 0.949303
7.506642 0.027828 0.002968 -0.116088 -0.224098 0.050351 -0.21541 0.949128
7.511649 0.025884 0.000736 -0.11655 -0.225343 0.050747 -0.215324 0.948831
7.51665 0.024553 -0.000718 -0.116858 -0.226199 0.051051 -0.215472 0.948577
7.521648 0.023254 -0.002159 -0.117207 -0.226875 0.050819 -0.21558 0.948404
7.526643 0.02192 -0.003576 -0.117539 -0.227504 0.050749 -0.215797 0.948208
7.531637 0.021262 -0.004254 -0.117721 -0.227723 0.050528 -0.216083 0.948102
7.536628 0.019931 -0.005631 -0.118059 -0.228311 0.050432 -0.216526 0.947864
7.541618 0.018599 -0.006978 -0.118412 -0.228697 0.050265 -0.21706 0.947658
7.546613 0.017266 -0.008299 -0.118789 -0.228975 0.049965 -0.217821 0.947432
7.551607 0.015936 -0.009631 -0.11917 -0.229338 0.049517 -0.218519 0.947207
7.556601 0.014624 -0.01095 -0.119573 -0.229506 0.048874 -0.219184 0.947046
7.561593 0.013328 -0.012264 -0.119974 -0.229748 0.048334 -0.219864 0.946858
7.566587 0.012013 -0.013583 -0.120375 -0.229981 0.04788 -0.220457 0.946686
7.571578 0.010711 -0.014878 -0.120793 -0.230141 0.047425 -0.221181 0.946502
7.576573 0.009407 -0.01619 -0.121206 -0.230325 0.047036 -0.221729 0.946348
7.581569 0.008756 -0.016842 -0.12142 -0.230371 0.046754 -0.222045 0.946276
7.586568 0.007478 -0.018159 -0.121858 -0.230497 0.04616 -0.222493 0.94617
7.591568 0.006204 -0.019486 -0.122285 -0.2307 0.045687 -0.222807 0.946069
7.596573 0.004949 -0.0208 -0.122731 -0.230811 0.045126 -0.2231 0.946
7.601582 0.003033 -0.022772 -0.123374 -0.231087 0.044738 -0.223448 0.945869
7.606595 0.001771 -0.024074 -0.123799 -0.231413 0.04459 -0.22371 0.945734
7.611608 0.000524 -0.025399 -0.124247 -0.231598 0.044269 -0.223674 0.945713
7.616615 -0.001353 -0.027332 -0.124939 -0.23184 0.044122 -0.223987 0.945586
7.621619 -0.002598 -0.02863 -0.125405 -0.232042 0.044001 -0.224167 0.9455
7.626621 -0.003838 -0.029919 -0.125876 -0.232197 0.043946 -0.224481 0.94539
7.631618 -0.005076 -0.031192 -0.126348 -0.232344 0.044101 -0.225023 0.945218
7.636613 -0.005674 -0.031833 -0.126621 -0.232249 0.043824 -0.2254 0.945164
7.641606 -0.006897 -0.033108 -0.127137 -0.232224 0.043632 -0.226162 0.944997
7.646598 -0.008098 -0.034381 -0.127674 -0.231984 0.043344 -0.22698 0.944873
7.65159 -0.008709 -0.03501 -0.12793 -0.231959 0.043305 -0.227436 0.944771
7.656588 -0.009878 -0.036319 -0.128483 -0.231733 0.042697 -0.228358 0.944632
7.66159 -0.011022 -0.03763 -0.129045 -0.231436 0.042113 -0.229296 0.944504
7.666592 -0.012144 -0.038955 -0.129607 -0.231174 0.041487 -0.230305 0.94435
7.671594 -0.013783 -0.040979 -0.130494 -0.230688 0.040006 -0.231607 0.944215
7.676598 -0.01484 -0.042341 -0.131067 -0.230439 0.03929 -0.232437 0.944101
7.681603 -0.01584 -0.043734 -0.131655 -0.230177 0.038238 -0.233108 0.944043
7.686609 -0.016824 -0.045146 -0.132238 -0.230144 0.037263 -0.233542 0.943983
7.69162 -0.017788 -0.046534 -0.132808 -0.230084 0.036637 -0.234015 0.943905
7.696629 -0.018738 -0.047959 -0.133386 -0.230148 0.035821 -0.234183 0.943879
7.701636 -0.020114 -0.050056 -0.134282 -0.229955 0.034984 -0.234244 0.943942
7.706642 -0.021026 -0.051452 -0.134879 -0.229889 0.034565 -0.234263 0.943969
7.711642 -0.021926 -0.052858 -0.13549 -0.229822 0.034179 -0.234171 0.944022
7.716638 -0.02283 -0.054262 -0.136105 -0.229813 0.034001 -0.233889 0.944101
7.721635 -0.023279 -0.054944 -0.136427 -0.229605 0.034093 -0.233794 0.944171
7.726637 -0.024177 -0.056338 -0.137063 -0.229376 0.03412 -0.233461 0.944309
7.731636 -0.025061 -0.057735 -0.13773 -0.229105 0.034011 -0.233072 0.944474
7.736631 -0.025948 -0.05911 -0.138411 -0.228711 0.034154 -0.232741 0.944646
7.741629 -0.026841 -0.060489 -0.139102 -0.228418 0.034368 -0.23253 0.944761
7.746629 -0.027723 -0.06188 -0.139821 -0.228047 0.034472 -0.232183 0.944932
7.751626 -0.028607 -0.063266 -0.140559 -0.227582 0.034625 -0.231946 0.945097
7.756623 -0.029498 -0.064666 -0.141315 -0.22707 0.034779 -0.231618 0.945295
7.761619 -0.030384 -0.066083 -0.142089 -0.226542 0.034903 -0.231277 0.945501
7.76662 -0.031277 -0.067509 -0.142884 -0.226048 0.035019 -0.230968 0.94569
7.771621 -0.032168 -0.068941 -0.143707 -0.225413 0.035067 -0.230811 0.945878
7.776616 -0.033076 -0.070393 -0.144535 -0.224797 0.035251 -0.230582 0.946074
7.78161 -0.033979 -0.071868 -0.145386 -0.224069 0.035272 -0.230445 0.946279
7.786605 -0.034881 -0.073383 -0.146249 -0.223334 0.035191 -0.23012 0.946535
7.791604 -0.035337 -0.074125 -0.146672 -0.222998 0.035245 -0.23002 0.946636
7.796598 -0.036267 -0.075672 -0.147546 -0.222201 0.035335 -0.229833 0.946866
7.801602 -0.037183 -0.077247 -0.148417 -0.221535 0.035414 -0.229756 0.947037
7.806605 -0.0381 -0.078852 -0.149303 -0.220786 0.035317 -0.229815 0.947202
7.811606 -0.03947 -0.081344 -0.150624 -0.21982 0.034985 -0.22966 0.947476
7.816606 -0.040397 -0.083071 -0.151483 -0.219334 0.034821 -0.229648 0.947598
7.821607 -0.041323 -0.084846 -0.152315 -0.219131 0.034695 -0.229621 0.947656
7.826615 -0.042246 -0.086657 -0.153141 -0.218971 0.0346 -0.229601 0.947701
7.831621 -0.043151 -0.088521 -0.153944 -0.219022 0.034355 -0.229465 0.947731
7.836625 -0.044531 -0.091433 -0.155135 -0.219326 0.033817 -0.229181 0.947749
7.841627 -0.045454 -0.0934 -0.155919 -0.219579 0.033462 -0.229064 0.947732
7.846629 -0.046385 -0.095402 -0.156699 -0.219869 0.033179 -0.228988 0.947693
7.851627 -0.0473 -0.097448 -0.157502 -0.220212 0.032498 -0.229005 0.947633
7.856622 -0.047778 -0.0985 -0.157905 -0.220378 0.03219 -0.229144 0.947571
7.861615 -0.048715 -0.100601 -0.158709 -0.220774 0.031515 -0.229216 0.947484
7.866606 -0.049652 -0.102733 -0.159522 -0.221062 0.030665 -0.22948 0.947381
7.8716 -0.050605 -0.104905 -0.160349 -0.221436 0.029788 -0.229778 0.947249
7.876595 -0.051571 -0.107102 -0.161188 -0.221718 0.028906 -0.230206 0.947107
7.881588 -0.052529 -0.109329 -0.162043 -0.221945 0.027951 -0.230734 0.946954
7.88658 -0.05301 -0.110434 -0.162466 -0.222089 0.027513 -0.230927 0.946885
7.891574 -0.053976 -0.112711 -0.163349 -0.222315 0.0263 -0.231638 0.946693
7.896572 -0.054965 -0.115023 -0.164215 -0.222608 0.025418 -0.232321 0.946481
7.901582 -0.055954 -0.117375 -0.165104 -0.222812 0.024407 -0.232997 0.946294
7.906596 -0.057466 -0.120923 -0.166475 -0.222909 0.022966 -0.234226 0.946003
7.911609 -0.058482 -0.123348 -0.167413 -0.222938 0.021988 -0.235063 0.945812
7.916629 -0.059507 -0.125796 -0.168359 -0.22299 0.021189 -0.235927 0.945603
7.921644 -0.06053 -0.128295 -0.169312 -0.223136 0.020451 -0.236588 0.94542
7.926653 -0.062032 -0.132134 -0.170811 -0.223177 0.019415 -0.237233 0.94527
7.931656 -0.063015 -0.134728 -0.171833 -0.223117 0.018579 -0.237581 0.945214
7.936655 -0.063982 -0.137349 -0.172883 -0.222975 0.017729 -0.237954 0.94517
7.941649 -0.064922 -0.14001 -0.173931 -0.222947 0.017018 -0.238124 0.945147
7.946639 -0.065366 -0.141383 -0.174467 -0.222913 0.016619 -0.238164 0.945152
7.951628 -0.066277 -0.144096 -0.175517 -0.222875 0.016002 -0.238239 0.945152
7.956618 -0.067142 -0.146848 -0.176605 -0.222643 0.014996 -0.238255 0.945219
7.961606 -0.067978 -0.149635 -0.177707 -0.222429 0.013878 -0.238298 0.945276
7.966606 -0.0688 -0.152466 -0.178798 -0.222261 0.0128 -0.238309 0.945328
7.971607 -0.069574 -0.155339 -0.179905 -0.222131 0.011515 -0.238173 0.945409
7.976602 -0.069977 -0.156749 -0.180456 -0.221996 0.011008 -0.238225 0.945434
7.9816 -0.070709 -0.159675 -0.181572 -0.221837 0.009611 -0.238059 0.945528
7.986601 -0.071416 -0.162633 -0.182699 -0.221626 0.008141 -0.237816 0.945653
7.991604 -0.072115 -0.165626 -0.183837 -0.221449 0.006692 -0.237455 0.945796
7.996608 -0.073137 -0.170153 -0.185573 -0.221145 0.004403 -0.236855 0.946031
8.001623 -0.07381 -0.1732 -0.186746 -0.22086 0.003136 -0.236285 0.946245
8.006635 -0.074795 -0.177798 -0.1886 -0.220221 0.001205 -0.235245 0.946658
8.011642 -0.075482 -0.180853 -0.189837 -0.219711 0.00028 -0.234643 0.946926
8.016644 -0.076165 -0.183919 -0.1911 -0.2191 -0.00056 -0.233901 0.947252
8.021639 -0.076851 -0.186997 -0.192384 -0.218508 -0.0014 -0.233227 0.947553
8.026634 -0.077198 -0.188534 -0.193047 -0.218069 -0.001697 -0.23295 0.947722
8.031625 -0.077881 -0.191597 -0.194357 -0.217136 -0.002378 -0.232474 0.948052
8.036618 -0.078561 -0.194684 -0.195669 -0.216247 -0.00308 -0.231984 0.948373
8.041614 -0.079244 -0.197786 -0.196976 -0.215384 -0.003647 -0.231479 0.948691
8.046608 -0.079604 -0.199328 -0.197622 -0.214972 -0.003743 -0.231183 0.948856
8.051601 -0.080285 -0.202426 -0.198926 -0.213768 -0.004215 -0.230979 0.949175
8.056602 -0.080946 -0.20554 -0.200219 -0.212547 -0.004768 -0.23081 0.949488
8.061605 -0.081579 -0.208673 -0.201479 -0.211439 -0.005354 -0.230745 0.949748
8.066609 -0.082504 -0.213398 -0.203331 -0.209741 -0.006208 -0.230685 0.950134
8.071616 -0.083042 -0.216584 -0.20452 -0.208679 -0.007061 -0.230524 0.950401
8.07662 -0.083516 -0.219772 -0.205686 -0.207525 -0.00808 -0.230467 0.950659
8.081622 -0.083948 -0.222948 -0.206811 -0.206307 -0.00902 -0.230405 0.950931
8.086625 -0.084291 -0.226165 -0.207891 -0.205591 -0.010304 -0.230028 0.951164
8.09163 -0.084572 -0.229401 -0.20894 -0.204917 -0.011663 -0.229471 0.951428
8.096634 -0.084795 -0.23263 -0.209979 -0.204149 -0.01307 -0.228665 0.951769
8.101641 -0.084947 -0.235824 -0.211006 -0.203205 -0.014643 -0.22786 0.952141
8.10665 -0.085066 -0.239032 -0.212001 -0.202532 -0.016086 -0.226677 0.952544
8.111658 -0.085147 -0.242226 -0.212988 -0.201771 -0.017599 -0.225334 0.952997
8.116664 -0.085183 -0.245411 -0.213974 -0.201071 -0.01926 -0.223878 0.953456
8.121668 -0.085217 -0.250091 -0.215441 -0.199677 -0.021321 -0.221706 0.954212
8.126677 -0.085225 -0.253189 -0.216413 -0.198669 -0.022657 -0.220166 0.954748
8.131677 -0.085229 -0.25626 -0.217374 -0.197686 -0.023942 -0.218578 0.955286
8.136669 -0.085244 -0.259319 -0.218309 -0.196883 -0.024947 -0.216819 0.955826
8.141656 -0.085251 -0.260811 -0.218764 -0.196371 -0.02532 -0.216001 0.956107
8.146641 -0.085258 -0.263806 -0.219704 -0.195312 -0.026379 -0.214352 0.956666
8.151632 -0.085271 -0.266764 -0.220613 -0.194281 -0.027122 -0.212716 0.95722
8.156626 -0.085275 -0.269711 -0.22152 -0.193227 -0.028003 -0.210945 0.9578
8.161615 -0.085277 -0.272623 -0.222417 -0.19211 -0.02887 -0.209058 0.958413
8.16661 -0.085291 -0.275487 -0.223295 -0.191078 -0.029465 -0.207327 0.958977
8.171607 -0.085303 -0.278321 -0.224161 -0.190062 -0.030142 -0.205648 0.959519
8.176601 -0.085322 -0.281125 -0.225006 -0.189066 -0.030726 -0.203939 0.960062
8.181597 -0.085328 -0.282535 -0.22544 -0.188452 -0.031065 -0.203064 0.960357
8.186596 -0.085349 -0.28528 -0.226275 -0.187473 -0.031695 -0.201241 0.960912
8.191597 -0.085365 -0.287998 -0.227088 -0.186469 -0.032423 -0.199574 0.96143
8.196597 -0.085384 -0.290693 -0.227893 -0.185591 -0.033312 -0.197853 0.961925
8.201598 -0.085399 -0.29199 -0.228281 -0.18516 -0.033817 -0.197026 0.96216
8.206611 -0.085451 -0.297251 -0.22984 -0.183567 -0.035634 -0.193955 0.963024
8.21162 -0.085486 -0.299804 -0.230605 -0.182767 -0.036823 -0.19245 0.963433
8.216628 -0.085544 -0.302321 -0.231363 -0.182095 -0.038036 -0.19102 0.963798
8.221634 -0.085598 -0.304803 -0.232124 -0.181453 -0.039454 -0.189833 0.964096
8.226646 -0.085752 -0.308405 -0.233276 -0.180549 -0.041078 -0.188064 0.964545
8.231657 -0.085873 -0.310765 -0.234077 -0.179907 -0.042212 -0.186875 0.964847
8.23666 -0.086015 -0.313099 -0.234895 -0.179304 -0.043275 -0.185735 0.965132
8.241653 -0.086221 -0.315368 -0.235726 -0.178581 -0.043816 -0.184512 0.965476
8.246644 -0.086348 -0.31644 -0.236187 -0.178096 -0.043998 -0.184015 0.965652
8.251636 -0.086577 -0.318635 -0.237082 -0.177382 -0.044581 -0.18295 0.965959
8.256624 -0.086823 -0.320779 -0.238026 -0.17651 -0.045189 -0.181995 0.966271
8.261611 -0.087111 -0.322861 -0.238998 -0.175491 -0.045409 -0.181061 0.966622
8.266601 -0.087405 -0.324893 -0.240012 -0.174501 -0.045726 -0.180282 0.966932
8.27159 -0.087727 -0.326869 -0.241069 -0.1733 -0.045871 -0.179562 0.967275
8.276583 -0.088057 -0.328795 -0.242154 -0.172014 -0.045903 -0.178997 0.967607
8.281569 -0.088232 -0.329766 -0.242681 -0.171408 -0.04584 -0.178708 0.967771
8.28656 -0.088543 -0.331615 -0.243842 -0.169917 -0.046144 -0.178367 0.968083
8.291557 -0.088863 -0.333441 -0.245003 -0.168526 -0.046234 -0.17789 0.968409
8.296563 -0.089184 -0.335204 -0.246193 -0.166969 -0.046143 -0.177489 0.968757
8.301579 -0.089631 -0.337785 -0.248018 -0.164604 -0.046129 -0.176975 0.969256
8.306599 -0.089888 -0.339459 -0.249267 -0.162919 -0.046091 -0.176347 0.969657
8.31162 -0.090107 -0.3411 -0.250517 -0.161319 -0.046062 -0.175808 0.970024
8.316647 -0.090312 -0.342679 -0.251803 -0.159677 -0.045998 -0.175205 0.970408
8.321665 -0.090489 -0.344242 -0.25309 -0.157977 -0.04584 -0.17448 0.970824
8.326676 -0.090692 -0.346512 -0.255059 -0.155572 -0.04574 -0.173128 0.971459
8.33168 -0.090804 -0.34801 -0.256382 -0.153898 -0.045758 -0.172167 0.971895
8.336678 -0.090901 -0.349487 -0.257698 -0.152258 -0.045697 -0.171136 0.972338
8.341668 -0.091018 -0.350918 -0.259009 -0.150781 -0.045441 -0.170322 0.972723
8.346657 -0.091067 -0.351616 -0.259667 -0.150035 -0.045379 -0.169819 0.97293
8.351644 -0.091175 -0.353013 -0.260997 -0.148519 -0.045288 -0.168924 0.973322
8.35663 -0.091284 -0.354416 -0.262299 -0.147088 -0.045099 -0.168019 0.973705
8.361617 -0.091413 -0.355772 -0.263603 -0.145734 -0.044947 -0.167366 0.974028
8.366604 -0.091469 -0.356459 -0.264257 -0.14502 -0.0448 -0.166978 0.974208
8.371593 -0.091526 -0.357133 -0.264917 -0.144256 -0.044757 -0.166628 0.974383
8.376584 -0.091596 -0.357799 -0.265563 -0.143593 -0.044582 -0.166324 0.974541
8.381578 -0.091681 -0.358456 -0.2662 -0.143002 -0.044372 -0.166117 0.974673
